level	page_num	block_num	par_num	line_num	word_num	left	top	width	height	conf	text
1	1	0	0	0	0	0	0	3300	2550	-1	
2	1	1	0	0	0	1640	127	170	30	-1	
3	1	1	1	0	0	1640	127	170	30	-1	
4	1	1	1	1	0	1640	127	170	30	-1	
5	1	1	1	1	1	1640	127	88	24	96.553993	School
5	1	1	1	1	2	1736	127	74	30	96.355927	Pages
2	1	2	0	0	0	992	261	90	26	-1	
3	1	2	1	0	0	992	261	90	26	-1	
4	1	2	1	1	0	992	261	90	26	-1	
5	1	2	1	1	1	992	261	90	26	95.960495	Campus
2	1	3	0	0	0	2282	263	148	21	-1	
3	1	3	1	0	0	2282	263	148	21	-1	
4	1	3	1	1	0	2282	263	148	21	-1	
5	1	3	1	1	1	2282	263	84	21	96.376648	General
5	1	3	1	1	2	2376	263	54	21	96.709152	Fund
2	1	4	0	0	0	2995	263	60	21	-1	
3	1	4	1	0	0	2995	263	60	21	-1	
4	1	4	1	1	0	2995	263	60	21	-1	
5	1	4	1	1	1	2995	263	47	21	96.597740	Title
5	1	4	1	1	2	3051	263	4	21	94.005524	|
2	1	5	0	0	0	1004	300	131	21	-1	
3	1	5	1	0	0	1004	300	131	21	-1	
4	1	5	1	1	0	1004	300	131	21	-1	
5	1	5	1	1	1	1004	300	65	21	96.493889	Grade
5	1	5	1	1	2	1078	300	57	21	96.745293	Level
2	1	6	0	0	0	1172	301	89	20	-1	
3	1	6	1	0	0	1172	301	89	20	-1	
4	1	6	1	1	0	1172	301	89	20	-1	
5	1	6	1	1	1	1172	301	89	20	96.516243	Division
2	1	7	0	0	0	1316	301	161	20	-1	
3	1	7	1	0	0	1316	301	161	20	-1	
4	1	7	1	1	0	1316	301	161	20	-1	
5	1	7	1	1	1	1316	301	75	20	96.205513	Feeder
5	1	7	1	1	2	1399	301	78	20	97.003838	Pattern
2	1	8	0	0	0	2064	301	65	20	-1	
3	1	8	1	0	0	2064	301	65	20	-1	
4	1	8	1	1	0	2064	301	65	20	-1	
5	1	8	1	1	1	2064	301	50	20	93.283005	6200
5	1	8	1	1	2	2122	311	7	4	91.925972	-
2	1	9	0	0	0	2768	300	129	21	-1	
3	1	9	1	0	0	2768	300	129	21	-1	
4	1	9	1	1	0	2768	300	129	21	-1	
5	1	9	1	1	1	2768	300	67	21	95.295166	Grand
5	1	9	1	1	2	2844	300	53	21	96.423767	Total
2	1	10	0	0	0	2972	300	111	21	-1	
3	1	10	1	0	0	2972	300	111	21	-1	
4	1	10	1	1	0	2972	300	111	21	-1	
5	1	10	1	1	1	2972	300	111	21	96.786621	Allocation
2	1	11	0	0	0	300	300	191	27	-1	
3	1	11	1	0	0	300	300	191	27	-1	
4	1	11	1	1	0	300	300	191	27	-1	
5	1	11	1	1	1	300	300	71	21	89.862045	PEIMS
5	1	11	1	1	2	379	300	40	27	93.262680	Org
5	1	11	1	1	3	428	301	63	20	91.534042	Descr
2	1	12	0	0	0	648	300	291	27	-1	
3	1	12	1	0	0	648	300	291	27	-1	
4	1	12	1	1	0	648	300	291	27	-1	
5	1	12	1	1	1	648	300	71	21	92.089569	PEIMS
5	1	12	1	1	2	727	300	40	27	95.377480	Org
5	1	12	1	1	3	788	300	90	26	69.703064	[Campus
5	1	12	1	1	4	886	301	53	26	96.756439	Type
2	1	13	0	0	0	1656	301	103	26	-1	
3	1	13	1	0	0	1656	301	103	26	-1	
4	1	13	1	1	0	1656	301	103	26	-1	
5	1	13	1	1	1	1656	301	103	26	96.519287	Projected
2	1	14	0	0	0	1809	300	149	27	-1	
3	1	14	1	0	0	1809	300	149	27	-1	
4	1	14	1	1	0	1809	300	149	27	-1	
5	1	14	1	1	1	1809	301	50	20	93.298004	6100
5	1	14	1	1	2	1867	311	7	4	91.647835	-
5	1	14	1	1	3	1883	300	75	27	96.557091	Payroll
2	1	15	0	0	0	2221	300	326	26	-1	
3	1	15	1	0	0	2221	300	326	26	-1	
4	1	15	1	1	0	2221	300	326	26	-1	
5	1	15	1	1	1	2221	301	49	20	92.272148	6300
5	1	15	1	1	2	2279	300	103	26	91.298264	-Supplies
5	1	15	1	1	3	2392	296	10	34	96.668221	|
5	1	15	1	1	4	2413	301	50	20	93.195465	6400
5	1	15	1	1	5	2471	311	7	4	92.865204	-
5	1	15	1	1	6	2486	300	61	21	97.006760	Other
2	1	16	0	0	0	2573	300	149	26	-1	
3	1	16	1	0	0	2573	300	149	26	-1	
4	1	16	1	1	0	2573	300	149	26	-1	
5	1	16	1	1	1	2573	301	50	20	93.272217	6600
5	1	16	1	1	2	2631	311	7	4	90.937279	-
5	1	16	1	1	3	2646	300	76	26	96.729439	Capital
2	1	17	0	0	0	1644	336	121	21	-1	
3	1	17	1	0	0	1644	336	121	21	-1	
4	1	17	1	1	0	1644	336	121	21	-1	
5	1	17	1	1	1	1644	336	121	21	71.240982	Enrollment
2	1	18	0	0	0	1856	336	50	21	-1	
3	1	18	1	0	0	1856	336	50	21	-1	
4	1	18	1	1	0	1856	336	50	21	-1	
5	1	18	1	1	1	1856	336	50	21	96.970200	Cost
2	1	19	0	0	0	2000	336	186	21	-1	
3	1	19	1	0	0	2000	336	186	21	-1	
4	1	19	1	1	0	2000	336	186	21	-1	
5	1	19	1	1	1	2000	336	138	21	96.191544	Professional
5	1	19	1	1	2	2147	336	39	21	96.717369	and
2	1	20	0	0	0	2224	336	149	21	-1	
3	1	20	1	0	0	2224	336	149	21	-1	
4	1	20	1	1	0	2224	336	149	21	-1	
5	1	20	1	1	1	2224	336	39	21	96.371338	and
5	1	20	1	1	2	2272	336	101	21	95.655479	Materials
2	1	21	0	0	0	2422	336	109	26	-1	
3	1	21	1	0	0	2422	336	109	26	-1	
4	1	21	1	1	0	2422	336	109	26	-1	
5	1	21	1	1	1	2422	336	109	26	96.191650	Operating
2	1	22	0	0	0	2609	336	72	26	-1	
3	1	22	1	0	0	2609	336	72	26	-1	
4	1	22	1	1	0	2609	336	72	26	-1	
5	1	22	1	1	1	2609	336	72	26	96.965050	Outlay
2	1	23	0	0	0	2032	371	121	21	-1	
3	1	23	1	0	0	2032	371	121	21	-1	
4	1	23	1	1	0	2032	371	121	21	-1	
5	1	23	1	1	1	2032	371	121	21	96.678276	Contracted
2	1	24	0	0	0	2445	371	63	21	-1	
3	1	24	1	0	0	2445	371	63	21	-1	
4	1	24	1	1	0	2445	371	63	21	-1	
5	1	24	1	1	1	2445	371	63	21	96.794006	Costs
2	1	25	0	0	0	2046	406	94	21	-1	
3	1	25	1	0	0	2046	406	94	21	-1	
4	1	25	1	1	0	2046	406	94	21	-1	
5	1	25	1	1	1	2046	406	94	21	96.743805	Services
2	1	26	0	0	0	2683	468	7	3	-1	
3	1	26	1	0	0	2683	468	7	3	-1	
4	1	26	1	1	0	2683	468	7	3	-1	
5	1	26	1	1	1	2683	468	7	3	87.519112	-
2	1	27	0	0	0	298	456	95	21	-1	
3	1	27	1	0	0	298	456	95	21	-1	
4	1	27	1	1	0	298	456	95	21	-1	
5	1	27	1	1	1	298	456	58	21	95.833267	Alcott
5	1	27	1	1	2	366	456	27	21	96.968872	ES
2	1	28	0	0	0	648	457	36	20	-1	
3	1	28	1	0	0	648	457	36	20	-1	
4	1	28	1	1	0	648	457	36	20	-1	
5	1	28	1	1	1	648	457	36	20	96.962769	102
2	1	29	0	0	0	789	456	44	21	-1	
3	1	29	1	0	0	789	456	44	21	-1	
4	1	29	1	1	0	789	456	44	21	-1	
5	1	29	1	1	1	789	456	44	21	96.964439	NES
2	1	30	0	0	0	1005	456	115	26	-1	
3	1	30	1	0	0	1005	456	115	26	-1	
4	1	30	1	1	0	1005	456	115	26	-1	
5	1	30	1	1	1	1005	456	115	26	95.859062	Elementary
2	1	31	0	0	0	1172	456	79	21	-1	
3	1	31	1	0	0	1172	456	79	21	-1	
4	1	31	1	1	0	1172	456	79	21	-1	
5	1	31	1	1	1	1172	456	79	21	96.474419	SOUTH
2	1	32	0	0	0	1315	457	130	25	-1	
3	1	32	1	0	0	1315	457	130	25	-1	
4	1	32	1	1	0	1315	457	130	25	-1	
5	1	32	1	1	1	1315	457	92	25	96.327553	Worthing
5	1	32	1	1	2	1417	457	28	20	96.668503	HS
2	1	33	0	0	0	1729	457	37	20	-1	
3	1	33	1	0	0	1729	457	37	20	-1	
4	1	33	1	1	0	1729	457	37	20	-1	
5	1	33	1	1	1	1729	457	37	20	96.990723	203
2	1	34	0	0	0	1793	457	11	22	-1	
3	1	34	1	0	0	1793	457	11	22	-1	
4	1	34	1	1	0	1793	457	11	22	-1	
5	1	34	1	1	1	1793	457	11	22	77.210602	$
2	1	35	0	0	0	1834	457	134	24	-1	
3	1	35	1	0	0	1834	457	134	24	-1	
4	1	35	1	1	0	1834	457	134	24	-1	
5	1	35	1	1	1	1834	457	134	24	92.685234	2,602,085.00
2	1	36	0	0	0	2076	457	114	24	-1	
3	1	36	1	0	0	2076	457	114	24	-1	
4	1	36	1	1	0	2076	457	114	24	-1	
5	1	36	1	1	1	2076	457	114	24	76.147354	555,097.00
2	1	37	0	0	0	2218	457	10	22	-1	
3	1	37	1	0	0	2218	457	10	22	-1	
4	1	37	1	1	0	2218	457	10	22	-1	
5	1	37	1	1	1	2218	457	10	22	76.414093	$
2	1	38	0	0	0	2278	457	101	24	-1	
3	1	38	1	0	0	2278	457	101	24	-1	
4	1	38	1	1	0	2278	457	101	24	-1	
5	1	38	1	1	1	2278	457	101	24	96.667290	72,900.00
2	1	39	0	0	0	2406	456	11	23	-1	
3	1	39	1	0	0	2406	456	11	23	-1	
4	1	39	1	1	0	2406	456	11	23	-1	
5	1	39	1	1	1	2406	456	11	23	89.843437	$
2	1	40	0	0	0	2458	457	89	24	-1	
3	1	40	1	0	0	2458	457	89	24	-1	
4	1	40	1	1	0	2458	457	89	24	-1	
5	1	40	1	1	1	2458	457	89	24	96.952904	2,000.00
2	1	41	0	0	0	2783	457	134	24	-1	
3	1	41	1	0	0	2783	457	134	24	-1	
4	1	41	1	1	0	2783	457	134	24	-1	
5	1	41	1	1	1	2783	457	134	24	92.513649	3,232,082.00
2	1	42	0	0	0	2944	456	11	23	-1	
3	1	42	1	0	0	2944	456	11	23	-1	
4	1	42	1	1	0	2944	456	11	23	-1	
5	1	42	1	1	1	2944	456	11	23	89.843437	$
2	1	43	0	0	0	3004	457	101	24	-1	
3	1	43	1	0	0	3004	457	101	24	-1	
4	1	43	1	1	0	3004	457	101	24	-1	
5	1	43	1	1	1	3004	457	101	24	96.758484	76,766.92
2	1	44	0	0	0	298	495	115	21	-1	
3	1	44	1	0	0	298	495	115	21	-1	
4	1	44	1	1	0	298	495	115	21	-1	
5	1	44	1	1	1	298	495	78	20	66.435287	Almeda
5	1	44	1	1	2	386	495	27	21	96.690125	ES
2	1	45	0	0	0	648	495	37	21	-1	
3	1	45	1	0	0	648	495	37	21	-1	
4	1	45	1	1	0	648	495	37	21	-1	
5	1	45	1	1	1	648	495	37	21	97.002274	104
2	1	46	0	0	0	789	495	44	21	-1	
3	1	46	1	0	0	789	495	44	21	-1	
4	1	46	1	1	0	789	495	44	21	-1	
5	1	46	1	1	1	789	495	44	21	96.957123	NES
2	1	47	0	0	0	1005	495	115	26	-1	
3	1	47	1	0	0	1005	495	115	26	-1	
4	1	47	1	1	0	1005	495	115	26	-1	
5	1	47	1	1	1	1005	495	115	26	95.892410	Elementary
2	1	48	0	0	0	1172	495	79	21	-1	
3	1	48	1	0	0	1172	495	79	21	-1	
4	1	48	1	1	0	1172	495	79	21	-1	
5	1	48	1	1	1	1172	495	79	21	95.093048	SOUTH
2	1	49	0	0	0	1315	495	130	26	-1	
3	1	49	1	0	0	1315	495	130	26	-1	
4	1	49	1	1	0	1315	495	130	26	-1	
5	1	49	1	1	1	1315	495	92	26	95.536789	Worthing
5	1	49	1	1	2	1417	495	28	21	96.623024	HS
2	1	50	0	0	0	1729	496	37	19	-1	
3	1	50	1	0	0	1729	496	37	19	-1	
4	1	50	1	1	0	1729	496	37	19	-1	
5	1	50	1	1	1	1729	496	37	19	94.231598	642
2	1	51	0	0	0	1793	495	11	23	-1	
3	1	51	1	0	0	1793	495	11	23	-1	
4	1	51	1	1	0	1793	495	11	23	-1	
5	1	51	1	1	1	1793	495	11	23	77.867798	$
2	1	52	0	0	0	1834	496	134	23	-1	
3	1	52	1	0	0	1834	496	134	23	-1	
4	1	52	1	1	0	1834	496	134	23	-1	
5	1	52	1	1	1	1834	496	134	23	92.547112	5,183,961.00
2	1	53	0	0	0	2076	496	115	23	-1	
3	1	53	1	0	0	2076	496	115	23	-1	
4	1	53	1	1	0	2076	496	115	23	-1	
5	1	53	1	1	1	2076	496	115	23	96.883018	258,785.00
2	1	54	0	0	0	2264	496	115	23	-1	
3	1	54	1	0	0	2264	496	115	23	-1	
4	1	54	1	1	0	2264	496	115	23	-1	
5	1	54	1	1	1	2264	496	115	23	96.796677	219,000.00
2	1	55	0	0	0	2406	495	11	23	-1	
3	1	55	1	0	0	2406	495	11	23	-1	
4	1	55	1	1	0	2406	495	11	23	-1	
5	1	55	1	1	1	2406	495	11	23	89.959625	$
2	1	56	0	0	0	2458	496	89	23	-1	
3	1	56	1	0	0	2458	496	89	23	-1	
4	1	56	1	1	0	2458	496	89	23	-1	
5	1	56	1	1	1	2458	496	89	23	96.775749	2,000.00
2	1	57	0	0	0	2683	506	7	3	-1	
3	1	57	1	0	0	2683	506	7	3	-1	
4	1	57	1	1	0	2683	506	7	3	-1	
5	1	57	1	1	1	2683	506	7	3	87.519112	-
2	1	58	0	0	0	2783	496	134	23	-1	
3	1	58	1	0	0	2783	496	134	23	-1	
4	1	58	1	1	0	2783	496	134	23	-1	
5	1	58	1	1	1	2783	496	134	23	91.882278	5,663,746.00
2	1	59	0	0	0	2991	496	114	23	-1	
3	1	59	1	0	0	2991	496	114	23	-1	
4	1	59	1	1	0	2991	496	114	23	-1	
5	1	59	1	1	1	2991	496	114	23	96.488174	260,381.12
2	1	60	0	0	0	2683	545	7	3	-1	
3	1	60	1	0	0	2683	545	7	3	-1	
4	1	60	1	1	0	2683	545	7	3	-1	
5	1	60	1	1	1	2683	545	7	3	87.519112	-
2	1	61	0	0	0	298	534	136	20	-1	
3	1	61	1	0	0	298	534	136	20	-1	
4	1	61	1	1	0	298	534	136	20	-1	
5	1	61	1	1	1	298	534	99	20	77.738838	Anderson
5	1	61	1	1	2	406	534	28	20	96.863869	ES
2	1	62	0	0	0	648	534	36	20	-1	
3	1	62	1	0	0	648	534	36	20	-1	
4	1	62	1	1	0	648	534	36	20	-1	
5	1	62	1	1	1	648	534	36	20	96.966042	105
2	1	63	0	0	0	789	534	44	20	-1	
3	1	63	1	0	0	789	534	44	20	-1	
4	1	63	1	1	0	789	534	44	20	-1	
5	1	63	1	1	1	789	534	44	20	96.639313	NES
2	1	64	0	0	0	1005	534	114	25	-1	
3	1	64	1	0	0	1005	534	114	25	-1	
4	1	64	1	1	0	1005	534	114	25	-1	
5	1	64	1	1	1	1005	534	114	25	96.211105	Elementary
2	1	65	0	0	0	1171	533	67	21	-1	
3	1	65	1	0	0	1171	533	67	21	-1	
4	1	65	1	1	0	1171	533	67	21	-1	
5	1	65	1	1	1	1171	533	67	21	95.547539	WEST
2	1	66	0	0	0	1315	534	136	25	-1	
3	1	66	1	0	0	1315	534	136	25	-1	
4	1	66	1	1	0	1315	534	136	25	-1	
5	1	66	1	1	1	1315	534	98	25	96.625862	Westbury
5	1	66	1	1	2	1422	534	29	20	96.194099	HS
2	1	67	0	0	0	1729	534	37	20	-1	
3	1	67	1	0	0	1729	534	37	20	-1	
4	1	67	1	1	0	1729	534	37	20	-1	
5	1	67	1	1	1	1729	534	37	20	96.579468	540
2	1	68	0	0	0	1793	534	11	22	-1	
3	1	68	1	0	0	1793	534	11	22	-1	
4	1	68	1	1	0	1793	534	11	22	-1	
5	1	68	1	1	1	1793	534	11	22	64.915283	$
2	1	69	0	0	0	1834	534	134	24	-1	
3	1	69	1	0	0	1834	534	134	24	-1	
4	1	69	1	1	0	1834	534	134	24	-1	
5	1	69	1	1	1	1834	534	134	24	92.076813	4,409,727.00
2	1	70	0	0	0	2078	534	113	24	-1	
3	1	70	1	0	0	2078	534	113	24	-1	
4	1	70	1	1	0	2078	534	113	24	-1	
5	1	70	1	1	1	2078	534	113	24	96.690079	199,228.00
2	1	71	0	0	0	2266	534	113	24	-1	
3	1	71	1	0	0	2266	534	113	24	-1	
4	1	71	1	1	0	2266	534	113	24	-1	
5	1	71	1	1	1	2266	534	113	24	96.668724	184,800.00
2	1	72	0	0	0	2406	533	11	23	-1	
3	1	72	1	0	0	2406	533	11	23	-1	
4	1	72	1	1	0	2406	533	11	23	-1	
5	1	72	1	1	1	2406	533	11	23	89.475197	$
2	1	73	0	0	0	2458	534	89	24	-1	
3	1	73	1	0	0	2458	534	89	24	-1	
4	1	73	1	1	0	2458	534	89	24	-1	
5	1	73	1	1	1	2458	534	89	24	96.871292	2,000.00
2	1	74	0	0	0	2783	534	134	24	-1	
3	1	74	1	0	0	2783	534	134	24	-1	
4	1	74	1	1	0	2783	534	134	24	-1	
5	1	74	1	1	1	2783	534	134	24	92.262375	4,795,755.00
2	1	75	0	0	0	2991	534	114	24	-1	
3	1	75	1	0	0	2991	534	114	24	-1	
4	1	75	1	1	0	2991	534	114	24	-1	
5	1	75	1	1	1	2991	534	114	24	95.915558	221,205.58
2	1	76	0	0	0	298	572	182	21	-1	
3	1	76	1	0	0	298	572	182	21	-1	
4	1	76	1	1	0	298	572	182	21	-1	
5	1	76	1	1	1	298	572	66	20	89.471954	Arabic
5	1	76	1	1	2	373	572	107	21	95.892776	Immersion
2	1	77	0	0	0	647	572	37	21	-1	
3	1	77	1	0	0	647	572	37	21	-1	
4	1	77	1	1	0	647	572	37	21	-1	
5	1	77	1	1	1	647	572	37	21	96.216614	478
2	1	78	0	0	0	789	572	94	21	-1	
3	1	78	1	0	0	789	572	94	21	-1	
4	1	78	1	1	0	789	572	94	21	-1	
5	1	78	1	1	1	789	572	94	21	92.249603	Non-NES
2	1	79	0	0	0	1005	572	114	26	-1	
3	1	79	1	0	0	1005	572	114	26	-1	
4	1	79	1	1	0	1005	572	114	26	-1	
5	1	79	1	1	1	1005	572	114	26	96.762062	Elementary
2	1	80	0	0	0	1172	572	107	21	-1	
3	1	80	1	0	0	1172	572	107	21	-1	
4	1	80	1	1	0	1172	572	107	21	-1	
5	1	80	1	1	1	1172	572	107	21	96.366180	CENTRAL
2	1	81	0	0	0	1316	572	102	21	-1	
3	1	81	1	0	0	1316	572	102	21	-1	
4	1	81	1	1	0	1316	572	102	21	-1	
5	1	81	1	1	1	1316	572	65	20	95.978485	Lamar
5	1	81	1	1	2	1390	572	28	21	95.978485	HS
2	1	82	0	0	0	1729	573	37	19	-1	
3	1	82	1	0	0	1729	573	37	19	-1	
4	1	82	1	1	0	1729	573	37	19	-1	
5	1	82	1	1	1	1729	573	37	19	96.873924	622
2	1	83	0	0	0	1793	572	11	23	-1	
3	1	83	1	0	0	1793	572	11	23	-1	
4	1	83	1	1	0	1793	572	11	23	-1	
5	1	83	1	1	1	1793	572	11	23	76.573273	$
2	1	84	0	0	0	1834	573	134	23	-1	
3	1	84	1	0	0	1834	573	134	23	-1	
4	1	84	1	1	0	1834	573	134	23	-1	
5	1	84	1	1	1	1834	573	134	23	92.926712	3,580,087.00
2	1	85	0	0	0	2076	573	114	23	-1	
3	1	85	1	0	0	2076	573	114	23	-1	
4	1	85	1	1	0	2076	573	114	23	-1	
5	1	85	1	1	1	2076	573	114	23	96.908302	250,838.00
2	1	86	0	0	0	2266	573	113	23	-1	
3	1	86	1	0	0	2266	573	113	23	-1	
4	1	86	1	1	0	2266	573	113	23	-1	
5	1	86	1	1	1	2266	573	113	23	96.637733	135,000.00
2	1	87	0	0	0	2406	572	11	23	-1	
3	1	87	1	0	0	2406	572	11	23	-1	
4	1	87	1	1	0	2406	572	11	23	-1	
5	1	87	1	1	1	2406	572	11	23	89.245407	$
2	1	88	0	0	0	2447	573	100	23	-1	
3	1	88	1	0	0	2447	573	100	23	-1	
4	1	88	1	1	0	2447	573	100	23	-1	
5	1	88	1	1	1	2447	573	100	23	96.796387	18,522.00
2	1	89	0	0	0	2613	573	102	23	-1	
3	1	89	1	0	0	2613	573	102	23	-1	
4	1	89	1	1	0	2613	573	102	23	-1	
5	1	89	1	1	1	2613	573	102	23	96.680885	41,680.00
2	1	90	0	0	0	2783	573	134	23	-1	
3	1	90	1	0	0	2783	573	134	23	-1	
4	1	90	1	1	0	2783	573	134	23	-1	
5	1	90	1	1	1	2783	573	134	23	91.336800	4,026,127.00
2	1	91	0	0	0	2993	573	112	23	-1	
3	1	91	1	0	0	2993	573	112	23	-1	
4	1	91	1	1	0	2993	573	112	23	-1	
5	1	91	1	1	1	2993	573	112	23	96.212128	110,779.52
2	1	92	0	0	0	2683	622	7	3	-1	
3	1	92	1	0	0	2683	622	7	3	-1	
4	1	92	1	1	0	2683	622	7	3	-1	
5	1	92	1	1	1	2683	622	7	3	87.519112	-
2	1	93	0	0	0	298	611	117	20	-1	
3	1	93	1	0	0	298	611	117	20	-1	
4	1	93	1	1	0	298	611	117	20	-1	
5	1	93	1	1	1	298	611	79	20	76.878281	Ashford
5	1	93	1	1	2	388	611	27	20	96.992111	ES
2	1	94	0	0	0	647	611	37	20	-1	
3	1	94	1	0	0	647	611	37	20	-1	
4	1	94	1	1	0	647	611	37	20	-1	
5	1	94	1	1	1	647	611	37	20	96.645485	273
2	1	95	0	0	0	789	610	44	21	-1	
3	1	95	1	0	0	789	610	44	21	-1	
4	1	95	1	1	0	789	610	44	21	-1	
5	1	95	1	1	1	789	610	44	21	96.901360	NES
2	1	96	0	0	0	1005	611	114	25	-1	
3	1	96	1	0	0	1005	611	114	25	-1	
4	1	96	1	1	0	1005	611	114	25	-1	
5	1	96	1	1	1	1005	611	114	25	96.061363	Elementary
2	1	97	0	0	0	1171	610	67	21	-1	
3	1	97	1	0	0	1171	610	67	21	-1	
4	1	97	1	1	0	1171	610	67	21	-1	
5	1	97	1	1	1	1171	610	67	21	95.884697	WEST
2	1	98	0	0	0	1315	610	134	21	-1	
3	1	98	1	0	0	1315	610	134	21	-1	
4	1	98	1	1	0	1315	610	134	21	-1	
5	1	98	1	1	1	1315	611	96	20	96.871544	Westside
5	1	98	1	1	2	1421	610	28	21	96.208008	HS
2	1	99	0	0	0	1729	611	37	20	-1	
3	1	99	1	0	0	1729	611	37	20	-1	
4	1	99	1	1	0	1729	611	37	20	-1	
5	1	99	1	1	1	1729	611	37	20	96.974609	562
2	1	100	0	0	0	1793	611	11	22	-1	
3	1	100	1	0	0	1793	611	11	22	-1	
4	1	100	1	1	0	1793	611	11	22	-1	
5	1	100	1	1	1	1793	611	11	22	61.412640	$
2	1	101	0	0	0	1834	611	134	24	-1	
3	1	101	1	0	0	1834	611	134	24	-1	
4	1	101	1	1	0	1834	611	134	24	-1	
5	1	101	1	1	1	1834	611	134	24	91.562790	4,428,956.00
2	1	102	0	0	0	2076	611	115	24	-1	
3	1	102	1	0	0	2076	611	115	24	-1	
4	1	102	1	1	0	2076	611	115	24	-1	
5	1	102	1	1	1	2076	611	115	24	96.832169	213,699.00
2	1	103	0	0	0	2266	611	113	24	-1	
3	1	103	1	0	0	2266	611	113	24	-1	
4	1	103	1	1	0	2266	611	113	24	-1	
5	1	103	1	1	1	2266	611	113	24	96.760010	190,200.00
2	1	104	0	0	0	2458	611	89	24	-1	
3	1	104	1	0	0	2458	611	89	24	-1	
4	1	104	1	1	0	2458	611	89	24	-1	
5	1	104	1	1	1	2458	611	89	24	96.925110	2,000.00
2	1	105	0	0	0	2783	611	134	24	-1	
3	1	105	1	0	0	2783	611	134	24	-1	
4	1	105	1	1	0	2783	611	134	24	-1	
5	1	105	1	1	1	2783	611	134	24	92.413948	4,834,855.00
2	1	106	0	0	0	2993	611	112	20	-1	
3	1	106	1	0	0	2993	611	112	20	-1	
4	1	106	1	1	0	2993	611	112	20	-1	
5	1	106	1	1	1	2993	611	112	20	96.605171	194,966.12
2	1	107	0	0	0	298	649	106	21	-1	
3	1	107	1	0	0	298	649	106	21	-1	
4	1	107	1	1	0	298	649	106	21	-1	
5	1	107	1	1	1	298	650	70	20	88.519043	Askew
5	1	107	1	1	2	376	649	28	21	96.647682	ES
2	1	108	0	0	0	647	650	38	20	-1	
3	1	108	1	0	0	647	650	38	20	-1	
4	1	108	1	1	0	647	650	38	20	-1	
5	1	108	1	1	1	647	650	38	20	96.838768	274
2	1	109	0	0	0	789	650	44	20	-1	
3	1	109	1	0	0	789	650	44	20	-1	
4	1	109	1	1	0	789	650	44	20	-1	
5	1	109	1	1	1	789	650	44	20	96.743187	NES
2	1	110	0	0	0	1005	649	114	26	-1	
3	1	110	1	0	0	1005	649	114	26	-1	
4	1	110	1	1	0	1005	649	114	26	-1	
5	1	110	1	1	1	1005	649	114	26	96.891464	Elementary
2	1	111	0	0	0	1171	649	67	21	-1	
3	1	111	1	0	0	1171	649	67	21	-1	
4	1	111	1	1	0	1171	649	67	21	-1	
5	1	111	1	1	1	1171	649	67	21	95.512314	WEST
2	1	112	0	0	0	1315	649	134	21	-1	
3	1	112	1	0	0	1315	649	134	21	-1	
4	1	112	1	1	0	1315	649	134	21	-1	
5	1	112	1	1	1	1315	650	96	20	96.762154	Westside
5	1	112	1	1	2	1421	649	28	21	96.267448	HS
2	1	113	0	0	0	1729	650	34	20	-1	
3	1	113	1	0	0	1729	650	34	20	-1	
4	1	113	1	1	0	1729	650	34	20	-1	
5	1	113	1	1	1	1729	650	34	20	96.865440	831
2	1	114	0	0	0	1793	650	11	22	-1	
3	1	114	1	0	0	1793	650	11	22	-1	
4	1	114	1	1	0	1793	650	11	22	-1	
5	1	114	1	1	1	1793	650	11	22	74.422058	$
2	1	115	0	0	0	1834	650	134	24	-1	
3	1	115	1	0	0	1834	650	134	24	-1	
4	1	115	1	1	0	1834	650	134	24	-1	
5	1	115	1	1	1	1834	650	134	24	93.078934	6,278,001.00
2	1	116	0	0	0	2076	650	114	24	-1	
3	1	116	1	0	0	2076	650	114	24	-1	
4	1	116	1	1	0	2076	650	114	24	-1	
5	1	116	1	1	1	2076	650	114	24	96.485886	271,497.00
2	1	117	0	0	0	2265	650	114	24	-1	
3	1	117	1	0	0	2265	650	114	24	-1	
4	1	117	1	1	0	2265	650	114	24	-1	
5	1	117	1	1	1	2265	650	114	24	96.894836	328,575.00
2	1	118	0	0	0	2458	650	89	24	-1	
3	1	118	1	0	0	2458	650	89	24	-1	
4	1	118	1	1	0	2458	650	89	24	-1	
5	1	118	1	1	1	2458	650	89	24	96.880112	2,000.00
2	1	119	0	0	0	2683	661	7	3	-1	
3	1	119	1	0	0	2683	661	7	3	-1	
4	1	119	1	1	0	2683	661	7	3	-1	
5	1	119	1	1	1	2683	661	7	3	87.519112	-
2	1	120	0	0	0	2783	650	134	24	-1	
3	1	120	1	0	0	2783	650	134	24	-1	
4	1	120	1	1	0	2783	650	134	24	-1	
5	1	120	1	1	1	2783	650	134	24	92.644455	6,880,073.00
2	1	121	0	0	0	2991	650	114	24	-1	
3	1	121	1	0	0	2991	650	114	24	-1	
4	1	121	1	1	0	2991	650	114	24	-1	
5	1	121	1	1	1	2991	650	114	24	96.481392	283,281.96
2	1	122	0	0	0	298	688	124	21	-1	
3	1	122	1	0	0	298	688	124	21	-1	
4	1	122	1	1	0	298	688	124	21	-1	
5	1	122	1	1	1	298	688	87	20	88.424591	Atherton
5	1	122	1	1	2	395	688	27	21	96.744583	ES
2	1	123	0	0	0	648	688	36	21	-1	
3	1	123	1	0	0	648	688	36	21	-1	
4	1	123	1	1	0	648	688	36	21	-1	
5	1	123	1	1	1	648	688	36	21	96.257370	106
2	1	124	0	0	0	789	688	44	21	-1	
3	1	124	1	0	0	789	688	44	21	-1	
4	1	124	1	1	0	789	688	44	21	-1	
5	1	124	1	1	1	789	688	44	21	96.972900	NES
2	1	125	0	0	0	1005	688	114	26	-1	
3	1	125	1	0	0	1005	688	114	26	-1	
4	1	125	1	1	0	1005	688	114	26	-1	
5	1	125	1	1	1	1005	688	114	26	96.157875	Elementary
2	1	126	0	0	0	1172	688	107	21	-1	
3	1	126	1	0	0	1172	688	107	21	-1	
4	1	126	1	1	0	1172	688	107	21	-1	
5	1	126	1	1	1	1172	688	107	21	96.555588	CENTRAL
2	1	127	0	0	0	1315	688	133	26	-1	
3	1	127	1	0	0	1315	688	133	26	-1	
4	1	127	1	1	0	1315	688	133	26	-1	
5	1	127	1	1	1	1315	688	96	26	96.258957	Wheatley
5	1	127	1	1	2	1420	688	28	21	95.898453	HS
2	1	128	0	0	0	1729	689	37	19	-1	
3	1	128	1	0	0	1729	689	37	19	-1	
4	1	128	1	1	0	1729	689	37	19	-1	
5	1	128	1	1	1	1729	689	37	19	95.458847	417
2	1	129	0	0	0	1793	688	11	23	-1	
3	1	129	1	0	0	1793	688	11	23	-1	
4	1	129	1	1	0	1793	688	11	23	-1	
5	1	129	1	1	1	1793	688	11	23	78.406212	$
2	1	130	0	0	0	1834	689	134	23	-1	
3	1	130	1	0	0	1834	689	134	23	-1	
4	1	130	1	1	0	1834	689	134	23	-1	
5	1	130	1	1	1	1834	689	134	23	92.805229	3,998,591.00
2	1	131	0	0	0	2076	689	115	23	-1	
3	1	131	1	0	0	2076	689	115	23	-1	
4	1	131	1	1	0	2076	689	115	23	-1	
5	1	131	1	1	1	2076	689	115	23	96.574768	213,860.00
2	1	132	0	0	0	2266	689	113	23	-1	
3	1	132	1	0	0	2266	689	113	23	-1	
4	1	132	1	1	0	2266	689	113	23	-1	
5	1	132	1	1	1	2266	689	113	23	96.643120	160,700.00
2	1	133	0	0	0	2458	689	89	23	-1	
3	1	133	1	0	0	2458	689	89	23	-1	
4	1	133	1	1	0	2458	689	89	23	-1	
5	1	133	1	1	1	2458	689	89	23	96.790291	2,000.00
2	1	134	0	0	0	2683	699	7	3	-1	
3	1	134	1	0	0	2683	699	7	3	-1	
4	1	134	1	1	0	2683	699	7	3	-1	
5	1	134	1	1	1	2683	699	7	3	87.519112	-
2	1	135	0	0	0	2783	689	134	23	-1	
3	1	135	1	0	0	2783	689	134	23	-1	
4	1	135	1	1	0	2783	689	134	23	-1	
5	1	135	1	1	1	2783	689	134	23	88.545204	4,375,151.00
2	1	136	0	0	0	2993	689	109	20	-1	
3	1	136	1	0	0	2993	689	109	20	-1	
4	1	136	1	1	0	2993	689	109	20	-1	
5	1	136	1	1	1	2993	689	109	20	96.365662	164,515.71
2	1	137	0	0	0	298	726	118	21	-1	
3	1	137	1	0	0	298	726	118	21	-1	
4	1	137	1	1	0	298	726	118	21	-1	
5	1	137	1	1	1	298	727	77	20	83.492981	Attucks
5	1	137	1	1	2	384	726	32	21	96.294167	MS
2	1	138	0	0	0	647	727	34	20	-1	
3	1	138	1	0	0	647	727	34	20	-1	
4	1	138	1	1	0	647	727	34	20	-1	
5	1	138	1	1	1	647	727	34	20	95.468391	041
2	1	139	0	0	0	789	726	94	21	-1	
3	1	139	1	0	0	789	726	94	21	-1	
4	1	139	1	1	0	789	726	94	21	-1	
5	1	139	1	1	1	789	726	94	21	91.639885	Non-NES
2	1	140	0	0	0	1005	727	141	20	-1	
3	1	140	1	0	0	1005	727	141	20	-1	
4	1	140	1	1	0	1005	727	141	20	-1	
5	1	140	1	1	1	1005	727	64	20	95.116554	Middle
5	1	140	1	1	2	1078	727	68	20	96.663391	School
2	1	141	0	0	0	1172	726	79	21	-1	
3	1	141	1	0	0	1172	726	79	21	-1	
4	1	141	1	1	0	1172	726	79	21	-1	
5	1	141	1	1	1	1172	726	79	21	96.502113	SOUTH
2	1	142	0	0	0	1729	727	36	20	-1	
3	1	142	1	0	0	1729	727	36	20	-1	
4	1	142	1	1	0	1729	727	36	20	-1	
5	1	142	1	1	1	1729	727	36	20	96.954605	389
2	1	143	0	0	0	1793	727	11	22	-1	
3	1	143	1	0	0	1793	727	11	22	-1	
4	1	143	1	1	0	1793	727	11	22	-1	
5	1	143	1	1	1	1793	727	11	22	57.906448	$
2	1	144	0	0	0	1315	727	131	25	-1	
3	1	144	1	0	0	1315	727	131	25	-1	
4	1	144	1	1	0	1315	727	131	25	-1	
5	1	144	1	1	1	1315	727	91	25	96.623596	Worthing
5	1	144	1	1	2	1417	727	29	20	96.502563	HS
2	1	145	0	0	0	1834	727	134	24	-1	
3	1	145	1	0	0	1834	727	134	24	-1	
4	1	145	1	1	0	1834	727	134	24	-1	
5	1	145	1	1	1	1834	727	134	24	92.895271	3,395,047.00
2	1	146	0	0	0	2076	727	115	24	-1	
3	1	146	1	0	0	2076	727	115	24	-1	
4	1	146	1	1	0	2076	727	115	24	-1	
5	1	146	1	1	1	2076	727	115	24	96.653412	785,057.00
2	1	147	0	0	0	2264	727	115	24	-1	
3	1	147	1	0	0	2264	727	115	24	-1	
4	1	147	1	1	0	2264	727	115	24	-1	
5	1	147	1	1	1	2264	727	115	24	96.765038	201,686.00
2	1	148	0	0	0	2458	727	89	24	-1	
3	1	148	1	0	0	2458	727	89	24	-1	
4	1	148	1	1	0	2458	727	89	24	-1	
5	1	148	1	1	1	2458	727	89	24	96.994820	6,500.00
2	1	149	0	0	0	2626	727	89	24	-1	
3	1	149	1	0	0	2626	727	89	24	-1	
4	1	149	1	1	0	2626	727	89	24	-1	
5	1	149	1	1	1	2626	727	89	24	96.886391	3,890.00
2	1	150	0	0	0	2783	727	134	24	-1	
3	1	150	1	0	0	2783	727	134	24	-1	
4	1	150	1	1	0	2783	727	134	24	-1	
5	1	150	1	1	1	2783	727	134	24	91.795692	4,392,180.00
2	1	151	0	0	0	2993	727	113	24	-1	
3	1	151	1	0	0	2993	727	113	24	-1	
4	1	151	1	1	0	2993	727	113	24	-1	
5	1	151	1	1	1	2993	727	113	24	96.636742	147,480.87
2	1	152	0	0	0	298	765	101	21	-1	
3	1	152	1	0	0	298	765	101	21	-1	
4	1	152	1	1	0	298	765	101	21	-1	
5	1	152	1	1	1	298	765	64	20	88.044716	Austin
5	1	152	1	1	2	371	765	28	21	94.871933	HS
2	1	153	0	0	0	647	765	34	21	-1	
3	1	153	1	0	0	647	765	34	21	-1	
4	1	153	1	1	0	647	765	34	21	-1	
5	1	153	1	1	1	647	765	34	21	96.912910	001
2	1	154	0	0	0	789	765	44	21	-1	
3	1	154	1	0	0	789	765	44	21	-1	
4	1	154	1	1	0	789	765	44	21	-1	
5	1	154	1	1	1	789	765	44	21	96.887024	NES
2	1	155	0	0	0	1005	765	121	26	-1	
3	1	155	1	0	0	1005	765	121	26	-1	
4	1	155	1	1	0	1005	765	121	26	-1	
5	1	155	1	1	1	1005	765	44	26	96.922340	High
5	1	155	1	1	2	1058	765	68	21	96.180893	School
2	1	156	0	0	0	1172	765	107	21	-1	
3	1	156	1	0	0	1172	765	107	21	-1	
4	1	156	1	1	0	1172	765	107	21	-1	
5	1	156	1	1	1	1172	765	107	21	96.540901	CENTRAL
2	1	157	0	0	0	1314	765	102	21	-1	
3	1	157	1	0	0	1314	765	102	21	-1	
4	1	157	1	1	0	1314	765	102	21	-1	
5	1	157	1	1	1	1314	765	64	20	95.711960	Austin
5	1	157	1	1	2	1387	765	29	21	95.711960	HS
2	1	158	0	0	0	1729	766	37	19	-1	
3	1	158	1	0	0	1729	766	37	19	-1	
4	1	158	1	1	0	1729	766	37	19	-1	
5	1	158	1	1	1	1729	766	37	19	96.696106	999
2	1	159	0	0	0	1793	765	11	23	-1	
3	1	159	1	0	0	1793	765	11	23	-1	
4	1	159	1	1	0	1793	765	11	23	-1	
5	1	159	1	1	1	1793	765	11	23	75.857239	$
2	1	160	0	0	0	1834	766	134	23	-1	
3	1	160	1	0	0	1834	766	134	23	-1	
4	1	160	1	1	0	1834	766	134	23	-1	
5	1	160	1	1	1	1834	766	134	23	92.656891	9,859,905.00
2	1	161	0	0	0	2076	766	114	23	-1	
3	1	161	1	0	0	2076	766	114	23	-1	
4	1	161	1	1	0	2076	766	114	23	-1	
5	1	161	1	1	1	2076	766	114	23	96.368736	843,436.00
2	1	162	0	0	0	2264	766	115	23	-1	
3	1	162	1	0	0	2264	766	115	23	-1	
4	1	162	1	1	0	2264	766	115	23	-1	
5	1	162	1	1	1	2264	766	115	23	96.078987	465,594.00
2	1	163	0	0	0	2458	766	89	23	-1	
3	1	163	1	0	0	2458	766	89	23	-1	
4	1	163	1	1	0	2458	766	89	23	-1	
5	1	163	1	1	1	2458	766	89	23	96.961884	5,000.00
2	1	164	0	0	0	2614	766	101	23	-1	
3	1	164	1	0	0	2614	766	101	23	-1	
4	1	164	1	1	0	2614	766	101	23	-1	
5	1	164	1	1	1	2614	766	101	23	96.667633	50,841.00
2	1	165	0	0	0	2742	765	175	24	-1	
3	1	165	1	0	0	2742	765	175	24	-1	
4	1	165	1	1	0	2742	765	175	24	-1	
5	1	165	1	1	1	2742	765	11	23	75.123825	$
5	1	165	1	1	2	2772	766	145	23	75.123825	11,224,776.00
2	1	166	0	0	0	2991	766	114	20	-1	
3	1	166	1	0	0	2991	766	114	20	-1	
4	1	166	1	1	0	2991	766	114	20	-1	
5	1	166	1	1	1	2991	766	114	20	96.591240	435,090.66
2	1	167	0	0	0	300	804	216	21	-1	
3	1	167	1	0	0	300	804	216	21	-1	
4	1	167	1	1	0	300	804	216	21	-1	
5	1	167	1	1	1	300	804	60	20	96.944908	Baker
5	1	167	1	1	2	368	804	111	20	96.226807	Montessori
5	1	167	1	1	3	489	804	27	21	96.226807	ES
2	1	168	0	0	0	647	805	37	20	-1	
3	1	168	1	0	0	647	805	37	20	-1	
4	1	168	1	1	0	647	805	37	20	-1	
5	1	168	1	1	1	647	805	37	20	97.003616	259
2	1	169	0	0	0	789	804	94	21	-1	
3	1	169	1	0	0	789	804	94	21	-1	
4	1	169	1	1	0	789	804	94	21	-1	
5	1	169	1	1	1	789	804	94	21	92.265213	Non-NES
2	1	170	0	0	0	1005	804	33	20	-1	
3	1	170	1	0	0	1005	804	33	20	-1	
4	1	170	1	1	0	1005	804	33	20	-1	
5	1	170	1	1	1	1005	804	33	20	92.757614	K-8
2	1	171	0	0	0	1172	804	107	21	-1	
3	1	171	1	0	0	1172	804	107	21	-1	
4	1	171	1	1	0	1172	804	107	21	-1	
5	1	171	1	1	1	1172	804	107	21	96.067307	CENTRAL
2	1	172	0	0	0	1316	804	102	21	-1	
3	1	172	1	0	0	1316	804	102	21	-1	
4	1	172	1	1	0	1316	804	102	21	-1	
5	1	172	1	1	1	1316	804	65	20	95.743477	Lamar
5	1	172	1	1	2	1390	804	28	21	95.788628	HS
2	1	173	0	0	0	1729	805	36	19	-1	
3	1	173	1	0	0	1729	805	36	19	-1	
4	1	173	1	1	0	1729	805	36	19	-1	
5	1	173	1	1	1	1729	805	36	19	96.839050	633
2	1	174	0	0	0	3073	815	7	3	-1	
3	1	174	1	0	0	3073	815	7	3	-1	
4	1	174	1	1	0	3073	815	7	3	-1	
5	1	174	1	1	1	3073	815	7	3	87.519112	-
2	1	175	0	0	0	1793	804	11	23	-1	
3	1	175	1	0	0	1793	804	11	23	-1	
4	1	175	1	1	0	1793	804	11	23	-1	
5	1	175	1	1	1	1793	804	11	23	77.291222	$
2	1	176	0	0	0	1834	805	134	23	-1	
3	1	176	1	0	0	1834	805	134	23	-1	
4	1	176	1	1	0	1834	805	134	23	-1	
5	1	176	1	1	1	1834	805	134	23	87.972778	4,169,756.00
2	1	177	0	0	0	2078	805	113	23	-1	
3	1	177	1	0	0	2078	805	113	23	-1	
4	1	177	1	1	0	2078	805	113	23	-1	
5	1	177	1	1	1	2078	805	113	23	96.767258	155,247.00
2	1	178	0	0	0	2266	805	113	23	-1	
3	1	178	1	0	0	2266	805	113	23	-1	
4	1	178	1	1	0	2266	805	113	23	-1	
5	1	178	1	1	1	2266	805	113	23	96.438530	150,137.00
2	1	179	0	0	0	2458	805	89	23	-1	
3	1	179	1	0	0	2458	805	89	23	-1	
4	1	179	1	1	0	2458	805	89	23	-1	
5	1	179	1	1	1	2458	805	89	23	96.605118	8,000.00
2	1	180	0	0	0	2626	805	89	23	-1	
3	1	180	1	0	0	2626	805	89	23	-1	
4	1	180	1	1	0	2626	805	89	23	-1	
5	1	180	1	1	1	2626	805	89	23	96.611214	6,330.00
2	1	181	0	0	0	2783	805	134	23	-1	
3	1	181	1	0	0	2783	805	134	23	-1	
4	1	181	1	1	0	2783	805	134	23	-1	
5	1	181	1	1	1	2783	805	134	23	87.512100	4,489,470.00
2	1	182	0	0	0	300	843	108	20	-1	
3	1	182	1	0	0	300	843	108	20	-1	
4	1	182	1	1	0	300	843	108	20	-1	
5	1	182	1	1	1	300	843	71	20	96.527092	Barrick
5	1	182	1	1	2	380	843	28	20	96.814980	ES
2	1	183	0	0	0	648	843	36	20	-1	
3	1	183	1	0	0	648	843	36	20	-1	
4	1	183	1	1	0	648	843	36	20	-1	
5	1	183	1	1	1	648	843	36	20	96.973198	107
2	1	184	0	0	0	789	842	94	21	-1	
3	1	184	1	0	0	789	842	94	21	-1	
4	1	184	1	1	0	789	842	94	21	-1	
5	1	184	1	1	1	789	842	94	21	91.172516	Non-NES
2	1	185	0	0	0	1005	842	114	26	-1	
3	1	185	1	0	0	1005	842	114	26	-1	
4	1	185	1	1	0	1005	842	114	26	-1	
5	1	185	1	1	1	1005	842	114	26	96.900085	Elementary
2	1	186	0	0	0	1173	842	79	21	-1	
3	1	186	1	0	0	1173	842	79	21	-1	
4	1	186	1	1	0	1173	842	79	21	-1	
5	1	186	1	1	1	1173	842	79	21	96.481445	NORTH
2	1	187	0	0	0	1317	842	194	21	-1	
3	1	187	1	0	0	1317	842	194	21	-1	
4	1	187	1	1	0	1317	842	194	21	-1	
5	1	187	1	1	1	1317	843	83	20	93.264610	Houston
5	1	187	1	1	2	1409	842	63	21	90.586136	MSTC
5	1	187	1	1	3	1482	843	29	20	96.123314	HS
2	1	188	0	0	0	1729	843	37	20	-1	
3	1	188	1	0	0	1729	843	37	20	-1	
4	1	188	1	1	0	1729	843	37	20	-1	
5	1	188	1	1	1	1729	843	37	20	95.911186	406
2	1	189	0	0	0	1793	843	11	22	-1	
3	1	189	1	0	0	1793	843	11	22	-1	
4	1	189	1	1	0	1793	843	11	22	-1	
5	1	189	1	1	1	1793	843	11	22	73.478645	$
2	1	190	0	0	0	1834	843	134	24	-1	
3	1	190	1	0	0	1834	843	134	24	-1	
4	1	190	1	1	0	1834	843	134	24	-1	
5	1	190	1	1	1	1834	843	134	24	92.035027	2,542,119.00
2	1	191	0	0	0	2078	843	112	24	-1	
3	1	191	1	0	0	2078	843	112	24	-1	
4	1	191	1	1	0	2078	843	112	24	-1	
5	1	191	1	1	1	2078	843	112	24	95.767609	136,407.00
2	1	192	0	0	0	2277	843	102	24	-1	
3	1	192	1	0	0	2277	843	102	24	-1	
4	1	192	1	1	0	2277	843	102	24	-1	
5	1	192	1	1	1	2277	843	102	24	95.342140	27,062.00
2	1	193	0	0	0	2458	843	89	24	-1	
3	1	193	1	0	0	2458	843	89	24	-1	
4	1	193	1	1	0	2458	843	89	24	-1	
5	1	193	1	1	1	2458	843	89	24	96.856361	2,000.00
2	1	194	0	0	0	2626	843	89	24	-1	
3	1	194	1	0	0	2626	843	89	24	-1	
4	1	194	1	1	0	2626	843	89	24	-1	
5	1	194	1	1	1	2626	843	89	24	96.895401	4,060.00
2	1	195	0	0	0	2783	843	134	24	-1	
3	1	195	1	0	0	2783	843	134	24	-1	
4	1	195	1	1	0	2783	843	134	24	-1	
5	1	195	1	1	1	2783	843	134	24	92.097481	2,711,648.00
2	1	196	0	0	0	2993	843	113	24	-1	
3	1	196	1	0	0	2993	843	113	24	-1	
4	1	196	1	1	0	2993	843	113	24	-1	
5	1	196	1	1	1	2993	843	113	24	96.708656	166,689.04
2	1	197	0	0	0	300	881	111	21	-1	
3	1	197	1	0	0	300	881	111	21	-1	
4	1	197	1	1	0	300	881	111	21	-1	
5	1	197	1	1	1	300	881	75	20	96.934982	Bastian
5	1	197	1	1	2	384	881	27	21	96.560677	ES
2	1	198	0	0	0	648	881	36	21	-1	
3	1	198	1	0	0	648	881	36	21	-1	
4	1	198	1	1	0	648	881	36	21	-1	
5	1	198	1	1	1	648	881	36	21	96.943352	108
2	1	199	0	0	0	789	881	94	21	-1	
3	1	199	1	0	0	789	881	94	21	-1	
4	1	199	1	1	0	789	881	94	21	-1	
5	1	199	1	1	1	789	881	94	21	91.925674	Non-NES
2	1	200	0	0	0	1005	881	114	26	-1	
3	1	200	1	0	0	1005	881	114	26	-1	
4	1	200	1	1	0	1005	881	114	26	-1	
5	1	200	1	1	1	1005	881	114	26	96.740158	Elementary
2	1	201	0	0	0	1172	881	79	21	-1	
3	1	201	1	0	0	1172	881	79	21	-1	
4	1	201	1	1	0	1172	881	79	21	-1	
5	1	201	1	1	1	1172	881	79	21	95.798714	SOUTH
2	1	202	0	0	0	1315	881	130	26	-1	
3	1	202	1	0	0	1315	881	130	26	-1	
4	1	202	1	1	0	1315	881	130	26	-1	
5	1	202	1	1	1	1315	881	91	26	95.935112	Worthing
5	1	202	1	1	2	1417	881	28	21	96.268890	HS
2	1	203	0	0	0	1729	882	36	19	-1	
3	1	203	1	0	0	1729	882	36	19	-1	
4	1	203	1	1	0	1729	882	36	19	-1	
5	1	203	1	1	1	1729	882	36	19	96.074898	635
2	1	204	0	0	0	1793	881	11	23	-1	
3	1	204	1	0	0	1793	881	11	23	-1	
4	1	204	1	1	0	1793	881	11	23	-1	
5	1	204	1	1	1	1793	881	11	23	79.702057	$
2	1	205	0	0	0	1834	882	134	23	-1	
3	1	205	1	0	0	1834	882	134	23	-1	
4	1	205	1	1	0	1834	882	134	23	-1	
5	1	205	1	1	1	1834	882	134	23	92.321144	3,501,850.00
2	1	206	0	0	0	2076	882	114	23	-1	
3	1	206	1	0	0	2076	882	114	23	-1	
4	1	206	1	1	0	2076	882	114	23	-1	
5	1	206	1	1	1	2076	882	114	23	96.823029	260,184.00
2	1	207	0	0	0	2266	882	113	23	-1	
3	1	207	1	0	0	2266	882	113	23	-1	
4	1	207	1	1	0	2266	882	113	23	-1	
5	1	207	1	1	1	2266	882	113	23	96.829079	139,050.00
2	1	208	0	0	0	2458	882	89	23	-1	
3	1	208	1	0	0	2458	882	89	23	-1	
4	1	208	1	1	0	2458	882	89	23	-1	
5	1	208	1	1	1	2458	882	89	23	95.784683	6,500.00
2	1	209	0	0	0	2626	882	89	23	-1	
3	1	209	1	0	0	2626	882	89	23	-1	
4	1	209	1	1	0	2626	882	89	23	-1	
5	1	209	1	1	1	2626	882	89	23	96.235283	6,350.00
2	1	210	0	0	0	2783	882	134	23	-1	
3	1	210	1	0	0	2783	882	134	23	-1	
4	1	210	1	1	0	2783	882	134	23	-1	
5	1	210	1	1	1	2783	882	134	23	88.903839	3,913,934.00
2	1	211	0	0	0	2991	882	114	20	-1	
3	1	211	1	0	0	2991	882	114	20	-1	
4	1	211	1	1	0	2991	882	114	20	-1	
5	1	211	1	1	1	2991	882	114	20	94.964874	243,524.82
2	1	212	0	0	0	300	919	150	21	-1	
3	1	212	1	0	0	300	919	150	21	-1	
4	1	212	1	1	0	300	919	150	21	-1	
5	1	212	1	1	1	300	919	48	21	91.532890	BCM
5	1	212	1	1	2	356	920	53	20	95.387093	Acad
5	1	212	1	1	3	419	920	31	20	96.316399	MS
2	1	213	0	0	0	647	920	37	20	-1	
3	1	213	1	0	0	647	920	37	20	-1	
4	1	213	1	1	0	647	920	37	20	-1	
5	1	213	1	1	1	647	920	37	20	96.376534	467
2	1	214	0	0	0	789	919	94	21	-1	
3	1	214	1	0	0	789	919	94	21	-1	
4	1	214	1	1	0	789	919	94	21	-1	
5	1	214	1	1	1	789	919	94	21	91.461731	Non-NES
2	1	215	0	0	0	1005	920	141	20	-1	
3	1	215	1	0	0	1005	920	141	20	-1	
4	1	215	1	1	0	1005	920	141	20	-1	
5	1	215	1	1	1	1005	920	64	20	95.270836	Middle
5	1	215	1	1	2	1078	920	68	20	96.754181	School
2	1	216	0	0	0	1172	919	79	21	-1	
3	1	216	1	0	0	1172	919	79	21	-1	
4	1	216	1	1	0	1172	919	79	21	-1	
5	1	216	1	1	1	1172	919	79	21	96.208939	SOUTH
2	1	217	0	0	0	1314	920	98	20	-1	
3	1	217	1	0	0	1314	920	98	20	-1	
4	1	217	1	1	0	1314	920	98	20	-1	
5	1	217	1	1	1	1314	920	60	20	95.978729	Yates
5	1	217	1	1	2	1383	920	29	20	96.317276	HS
2	1	218	0	0	0	1729	920	33	20	-1	
3	1	218	1	0	0	1729	920	33	20	-1	
4	1	218	1	1	0	1729	920	33	20	-1	
5	1	218	1	1	1	1729	920	33	20	96.804855	291
2	1	219	0	0	0	1793	920	11	22	-1	
3	1	219	1	0	0	1793	920	11	22	-1	
4	1	219	1	1	0	1793	920	11	22	-1	
5	1	219	1	1	1	1793	920	11	22	60.540848	$
2	1	220	0	0	0	1834	920	134	24	-1	
3	1	220	1	0	0	1834	920	134	24	-1	
4	1	220	1	1	0	1834	920	134	24	-1	
5	1	220	1	1	1	1834	920	134	24	93.116516	2,771,980.00
2	1	221	0	0	0	2076	920	115	24	-1	
3	1	221	1	0	0	2076	920	115	24	-1	
4	1	221	1	1	0	2076	920	115	24	-1	
5	1	221	1	1	1	2076	920	115	24	96.920845	381,949.00
2	1	222	0	0	0	2278	920	101	24	-1	
3	1	222	1	0	0	2278	920	101	24	-1	
4	1	222	1	1	0	2278	920	101	24	-1	
5	1	222	1	1	1	2278	920	101	24	96.761314	55,434.00
2	1	223	0	0	0	2458	920	89	24	-1	
3	1	223	1	0	0	2458	920	89	24	-1	
4	1	223	1	1	0	2458	920	89	24	-1	
5	1	223	1	1	1	2458	920	89	24	96.617233	4,598.00
2	1	224	0	0	0	2626	920	89	24	-1	
3	1	224	1	0	0	2626	920	89	24	-1	
4	1	224	1	1	0	2626	920	89	24	-1	
5	1	224	1	1	1	2626	920	89	24	96.651352	2,910.00
2	1	225	0	0	0	2783	920	134	24	-1	
3	1	225	1	0	0	2783	920	134	24	-1	
4	1	225	1	1	0	2783	920	134	24	-1	
5	1	225	1	1	1	2783	920	134	24	92.694061	3,216,871.00
2	1	226	0	0	0	3004	920	101	20	-1	
3	1	226	1	0	0	3004	920	101	20	-1	
4	1	226	1	1	0	3004	920	101	20	-1	
5	1	226	1	1	1	3004	920	101	20	96.705132	78,718.09
2	1	227	0	0	0	300	958	224	27	-1	
3	1	227	1	0	0	300	958	224	27	-1	
4	1	227	1	1	0	300	958	224	27	-1	
5	1	227	1	1	1	300	958	48	21	91.413940	BCM
5	1	227	1	1	2	359	959	74	20	93.073860	Biotech
5	1	227	1	1	3	442	959	21	26	93.073860	@
5	1	227	1	1	4	473	959	51	20	96.940826	Rusk
2	1	228	0	0	0	647	959	38	20	-1	
3	1	228	1	0	0	647	959	38	20	-1	
4	1	228	1	1	0	647	959	38	20	-1	
5	1	228	1	1	1	647	959	38	20	96.772850	234
2	1	229	0	0	0	789	958	94	21	-1	
3	1	229	1	0	0	789	958	94	21	-1	
4	1	229	1	1	0	789	958	94	21	-1	
5	1	229	1	1	1	789	958	94	21	91.846016	Non-NES
2	1	230	0	0	0	1005	958	141	21	-1	
3	1	230	1	0	0	1005	958	141	21	-1	
4	1	230	1	1	0	1005	958	141	21	-1	
5	1	230	1	1	1	1005	958	64	21	95.731667	Middle
5	1	230	1	1	2	1078	958	68	21	96.849609	School
2	1	231	0	0	0	1172	958	107	21	-1	
3	1	231	1	0	0	1172	958	107	21	-1	
4	1	231	1	1	0	1172	958	107	21	-1	
5	1	231	1	1	1	1172	958	107	21	96.567490	CENTRAL
2	1	232	0	0	0	1315	958	133	26	-1	
3	1	232	1	0	0	1315	958	133	26	-1	
4	1	232	1	1	0	1315	958	133	26	-1	
5	1	232	1	1	1	1315	958	96	26	96.737610	Wheatley
5	1	232	1	1	2	1420	959	28	20	96.536987	HS
2	1	233	0	0	0	1729	960	37	19	-1	
3	1	233	1	0	0	1729	960	37	19	-1	
4	1	233	1	1	0	1729	960	37	19	-1	
5	1	233	1	1	1	1729	960	37	19	96.558411	320
2	1	234	0	0	0	1793	959	11	22	-1	
3	1	234	1	0	0	1793	959	11	22	-1	
4	1	234	1	1	0	1793	959	11	22	-1	
5	1	234	1	1	1	1793	959	11	22	71.520905	$
2	1	235	0	0	0	1834	959	134	24	-1	
3	1	235	1	0	0	1834	959	134	24	-1	
4	1	235	1	1	0	1834	959	134	24	-1	
5	1	235	1	1	1	1834	959	134	24	90.322639	2,425,100.00
2	1	236	0	0	0	2076	959	114	24	-1	
3	1	236	1	0	0	2076	959	114	24	-1	
4	1	236	1	1	0	2076	959	114	24	-1	
5	1	236	1	1	1	2076	959	114	24	96.275009	272,022.00
2	1	237	0	0	0	2278	959	101	24	-1	
3	1	237	1	0	0	2278	959	101	24	-1	
4	1	237	1	1	0	2278	959	101	24	-1	
5	1	237	1	1	1	2278	959	101	24	96.904541	50,425.00
2	1	238	0	0	0	2460	959	87	24	-1	
3	1	238	1	0	0	2460	959	87	24	-1	
4	1	238	1	1	0	2460	959	87	24	-1	
5	1	238	1	1	1	2460	959	87	24	96.894592	1,200.00
2	1	239	0	0	0	2626	959	89	24	-1	
3	1	239	1	0	0	2626	959	89	24	-1	
4	1	239	1	1	0	2626	959	89	24	-1	
5	1	239	1	1	1	2626	959	89	24	96.922905	3,200.00
2	1	240	0	0	0	2783	959	134	24	-1	
3	1	240	1	0	0	2783	959	134	24	-1	
4	1	240	1	1	0	2783	959	134	24	-1	
5	1	240	1	1	1	2783	959	134	24	92.951553	2,751,947.00
2	1	241	0	0	0	3004	959	98	20	-1	
3	1	241	1	0	0	3004	959	98	20	-1	
4	1	241	1	1	0	3004	959	98	20	-1	
5	1	241	1	1	1	3004	959	98	20	96.408287	90,678.61
2	1	242	0	0	0	300	997	72	21	-1	
3	1	242	1	0	0	300	997	72	21	-1	
4	1	242	1	1	0	300	997	72	21	-1	
5	1	242	1	1	1	300	997	36	20	93.339272	Bell
5	1	242	1	1	2	345	997	27	21	93.339272	ES
2	1	243	0	0	0	648	997	33	21	-1	
3	1	243	1	0	0	648	997	33	21	-1	
4	1	243	1	1	0	648	997	33	21	-1	
5	1	243	1	1	1	648	997	33	21	90.636322	151
2	1	244	0	0	0	789	997	44	21	-1	
3	1	244	1	0	0	789	997	44	21	-1	
4	1	244	1	1	0	789	997	44	21	-1	
5	1	244	1	1	1	789	997	44	21	96.958321	NES
2	1	245	0	0	0	1005	997	114	26	-1	
3	1	245	1	0	0	1005	997	114	26	-1	
4	1	245	1	1	0	1005	997	114	26	-1	
5	1	245	1	1	1	1005	997	114	26	96.383965	Elementary
2	1	246	0	0	0	1171	997	67	21	-1	
3	1	246	1	0	0	1171	997	67	21	-1	
4	1	246	1	1	0	1171	997	67	21	-1	
5	1	246	1	1	1	1171	997	67	21	95.879280	WEST
2	1	247	0	0	0	1315	997	136	26	-1	
3	1	247	1	0	0	1315	997	136	26	-1	
4	1	247	1	1	0	1315	997	136	26	-1	
5	1	247	1	1	1	1315	997	98	26	96.711632	Westbury
5	1	247	1	1	2	1422	997	29	21	95.845070	HS
2	1	248	0	0	0	1729	998	37	19	-1	
3	1	248	1	0	0	1729	998	37	19	-1	
4	1	248	1	1	0	1729	998	37	19	-1	
5	1	248	1	1	1	1729	998	37	19	96.866531	504
2	1	249	0	0	0	1793	997	11	23	-1	
3	1	249	1	0	0	1793	997	11	23	-1	
4	1	249	1	1	0	1793	997	11	23	-1	
5	1	249	1	1	1	1793	997	11	23	70.948105	$
2	1	250	0	0	0	1834	998	134	23	-1	
3	1	250	1	0	0	1834	998	134	23	-1	
4	1	250	1	1	0	1834	998	134	23	-1	
5	1	250	1	1	1	1834	998	134	23	82.841019	4,828,872.00
2	1	251	0	0	0	2076	998	115	23	-1	
3	1	251	1	0	0	2076	998	115	23	-1	
4	1	251	1	1	0	2076	998	115	23	-1	
5	1	251	1	1	1	2076	998	115	23	96.228096	227,805.00
2	1	252	0	0	0	2266	998	113	23	-1	
3	1	252	1	0	0	2266	998	113	23	-1	
4	1	252	1	1	0	2266	998	113	23	-1	
5	1	252	1	1	1	2266	998	113	23	96.588867	195,450.00
2	1	253	0	0	0	2458	998	89	23	-1	
3	1	253	1	0	0	2458	998	89	23	-1	
4	1	253	1	1	0	2458	998	89	23	-1	
5	1	253	1	1	1	2458	998	89	23	96.808891	2,000.00
2	1	254	0	0	0	2683	1008	7	3	-1	
3	1	254	1	0	0	2683	1008	7	3	-1	
4	1	254	1	1	0	2683	1008	7	3	-1	
5	1	254	1	1	1	2683	1008	7	3	87.519112	-
2	1	255	0	0	0	2783	998	134	23	-1	
3	1	255	1	0	0	2783	998	134	23	-1	
4	1	255	1	1	0	2783	998	134	23	-1	
5	1	255	1	1	1	2783	998	134	23	92.153595	5,254,127.00
2	1	256	0	0	0	2993	998	112	20	-1	
3	1	256	1	0	0	2993	998	112	20	-1	
4	1	256	1	1	0	2993	998	112	20	-1	
5	1	256	1	1	1	2993	998	112	20	96.234924	178,272.66
2	1	257	0	0	0	300	1036	113	20	-1	
3	1	257	1	0	0	300	1036	113	20	-1	
4	1	257	1	1	0	300	1036	113	20	-1	
5	1	257	1	1	1	300	1036	74	20	94.778183	Bellaire
5	1	257	1	1	2	384	1036	29	20	95.925652	HS
2	1	258	0	0	0	647	1036	37	20	-1	
3	1	258	1	0	0	647	1036	37	20	-1	
4	1	258	1	1	0	647	1036	37	20	-1	
5	1	258	1	1	1	647	1036	37	20	96.850677	002
2	1	259	0	0	0	789	1035	94	21	-1	
3	1	259	1	0	0	789	1035	94	21	-1	
4	1	259	1	1	0	789	1035	94	21	-1	
5	1	259	1	1	1	789	1035	94	21	91.277245	Non-NES
2	1	260	0	0	0	1005	1036	121	25	-1	
3	1	260	1	0	0	1005	1036	121	25	-1	
4	1	260	1	1	0	1005	1036	121	25	-1	
5	1	260	1	1	1	1005	1036	44	25	96.971703	High
5	1	260	1	1	2	1058	1036	68	20	96.158241	School
2	1	261	0	0	0	1171	1036	67	20	-1	
3	1	261	1	0	0	1171	1036	67	20	-1	
4	1	261	1	1	0	1171	1036	67	20	-1	
5	1	261	1	1	1	1171	1036	67	20	96.612167	WEST
2	1	262	0	0	0	1316	1036	113	20	-1	
3	1	262	1	0	0	1316	1036	113	20	-1	
4	1	262	1	1	0	1316	1036	113	20	-1	
5	1	262	1	1	1	1316	1036	74	20	95.107857	Bellaire
5	1	262	1	1	2	1400	1036	29	20	95.785629	HS
2	1	263	0	0	0	1710	1036	55	24	-1	
3	1	263	1	0	0	1710	1036	55	24	-1	
4	1	263	1	1	0	1710	1036	55	24	-1	
5	1	263	1	1	1	1710	1036	55	24	95.792381	3,152
2	1	264	0	0	0	1793	1036	175	24	-1	
3	1	264	1	0	0	1793	1036	175	24	-1	
4	1	264	1	1	0	1793	1036	175	24	-1	
5	1	264	1	1	1	1793	1036	11	22	37.200718	§
5	1	264	1	1	2	1823	1036	145	24	81.555138	19,355,400.00
2	1	265	0	0	0	2058	1036	133	24	-1	
3	1	265	1	0	0	2058	1036	133	24	-1	
4	1	265	1	1	0	2058	1036	133	24	-1	
5	1	265	1	1	1	2058	1036	133	24	88.612091	1,154,065.00
2	1	266	0	0	0	2264	1036	115	24	-1	
3	1	266	1	0	0	2264	1036	115	24	-1	
4	1	266	1	1	0	2264	1036	115	24	-1	
5	1	266	1	1	1	2264	1036	115	24	96.847198	245,150.00
2	1	267	0	0	0	2434	1036	113	24	-1	
3	1	267	1	0	0	2434	1036	113	24	-1	
4	1	267	1	1	0	2434	1036	113	24	-1	
5	1	267	1	1	1	2434	1036	113	24	96.839653	142,060.00
2	1	268	0	0	0	2613	1036	102	24	-1	
3	1	268	1	0	0	2613	1036	102	24	-1	
4	1	268	1	1	0	2613	1036	102	24	-1	
5	1	268	1	1	1	2613	1036	102	24	96.972855	41,800.00
2	1	269	0	0	0	2742	1036	175	24	-1	
3	1	269	1	0	0	2742	1036	175	24	-1	
4	1	269	1	1	0	2742	1036	175	24	-1	
5	1	269	1	1	1	2742	1036	11	22	43.305328	§
5	1	269	1	1	2	2770	1036	147	24	89.176003	20,938,475.00
2	1	270	0	0	0	2991	1036	115	20	-1	
3	1	270	1	0	0	2991	1036	115	20	-1	
4	1	270	1	1	0	2991	1036	115	20	-1	
5	1	270	1	1	1	2991	1036	115	20	96.535400	658,549.80
2	1	271	0	0	0	300	1074	125	21	-1	
3	1	271	1	0	0	300	1074	125	21	-1	
4	1	271	1	1	0	300	1074	125	21	-1	
5	1	271	1	1	1	300	1074	70	21	90.975800	Bellfort
5	1	271	1	1	2	380	1074	45	21	96.836533	ECC
2	1	272	0	0	0	647	1074	37	21	-1	
3	1	272	1	0	0	647	1074	37	21	-1	
4	1	272	1	1	0	647	1074	37	21	-1	
5	1	272	1	1	1	647	1074	37	21	96.957481	360
2	1	273	0	0	0	789	1074	94	21	-1	
3	1	273	1	0	0	789	1074	94	21	-1	
4	1	273	1	1	0	789	1074	94	21	-1	
5	1	273	1	1	1	789	1074	94	21	91.862167	Non-NES
2	1	274	0	0	0	1005	1074	114	26	-1	
3	1	274	1	0	0	1005	1074	114	26	-1	
4	1	274	1	1	0	1005	1074	114	26	-1	
5	1	274	1	1	1	1005	1074	114	26	96.710220	Elementary
2	1	275	0	0	0	1172	1074	79	21	-1	
3	1	275	1	0	0	1172	1074	79	21	-1	
4	1	275	1	1	0	1172	1074	79	21	-1	
5	1	275	1	1	1	1172	1074	79	21	95.916710	SOUTH
2	1	276	0	0	0	1315	1074	115	21	-1	
3	1	276	1	0	0	1315	1074	115	21	-1	
4	1	276	1	1	0	1315	1074	115	21	-1	
5	1	276	1	1	1	1315	1074	78	21	96.464638	Chavez
5	1	276	1	1	2	1402	1074	28	21	96.464638	HS
2	1	277	0	0	0	1729	1075	37	19	-1	
3	1	277	1	0	0	1729	1075	37	19	-1	
4	1	277	1	1	0	1729	1075	37	19	-1	
5	1	277	1	1	1	1729	1075	37	19	96.282784	334
2	1	278	0	0	0	1793	1074	10	23	-1	
3	1	278	1	0	0	1793	1074	10	23	-1	
4	1	278	1	1	0	1793	1074	10	23	-1	
5	1	278	1	1	1	1793	1074	10	23	61.351490	$
2	1	279	0	0	0	1834	1075	134	23	-1	
3	1	279	1	0	0	1834	1075	134	23	-1	
4	1	279	1	1	0	1834	1075	134	23	-1	
5	1	279	1	1	1	1834	1075	134	23	91.987762	2,224,034.00
2	1	280	0	0	0	2078	1075	112	23	-1	
3	1	280	1	0	0	2078	1075	112	23	-1	
4	1	280	1	1	0	2078	1075	112	23	-1	
5	1	280	1	1	1	2078	1075	112	23	96.573586	129,100.00
2	1	281	0	0	0	2277	1075	102	23	-1	
3	1	281	1	0	0	2277	1075	102	23	-1	
4	1	281	1	1	0	2277	1075	102	23	-1	
5	1	281	1	1	1	2277	1075	102	23	96.986900	65,866.00
2	1	282	0	0	0	2458	1075	89	23	-1	
3	1	282	1	0	0	2458	1075	89	23	-1	
4	1	282	1	1	0	2458	1075	89	23	-1	
5	1	282	1	1	1	2458	1075	89	23	96.617584	6,816.00
2	1	283	0	0	0	2683	1086	7	3	-1	
3	1	283	1	0	0	2683	1086	7	3	-1	
4	1	283	1	1	0	2683	1086	7	3	-1	
5	1	283	1	1	1	2683	1086	7	3	87.519112	-
2	1	284	0	0	0	2783	1075	134	23	-1	
3	1	284	1	0	0	2783	1075	134	23	-1	
4	1	284	1	1	0	2783	1075	134	23	-1	
5	1	284	1	1	1	2783	1075	134	23	92.273140	2,425,816.00
2	1	285	0	0	0	2993	1075	112	20	-1	
3	1	285	1	0	0	2993	1075	112	20	-1	
4	1	285	1	1	0	2993	1075	112	20	-1	
5	1	285	1	1	1	2993	1075	112	20	96.320404	119,976.13
2	1	286	0	0	0	300	1113	143	21	-1	
3	1	286	1	0	0	300	1113	143	21	-1	
4	1	286	1	1	0	300	1113	143	21	-1	
5	1	286	1	1	1	300	1113	106	20	91.875366	Benavidez
5	1	286	1	1	2	415	1113	28	21	96.948601	ES
2	1	287	0	0	0	647	1113	37	21	-1	
3	1	287	1	0	0	647	1113	37	21	-1	
4	1	287	1	1	0	647	1113	37	21	-1	
5	1	287	1	1	1	647	1113	37	21	96.990303	295
2	1	288	0	0	0	789	1113	44	21	-1	
3	1	288	1	0	0	789	1113	44	21	-1	
4	1	288	1	1	0	789	1113	44	21	-1	
5	1	288	1	1	1	789	1113	44	21	96.954453	NES
2	1	289	0	0	0	1005	1113	114	26	-1	
3	1	289	1	0	0	1005	1113	114	26	-1	
4	1	289	1	1	0	1005	1113	114	26	-1	
5	1	289	1	1	1	1005	1113	114	26	96.535255	Elementary
2	1	290	0	0	0	1171	1113	67	21	-1	
3	1	290	1	0	0	1171	1113	67	21	-1	
4	1	290	1	1	0	1171	1113	67	21	-1	
5	1	290	1	1	1	1171	1113	67	21	95.997337	WEST
2	1	291	0	0	0	1315	1113	181	24	-1	
3	1	291	1	0	0	1315	1113	181	24	-1	
4	1	291	1	1	0	1315	1113	181	24	-1	
5	1	291	1	1	1	1315	1113	89	24	91.911179	Wisdom,
5	1	291	1	1	2	1416	1113	41	20	89.501953	M.L.
5	1	291	1	1	3	1468	1113	28	21	96.412308	HS
2	1	292	0	0	0	1729	1114	37	19	-1	
3	1	292	1	0	0	1729	1114	37	19	-1	
4	1	292	1	1	0	1729	1114	37	19	-1	
5	1	292	1	1	1	1729	1114	37	19	96.786552	730
2	1	293	0	0	0	1793	1113	11	23	-1	
3	1	293	1	0	0	1793	1113	11	23	-1	
4	1	293	1	1	0	1793	1113	11	23	-1	
5	1	293	1	1	1	1793	1113	11	23	74.778954	$
2	1	294	0	0	0	1834	1114	134	23	-1	
3	1	294	1	0	0	1834	1114	134	23	-1	
4	1	294	1	1	0	1834	1114	134	23	-1	
5	1	294	1	1	1	1834	1114	134	23	92.232620	5,669,580.00
2	1	295	0	0	0	2076	1114	115	23	-1	
3	1	295	1	0	0	2076	1114	115	23	-1	
4	1	295	1	1	0	2076	1114	115	23	-1	
5	1	295	1	1	1	2076	1114	115	23	96.763374	243,783.00
2	1	296	0	0	0	2264	1114	115	23	-1	
3	1	296	1	0	0	2264	1114	115	23	-1	
4	1	296	1	1	0	2264	1114	115	23	-1	
5	1	296	1	1	1	2264	1114	115	23	96.304024	247,800.00
2	1	297	0	0	0	2458	1114	89	23	-1	
3	1	297	1	0	0	2458	1114	89	23	-1	
4	1	297	1	1	0	2458	1114	89	23	-1	
5	1	297	1	1	1	2458	1114	89	23	96.775764	2,000.00
2	1	298	0	0	0	2683	1124	7	3	-1	
3	1	298	1	0	0	2683	1124	7	3	-1	
4	1	298	1	1	0	2683	1124	7	3	-1	
5	1	298	1	1	1	2683	1124	7	3	87.519112	-
2	1	299	0	0	0	2783	1114	134	23	-1	
3	1	299	1	0	0	2783	1114	134	23	-1	
4	1	299	1	1	0	2783	1114	134	23	-1	
5	1	299	1	1	1	2783	1114	134	23	93.047020	6,163,163.00
2	1	300	0	0	0	2991	1114	111	20	-1	
3	1	300	1	0	0	2991	1114	111	20	-1	
4	1	300	1	1	0	2991	1114	111	20	-1	
5	1	300	1	1	1	2991	1114	111	20	96.687546	302,997.81
2	1	301	0	0	0	300	1152	134	20	-1	
3	1	301	1	0	0	300	1152	134	20	-1	
4	1	301	1	1	0	300	1152	134	20	-1	
5	1	301	1	1	1	300	1152	97	20	96.583870	Benbrook
5	1	301	1	1	2	407	1152	27	20	96.583870	ES
2	1	302	0	0	0	647	1152	37	20	-1	
3	1	302	1	0	0	647	1152	37	20	-1	
4	1	302	1	1	0	647	1152	37	20	-1	
5	1	302	1	1	1	647	1152	37	20	96.727386	268
2	1	303	0	0	0	789	1151	94	21	-1	
3	1	303	1	0	0	789	1151	94	21	-1	
4	1	303	1	1	0	789	1151	94	21	-1	
5	1	303	1	1	1	789	1151	94	21	91.499916	Non-NES
2	1	304	0	0	0	1173	1151	79	21	-1	
3	1	304	1	0	0	1173	1151	79	21	-1	
4	1	304	1	1	0	1173	1151	79	21	-1	
5	1	304	1	1	1	1173	1151	79	21	96.496498	NORTH
2	1	305	0	0	0	1729	1152	36	20	-1	
3	1	305	1	0	0	1729	1152	36	20	-1	
4	1	305	1	1	0	1729	1152	36	20	-1	
5	1	305	1	1	1	1729	1152	36	20	96.892677	468
2	1	306	0	0	0	1793	1152	10	22	-1	
3	1	306	1	0	0	1793	1152	10	22	-1	
4	1	306	1	1	0	1793	1152	10	22	-1	
5	1	306	1	1	1	1793	1152	10	22	80.000885	$
2	1	307	0	0	0	2993	1152	112	20	-1	
3	1	307	1	0	0	2993	1152	112	20	-1	
4	1	307	1	1	0	2993	1152	112	20	-1	
5	1	307	1	1	1	2993	1152	112	20	96.264687	184,444.12
2	1	308	0	0	0	1005	1151	114	26	-1	
3	1	308	1	0	0	1005	1151	114	26	-1	
4	1	308	1	1	0	1005	1151	114	26	-1	
5	1	308	1	1	1	1005	1151	114	26	96.727287	Elementary
2	1	309	0	0	0	1316	1151	169	26	-1	
3	1	309	1	0	0	1316	1151	169	26	-1	
4	1	309	1	1	0	1316	1151	169	26	-1	
5	1	309	1	1	1	1316	1151	131	26	96.480263	Scarborough
5	1	309	1	1	2	1457	1151	28	21	96.702515	HS
2	1	310	0	0	0	1834	1152	134	24	-1	
3	1	310	1	0	0	1834	1152	134	24	-1	
4	1	310	1	1	0	1834	1152	134	24	-1	
5	1	310	1	1	1	1834	1152	134	24	92.259773	2,747,038.00
2	1	311	0	0	0	2078	1152	112	24	-1	
3	1	311	1	0	0	2078	1152	112	24	-1	
4	1	311	1	1	0	2078	1152	112	24	-1	
5	1	311	1	1	1	2078	1152	112	24	96.931923	120,059.00
2	1	312	0	0	0	2278	1152	101	24	-1	
3	1	312	1	0	0	2278	1152	101	24	-1	
4	1	312	1	1	0	2278	1152	101	24	-1	
5	1	312	1	1	1	2278	1152	101	24	96.718651	94,995.00
2	1	313	0	0	0	2458	1152	89	24	-1	
3	1	313	1	0	0	2458	1152	89	24	-1	
4	1	313	1	1	0	2458	1152	89	24	-1	
5	1	313	1	1	1	2458	1152	89	24	96.941841	5,500.00
2	1	314	0	0	0	2626	1152	89	24	-1	
3	1	314	1	0	0	2626	1152	89	24	-1	
4	1	314	1	1	0	2626	1152	89	24	-1	
5	1	314	1	1	1	2626	1152	89	24	95.532967	4,680.00
2	1	315	0	0	0	2783	1152	134	24	-1	
3	1	315	1	0	0	2783	1152	134	24	-1	
4	1	315	1	1	0	2783	1152	134	24	-1	
5	1	315	1	1	1	2783	1152	134	24	91.147995	2,972,272.00
2	1	316	0	0	0	300	1190	90	26	-1	
3	1	316	1	0	0	300	1190	90	26	-1	
4	1	316	1	1	0	300	1190	90	26	-1	
5	1	316	1	1	1	300	1190	53	26	96.006538	Berry
5	1	316	1	1	2	363	1190	27	21	96.407158	ES
2	1	317	0	0	0	648	1190	36	21	-1	
3	1	317	1	0	0	648	1190	36	21	-1	
4	1	317	1	1	0	648	1190	36	21	-1	
5	1	317	1	1	1	648	1190	36	21	96.927383	109
2	1	318	0	0	0	789	1190	44	21	-1	
3	1	318	1	0	0	789	1190	44	21	-1	
4	1	318	1	1	0	789	1190	44	21	-1	
5	1	318	1	1	1	789	1190	44	21	96.958626	NES
2	1	319	0	0	0	1005	1190	114	26	-1	
3	1	319	1	0	0	1005	1190	114	26	-1	
4	1	319	1	1	0	1005	1190	114	26	-1	
5	1	319	1	1	1	1005	1190	114	26	96.397766	Elementary
2	1	320	0	0	0	1173	1190	79	21	-1	
3	1	320	1	0	0	1173	1190	79	21	-1	
4	1	320	1	1	0	1173	1190	79	21	-1	
5	1	320	1	1	1	1173	1190	79	21	96.343048	NORTH
2	1	321	0	0	0	1316	1190	142	21	-1	
3	1	321	1	0	0	1316	1190	142	21	-1	
4	1	321	1	1	0	1316	1190	142	21	-1	
5	1	321	1	1	1	1316	1190	104	20	91.707443	Kashmere
5	1	321	1	1	2	1430	1190	28	21	96.537323	HS
2	1	322	0	0	0	1729	1191	37	19	-1	
3	1	322	1	0	0	1729	1191	37	19	-1	
4	1	322	1	1	0	1729	1191	37	19	-1	
5	1	322	1	1	1	1729	1191	37	19	96.690063	715
2	1	323	0	0	0	1793	1190	11	23	-1	
3	1	323	1	0	0	1793	1190	11	23	-1	
4	1	323	1	1	0	1793	1190	11	23	-1	
5	1	323	1	1	1	1793	1190	11	23	71.532181	$
2	1	324	0	0	0	1834	1191	134	23	-1	
3	1	324	1	0	0	1834	1191	134	23	-1	
4	1	324	1	1	0	1834	1191	134	23	-1	
5	1	324	1	1	1	1834	1191	134	23	92.883759	5,972,160.00
2	1	325	0	0	0	2076	1191	115	23	-1	
3	1	325	1	0	0	2076	1191	115	23	-1	
4	1	325	1	1	0	2076	1191	115	23	-1	
5	1	325	1	1	1	2076	1191	115	23	96.777412	220,626.00
2	1	326	0	0	0	2264	1191	115	23	-1	
3	1	326	1	0	0	2264	1191	115	23	-1	
4	1	326	1	1	0	2264	1191	115	23	-1	
5	1	326	1	1	1	2264	1191	115	23	96.903168	256,900.00
2	1	327	0	0	0	2458	1191	89	23	-1	
3	1	327	1	0	0	2458	1191	89	23	-1	
4	1	327	1	1	0	2458	1191	89	23	-1	
5	1	327	1	1	1	2458	1191	89	23	96.813911	2,000.00
2	1	328	0	0	0	2683	1201	7	3	-1	
3	1	328	1	0	0	2683	1201	7	3	-1	
4	1	328	1	1	0	2683	1201	7	3	-1	
5	1	328	1	1	1	2683	1201	7	3	87.519112	-
2	1	329	0	0	0	2783	1191	134	23	-1	
3	1	329	1	0	0	2783	1191	134	23	-1	
4	1	329	1	1	0	2783	1191	134	23	-1	
5	1	329	1	1	1	2783	1191	134	23	92.328697	6,451,686.00
2	1	330	0	0	0	2991	1191	114	20	-1	
3	1	330	1	0	0	2991	1191	114	20	-1	
4	1	330	1	1	0	2991	1191	114	20	-1	
5	1	330	1	1	1	2991	1191	114	20	96.646843	290,005.26
2	1	331	0	0	0	300	1228	95	21	-1	
3	1	331	1	0	0	300	1228	95	21	-1	
4	1	331	1	1	0	300	1228	95	21	-1	
5	1	331	1	1	1	300	1229	55	20	96.666687	Black
5	1	331	1	1	2	364	1228	31	21	96.885658	MS
2	1	332	0	0	0	647	1229	37	20	-1	
3	1	332	1	0	0	647	1229	37	20	-1	
4	1	332	1	1	0	647	1229	37	20	-1	
5	1	332	1	1	1	647	1229	37	20	96.832664	042
2	1	333	0	0	0	789	1228	94	21	-1	
3	1	333	1	0	0	789	1228	94	21	-1	
4	1	333	1	1	0	789	1228	94	21	-1	
5	1	333	1	1	1	789	1228	94	21	91.087006	Non-NES
2	1	334	0	0	0	1005	1229	141	20	-1	
3	1	334	1	0	0	1005	1229	141	20	-1	
4	1	334	1	1	0	1005	1229	141	20	-1	
5	1	334	1	1	1	1005	1229	64	20	95.041428	Middle
5	1	334	1	1	2	1078	1229	68	20	96.718071	School
2	1	335	0	0	0	1173	1228	79	21	-1	
3	1	335	1	0	0	1173	1228	79	21	-1	
4	1	335	1	1	0	1173	1228	79	21	-1	
5	1	335	1	1	1	1173	1228	79	21	96.674095	NORTH
2	1	336	0	0	0	2991	1229	114	20	-1	
3	1	336	1	0	0	2991	1229	114	20	-1	
4	1	336	1	1	0	2991	1229	114	20	-1	
5	1	336	1	1	1	2991	1229	114	20	96.228065	272,841.43
2	1	337	0	0	0	1315	1228	110	26	-1	
3	1	337	1	0	0	1315	1228	110	26	-1	
4	1	337	1	1	0	1315	1228	110	26	-1	
5	1	337	1	1	1	1315	1229	72	25	86.816833	Waltrip
5	1	337	1	1	2	1396	1228	29	21	95.918884	HS
2	1	338	0	0	0	1711	1229	51	24	-1	
3	1	338	1	0	0	1711	1229	51	24	-1	
4	1	338	1	1	0	1711	1229	51	24	-1	
5	1	338	1	1	1	1711	1229	51	24	96.864098	1,351
2	1	339	0	0	0	1793	1229	11	22	-1	
3	1	339	1	0	0	1793	1229	11	22	-1	
4	1	339	1	1	0	1793	1229	11	22	-1	
5	1	339	1	1	1	1793	1229	11	22	27.795853	8
2	1	340	0	0	0	1834	1229	134	24	-1	
3	1	340	1	0	0	1834	1229	134	24	-1	
4	1	340	1	1	0	1834	1229	134	24	-1	
5	1	340	1	1	1	1834	1229	134	24	92.773140	7,810,529.00
2	1	341	0	0	0	2076	1229	115	24	-1	
3	1	341	1	0	0	2076	1229	115	24	-1	
4	1	341	1	1	0	2076	1229	115	24	-1	
5	1	341	1	1	1	2076	1229	115	24	96.721123	479,833.00
2	1	342	0	0	0	2265	1229	114	24	-1	
3	1	342	1	0	0	2265	1229	114	24	-1	
4	1	342	1	1	0	2265	1229	114	24	-1	
5	1	342	1	1	1	2265	1229	114	24	96.394844	333,299.00
2	1	343	0	0	0	2445	1229	102	24	-1	
3	1	343	1	0	0	2445	1229	102	24	-1	
4	1	343	1	1	0	2445	1229	102	24	-1	
5	1	343	1	1	1	2445	1229	102	24	96.842323	26,000.00
2	1	344	0	0	0	2615	1229	100	24	-1	
3	1	344	1	0	0	2615	1229	100	24	-1	
4	1	344	1	1	0	2615	1229	100	24	-1	
5	1	344	1	1	1	2615	1229	100	24	85.889854	13,510.00
2	1	345	0	0	0	2783	1229	134	24	-1	
3	1	345	1	0	0	2783	1229	134	24	-1	
4	1	345	1	1	0	2783	1229	134	24	-1	
5	1	345	1	1	1	2783	1229	134	24	87.676727	8,663,171.00
2	1	346	0	0	0	300	1267	150	21	-1	
3	1	346	1	0	0	300	1267	150	21	-1	
4	1	346	1	1	0	300	1267	150	21	-1	
5	1	346	1	1	1	300	1267	114	21	96.760460	Blackshear
5	1	346	1	1	2	423	1268	27	20	96.453880	ES
2	1	347	0	0	0	648	1268	36	20	-1	
3	1	347	1	0	0	648	1268	36	20	-1	
4	1	347	1	1	0	648	1268	36	20	-1	
5	1	347	1	1	1	648	1268	36	20	96.565094	110
2	1	348	0	0	0	789	1268	44	20	-1	
3	1	348	1	0	0	789	1268	44	20	-1	
4	1	348	1	1	0	789	1268	44	20	-1	
5	1	348	1	1	1	789	1268	44	20	96.767601	NES
2	1	349	0	0	0	1005	1267	114	26	-1	
3	1	349	1	0	0	1005	1267	114	26	-1	
4	1	349	1	1	0	1005	1267	114	26	-1	
5	1	349	1	1	1	1005	1267	114	26	96.898689	Elementary
2	1	350	0	0	0	1172	1267	79	21	-1	
3	1	350	1	0	0	1172	1267	79	21	-1	
4	1	350	1	1	0	1172	1267	79	21	-1	
5	1	350	1	1	1	1172	1267	79	21	96.090286	SOUTH
2	1	351	0	0	0	1314	1268	97	20	-1	
3	1	351	1	0	0	1314	1268	97	20	-1	
4	1	351	1	1	0	1314	1268	97	20	-1	
5	1	351	1	1	1	1314	1268	59	20	95.955658	Yates
5	1	351	1	1	2	1383	1268	28	20	96.587517	HS
2	1	352	0	0	0	1729	1268	37	20	-1	
3	1	352	1	0	0	1729	1268	37	20	-1	
4	1	352	1	1	0	1729	1268	37	20	-1	
5	1	352	1	1	1	1729	1268	37	20	96.897316	247
2	1	353	0	0	0	1793	1268	10	22	-1	
3	1	353	1	0	0	1793	1268	10	22	-1	
4	1	353	1	1	0	1793	1268	10	22	-1	
5	1	353	1	1	1	1793	1268	10	22	76.846191	$
2	1	354	0	0	0	1834	1268	134	24	-1	
3	1	354	1	0	0	1834	1268	134	24	-1	
4	1	354	1	1	0	1834	1268	134	24	-1	
5	1	354	1	1	1	1834	1268	134	24	92.891701	3,048,762.00
2	1	355	0	0	0	2076	1268	114	24	-1	
3	1	355	1	0	0	2076	1268	114	24	-1	
4	1	355	1	1	0	2076	1268	114	24	-1	
5	1	355	1	1	1	2076	1268	114	24	96.861595	213,778.00
2	1	356	0	0	0	2278	1268	101	24	-1	
3	1	356	1	0	0	2278	1268	101	24	-1	
4	1	356	1	1	0	2278	1268	101	24	-1	
5	1	356	1	1	1	2278	1268	101	24	96.592926	94,360.00
2	1	357	0	0	0	2458	1268	89	24	-1	
3	1	357	1	0	0	2458	1268	89	24	-1	
4	1	357	1	1	0	2458	1268	89	24	-1	
5	1	357	1	1	1	2458	1268	89	24	96.912071	2,000.00
2	1	358	0	0	0	2683	1279	7	3	-1	
3	1	358	1	0	0	2683	1279	7	3	-1	
4	1	358	1	1	0	2683	1279	7	3	-1	
5	1	358	1	1	1	2683	1279	7	3	87.519112	-
2	1	359	0	0	0	2783	1268	134	24	-1	
3	1	359	1	0	0	2783	1268	134	24	-1	
4	1	359	1	1	0	2783	1268	134	24	-1	
5	1	359	1	1	1	2783	1268	134	24	91.921844	3,358,900.00
2	1	360	0	0	0	3004	1268	98	20	-1	
3	1	360	1	0	0	3004	1268	98	20	-1	
4	1	360	1	1	0	3004	1268	98	20	-1	
5	1	360	1	1	1	3004	1268	98	20	91.923141	97,253.11
2	1	361	0	0	0	2683	1317	7	3	-1	
3	1	361	1	0	0	2683	1317	7	3	-1	
4	1	361	1	1	0	2683	1317	7	3	-1	
5	1	361	1	1	1	2683	1317	7	3	87.519112	-
2	1	362	0	0	0	300	1306	120	21	-1	
3	1	362	1	0	0	300	1306	120	21	-1	
4	1	362	1	1	0	300	1306	120	21	-1	
5	1	362	1	1	1	300	1306	82	20	94.784325	Bonham
5	1	362	1	1	2	393	1306	27	21	96.811874	ES
2	1	363	0	0	0	648	1306	33	20	-1	
3	1	363	1	0	0	648	1306	33	20	-1	
4	1	363	1	1	0	648	1306	33	20	-1	
5	1	363	1	1	1	648	1306	33	20	92.340202	111
2	1	364	0	0	0	789	1306	44	21	-1	
3	1	364	1	0	0	789	1306	44	21	-1	
4	1	364	1	1	0	789	1306	44	21	-1	
5	1	364	1	1	1	789	1306	44	21	96.966118	NES
2	1	365	0	0	0	1005	1306	114	26	-1	
3	1	365	1	0	0	1005	1306	114	26	-1	
4	1	365	1	1	0	1005	1306	114	26	-1	
5	1	365	1	1	1	1005	1306	114	26	96.265762	Elementary
2	1	366	0	0	0	1171	1306	67	21	-1	
3	1	366	1	0	0	1171	1306	67	21	-1	
4	1	366	1	1	0	1171	1306	67	21	-1	
5	1	366	1	1	1	1171	1306	67	21	95.837448	WEST
2	1	367	0	0	0	1316	1306	158	26	-1	
3	1	367	1	0	0	1316	1306	158	26	-1	
4	1	367	1	1	0	1316	1306	158	26	-1	
5	1	367	1	1	1	1316	1306	120	26	96.826920	Sharpstown
5	1	367	1	1	2	1445	1306	29	21	95.937637	HS
2	1	368	0	0	0	1729	1307	36	19	-1	
3	1	368	1	0	0	1729	1307	36	19	-1	
4	1	368	1	1	0	1729	1307	36	19	-1	
5	1	368	1	1	1	1729	1307	36	19	96.904053	906
2	1	369	0	0	0	1793	1306	11	23	-1	
3	1	369	1	0	0	1793	1306	11	23	-1	
4	1	369	1	1	0	1793	1306	11	23	-1	
5	1	369	1	1	1	1793	1306	11	23	74.158508	$
2	1	370	0	0	0	1834	1307	134	23	-1	
3	1	370	1	0	0	1834	1307	134	23	-1	
4	1	370	1	1	0	1834	1307	134	23	-1	
5	1	370	1	1	1	1834	1307	134	23	90.120705	6,257,311.00
2	1	371	0	0	0	2076	1307	115	23	-1	
3	1	371	1	0	0	2076	1307	115	23	-1	
4	1	371	1	1	0	2076	1307	115	23	-1	
5	1	371	1	1	1	2076	1307	115	23	96.803017	323,339.00
2	1	372	0	0	0	2265	1307	114	23	-1	
3	1	372	1	0	0	2265	1307	114	23	-1	
4	1	372	1	1	0	2265	1307	114	23	-1	
5	1	372	1	1	1	2265	1307	114	23	96.788467	304,800.00
2	1	373	0	0	0	2458	1307	89	23	-1	
3	1	373	1	0	0	2458	1307	89	23	-1	
4	1	373	1	1	0	2458	1307	89	23	-1	
5	1	373	1	1	1	2458	1307	89	23	96.760918	2,000.00
2	1	374	0	0	0	2783	1307	134	23	-1	
3	1	374	1	0	0	2783	1307	134	23	-1	
4	1	374	1	1	0	2783	1307	134	23	-1	
5	1	374	1	1	1	2783	1307	134	23	92.254745	6,887,450.00
2	1	375	0	0	0	2991	1307	114	20	-1	
3	1	375	1	0	0	2991	1307	114	20	-1	
4	1	375	1	1	0	2991	1307	114	20	-1	
5	1	375	1	1	1	2991	1307	114	20	95.942390	357,613.78
2	1	376	0	0	0	300	1345	109	20	-1	
3	1	376	1	0	0	300	1345	109	20	-1	
4	1	376	1	1	0	300	1345	109	20	-1	
5	1	376	1	1	1	300	1345	73	20	95.531815	Bonner
5	1	376	1	1	2	381	1345	28	20	96.933838	ES
2	1	377	0	0	0	648	1345	36	20	-1	
3	1	377	1	0	0	648	1345	36	20	-1	
4	1	377	1	1	0	648	1345	36	20	-1	
5	1	377	1	1	1	648	1345	36	20	96.306953	112
2	1	378	0	0	0	789	1345	44	20	-1	
3	1	378	1	0	0	789	1345	44	20	-1	
4	1	378	1	1	0	789	1345	44	20	-1	
5	1	378	1	1	1	789	1345	44	20	96.392273	NES
2	1	379	0	0	0	1005	1344	114	26	-1	
3	1	379	1	0	0	1005	1344	114	26	-1	
4	1	379	1	1	0	1005	1344	114	26	-1	
5	1	379	1	1	1	1005	1344	114	26	96.914223	Elementary
2	1	380	0	0	0	1172	1344	79	21	-1	
3	1	380	1	0	0	1172	1344	79	21	-1	
4	1	380	1	1	0	1172	1344	79	21	-1	
5	1	380	1	1	1	1172	1344	79	21	95.989555	SOUTH
2	1	381	0	0	0	1315	1344	116	21	-1	
3	1	381	1	0	0	1315	1344	116	21	-1	
4	1	381	1	1	0	1315	1344	116	21	-1	
5	1	381	1	1	1	1315	1345	78	20	96.662422	Chavez
5	1	381	1	1	2	1402	1344	29	21	96.624908	HS
2	1	382	0	0	0	1729	1345	37	20	-1	
3	1	382	1	0	0	1729	1345	37	20	-1	
4	1	382	1	1	0	1729	1345	37	20	-1	
5	1	382	1	1	1	1729	1345	37	20	96.548569	517
2	1	383	0	0	0	1793	1345	10	22	-1	
3	1	383	1	0	0	1793	1345	10	22	-1	
4	1	383	1	1	0	1793	1345	10	22	-1	
5	1	383	1	1	1	1793	1345	10	22	74.745773	$
2	1	384	0	0	0	1834	1345	134	24	-1	
3	1	384	1	0	0	1834	1345	134	24	-1	
4	1	384	1	1	0	1834	1345	134	24	-1	
5	1	384	1	1	1	1834	1345	134	24	93.063332	5,026,138.00
2	1	385	0	0	0	2076	1345	114	24	-1	
3	1	385	1	0	0	2076	1345	114	24	-1	
4	1	385	1	1	0	2076	1345	114	24	-1	
5	1	385	1	1	1	2076	1345	114	24	96.620987	279,111.00
2	1	386	0	0	0	2266	1345	113	24	-1	
3	1	386	1	0	0	2266	1345	113	24	-1	
4	1	386	1	1	0	2266	1345	113	24	-1	
5	1	386	1	1	1	2266	1345	113	24	96.707848	179,700.00
2	1	387	0	0	0	2458	1345	89	24	-1	
3	1	387	1	0	0	2458	1345	89	24	-1	
4	1	387	1	1	0	2458	1345	89	24	-1	
5	1	387	1	1	1	2458	1345	89	24	96.747673	2,000.00
2	1	388	0	0	0	2683	1356	7	3	-1	
3	1	388	1	0	0	2683	1356	7	3	-1	
4	1	388	1	1	0	2683	1356	7	3	-1	
5	1	388	1	1	1	2683	1356	7	3	87.519112	-
2	1	389	0	0	0	2783	1345	134	24	-1	
3	1	389	1	0	0	2783	1345	134	24	-1	
4	1	389	1	1	0	2783	1345	134	24	-1	
5	1	389	1	1	1	2783	1345	134	24	92.654022	5,486,949.00
2	1	390	0	0	0	2991	1345	115	20	-1	
3	1	390	1	0	0	2991	1345	115	20	-1	
4	1	390	1	1	0	2991	1345	115	20	-1	
5	1	390	1	1	1	2991	1345	115	20	96.053139	210,020.17
2	1	391	0	0	0	300	1383	239	26	-1	
3	1	391	1	0	0	300	1383	239	26	-1	
4	1	391	1	1	0	300	1383	239	26	-1	
5	1	391	1	1	1	300	1383	73	20	96.952156	Booker
5	1	391	1	1	2	380	1383	121	26	96.670494	Washington
5	1	391	1	1	3	511	1383	28	21	96.909378	HS
2	1	392	0	0	0	647	1383	37	21	-1	
3	1	392	1	0	0	647	1383	37	21	-1	
4	1	392	1	1	0	647	1383	37	21	-1	
5	1	392	1	1	1	647	1383	37	21	96.938850	016
2	1	393	0	0	0	789	1383	44	21	-1	
3	1	393	1	0	0	789	1383	44	21	-1	
4	1	393	1	1	0	789	1383	44	21	-1	
5	1	393	1	1	1	789	1383	44	21	96.940941	NES
2	1	394	0	0	0	1005	1383	121	26	-1	
3	1	394	1	0	0	1005	1383	121	26	-1	
4	1	394	1	1	0	1005	1383	121	26	-1	
5	1	394	1	1	1	1005	1383	44	26	96.983353	High
5	1	394	1	1	2	1058	1383	68	21	96.396065	School
2	1	395	0	0	0	1173	1383	79	21	-1	
3	1	395	1	0	0	1173	1383	79	21	-1	
4	1	395	1	1	0	1173	1383	79	21	-1	
5	1	395	1	1	1	1173	1383	79	21	95.798225	NORTH
2	1	396	0	0	0	1316	1383	239	26	-1	
3	1	396	1	0	0	1316	1383	239	26	-1	
4	1	396	1	1	0	1316	1383	239	26	-1	
5	1	396	1	1	1	1316	1383	73	20	96.956383	Booker
5	1	396	1	1	2	1396	1383	121	26	96.656082	Washington
5	1	396	1	1	3	1527	1383	28	21	96.901489	HS
2	1	397	0	0	0	1729	1384	37	19	-1	
3	1	397	1	0	0	1729	1384	37	19	-1	
4	1	397	1	1	0	1729	1384	37	19	-1	
5	1	397	1	1	1	1729	1384	37	19	96.807060	733
2	1	398	0	0	0	1793	1383	10	23	-1	
3	1	398	1	0	0	1793	1383	10	23	-1	
4	1	398	1	1	0	1793	1383	10	23	-1	
5	1	398	1	1	1	1793	1383	10	23	67.522018	$
2	1	399	0	0	0	1834	1384	134	23	-1	
3	1	399	1	0	0	1834	1384	134	23	-1	
4	1	399	1	1	0	1834	1384	134	23	-1	
5	1	399	1	1	1	1834	1384	134	23	92.623894	8,214,901.00
2	1	400	0	0	0	2076	1384	114	23	-1	
3	1	400	1	0	0	2076	1384	114	23	-1	
4	1	400	1	1	0	2076	1384	114	23	-1	
5	1	400	1	1	1	2076	1384	114	23	96.649574	577,560.00
2	1	401	0	0	0	2265	1384	114	23	-1	
3	1	401	1	0	0	2265	1384	114	23	-1	
4	1	401	1	1	0	2265	1384	114	23	-1	
5	1	401	1	1	1	2265	1384	114	23	96.763702	323,970.00
2	1	402	0	0	0	2445	1384	102	23	-1	
3	1	402	1	0	0	2445	1384	102	23	-1	
4	1	402	1	1	0	2445	1384	102	23	-1	
5	1	402	1	1	1	2445	1384	102	23	96.535782	24,900.00
2	1	403	0	0	0	2626	1384	89	23	-1	
3	1	403	1	0	0	2626	1384	89	23	-1	
4	1	403	1	1	0	2626	1384	89	23	-1	
5	1	403	1	1	1	2626	1384	89	23	96.885170	6,000.00
2	1	404	0	0	0	2783	1384	134	23	-1	
3	1	404	1	0	0	2783	1384	134	23	-1	
4	1	404	1	1	0	2783	1384	134	23	-1	
5	1	404	1	1	1	2783	1384	134	23	88.335678	9,147,331.00
2	1	405	0	0	0	2991	1384	114	20	-1	
3	1	405	1	0	0	2991	1384	114	20	-1	
4	1	405	1	1	0	2991	1384	114	20	-1	
5	1	405	1	1	1	2991	1384	114	20	94.058395	306,384.38
2	1	406	0	0	0	300	1422	130	20	-1	
3	1	406	1	0	0	300	1422	130	20	-1	
4	1	406	1	1	0	300	1422	130	20	-1	
5	1	406	1	1	1	300	1422	93	20	96.919861	Braeburn
5	1	406	1	1	2	402	1422	28	20	96.439598	ES
2	1	407	0	0	0	648	1422	37	20	-1	
3	1	407	1	0	0	648	1422	37	20	-1	
4	1	407	1	1	0	648	1422	37	20	-1	
5	1	407	1	1	1	648	1422	37	20	96.765862	114
2	1	408	0	0	0	789	1421	94	21	-1	
3	1	408	1	0	0	789	1421	94	21	-1	
4	1	408	1	1	0	789	1421	94	21	-1	
5	1	408	1	1	1	789	1421	94	21	91.055733	Non-NES
2	1	409	0	0	0	1005	1422	114	25	-1	
3	1	409	1	0	0	1005	1422	114	25	-1	
4	1	409	1	1	0	1005	1422	114	25	-1	
5	1	409	1	1	1	1005	1422	114	25	96.185982	Elementary
2	1	410	0	0	0	1171	1422	67	20	-1	
3	1	410	1	0	0	1171	1422	67	20	-1	
4	1	410	1	1	0	1171	1422	67	20	-1	
5	1	410	1	1	1	1171	1422	67	20	96.551300	WEST
2	1	411	0	0	0	1316	1422	113	20	-1	
3	1	411	1	0	0	1316	1422	113	20	-1	
4	1	411	1	1	0	1316	1422	113	20	-1	
5	1	411	1	1	1	1316	1422	74	20	96.231712	Bellaire
5	1	411	1	1	2	1400	1422	29	20	96.363602	HS
2	1	412	0	0	0	1729	1422	37	20	-1	
3	1	412	1	0	0	1729	1422	37	20	-1	
4	1	412	1	1	0	1729	1422	37	20	-1	
5	1	412	1	1	1	1729	1422	37	20	96.802940	818
2	1	413	0	0	0	1793	1422	11	22	-1	
3	1	413	1	0	0	1793	1422	11	22	-1	
4	1	413	1	1	0	1793	1422	11	22	-1	
5	1	413	1	1	1	1793	1422	11	22	46.967793	$
2	1	414	0	0	0	1834	1422	134	24	-1	
3	1	414	1	0	0	1834	1422	134	24	-1	
4	1	414	1	1	0	1834	1422	134	24	-1	
5	1	414	1	1	1	1834	1422	134	24	91.754150	5,174,222.00
2	1	415	0	0	0	2078	1422	113	24	-1	
3	1	415	1	0	0	2078	1422	113	24	-1	
4	1	415	1	1	0	2078	1422	113	24	-1	
5	1	415	1	1	1	2078	1422	113	24	96.914703	176,221.00
2	1	416	0	0	0	2266	1422	113	24	-1	
3	1	416	1	0	0	2266	1422	113	24	-1	
4	1	416	1	1	0	2266	1422	113	24	-1	
5	1	416	1	1	1	2266	1422	113	24	96.463829	103,076.00
2	1	417	0	0	0	2458	1422	89	24	-1	
3	1	417	1	0	0	2458	1422	89	24	-1	
4	1	417	1	1	0	2458	1422	89	24	-1	
5	1	417	1	1	1	2458	1422	89	24	96.908020	8,200.00
2	1	418	0	0	0	2626	1422	89	24	-1	
3	1	418	1	0	0	2626	1422	89	24	-1	
4	1	418	1	1	0	2626	1422	89	24	-1	
5	1	418	1	1	1	2626	1422	89	24	96.951530	8,180.00
2	1	419	0	0	0	2783	1422	134	24	-1	
3	1	419	1	0	0	2783	1422	134	24	-1	
4	1	419	1	1	0	2783	1422	134	24	-1	
5	1	419	1	1	1	2783	1422	134	24	92.974609	5,469,899.00
2	1	420	0	0	0	2991	1422	114	20	-1	
3	1	420	1	0	0	2991	1422	114	20	-1	
4	1	420	1	1	0	2991	1422	114	20	-1	
5	1	420	1	1	1	2991	1422	114	20	95.942215	327,392.28
2	1	421	0	0	0	300	1461	142	25	-1	
3	1	421	1	0	0	300	1461	142	25	-1	
4	1	421	1	1	0	300	1461	142	25	-1	
5	1	421	1	1	1	300	1461	106	25	92.715553	Briargrove
5	1	421	1	1	2	415	1461	27	20	96.933578	ES
2	1	422	0	0	0	648	1461	36	20	-1	
3	1	422	1	0	0	648	1461	36	20	-1	
4	1	422	1	1	0	648	1461	36	20	-1	
5	1	422	1	1	1	648	1461	36	20	96.881256	116
2	1	423	0	0	0	789	1460	94	21	-1	
3	1	423	1	0	0	789	1460	94	21	-1	
4	1	423	1	1	0	789	1460	94	21	-1	
5	1	423	1	1	1	789	1460	94	21	92.090195	Non-NES
2	1	424	0	0	0	1005	1460	114	26	-1	
3	1	424	1	0	0	1005	1460	114	26	-1	
4	1	424	1	1	0	1005	1460	114	26	-1	
5	1	424	1	1	1	1005	1460	114	26	96.911797	Elementary
2	1	425	0	0	0	1172	1460	79	21	-1	
3	1	425	1	0	0	1172	1460	79	21	-1	
4	1	425	1	1	0	1172	1460	79	21	-1	
5	1	425	1	1	1	1172	1460	79	21	96.062340	SOUTH
2	1	426	0	0	0	1316	1461	123	20	-1	
3	1	426	1	0	0	1316	1461	123	20	-1	
4	1	426	1	1	0	1316	1461	123	20	-1	
5	1	426	1	1	1	1316	1461	85	20	96.335014	Madison
5	1	426	1	1	2	1410	1461	29	20	96.335014	HS
2	1	427	0	0	0	1729	1461	36	20	-1	
3	1	427	1	0	0	1729	1461	36	20	-1	
4	1	427	1	1	0	1729	1461	36	20	-1	
5	1	427	1	1	1	1729	1461	36	20	96.858566	868
2	1	428	0	0	0	1793	1461	10	22	-1	
3	1	428	1	0	0	1793	1461	10	22	-1	
4	1	428	1	1	0	1793	1461	10	22	-1	
5	1	428	1	1	1	1793	1461	10	22	76.744812	$
2	1	429	0	0	0	1834	1461	134	24	-1	
3	1	429	1	0	0	1834	1461	134	24	-1	
4	1	429	1	1	0	1834	1461	134	24	-1	
5	1	429	1	1	1	1834	1461	134	24	92.991882	4,925,366.00
2	1	430	0	0	0	2076	1461	114	24	-1	
3	1	430	1	0	0	2076	1461	114	24	-1	
4	1	430	1	1	0	2076	1461	114	24	-1	
5	1	430	1	1	1	2076	1461	114	24	96.667763	235,503.00
2	1	431	0	0	0	2265	1461	114	24	-1	
3	1	431	1	0	0	2265	1461	114	24	-1	
4	1	431	1	1	0	2265	1461	114	24	-1	
5	1	431	1	1	1	2265	1461	114	24	96.697334	323,925.00
2	1	432	0	0	0	2458	1461	89	24	-1	
3	1	432	1	0	0	2458	1461	89	24	-1	
4	1	432	1	1	0	2458	1461	89	24	-1	
5	1	432	1	1	1	2458	1461	89	24	79.698982	8,557.00
2	1	433	0	0	0	2574	1461	11	22	-1	
3	1	433	1	0	0	2574	1461	11	22	-1	
4	1	433	1	1	0	2574	1461	11	22	-1	
5	1	433	1	1	1	2574	1461	11	22	70.105911	$
2	1	434	0	0	0	2602	1461	113	24	-1	
3	1	434	1	0	0	2602	1461	113	24	-1	
4	1	434	1	1	0	2602	1461	113	24	-1	
5	1	434	1	1	1	2602	1461	113	24	96.863853	110,274.00
2	1	435	0	0	0	2783	1461	134	24	-1	
3	1	435	1	0	0	2783	1461	134	24	-1	
4	1	435	1	1	0	2783	1461	134	24	-1	
5	1	435	1	1	1	2783	1461	134	24	92.432030	5,603,625.00
2	1	436	0	0	0	2993	1461	112	20	-1	
3	1	436	1	0	0	2993	1461	112	20	-1	
4	1	436	1	1	0	2993	1461	112	20	-1	
5	1	436	1	1	1	2993	1461	112	20	96.463997	174,048.00
2	1	437	0	0	0	300	1499	220	21	-1	
3	1	437	1	0	0	300	1499	220	21	-1	
4	1	437	1	1	0	300	1499	220	21	-1	
5	1	437	1	1	1	300	1499	136	20	92.576294	Briarmeadow
5	1	437	1	1	2	443	1499	77	21	96.939583	Charter
2	1	438	0	0	0	647	1499	38	21	-1	
3	1	438	1	0	0	647	1499	38	21	-1	
4	1	438	1	1	0	647	1499	38	21	-1	
5	1	438	1	1	1	647	1499	38	21	96.694946	344
2	1	439	0	0	0	789	1499	94	21	-1	
3	1	439	1	0	0	789	1499	94	21	-1	
4	1	439	1	1	0	789	1499	94	21	-1	
5	1	439	1	1	1	789	1499	94	21	90.766350	Non-NES
2	1	440	0	0	0	1005	1499	33	20	-1	
3	1	440	1	0	0	1005	1499	33	20	-1	
4	1	440	1	1	0	1005	1499	33	20	-1	
5	1	440	1	1	1	1005	1499	33	20	92.712791	K-8
2	1	441	0	0	0	1171	1499	67	21	-1	
3	1	441	1	0	0	1171	1499	67	21	-1	
4	1	441	1	1	0	1171	1499	67	21	-1	
5	1	441	1	1	1	1171	1499	67	21	95.980011	WEST
2	1	442	0	0	0	1315	1499	181	24	-1	
3	1	442	1	0	0	1315	1499	181	24	-1	
4	1	442	1	1	0	1315	1499	181	24	-1	
5	1	442	1	1	1	1315	1499	89	24	93.261017	Wisdom,
5	1	442	1	1	2	1416	1499	41	20	92.957596	M.L.
5	1	442	1	1	3	1468	1499	28	21	96.237915	HS
2	1	443	0	0	0	1729	1500	37	19	-1	
3	1	443	1	0	0	1729	1500	37	19	-1	
4	1	443	1	1	0	1729	1500	37	19	-1	
5	1	443	1	1	1	1729	1500	37	19	96.830498	587
2	1	444	0	0	0	1793	1499	11	23	-1	
3	1	444	1	0	0	1793	1499	11	23	-1	
4	1	444	1	1	0	1793	1499	11	23	-1	
5	1	444	1	1	1	1793	1499	11	23	74.443939	$
2	1	445	0	0	0	1834	1500	134	23	-1	
3	1	445	1	0	0	1834	1500	134	23	-1	
4	1	445	1	1	0	1834	1500	134	23	-1	
5	1	445	1	1	1	1834	1500	134	23	86.688309	4,147,195.00
2	1	446	0	0	0	2076	1500	115	23	-1	
3	1	446	1	0	0	2076	1500	115	23	-1	
4	1	446	1	1	0	2076	1500	115	23	-1	
5	1	446	1	1	1	2076	1500	115	23	96.657310	223,316.00
2	1	447	0	0	0	2266	1500	113	23	-1	
3	1	447	1	0	0	2266	1500	113	23	-1	
4	1	447	1	1	0	2266	1500	113	23	-1	
5	1	447	1	1	1	2266	1500	113	23	96.428688	138,902.00
2	1	448	0	0	0	2447	1500	100	23	-1	
3	1	448	1	0	0	2447	1500	100	23	-1	
4	1	448	1	1	0	2447	1500	100	23	-1	
5	1	448	1	1	1	2447	1500	100	23	96.761673	12,100.00
2	1	449	0	0	0	2574	1499	11	23	-1	
3	1	449	1	0	0	2574	1499	11	23	-1	
4	1	449	1	1	0	2574	1499	11	23	-1	
5	1	449	1	1	1	2574	1499	11	23	64.276688	$
2	1	450	0	0	0	2615	1500	100	23	-1	
3	1	450	1	0	0	2615	1500	100	23	-1	
4	1	450	1	1	0	2615	1500	100	23	-1	
5	1	450	1	1	1	2615	1500	100	23	96.785378	15,870.00
2	1	451	0	0	0	2783	1500	134	23	-1	
3	1	451	1	0	0	2783	1500	134	23	-1	
4	1	451	1	1	0	2783	1500	134	23	-1	
5	1	451	1	1	1	2783	1500	134	23	83.086739	4,537,383.00
2	1	452	0	0	0	3004	1500	101	20	-1	
3	1	452	1	0	0	3004	1500	101	20	-1	
4	1	452	1	1	0	3004	1500	101	20	-1	
5	1	452	1	1	1	3004	1500	101	20	96.629707	87,218.32
2	1	453	0	0	0	300	1538	113	20	-1	
3	1	453	1	0	0	300	1538	113	20	-1	
4	1	453	1	1	0	300	1538	113	20	-1	
5	1	453	1	1	1	300	1538	76	20	95.734238	Briscoe
5	1	453	1	1	2	385	1538	28	20	96.735558	ES
2	1	454	0	0	0	648	1538	36	20	-1	
3	1	454	1	0	0	648	1538	36	20	-1	
4	1	454	1	1	0	648	1538	36	20	-1	
5	1	454	1	1	1	648	1538	36	20	86.612312	117
2	1	455	0	0	0	789	1537	94	21	-1	
3	1	455	1	0	0	789	1537	94	21	-1	
4	1	455	1	1	0	789	1537	94	21	-1	
5	1	455	1	1	1	789	1537	94	21	90.804131	Non-NES
2	1	456	0	0	0	1005	1538	114	25	-1	
3	1	456	1	0	0	1005	1538	114	25	-1	
4	1	456	1	1	0	1005	1538	114	25	-1	
5	1	456	1	1	1	1005	1538	114	25	96.228600	Elementary
2	1	457	0	0	0	1172	1538	107	20	-1	
3	1	457	1	0	0	1172	1538	107	20	-1	
4	1	457	1	1	0	1172	1538	107	20	-1	
5	1	457	1	1	1	1172	1538	107	20	96.333107	CENTRAL
2	1	458	0	0	0	1314	1538	102	20	-1	
3	1	458	1	0	0	1314	1538	102	20	-1	
4	1	458	1	1	0	1314	1538	102	20	-1	
5	1	458	1	1	1	1314	1538	63	20	95.708954	Austin
5	1	458	1	1	2	1387	1538	29	20	95.708954	HS
2	1	459	0	0	0	1731	1538	35	20	-1	
3	1	459	1	0	0	1731	1538	35	20	-1	
4	1	459	1	1	0	1731	1538	35	20	-1	
5	1	459	1	1	1	1731	1538	35	20	96.943314	196
2	1	460	0	0	0	1793	1538	11	22	-1	
3	1	460	1	0	0	1793	1538	11	22	-1	
4	1	460	1	1	0	1793	1538	11	22	-1	
5	1	460	1	1	1	1793	1538	11	22	35.536331	8
2	1	461	0	0	0	1834	1538	134	24	-1	
3	1	461	1	0	0	1834	1538	134	24	-1	
4	1	461	1	1	0	1834	1538	134	24	-1	
5	1	461	1	1	1	1834	1538	134	24	93.110291	2,087,238.00
2	1	462	0	0	0	2078	1538	113	24	-1	
3	1	462	1	0	0	2078	1538	113	24	-1	
4	1	462	1	1	0	2078	1538	113	24	-1	
5	1	462	1	1	1	2078	1538	113	24	96.387794	124,793.00
2	1	463	0	0	0	2266	1538	113	24	-1	
3	1	463	1	0	0	2266	1538	113	24	-1	
4	1	463	1	1	0	2266	1538	113	24	-1	
5	1	463	1	1	1	2266	1538	113	24	96.345352	118,665.00
2	1	464	0	0	0	2458	1538	89	24	-1	
3	1	464	1	0	0	2458	1538	89	24	-1	
4	1	464	1	1	0	2458	1538	89	24	-1	
5	1	464	1	1	1	2458	1538	89	24	96.760651	5,000.00
2	1	465	0	0	0	2628	1538	87	24	-1	
3	1	465	1	0	0	2628	1538	87	24	-1	
4	1	465	1	1	0	2628	1538	87	24	-1	
5	1	465	1	1	1	2628	1538	87	24	96.949196	1,960.00
2	1	466	0	0	0	2783	1538	134	24	-1	
3	1	466	1	0	0	2783	1538	134	24	-1	
4	1	466	1	1	0	2783	1538	134	24	-1	
5	1	466	1	1	1	2783	1538	134	24	91.912857	2,337,656.00
2	1	467	0	0	0	3004	1538	102	20	-1	
3	1	467	1	0	0	3004	1538	102	20	-1	
4	1	467	1	1	0	3004	1538	102	20	-1	
5	1	467	1	1	1	3004	1538	102	20	96.839813	63,360.97
2	1	468	0	0	0	300	1576	131	21	-1	
3	1	468	1	0	0	300	1576	131	21	-1	
4	1	468	1	1	0	300	1576	131	21	-1	
5	1	468	1	1	1	300	1576	93	21	96.035767	Brookline
5	1	468	1	1	2	403	1576	28	21	96.675232	ES
2	1	469	0	0	0	648	1576	36	21	-1	
3	1	469	1	0	0	648	1576	36	21	-1	
4	1	469	1	1	0	648	1576	36	21	-1	
5	1	469	1	1	1	648	1576	36	21	95.595352	119
2	1	470	0	0	0	789	1576	44	21	-1	
3	1	470	1	0	0	789	1576	44	21	-1	
4	1	470	1	1	0	789	1576	44	21	-1	
5	1	470	1	1	1	789	1576	44	21	96.944641	NES
2	1	471	0	0	0	1172	1576	79	21	-1	
3	1	471	1	0	0	1172	1576	79	21	-1	
4	1	471	1	1	0	1172	1576	79	21	-1	
5	1	471	1	1	1	1172	1576	79	21	95.894371	SOUTH
2	1	472	0	0	0	1729	1577	36	19	-1	
3	1	472	1	0	0	1729	1577	36	19	-1	
4	1	472	1	1	0	1729	1577	36	19	-1	
5	1	472	1	1	1	1729	1577	36	19	96.991493	528
2	1	473	0	0	0	1793	1576	10	23	-1	
3	1	473	1	0	0	1793	1576	10	23	-1	
4	1	473	1	1	0	1793	1576	10	23	-1	
5	1	473	1	1	1	1793	1576	10	23	70.840179	$
2	1	474	0	0	0	1834	1577	134	23	-1	
3	1	474	1	0	0	1834	1577	134	23	-1	
4	1	474	1	1	0	1834	1577	134	23	-1	
5	1	474	1	1	1	1834	1577	134	23	69.865036	4,445,571.00
2	1	475	0	0	0	2076	1577	114	23	-1	
3	1	475	1	0	0	2076	1577	114	23	-1	
4	1	475	1	1	0	2076	1577	114	23	-1	
5	1	475	1	1	1	2076	1577	114	23	96.503754	239,091.00
2	1	476	0	0	0	2266	1577	113	23	-1	
3	1	476	1	0	0	2266	1577	113	23	-1	
4	1	476	1	1	0	2266	1577	113	23	-1	
5	1	476	1	1	1	2266	1577	113	23	96.847893	180,000.00
2	1	477	0	0	0	2458	1577	89	23	-1	
3	1	477	1	0	0	2458	1577	89	23	-1	
4	1	477	1	1	0	2458	1577	89	23	-1	
5	1	477	1	1	1	2458	1577	89	23	96.851395	2,000.00
2	1	478	0	0	0	2683	1588	7	3	-1	
3	1	478	1	0	0	2683	1588	7	3	-1	
4	1	478	1	1	0	2683	1588	7	3	-1	
5	1	478	1	1	1	2683	1588	7	3	87.519112	-
2	1	479	0	0	0	2783	1577	134	23	-1	
3	1	479	1	0	0	2783	1577	134	23	-1	
4	1	479	1	1	0	2783	1577	134	23	-1	
5	1	479	1	1	1	2783	1577	134	23	86.647255	4,866,662.00
2	1	480	0	0	0	2991	1577	114	20	-1	
3	1	480	1	0	0	2991	1577	114	20	-1	
4	1	480	1	1	0	2991	1577	114	20	-1	
5	1	480	1	1	1	2991	1577	114	20	95.766014	217,403.95
2	1	481	0	0	0	1005	1576	114	26	-1	
3	1	481	1	0	0	1005	1576	114	26	-1	
4	1	481	1	1	0	1005	1576	114	26	-1	
5	1	481	1	1	1	1005	1576	114	26	96.738930	Elementary
2	1	482	0	0	0	1316	1576	114	26	-1	
3	1	482	1	0	0	1316	1576	114	26	-1	
4	1	482	1	1	0	1316	1576	114	26	-1	
5	1	482	1	1	1	1316	1576	75	26	96.556572	Sterling
5	1	482	1	1	2	1402	1576	28	21	96.915176	HS
2	1	483	0	0	0	300	1615	131	26	-1	
3	1	483	1	0	0	300	1615	131	26	-1	
4	1	483	1	1	0	300	1615	131	26	-1	
5	1	483	1	1	1	300	1615	92	26	96.955841	Browning
5	1	483	1	1	2	403	1615	28	21	96.703445	ES
2	1	484	0	0	0	648	1615	36	21	-1	
3	1	484	1	0	0	648	1615	36	21	-1	
4	1	484	1	1	0	648	1615	36	21	-1	
5	1	484	1	1	1	648	1615	36	21	96.604485	120
2	1	485	0	0	0	789	1615	44	21	-1	
3	1	485	1	0	0	789	1615	44	21	-1	
4	1	485	1	1	0	789	1615	44	21	-1	
5	1	485	1	1	1	789	1615	44	21	96.954140	NES
2	1	486	0	0	0	1005	1615	114	26	-1	
3	1	486	1	0	0	1005	1615	114	26	-1	
4	1	486	1	1	0	1005	1615	114	26	-1	
5	1	486	1	1	1	1005	1615	114	26	96.562363	Elementary
2	1	487	0	0	0	1172	1615	107	21	-1	
3	1	487	1	0	0	1172	1615	107	21	-1	
4	1	487	1	1	0	1172	1615	107	21	-1	
5	1	487	1	1	1	1172	1615	107	21	96.454254	CENTRAL
2	1	488	0	0	0	1316	1615	115	26	-1	
3	1	488	1	0	0	1316	1615	115	26	-1	
4	1	488	1	1	0	1316	1615	115	26	-1	
5	1	488	1	1	1	1316	1615	77	26	96.813812	Heights
5	1	488	1	1	2	1402	1615	29	21	96.004372	HS
2	1	489	0	0	0	1729	1616	37	19	-1	
3	1	489	1	0	0	1729	1616	37	19	-1	
4	1	489	1	1	0	1729	1616	37	19	-1	
5	1	489	1	1	1	1729	1616	37	19	96.937004	305
2	1	490	0	0	0	1793	1615	11	23	-1	
3	1	490	1	0	0	1793	1615	11	23	-1	
4	1	490	1	1	0	1793	1615	11	23	-1	
5	1	490	1	1	1	1793	1615	11	23	74.753754	$
2	1	491	0	0	0	1834	1616	134	23	-1	
3	1	491	1	0	0	1834	1616	134	23	-1	
4	1	491	1	1	0	1834	1616	134	23	-1	
5	1	491	1	1	1	1834	1616	134	23	91.993668	2,817,422.00
2	1	492	0	0	0	2078	1616	113	23	-1	
3	1	492	1	0	0	2078	1616	113	23	-1	
4	1	492	1	1	0	2078	1616	113	23	-1	
5	1	492	1	1	1	2078	1616	113	23	96.379044	146,713.00
2	1	493	0	0	0	2266	1616	113	23	-1	
3	1	493	1	0	0	2266	1616	113	23	-1	
4	1	493	1	1	0	2266	1616	113	23	-1	
5	1	493	1	1	1	2266	1616	113	23	96.715302	105,300.00
2	1	494	0	0	0	2458	1616	89	23	-1	
3	1	494	1	0	0	2458	1616	89	23	-1	
4	1	494	1	1	0	2458	1616	89	23	-1	
5	1	494	1	1	1	2458	1616	89	23	96.782059	2,000.00
2	1	495	0	0	0	2683	1626	7	3	-1	
3	1	495	1	0	0	2683	1626	7	3	-1	
4	1	495	1	1	0	2683	1626	7	3	-1	
5	1	495	1	1	1	2683	1626	7	3	87.519112	-
2	1	496	0	0	0	2783	1616	134	23	-1	
3	1	496	1	0	0	2783	1616	134	23	-1	
4	1	496	1	1	0	2783	1616	134	23	-1	
5	1	496	1	1	1	2783	1616	134	23	91.485504	3,071,435.00
2	1	497	0	0	0	2993	1616	113	20	-1	
3	1	497	1	0	0	2993	1616	113	20	-1	
4	1	497	1	1	0	2993	1616	113	20	-1	
5	1	497	1	1	1	2993	1616	113	20	95.493973	117,589.70
2	1	498	0	0	0	300	1653	95	21	-1	
3	1	498	1	0	0	300	1653	95	21	-1	
4	1	498	1	1	0	300	1653	95	21	-1	
5	1	498	1	1	1	300	1654	58	20	96.774170	Bruce
5	1	498	1	1	2	368	1653	27	21	96.599693	ES
2	1	499	0	0	0	648	1654	33	20	-1	
3	1	499	1	0	0	648	1654	33	20	-1	
4	1	499	1	1	0	648	1654	33	20	-1	
5	1	499	1	1	1	648	1654	33	20	90.300415	121
2	1	500	0	0	0	789	1654	44	20	-1	
3	1	500	1	0	0	789	1654	44	20	-1	
4	1	500	1	1	0	789	1654	44	20	-1	
5	1	500	1	1	1	789	1654	44	20	96.736404	NES
2	1	501	0	0	0	1172	1654	107	20	-1	
3	1	501	1	0	0	1172	1654	107	20	-1	
4	1	501	1	1	0	1172	1654	107	20	-1	
5	1	501	1	1	1	1172	1654	107	20	96.314423	CENTRAL
2	1	502	0	0	0	1729	1654	37	20	-1	
3	1	502	1	0	0	1729	1654	37	20	-1	
4	1	502	1	1	0	1729	1654	37	20	-1	
5	1	502	1	1	1	1729	1654	37	20	96.852768	254
2	1	503	0	0	0	2683	1665	7	3	-1	
3	1	503	1	0	0	2683	1665	7	3	-1	
4	1	503	1	1	0	2683	1665	7	3	-1	
5	1	503	1	1	1	2683	1665	7	3	87.519112	-
2	1	504	0	0	0	2993	1654	112	20	-1	
3	1	504	1	0	0	2993	1654	112	20	-1	
4	1	504	1	1	0	2993	1654	112	20	-1	
5	1	504	1	1	1	2993	1654	112	20	95.393440	106,759.18
2	1	505	0	0	0	1005	1653	114	26	-1	
3	1	505	1	0	0	1005	1653	114	26	-1	
4	1	505	1	1	0	1005	1653	114	26	-1	
5	1	505	1	1	1	1005	1653	114	26	96.843254	Elementary
2	1	506	0	0	0	1315	1653	134	26	-1	
3	1	506	1	0	0	1315	1653	134	26	-1	
4	1	506	1	1	0	1315	1653	134	26	-1	
5	1	506	1	1	1	1315	1653	96	26	95.830750	Wheatley
5	1	506	1	1	2	1420	1654	29	20	96.225716	HS
2	1	507	0	0	0	1793	1654	10	22	-1	
3	1	507	1	0	0	1793	1654	10	22	-1	
4	1	507	1	1	0	1793	1654	10	22	-1	
5	1	507	1	1	1	1793	1654	10	22	79.014465	$
2	1	508	0	0	0	1834	1654	134	24	-1	
3	1	508	1	0	0	1834	1654	134	24	-1	
4	1	508	1	1	0	1834	1654	134	24	-1	
5	1	508	1	1	1	1834	1654	134	24	92.475182	2,760,831.00
2	1	509	0	0	0	2076	1654	114	24	-1	
3	1	509	1	0	0	2076	1654	114	24	-1	
4	1	509	1	1	0	2076	1654	114	24	-1	
5	1	509	1	1	1	2076	1654	114	24	96.672318	241,450.00
2	1	510	0	0	0	2266	1654	113	24	-1	
3	1	510	1	0	0	2266	1654	113	24	-1	
4	1	510	1	1	0	2266	1654	113	24	-1	
5	1	510	1	1	1	2266	1654	113	24	96.926270	100,400.00
2	1	511	0	0	0	2458	1654	89	24	-1	
3	1	511	1	0	0	2458	1654	89	24	-1	
4	1	511	1	1	0	2458	1654	89	24	-1	
5	1	511	1	1	1	2458	1654	89	24	96.857307	2,000.00
2	1	512	0	0	0	2783	1654	134	24	-1	
3	1	512	1	0	0	2783	1654	134	24	-1	
4	1	512	1	1	0	2783	1654	134	24	-1	
5	1	512	1	1	1	2783	1654	134	24	92.465446	3,104,681.00
2	1	513	0	0	0	300	1692	120	21	-1	
3	1	513	1	0	0	300	1692	120	21	-1	
4	1	513	1	1	0	300	1692	120	21	-1	
5	1	513	1	1	1	300	1692	84	20	96.742958	Burbank
5	1	513	1	1	2	393	1692	27	21	96.599709	ES
2	1	514	0	0	0	648	1692	36	20	-1	
3	1	514	1	0	0	648	1692	36	20	-1	
4	1	514	1	1	0	648	1692	36	20	-1	
5	1	514	1	1	1	648	1692	36	20	96.967621	122
2	1	515	0	0	0	789	1692	94	21	-1	
3	1	515	1	0	0	789	1692	94	21	-1	
4	1	515	1	1	0	789	1692	94	21	-1	
5	1	515	1	1	1	789	1692	94	21	90.719330	Non-NES
2	1	516	0	0	0	1005	1692	114	26	-1	
3	1	516	1	0	0	1005	1692	114	26	-1	
4	1	516	1	1	0	1005	1692	114	26	-1	
5	1	516	1	1	1	1005	1692	114	26	96.709465	Elementary
2	1	517	0	0	0	1173	1692	79	21	-1	
3	1	517	1	0	0	1173	1692	79	21	-1	
4	1	517	1	1	0	1173	1692	79	21	-1	
5	1	517	1	1	1	1173	1692	79	21	96.327698	NORTH
2	1	518	0	0	0	1317	1692	194	21	-1	
3	1	518	1	0	0	1317	1692	194	21	-1	
4	1	518	1	1	0	1317	1692	194	21	-1	
5	1	518	1	1	1	1317	1692	83	20	93.261620	Houston
5	1	518	1	1	2	1409	1692	63	21	92.864998	MSTC
5	1	518	1	1	3	1482	1692	29	21	96.933281	HS
2	1	519	0	0	0	1729	1693	33	19	-1	
3	1	519	1	0	0	1729	1693	33	19	-1	
4	1	519	1	1	0	1729	1693	33	19	-1	
5	1	519	1	1	1	1729	1693	33	19	84.748917	711
2	1	520	0	0	0	1793	1692	11	23	-1	
3	1	520	1	0	0	1793	1692	11	23	-1	
4	1	520	1	1	0	1793	1692	11	23	-1	
5	1	520	1	1	1	1793	1692	11	23	74.663948	$
2	1	521	0	0	0	1834	1693	134	23	-1	
3	1	521	1	0	0	1834	1693	134	23	-1	
4	1	521	1	1	0	1834	1693	134	23	-1	
5	1	521	1	1	1	1834	1693	134	23	93.099983	5,000,176.00
2	1	522	0	0	0	2078	1693	112	23	-1	
3	1	522	1	0	0	2078	1693	112	23	-1	
4	1	522	1	1	0	2078	1693	112	23	-1	
5	1	522	1	1	1	2078	1693	112	23	96.547081	177,759.00
2	1	523	0	0	0	2264	1693	115	23	-1	
3	1	523	1	0	0	2264	1693	115	23	-1	
4	1	523	1	1	0	2264	1693	115	23	-1	
5	1	523	1	1	1	2264	1693	115	23	96.824425	237,061.00
2	1	524	0	0	0	2447	1693	100	23	-1	
3	1	524	1	0	0	2447	1693	100	23	-1	
4	1	524	1	1	0	2447	1693	100	23	-1	
5	1	524	1	1	1	2447	1693	100	23	96.314224	14,000.00
2	1	525	0	0	0	2626	1693	89	23	-1	
3	1	525	1	0	0	2626	1693	89	23	-1	
4	1	525	1	1	0	2626	1693	89	23	-1	
5	1	525	1	1	1	2626	1693	89	23	94.912598	7,110.00
2	1	526	0	0	0	2783	1693	134	23	-1	
3	1	526	1	0	0	2783	1693	134	23	-1	
4	1	526	1	1	0	2783	1693	134	23	-1	
5	1	526	1	1	1	2783	1693	134	23	90.023994	5,436,106.00
2	1	527	0	0	0	2991	1693	115	20	-1	
3	1	527	1	0	0	2991	1693	115	20	-1	
4	1	527	1	1	0	2991	1693	115	20	-1	
5	1	527	1	1	1	2991	1693	115	20	95.661255	279,972.84
2	1	528	0	0	0	300	1730	124	21	-1	
3	1	528	1	0	0	300	1730	124	21	-1	
4	1	528	1	1	0	300	1730	124	21	-1	
5	1	528	1	1	1	300	1731	84	20	96.081612	Burbank
5	1	528	1	1	2	393	1730	31	21	96.447517	MS
2	1	529	0	0	0	647	1731	37	20	-1	
3	1	529	1	0	0	647	1731	37	20	-1	
4	1	529	1	1	0	647	1731	37	20	-1	
5	1	529	1	1	1	647	1731	37	20	96.986900	043
2	1	530	0	0	0	789	1730	94	21	-1	
3	1	530	1	0	0	789	1730	94	21	-1	
4	1	530	1	1	0	789	1730	94	21	-1	
5	1	530	1	1	1	789	1730	94	21	91.039055	Non-NES
2	1	531	0	0	0	1005	1731	141	20	-1	
3	1	531	1	0	0	1005	1731	141	20	-1	
4	1	531	1	1	0	1005	1731	141	20	-1	
5	1	531	1	1	1	1005	1731	64	20	95.026711	Middle
5	1	531	1	1	2	1078	1731	68	20	96.622208	School
2	1	532	0	0	0	1173	1730	79	21	-1	
3	1	532	1	0	0	1173	1730	79	21	-1	
4	1	532	1	1	0	1173	1730	79	21	-1	
5	1	532	1	1	1	1173	1730	79	21	96.665970	NORTH
2	1	533	0	0	0	1316	1730	195	21	-1	
3	1	533	1	0	0	1316	1730	195	21	-1	
4	1	533	1	1	0	1316	1730	195	21	-1	
5	1	533	1	1	1	1316	1731	84	20	93.242104	Houston
5	1	533	1	1	2	1409	1730	63	21	92.622284	MSTC
5	1	533	1	1	3	1482	1731	29	20	96.867989	HS
2	1	534	0	0	0	1711	1731	55	24	-1	
3	1	534	1	0	0	1711	1731	55	24	-1	
4	1	534	1	1	0	1711	1731	55	24	-1	
5	1	534	1	1	1	1711	1731	55	24	96.589180	1,375
2	1	535	0	0	0	1793	1731	11	22	-1	
3	1	535	1	0	0	1793	1731	11	22	-1	
4	1	535	1	1	0	1793	1731	11	22	-1	
5	1	535	1	1	1	1793	1731	11	22	31.754066	8
2	1	536	0	0	0	1834	1731	134	24	-1	
3	1	536	1	0	0	1834	1731	134	24	-1	
4	1	536	1	1	0	1834	1731	134	24	-1	
5	1	536	1	1	1	1834	1731	134	24	92.857407	8,344,767.00
2	1	537	0	0	0	2076	1731	115	24	-1	
3	1	537	1	0	0	2076	1731	115	24	-1	
4	1	537	1	1	0	2076	1731	115	24	-1	
5	1	537	1	1	1	2076	1731	115	24	96.736877	690,683.00
2	1	538	0	0	0	2264	1731	115	24	-1	
3	1	538	1	0	0	2264	1731	115	24	-1	
4	1	538	1	1	0	2264	1731	115	24	-1	
5	1	538	1	1	1	2264	1731	115	24	96.461380	247,246.00
2	1	539	0	0	0	2447	1731	100	24	-1	
3	1	539	1	0	0	2447	1731	100	24	-1	
4	1	539	1	1	0	2447	1731	100	24	-1	
5	1	539	1	1	1	2447	1731	100	24	96.999313	15,000.00
2	1	540	0	0	0	2613	1731	102	24	-1	
3	1	540	1	0	0	2613	1731	102	24	-1	
4	1	540	1	1	0	2613	1731	102	24	-1	
5	1	540	1	1	1	2613	1731	102	24	95.776764	23,750.00
2	1	541	0	0	0	2783	1731	134	24	-1	
3	1	541	1	0	0	2783	1731	134	24	-1	
4	1	541	1	1	0	2783	1731	134	24	-1	
5	1	541	1	1	1	2783	1731	134	24	92.659424	9,321,446.00
2	1	542	0	0	0	2991	1731	114	20	-1	
3	1	542	1	0	0	2991	1731	114	20	-1	
4	1	542	1	1	0	2991	1731	114	20	-1	
5	1	542	1	1	1	2991	1731	114	20	96.140564	508,451.79
2	1	543	0	0	0	300	1769	102	21	-1	
3	1	543	1	0	0	300	1769	102	21	-1	
4	1	543	1	1	0	300	1769	102	21	-1	
5	1	543	1	1	1	300	1769	66	20	96.258247	Burnet
5	1	543	1	1	2	375	1769	27	21	96.193336	ES
2	1	544	0	0	0	648	1769	37	20	-1	
3	1	544	1	0	0	648	1769	37	20	-1	
4	1	544	1	1	0	648	1769	37	20	-1	
5	1	544	1	1	1	648	1769	37	20	96.945343	124
2	1	545	0	0	0	789	1769	94	21	-1	
3	1	545	1	0	0	789	1769	94	21	-1	
4	1	545	1	1	0	789	1769	94	21	-1	
5	1	545	1	1	1	789	1769	94	21	91.741394	Non-NES
2	1	546	0	0	0	1005	1769	114	26	-1	
3	1	546	1	0	0	1005	1769	114	26	-1	
4	1	546	1	1	0	1005	1769	114	26	-1	
5	1	546	1	1	1	1005	1769	114	26	96.782791	Elementary
2	1	547	0	0	0	1172	1769	107	21	-1	
3	1	547	1	0	0	1172	1769	107	21	-1	
4	1	547	1	1	0	1172	1769	107	21	-1	
5	1	547	1	1	1	1172	1769	107	21	96.461823	CENTRAL
2	1	548	0	0	0	1314	1769	101	21	-1	
3	1	548	1	0	0	1314	1769	101	21	-1	
4	1	548	1	1	0	1314	1769	101	21	-1	
5	1	548	1	1	1	1314	1769	63	20	95.999397	Austin
5	1	548	1	1	2	1387	1769	28	21	95.666985	HS
2	1	549	0	0	0	1729	1770	36	19	-1	
3	1	549	1	0	0	1729	1770	36	19	-1	
4	1	549	1	1	0	1729	1770	36	19	-1	
5	1	549	1	1	1	1729	1770	36	19	96.834106	312
2	1	550	0	0	0	1793	1769	10	23	-1	
3	1	550	1	0	0	1793	1769	10	23	-1	
4	1	550	1	1	0	1793	1769	10	23	-1	
5	1	550	1	1	1	1793	1769	10	23	76.294342	$
2	1	551	0	0	0	1834	1770	134	23	-1	
3	1	551	1	0	0	1834	1770	134	23	-1	
4	1	551	1	1	0	1834	1770	134	23	-1	
5	1	551	1	1	1	1834	1770	134	23	88.864601	2,229,812.00
2	1	552	0	0	0	2076	1770	114	23	-1	
3	1	552	1	0	0	2076	1770	114	23	-1	
4	1	552	1	1	0	2076	1770	114	23	-1	
5	1	552	1	1	1	2076	1770	114	23	96.472954	355,996.00
2	1	553	0	0	0	2277	1770	102	24	-1	
3	1	553	1	0	0	2277	1770	102	24	-1	
4	1	553	1	1	0	2277	1770	102	24	-1	
5	1	553	1	1	1	2277	1770	102	24	96.874237	68,457.00
2	1	554	0	0	0	2458	1770	89	24	-1	
3	1	554	1	0	0	2458	1770	89	24	-1	
4	1	554	1	1	0	2458	1770	89	24	-1	
5	1	554	1	1	1	2458	1770	89	24	96.914101	3,000.00
2	1	555	0	0	0	2626	1770	89	24	-1	
3	1	555	1	0	0	2626	1770	89	24	-1	
4	1	555	1	1	0	2626	1770	89	24	-1	
5	1	555	1	1	1	2626	1770	89	24	96.818192	3,120.00
2	1	556	0	0	0	2783	1770	134	24	-1	
3	1	556	1	0	0	2783	1770	134	24	-1	
4	1	556	1	1	0	2783	1770	134	24	-1	
5	1	556	1	1	1	2783	1770	134	24	92.786903	2,660,385.00
2	1	557	0	0	0	2993	1770	113	23	-1	
3	1	557	1	0	0	2993	1770	113	23	-1	
4	1	557	1	1	0	2993	1770	113	23	-1	
5	1	557	1	1	1	2993	1770	113	23	95.626335	111,420.44
2	1	558	0	0	0	2682	1819	7	3	-1	
3	1	558	1	0	0	2682	1819	7	3	-1	
4	1	558	1	1	0	2682	1819	7	3	-1	
5	1	558	1	1	1	2682	1819	7	3	87.519112	-
2	1	559	0	0	0	300	1808	103	21	-1	
3	1	559	1	0	0	300	1808	103	21	-1	
4	1	559	1	1	0	300	1808	103	21	-1	
5	1	559	1	1	1	300	1808	66	20	96.705872	Burrus
5	1	559	1	1	2	375	1808	28	21	96.958145	ES
2	1	560	0	0	0	648	1808	36	21	-1	
3	1	560	1	0	0	648	1808	36	21	-1	
4	1	560	1	1	0	648	1808	36	21	-1	
5	1	560	1	1	1	648	1808	36	21	96.602661	125
2	1	561	0	0	0	789	1808	44	21	-1	
3	1	561	1	0	0	789	1808	44	21	-1	
4	1	561	1	1	0	789	1808	44	21	-1	
5	1	561	1	1	1	789	1808	44	21	96.952538	NES
2	1	562	0	0	0	1005	1808	114	26	-1	
3	1	562	1	0	0	1005	1808	114	26	-1	
4	1	562	1	1	0	1005	1808	114	26	-1	
5	1	562	1	1	1	1005	1808	114	26	96.461395	Elementary
2	1	563	0	0	0	1173	1808	79	21	-1	
3	1	563	1	0	0	1173	1808	79	21	-1	
4	1	563	1	1	0	1173	1808	79	21	-1	
5	1	563	1	1	1	1173	1808	79	21	95.997505	NORTH
2	1	564	0	0	0	1316	1808	239	26	-1	
3	1	564	1	0	0	1316	1808	239	26	-1	
4	1	564	1	1	0	1316	1808	239	26	-1	
5	1	564	1	1	1	1316	1808	73	20	96.949272	Booker
5	1	564	1	1	2	1396	1808	121	26	96.608147	Washington
5	1	564	1	1	3	1527	1808	28	21	96.867073	HS
2	1	565	0	0	0	1731	1809	35	19	-1	
3	1	565	1	0	0	1731	1809	35	19	-1	
4	1	565	1	1	0	1731	1809	35	19	-1	
5	1	565	1	1	1	1731	1809	35	19	96.882729	185
2	1	566	0	0	0	1793	1808	11	23	-1	
3	1	566	1	0	0	1793	1808	11	23	-1	
4	1	566	1	1	0	1793	1808	11	23	-1	
5	1	566	1	1	1	1793	1808	11	23	76.093018	$
2	1	567	0	0	0	1834	1809	134	23	-1	
3	1	567	1	0	0	1834	1809	134	23	-1	
4	1	567	1	1	0	1834	1809	134	23	-1	
5	1	567	1	1	1	1834	1809	134	23	91.647728	2,512,806.00
2	1	568	0	0	0	2078	1809	113	23	-1	
3	1	568	1	0	0	2078	1809	113	23	-1	
4	1	568	1	1	0	2078	1809	113	23	-1	
5	1	568	1	1	1	2078	1809	113	23	96.450630	133,427.00
2	1	569	0	0	0	2278	1809	101	23	-1	
3	1	569	1	0	0	2278	1809	101	23	-1	
4	1	569	1	1	0	2278	1809	101	23	-1	
5	1	569	1	1	1	2278	1809	101	23	95.298241	74,750.00
2	1	570	0	0	0	2458	1809	89	23	-1	
3	1	570	1	0	0	2458	1809	89	23	-1	
4	1	570	1	1	0	2458	1809	89	23	-1	
5	1	570	1	1	1	2458	1809	89	23	96.700760	2,000.00
2	1	571	0	0	0	2783	1809	134	23	-1	
3	1	571	1	0	0	2783	1809	134	23	-1	
4	1	571	1	1	0	2783	1809	134	23	-1	
5	1	571	1	1	1	2783	1809	134	23	91.677780	2,722,983.00
2	1	572	0	0	0	3004	1809	101	20	-1	
3	1	572	1	0	0	3004	1809	101	20	-1	
4	1	572	1	1	0	3004	1809	101	20	-1	
5	1	572	1	1	1	3004	1809	101	20	96.758972	73,826.92
2	1	573	0	0	0	300	1847	87	20	-1	
3	1	573	1	0	0	300	1847	87	20	-1	
4	1	573	1	1	0	300	1847	87	20	-1	
5	1	573	1	1	1	300	1847	50	20	96.923592	Bush
5	1	573	1	1	2	359	1847	28	20	96.851212	ES
2	1	574	0	0	0	647	1847	37	20	-1	
3	1	574	1	0	0	647	1847	37	20	-1	
4	1	574	1	1	0	647	1847	37	20	-1	
5	1	574	1	1	1	647	1847	37	20	95.958214	275
2	1	575	0	0	0	789	1846	94	21	-1	
3	1	575	1	0	0	789	1846	94	21	-1	
4	1	575	1	1	0	789	1846	94	21	-1	
5	1	575	1	1	1	789	1846	94	21	92.012459	Non-NES
2	1	576	0	0	0	1005	1847	114	25	-1	
3	1	576	1	0	0	1005	1847	114	25	-1	
4	1	576	1	1	0	1005	1847	114	25	-1	
5	1	576	1	1	1	1005	1847	114	25	96.531425	Elementary
2	1	577	0	0	0	1171	1847	67	20	-1	
3	1	577	1	0	0	1171	1847	67	20	-1	
4	1	577	1	1	0	1171	1847	67	20	-1	
5	1	577	1	1	1	1171	1847	67	20	96.667732	WEST
2	1	578	0	0	0	1315	1846	134	21	-1	
3	1	578	1	0	0	1315	1846	134	21	-1	
4	1	578	1	1	0	1315	1846	134	21	-1	
5	1	578	1	1	1	1315	1847	96	20	96.869080	Westside
5	1	578	1	1	2	1420	1846	29	21	96.848900	HS
2	1	579	0	0	0	1729	1847	36	20	-1	
3	1	579	1	0	0	1729	1847	36	20	-1	
4	1	579	1	1	0	1729	1847	36	20	-1	
5	1	579	1	1	1	1729	1847	36	20	96.586937	695
2	1	580	0	0	0	1793	1847	10	22	-1	
3	1	580	1	0	0	1793	1847	10	22	-1	
4	1	580	1	1	0	1793	1847	10	22	-1	
5	1	580	1	1	1	1793	1847	10	22	72.095741	$
2	1	581	0	0	0	1834	1847	134	24	-1	
3	1	581	1	0	0	1834	1847	134	24	-1	
4	1	581	1	1	0	1834	1847	134	24	-1	
5	1	581	1	1	1	1834	1847	134	24	91.821114	4,048,268.00
2	1	582	0	0	0	2076	1847	115	24	-1	
3	1	582	1	0	0	2076	1847	115	24	-1	
4	1	582	1	1	0	2076	1847	115	24	-1	
5	1	582	1	1	1	2076	1847	115	24	96.361992	222,675.00
2	1	583	0	0	0	2264	1847	115	24	-1	
3	1	583	1	0	0	2264	1847	115	24	-1	
4	1	583	1	1	0	2264	1847	115	24	-1	
5	1	583	1	1	1	2264	1847	115	24	96.742500	254,145.00
2	1	584	0	0	0	2458	1847	89	24	-1	
3	1	584	1	0	0	2458	1847	89	24	-1	
4	1	584	1	1	0	2458	1847	89	24	-1	
5	1	584	1	1	1	2458	1847	89	24	96.951088	2,000.00
2	1	585	0	0	0	2626	1847	89	24	-1	
3	1	585	1	0	0	2626	1847	89	24	-1	
4	1	585	1	1	0	2626	1847	89	24	-1	
5	1	585	1	1	1	2626	1847	89	24	96.984207	6,950.00
2	1	586	0	0	0	2783	1847	134	24	-1	
3	1	586	1	0	0	2783	1847	134	24	-1	
4	1	586	1	1	0	2783	1847	134	24	-1	
5	1	586	1	1	1	2783	1847	134	24	92.584648	4,534,038.00
2	1	587	0	0	0	3073	1858	7	3	-1	
3	1	587	1	0	0	3073	1858	7	3	-1	
4	1	587	1	1	0	3073	1858	7	3	-1	
5	1	587	1	1	1	3073	1858	7	3	87.519112	-
2	1	588	0	0	0	2682	1897	7	3	-1	
3	1	588	1	0	0	2682	1897	7	3	-1	
4	1	588	1	1	0	2682	1897	7	3	-1	
5	1	588	1	1	1	2682	1897	7	3	87.519112	-
2	1	589	0	0	0	299	1885	91	26	-1	
3	1	589	1	0	0	299	1885	91	26	-1	
4	1	589	1	1	0	299	1885	91	26	-1	
5	1	589	1	1	1	299	1885	54	26	95.924240	Cage
5	1	589	1	1	2	363	1885	27	21	96.733978	ES
2	1	590	0	0	0	647	1885	37	21	-1	
3	1	590	1	0	0	647	1885	37	21	-1	
4	1	590	1	1	0	647	1885	37	21	-1	
5	1	590	1	1	1	647	1885	37	21	96.338104	287
2	1	591	0	0	0	789	1885	44	21	-1	
3	1	591	1	0	0	789	1885	44	21	-1	
4	1	591	1	1	0	789	1885	44	21	-1	
5	1	591	1	1	1	789	1885	44	21	96.945961	NES
2	1	592	0	0	0	1005	1885	114	26	-1	
3	1	592	1	0	0	1005	1885	114	26	-1	
4	1	592	1	1	0	1005	1885	114	26	-1	
5	1	592	1	1	1	1005	1885	114	26	96.399040	Elementary
2	1	593	0	0	0	1172	1885	107	21	-1	
3	1	593	1	0	0	1172	1885	107	21	-1	
4	1	593	1	1	0	1172	1885	107	21	-1	
5	1	593	1	1	1	1172	1885	107	21	96.294785	CENTRAL
2	1	594	0	0	0	1314	1885	101	21	-1	
3	1	594	1	0	0	1314	1885	101	21	-1	
4	1	594	1	1	0	1314	1885	101	21	-1	
5	1	594	1	1	1	1314	1885	63	20	95.302971	Austin
5	1	594	1	1	2	1387	1885	28	21	95.302971	HS
2	1	595	0	0	0	1729	1886	33	19	-1	
3	1	595	1	0	0	1729	1886	33	19	-1	
4	1	595	1	1	0	1729	1886	33	19	-1	
5	1	595	1	1	1	1729	1886	33	19	96.928642	301
2	1	596	0	0	0	1793	1885	10	23	-1	
3	1	596	1	0	0	1793	1885	10	23	-1	
4	1	596	1	1	0	1793	1885	10	23	-1	
5	1	596	1	1	1	1793	1885	10	23	72.669556	$
2	1	597	0	0	0	1834	1886	134	23	-1	
3	1	597	1	0	0	1834	1886	134	23	-1	
4	1	597	1	1	0	1834	1886	134	23	-1	
5	1	597	1	1	1	1834	1886	134	23	91.982239	3,301,342.00
2	1	598	0	0	0	2076	1886	114	23	-1	
3	1	598	1	0	0	2076	1886	114	23	-1	
4	1	598	1	1	0	2076	1886	114	23	-1	
5	1	598	1	1	1	2076	1886	114	23	96.640877	236,906.00
2	1	599	0	0	0	2266	1886	113	23	-1	
3	1	599	1	0	0	2266	1886	113	23	-1	
4	1	599	1	1	0	2266	1886	113	23	-1	
5	1	599	1	1	1	2266	1886	113	23	96.788353	105,300.00
2	1	600	0	0	0	2458	1886	89	23	-1	
3	1	600	1	0	0	2458	1886	89	23	-1	
4	1	600	1	1	0	2458	1886	89	23	-1	
5	1	600	1	1	1	2458	1886	89	23	96.881165	2,000.00
2	1	601	0	0	0	2783	1886	134	23	-1	
3	1	601	1	0	0	2783	1886	134	23	-1	
4	1	601	1	1	0	2783	1886	134	23	-1	
5	1	601	1	1	1	2783	1886	134	23	91.990799	3,645,548.00
2	1	602	0	0	0	2993	1886	113	23	-1	
3	1	602	1	0	0	2993	1886	113	23	-1	
4	1	602	1	1	0	2993	1886	113	23	-1	
5	1	602	1	1	1	2993	1886	113	23	96.063812	108,580.77
2	1	603	0	0	0	299	1924	238	25	-1	
3	1	603	1	0	0	299	1924	238	25	-1	
4	1	603	1	1	0	299	1924	238	25	-1	
5	1	603	1	1	1	299	1924	93	25	96.106163	Carnegie
5	1	603	1	1	2	399	1924	99	25	91.186600	Vanguard
5	1	603	1	1	3	508	1924	29	20	96.695824	HS
2	1	604	0	0	0	647	1924	37	20	-1	
3	1	604	1	0	0	647	1924	37	20	-1	
4	1	604	1	1	0	647	1924	37	20	-1	
5	1	604	1	1	1	647	1924	37	20	96.526123	322
2	1	605	0	0	0	789	1923	94	21	-1	
3	1	605	1	0	0	789	1923	94	21	-1	
4	1	605	1	1	0	789	1923	94	21	-1	
5	1	605	1	1	1	789	1923	94	21	91.573700	Non-NES
2	1	606	0	0	0	1005	1924	121	25	-1	
3	1	606	1	0	0	1005	1924	121	25	-1	
4	1	606	1	1	0	1005	1924	121	25	-1	
5	1	606	1	1	1	1005	1924	44	25	96.977776	High
5	1	606	1	1	2	1058	1924	68	20	96.503868	School
2	1	607	0	0	0	1172	1924	107	20	-1	
3	1	607	1	0	0	1172	1924	107	20	-1	
4	1	607	1	1	0	1172	1924	107	20	-1	
5	1	607	1	1	1	1172	1924	107	20	96.361687	CENTRAL
2	1	608	0	0	0	1316	1924	115	25	-1	
3	1	608	1	0	0	1316	1924	115	25	-1	
4	1	608	1	1	0	1316	1924	115	25	-1	
5	1	608	1	1	1	1316	1924	77	25	96.301254	Heights
5	1	608	1	1	2	1402	1924	29	20	96.300446	HS
2	1	609	0	0	0	1729	1924	36	20	-1	
3	1	609	1	0	0	1729	1924	36	20	-1	
4	1	609	1	1	0	1729	1924	36	20	-1	
5	1	609	1	1	1	1729	1924	36	20	96.964539	856
2	1	610	0	0	0	1793	1924	11	22	-1	
3	1	610	1	0	0	1793	1924	11	22	-1	
4	1	610	1	1	0	1793	1924	11	22	-1	
5	1	610	1	1	1	1793	1924	11	22	25.917389	8
2	1	611	0	0	0	1834	1924	134	24	-1	
3	1	611	1	0	0	1834	1924	134	24	-1	
4	1	611	1	1	0	1834	1924	134	24	-1	
5	1	611	1	1	1	1834	1924	134	24	91.541451	4,891,221.00
2	1	612	0	0	0	2076	1924	115	24	-1	
3	1	612	1	0	0	2076	1924	115	24	-1	
4	1	612	1	1	0	2076	1924	115	24	-1	
5	1	612	1	1	1	2076	1924	115	24	91.571686	346,003.00
2	1	613	0	0	0	2264	1924	115	24	-1	
3	1	613	1	0	0	2264	1924	115	24	-1	
4	1	613	1	1	0	2264	1924	115	24	-1	
5	1	613	1	1	1	2264	1924	115	24	96.888779	292,726.00
2	1	614	0	0	0	2445	1924	102	24	-1	
3	1	614	1	0	0	2445	1924	102	24	-1	
4	1	614	1	1	0	2445	1924	102	24	-1	
5	1	614	1	1	1	2445	1924	102	24	96.724968	32,000.00
2	1	615	0	0	0	2626	1924	89	24	-1	
3	1	615	1	0	0	2626	1924	89	24	-1	
4	1	615	1	1	0	2626	1924	89	24	-1	
5	1	615	1	1	1	2626	1924	89	24	96.968994	8,560.00
2	1	616	0	0	0	2783	1924	134	24	-1	
3	1	616	1	0	0	2783	1924	134	24	-1	
4	1	616	1	1	0	2783	1924	134	24	-1	
5	1	616	1	1	1	2783	1924	134	24	92.926186	5,570,510.00
2	1	617	0	0	0	3073	1935	7	3	-1	
3	1	617	1	0	0	3073	1935	7	3	-1	
4	1	617	1	1	0	3073	1935	7	3	-1	
5	1	617	1	1	1	3073	1935	7	3	87.519112	-
2	1	618	0	0	0	299	1962	109	21	-1	
3	1	618	1	0	0	299	1962	109	21	-1	
4	1	618	1	1	0	299	1962	109	21	-1	
5	1	618	1	1	1	299	1962	71	21	94.511063	Carrillo
5	1	618	1	1	2	380	1963	28	20	95.948563	ES
2	1	619	0	0	0	647	1963	37	20	-1	
3	1	619	1	0	0	647	1963	37	20	-1	
4	1	619	1	1	0	647	1963	37	20	-1	
5	1	619	1	1	1	647	1963	37	20	96.736473	292
2	1	620	0	0	0	789	1962	94	21	-1	
3	1	620	1	0	0	789	1962	94	21	-1	
4	1	620	1	1	0	789	1962	94	21	-1	
5	1	620	1	1	1	789	1962	94	21	92.285202	Non-NES
2	1	621	0	0	0	1005	1962	114	26	-1	
3	1	621	1	0	0	1005	1962	114	26	-1	
4	1	621	1	1	0	1005	1962	114	26	-1	
5	1	621	1	1	1	1005	1962	114	26	96.859566	Elementary
2	1	622	0	0	0	1172	1963	107	20	-1	
3	1	622	1	0	0	1172	1963	107	20	-1	
4	1	622	1	1	0	1172	1963	107	20	-1	
5	1	622	1	1	1	1172	1963	107	20	96.440224	CENTRAL
2	1	623	0	0	0	1314	1963	102	20	-1	
3	1	623	1	0	0	1314	1963	102	20	-1	
4	1	623	1	1	0	1314	1963	102	20	-1	
5	1	623	1	1	1	1314	1963	63	20	96.142998	Austin
5	1	623	1	1	2	1387	1963	29	20	96.142998	HS
2	1	624	0	0	0	1729	1963	37	20	-1	
3	1	624	1	0	0	1729	1963	37	20	-1	
4	1	624	1	1	0	1729	1963	37	20	-1	
5	1	624	1	1	1	1729	1963	37	20	96.791222	353
2	1	625	0	0	0	1793	1963	10	22	-1	
3	1	625	1	0	0	1793	1963	10	22	-1	
4	1	625	1	1	0	1793	1963	10	22	-1	
5	1	625	1	1	1	1793	1963	10	22	80.149551	$
2	1	626	0	0	0	1834	1963	134	24	-1	
3	1	626	1	0	0	1834	1963	134	24	-1	
4	1	626	1	1	0	1834	1963	134	24	-1	
5	1	626	1	1	1	1834	1963	134	24	91.920471	2,828,658.00
2	1	627	0	0	0	2078	1963	112	24	-1	
3	1	627	1	0	0	2078	1963	112	24	-1	
4	1	627	1	1	0	2078	1963	112	24	-1	
5	1	627	1	1	1	2078	1963	112	24	96.451096	161,609.00
2	1	628	0	0	0	2264	1963	115	24	-1	
3	1	628	1	0	0	2264	1963	115	24	-1	
4	1	628	1	1	0	2264	1963	115	24	-1	
5	1	628	1	1	1	2264	1963	115	24	96.838020	213,502.00
2	1	629	0	0	0	2515	1974	7	3	-1	
3	1	629	1	0	0	2515	1974	7	3	-1	
4	1	629	1	1	0	2515	1974	7	3	-1	
5	1	629	1	1	1	2515	1974	7	3	87.519112	-
2	1	630	0	0	0	2626	1963	89	24	-1	
3	1	630	1	0	0	2626	1963	89	24	-1	
4	1	630	1	1	0	2626	1963	89	24	-1	
5	1	630	1	1	1	2626	1963	89	24	96.443436	3,530.00
2	1	631	0	0	0	2783	1963	134	24	-1	
3	1	631	1	0	0	2783	1963	134	24	-1	
4	1	631	1	1	0	2783	1963	134	24	-1	
5	1	631	1	1	1	2783	1963	134	24	92.778336	3,207,299.00
2	1	632	0	0	0	2993	1963	112	23	-1	
3	1	632	1	0	0	2993	1963	112	23	-1	
4	1	632	1	1	0	2993	1963	112	23	-1	
5	1	632	1	1	1	2993	1963	112	23	95.509750	107,912.72
2	1	633	0	0	0	647	2001	37	21	-1	
3	1	633	1	0	0	647	2001	37	21	-1	
4	1	633	1	1	0	647	2001	37	21	-1	
5	1	633	1	1	1	647	2001	37	21	96.840927	323
2	1	634	0	0	0	789	2001	94	21	-1	
3	1	634	1	0	0	789	2001	94	21	-1	
4	1	634	1	1	0	789	2001	94	21	-1	
5	1	634	1	1	1	789	2001	94	21	90.674644	Non-NES
2	1	635	0	0	0	1172	2001	107	21	-1	
3	1	635	1	0	0	1172	2001	107	21	-1	
4	1	635	1	1	0	1172	2001	107	21	-1	
5	1	635	1	1	1	1172	2001	107	21	96.507698	CENTRAL
2	1	636	0	0	0	1316	2001	102	21	-1	
3	1	636	1	0	0	1316	2001	102	21	-1	
4	1	636	1	1	0	1316	2001	102	21	-1	
5	1	636	1	1	1	1316	2001	65	20	95.738808	Lamar
5	1	636	1	1	2	1390	2001	28	21	95.814903	HS
2	1	637	0	0	0	1729	2002	36	19	-1	
3	1	637	1	0	0	1729	2002	36	19	-1	
4	1	637	1	1	0	1729	2002	36	19	-1	
5	1	637	1	1	1	1729	2002	36	19	96.497726	483
2	1	638	0	0	0	1793	2001	11	23	-1	
3	1	638	1	0	0	1793	2001	11	23	-1	
4	1	638	1	1	0	1793	2001	11	23	-1	
5	1	638	1	1	1	1793	2001	11	23	78.722824	$
2	1	639	0	0	0	1834	2002	134	23	-1	
3	1	639	1	0	0	1834	2002	134	23	-1	
4	1	639	1	1	0	1834	2002	134	23	-1	
5	1	639	1	1	1	1834	2002	134	23	92.347824	2,807,443.00
2	1	640	0	0	0	2078	2002	113	23	-1	
3	1	640	1	0	0	2078	2002	113	23	-1	
4	1	640	1	1	0	2078	2002	113	23	-1	
5	1	640	1	1	1	2078	2002	113	23	96.858444	104,166.00
2	1	641	0	0	0	2266	2002	113	23	-1	
3	1	641	1	0	0	2266	2002	113	23	-1	
4	1	641	1	1	0	2266	2002	113	23	-1	
5	1	641	1	1	1	2266	2002	113	23	93.367668	155,153.00
2	1	642	0	0	0	2406	2001	11	23	-1	
3	1	642	1	0	0	2406	2001	11	23	-1	
4	1	642	1	1	0	2406	2001	11	23	-1	
5	1	642	1	1	1	2406	2001	11	23	71.103470	$
2	1	643	0	0	0	2447	2002	100	23	-1	
3	1	643	1	0	0	2447	2002	100	23	-1	
4	1	643	1	1	0	2447	2002	100	23	-1	
5	1	643	1	1	1	2447	2002	100	23	96.752563	13,000.00
2	1	644	0	0	0	2682	2012	7	3	-1	
3	1	644	1	0	0	2682	2012	7	3	-1	
4	1	644	1	1	0	2682	2012	7	3	-1	
5	1	644	1	1	1	2682	2012	7	3	87.519112	-
2	1	645	0	0	0	2783	2002	134	23	-1	
3	1	645	1	0	0	2783	2002	134	23	-1	
4	1	645	1	1	0	2783	2002	134	23	-1	
5	1	645	1	1	1	2783	2002	134	23	92.283836	3,079,762.00
2	1	646	0	0	0	2993	2002	112	20	-1	
3	1	646	1	0	0	2993	2002	112	20	-1	
4	1	646	1	1	0	2993	2002	112	20	-1	
5	1	646	1	1	1	2993	2002	112	20	96.609001	148,053.56
2	1	647	0	0	0	299	2001	179	26	-1	
3	1	647	1	0	0	299	2001	179	26	-1	
4	1	647	1	1	0	299	2001	179	26	-1	
5	1	647	1	1	1	299	2001	101	26	96.251541	Challenge
5	1	647	1	1	2	411	2001	29	21	96.103195	EC
5	1	647	1	1	3	450	2001	28	21	96.103195	HS
2	1	648	0	0	0	1005	2001	121	26	-1	
3	1	648	1	0	0	1005	2001	121	26	-1	
4	1	648	1	1	0	1005	2001	121	26	-1	
5	1	648	1	1	1	1005	2001	44	26	96.971817	High
5	1	648	1	1	2	1058	2001	68	21	96.321823	School
2	1	649	0	0	0	299	2039	116	21	-1	
3	1	649	1	0	0	299	2039	116	21	-1	
4	1	649	1	1	0	299	2039	116	21	-1	
5	1	649	1	1	1	299	2040	77	20	96.106567	Chavez
5	1	649	1	1	2	386	2039	29	21	96.721069	HS
2	1	650	0	0	0	647	2040	37	20	-1	
3	1	650	1	0	0	647	2040	37	20	-1	
4	1	650	1	1	0	647	2040	37	20	-1	
5	1	650	1	1	1	647	2040	37	20	96.975410	027
2	1	651	0	0	0	789	2039	94	21	-1	
3	1	651	1	0	0	789	2039	94	21	-1	
4	1	651	1	1	0	789	2039	94	21	-1	
5	1	651	1	1	1	789	2039	94	21	91.207527	Non-NES
2	1	652	0	0	0	1005	2040	121	25	-1	
3	1	652	1	0	0	1005	2040	121	25	-1	
4	1	652	1	1	0	1005	2040	121	25	-1	
5	1	652	1	1	1	1005	2040	44	25	96.960709	High
5	1	652	1	1	2	1058	2040	68	20	96.174545	School
2	1	653	0	0	0	1172	2039	79	21	-1	
3	1	653	1	0	0	1172	2039	79	21	-1	
4	1	653	1	1	0	1172	2039	79	21	-1	
5	1	653	1	1	1	1172	2039	79	21	95.926186	SOUTH
2	1	654	0	0	0	1315	2039	116	21	-1	
3	1	654	1	0	0	1315	2039	116	21	-1	
4	1	654	1	1	0	1315	2039	116	21	-1	
5	1	654	1	1	1	1315	2040	77	20	96.318130	Chavez
5	1	654	1	1	2	1402	2039	29	21	96.786163	HS
2	1	655	0	0	0	1711	2040	54	24	-1	
3	1	655	1	0	0	1711	2040	54	24	-1	
4	1	655	1	1	0	1711	2040	54	24	-1	
5	1	655	1	1	1	1711	2040	54	24	96.765305	1,592
2	1	656	0	0	0	1793	2040	175	24	-1	
3	1	656	1	0	0	1793	2040	175	24	-1	
4	1	656	1	1	0	1793	2040	175	24	-1	
5	1	656	1	1	1	1793	2040	11	22	38.976368	§
5	1	656	1	1	2	1823	2040	145	24	84.553596	10,250,929.00
2	1	657	0	0	0	2058	2040	133	24	-1	
3	1	657	1	0	0	2058	2040	133	24	-1	
4	1	657	1	1	0	2058	2040	133	24	-1	
5	1	657	1	1	1	2058	2040	133	24	93.012764	1,049,078.00
2	1	658	0	0	0	2265	2040	114	24	-1	
3	1	658	1	0	0	2265	2040	114	24	-1	
4	1	658	1	1	0	2265	2040	114	24	-1	
5	1	658	1	1	1	2265	2040	114	24	96.816872	376,469.00
2	1	659	0	0	0	2406	2040	11	22	-1	
3	1	659	1	0	0	2406	2040	11	22	-1	
4	1	659	1	1	0	2406	2040	11	22	-1	
5	1	659	1	1	1	2406	2040	11	22	34.246628	8
2	1	660	0	0	0	2432	2040	115	24	-1	
3	1	660	1	0	0	2432	2040	115	24	-1	
4	1	660	1	1	0	2432	2040	115	24	-1	
5	1	660	1	1	1	2432	2040	115	24	96.272766	274,800.00
2	1	661	0	0	0	2682	2051	7	3	-1	
3	1	661	1	0	0	2682	2051	7	3	-1	
4	1	661	1	1	0	2682	2051	7	3	-1	
5	1	661	1	1	1	2682	2051	7	3	87.519112	-
2	1	662	0	0	0	2742	2040	175	24	-1	
3	1	662	1	0	0	2742	2040	175	24	-1	
4	1	662	1	1	0	2742	2040	175	24	-1	
5	1	662	1	1	1	2742	2040	11	22	66.869400	$
5	1	662	1	1	2	2772	2040	145	24	80.849777	11,951,276.00
2	1	663	0	0	0	2991	2040	114	23	-1	
3	1	663	1	0	0	2991	2040	114	23	-1	
4	1	663	1	1	0	2991	2040	114	23	-1	
5	1	663	1	1	1	2991	2040	114	23	96.633186	657,395.13
2	1	664	0	0	0	299	2078	104	21	-1	
3	1	664	1	0	0	299	2078	104	21	-1	
4	1	664	1	1	0	299	2078	104	21	-1	
5	1	664	1	1	1	299	2078	64	21	71.751984	Clifton
5	1	664	1	1	2	372	2078	31	21	96.742180	MS
2	1	665	0	0	0	647	2078	37	21	-1	
3	1	665	1	0	0	647	2078	37	21	-1	
4	1	665	1	1	0	647	2078	37	21	-1	
5	1	665	1	1	1	647	2078	37	21	95.556374	048
2	1	666	0	0	0	789	2078	44	21	-1	
3	1	666	1	0	0	789	2078	44	21	-1	
4	1	666	1	1	0	789	2078	44	21	-1	
5	1	666	1	1	1	789	2078	44	21	96.909912	NES
2	1	667	0	0	0	1005	2078	141	21	-1	
3	1	667	1	0	0	1005	2078	141	21	-1	
4	1	667	1	1	0	1005	2078	141	21	-1	
5	1	667	1	1	1	1005	2078	64	21	96.453239	Middle
5	1	667	1	1	2	1078	2078	68	21	96.765289	School
2	1	668	0	0	0	1173	2078	79	21	-1	
3	1	668	1	0	0	1173	2078	79	21	-1	
4	1	668	1	1	0	1173	2078	79	21	-1	
5	1	668	1	1	1	1173	2078	79	21	95.795410	NORTH
2	1	669	0	0	0	1729	2079	37	19	-1	
3	1	669	1	0	0	1729	2079	37	19	-1	
4	1	669	1	1	0	1729	2079	37	19	-1	
5	1	669	1	1	1	1729	2079	37	19	96.721817	333
2	1	670	0	0	0	2682	2090	7	3	-1	
3	1	670	1	0	0	2682	2090	7	3	-1	
4	1	670	1	1	0	2682	2090	7	3	-1	
5	1	670	1	1	1	2682	2090	7	3	87.519112	-
2	1	671	0	0	0	1315	2078	170	26	-1	
3	1	671	1	0	0	1315	2078	170	26	-1	
4	1	671	1	1	0	1315	2078	170	26	-1	
5	1	671	1	1	1	1315	2078	132	26	96.626381	Scarborough
5	1	671	1	1	2	1456	2078	29	21	96.811317	HS
2	1	672	0	0	0	1793	2078	10	23	-1	
3	1	672	1	0	0	1793	2078	10	23	-1	
4	1	672	1	1	0	1793	2078	10	23	-1	
5	1	672	1	1	1	1793	2078	10	23	72.411308	$
2	1	673	0	0	0	1834	2079	134	23	-1	
3	1	673	1	0	0	1834	2079	134	23	-1	
4	1	673	1	1	0	1834	2079	134	23	-1	
5	1	673	1	1	1	1834	2079	134	23	92.294731	3,970,397.00
2	1	674	0	0	0	2076	2079	114	23	-1	
3	1	674	1	0	0	2076	2079	114	23	-1	
4	1	674	1	1	0	2076	2079	114	23	-1	
5	1	674	1	1	1	2076	2079	114	23	96.574692	347,500.00
2	1	675	0	0	0	2266	2079	113	23	-1	
3	1	675	1	0	0	2266	2079	113	23	-1	
4	1	675	1	1	0	2266	2079	113	23	-1	
5	1	675	1	1	1	2266	2079	113	23	96.790497	120,680.00
2	1	676	0	0	0	2406	2078	11	23	-1	
3	1	676	1	0	0	2406	2078	11	23	-1	
4	1	676	1	1	0	2406	2078	11	23	-1	
5	1	676	1	1	1	2406	2078	11	23	60.273445	$
2	1	677	0	0	0	2458	2079	89	23	-1	
3	1	677	1	0	0	2458	2079	89	23	-1	
4	1	677	1	1	0	2458	2079	89	23	-1	
5	1	677	1	1	1	2458	2079	89	23	96.714218	4,000.00
2	1	678	0	0	0	2783	2079	134	23	-1	
3	1	678	1	0	0	2783	2079	134	23	-1	
4	1	678	1	1	0	2783	2079	134	23	-1	
5	1	678	1	1	1	2783	2079	53	23	75.781784	4,442
5	1	678	1	1	2	2847	2079	70	23	75.781784	577.00
2	1	679	0	0	0	2993	2079	113	23	-1	
3	1	679	1	0	0	2993	2079	113	23	-1	
4	1	679	1	1	0	2993	2079	113	23	-1	
5	1	679	1	1	1	2993	2079	113	23	95.874512	139,434.47
2	1	680	0	0	0	299	2117	117	21	-1	
3	1	680	1	0	0	299	2117	117	21	-1	
4	1	680	1	1	0	299	2117	117	21	-1	
5	1	680	1	1	1	299	2117	80	21	91.157951	Codwell
5	1	680	1	1	2	389	2117	27	21	96.959946	ES
2	1	681	0	0	0	648	2117	36	21	-1	
3	1	681	1	0	0	648	2117	36	21	-1	
4	1	681	1	1	0	648	2117	36	21	-1	
5	1	681	1	1	1	648	2117	36	21	96.746094	123
2	1	682	0	0	0	789	2117	44	21	-1	
3	1	682	1	0	0	789	2117	44	21	-1	
4	1	682	1	1	0	789	2117	44	21	-1	
5	1	682	1	1	1	789	2117	44	21	96.947136	NES
2	1	683	0	0	0	1005	2117	114	26	-1	
3	1	683	1	0	0	1005	2117	114	26	-1	
4	1	683	1	1	0	1005	2117	114	26	-1	
5	1	683	1	1	1	1005	2117	114	26	96.358940	Elementary
2	1	684	0	0	0	1172	2117	79	21	-1	
3	1	684	1	0	0	1172	2117	79	21	-1	
4	1	684	1	1	0	1172	2117	79	21	-1	
5	1	684	1	1	1	1172	2117	79	21	96.285683	SOUTH
2	1	685	0	0	0	1316	2117	114	26	-1	
3	1	685	1	0	0	1316	2117	114	26	-1	
4	1	685	1	1	0	1316	2117	114	26	-1	
5	1	685	1	1	1	1316	2117	75	26	96.740501	Sterling
5	1	685	1	1	2	1402	2117	28	21	96.905769	HS
2	1	686	0	0	0	1729	2118	36	19	-1	
3	1	686	1	0	0	1729	2118	36	19	-1	
4	1	686	1	1	0	1729	2118	36	19	-1	
5	1	686	1	1	1	1729	2118	36	19	96.710716	366
2	1	687	0	0	0	1793	2117	11	23	-1	
3	1	687	1	0	0	1793	2117	11	23	-1	
4	1	687	1	1	0	1793	2117	11	23	-1	
5	1	687	1	1	1	1793	2117	11	23	75.682335	$
2	1	688	0	0	0	1834	2118	134	23	-1	
3	1	688	1	0	0	1834	2118	134	23	-1	
4	1	688	1	1	0	1834	2118	134	23	-1	
5	1	688	1	1	1	1834	2118	134	23	92.336533	3,138,504.00
2	1	689	0	0	0	2078	2118	113	23	-1	
3	1	689	1	0	0	2078	2118	113	23	-1	
4	1	689	1	1	0	2078	2118	113	23	-1	
5	1	689	1	1	1	2078	2118	113	23	96.578522	139,816.00
2	1	690	0	0	0	2266	2118	113	23	-1	
3	1	690	1	0	0	2266	2118	113	23	-1	
4	1	690	1	1	0	2266	2118	113	23	-1	
5	1	690	1	1	1	2266	2118	113	23	96.898109	142,300.00
2	1	691	0	0	0	2406	2117	11	23	-1	
3	1	691	1	0	0	2406	2117	11	23	-1	
4	1	691	1	1	0	2406	2117	11	23	-1	
5	1	691	1	1	1	2406	2117	11	23	70.995728	$
2	1	692	0	0	0	2458	2118	89	23	-1	
3	1	692	1	0	0	2458	2118	89	23	-1	
4	1	692	1	1	0	2458	2118	89	23	-1	
5	1	692	1	1	1	2458	2118	89	23	96.835396	2,000.00
2	1	693	0	0	0	2682	2128	7	3	-1	
3	1	693	1	0	0	2682	2128	7	3	-1	
4	1	693	1	1	0	2682	2128	7	3	-1	
5	1	693	1	1	1	2682	2128	7	3	87.519112	-
2	1	694	0	0	0	2783	2118	134	23	-1	
3	1	694	1	0	0	2783	2118	134	23	-1	
4	1	694	1	1	0	2783	2118	134	23	-1	
5	1	694	1	1	1	2783	2118	134	23	92.338715	3,422,620.00
2	1	695	0	0	0	2993	2118	112	23	-1	
3	1	695	1	0	0	2993	2118	112	23	-1	
4	1	695	1	1	0	2993	2118	112	23	-1	
5	1	695	1	1	1	2993	2118	112	23	96.360672	125,713.83
2	1	696	0	0	0	3073	2167	7	3	-1	
3	1	696	1	0	0	3073	2167	7	3	-1	
4	1	696	1	1	0	3073	2167	7	3	-1	
5	1	696	1	1	1	3073	2167	7	3	87.519112	-
2	1	697	0	0	0	299	2155	212	26	-1	
3	1	697	1	0	0	299	2155	212	26	-1	
4	1	697	1	1	0	299	2155	212	26	-1	
5	1	697	1	1	1	299	2156	116	25	95.510132	Community
5	1	697	1	1	2	423	2155	88	21	96.416931	Services
2	1	698	0	0	0	647	2156	37	20	-1	
3	1	698	1	0	0	647	2156	37	20	-1	
4	1	698	1	1	0	647	2156	37	20	-1	
5	1	698	1	1	1	647	2156	37	20	96.903107	013
2	1	699	0	0	0	788	2155	183	26	-1	
3	1	699	1	0	0	788	2155	183	26	-1	
4	1	699	1	1	0	788	2155	183	26	-1	
5	1	699	1	1	1	788	2155	74	26	96.747475	Special
5	1	699	1	1	2	871	2156	100	20	95.742294	Education
2	1	700	0	0	0	1005	2156	46	20	-1	
3	1	700	1	0	0	1005	2156	46	20	-1	
4	1	700	1	1	0	1005	2156	46	20	-1	
5	1	700	1	1	1	1005	2156	46	20	96.884392	K-12
2	1	701	0	0	0	1172	2155	107	21	-1	
3	1	701	1	0	0	1172	2155	107	21	-1	
4	1	701	1	1	0	1172	2155	107	21	-1	
5	1	701	1	1	1	1172	2155	107	21	96.557938	CENTRAL
2	1	702	0	0	0	1314	2156	102	20	-1	
3	1	702	1	0	0	1314	2156	102	20	-1	
4	1	702	1	1	0	1314	2156	102	20	-1	
5	1	702	1	1	1	1314	2156	63	20	96.270462	Austin
5	1	702	1	1	2	1387	2156	29	20	96.270462	HS
2	1	703	0	0	0	1742	2156	24	20	-1	
3	1	703	1	0	0	1742	2156	24	20	-1	
4	1	703	1	1	0	1742	2156	24	20	-1	
5	1	703	1	1	1	1742	2156	24	20	96.977486	79
2	1	704	0	0	0	1793	2156	10	22	-1	
3	1	704	1	0	0	1793	2156	10	22	-1	
4	1	704	1	1	0	1793	2156	10	22	-1	
5	1	704	1	1	1	1793	2156	10	22	79.217194	$
2	1	705	0	0	0	1834	2156	134	24	-1	
3	1	705	1	0	0	1834	2156	134	24	-1	
4	1	705	1	1	0	1834	2156	134	24	-1	
5	1	705	1	1	1	1834	2156	134	24	88.891357	4,658,411.00
2	1	706	0	0	0	2076	2156	114	24	-1	
3	1	706	1	0	0	2076	2156	114	24	-1	
4	1	706	1	1	0	2076	2156	114	24	-1	
5	1	706	1	1	1	2076	2156	114	24	96.764893	657,670.00
2	1	707	0	0	0	2278	2156	101	24	-1	
3	1	707	1	0	0	2278	2156	101	24	-1	
4	1	707	1	1	0	2278	2156	101	24	-1	
5	1	707	1	1	1	2278	2156	101	24	96.869553	56,519.00
2	1	708	0	0	0	2406	2156	11	22	-1	
3	1	708	1	0	0	2406	2156	11	22	-1	
4	1	708	1	1	0	2406	2156	11	22	-1	
5	1	708	1	1	1	2406	2156	11	22	71.818985	$
2	1	709	0	0	0	2445	2156	102	24	-1	
3	1	709	1	0	0	2445	2156	102	24	-1	
4	1	709	1	1	0	2445	2156	102	24	-1	
5	1	709	1	1	1	2445	2156	102	24	96.919617	46,246.00
2	1	710	0	0	0	2574	2156	11	22	-1	
3	1	710	1	0	0	2574	2156	11	22	-1	
4	1	710	1	1	0	2574	2156	11	22	-1	
5	1	710	1	1	1	2574	2156	11	22	73.773392	$
2	1	711	0	0	0	2613	2156	102	24	-1	
3	1	711	1	0	0	2613	2156	102	24	-1	
4	1	711	1	1	0	2613	2156	102	24	-1	
5	1	711	1	1	1	2613	2156	102	24	96.851608	36,579.00
2	1	712	0	0	0	2783	2156	134	24	-1	
3	1	712	1	0	0	2783	2156	134	24	-1	
4	1	712	1	1	0	2783	2156	134	24	-1	
5	1	712	1	1	1	2783	2156	134	24	92.636887	5,455,425.00
2	1	713	0	0	0	299	2194	102	21	-1	
3	1	713	1	0	0	299	2194	102	21	-1	
4	1	713	1	1	0	299	2194	102	21	-1	
5	1	713	1	1	1	299	2194	65	21	95.328484	Condit
5	1	713	1	1	2	374	2194	27	21	96.626892	ES
2	1	714	0	0	0	648	2194	36	21	-1	
3	1	714	1	0	0	648	2194	36	21	-1	
4	1	714	1	1	0	648	2194	36	21	-1	
5	1	714	1	1	1	648	2194	36	21	96.453331	130
2	1	715	0	0	0	789	2194	94	21	-1	
3	1	715	1	0	0	789	2194	94	21	-1	
4	1	715	1	1	0	789	2194	94	21	-1	
5	1	715	1	1	1	789	2194	94	21	91.631752	Non-NES
2	1	716	0	0	0	1004	2194	115	26	-1	
3	1	716	1	0	0	1004	2194	115	26	-1	
4	1	716	1	1	0	1004	2194	115	26	-1	
5	1	716	1	1	1	1004	2194	115	26	96.804573	Elementary
2	1	717	0	0	0	1171	2194	67	21	-1	
3	1	717	1	0	0	1171	2194	67	21	-1	
4	1	717	1	1	0	1171	2194	67	21	-1	
5	1	717	1	1	1	1171	2194	67	21	95.951965	WEST
2	1	718	0	0	0	1316	2194	112	21	-1	
3	1	718	1	0	0	1316	2194	112	21	-1	
4	1	718	1	1	0	1316	2194	112	21	-1	
5	1	718	1	1	1	1316	2194	74	21	95.785683	Bellaire
5	1	718	1	1	2	1400	2194	28	21	95.785683	HS
2	1	719	0	0	0	1729	2195	37	19	-1	
3	1	719	1	0	0	1729	2195	37	19	-1	
4	1	719	1	1	0	1729	2195	37	19	-1	
5	1	719	1	1	1	1729	2195	37	19	95.659302	714
2	1	720	0	0	0	1793	2194	11	23	-1	
3	1	720	1	0	0	1793	2194	11	23	-1	
4	1	720	1	1	0	1793	2194	11	23	-1	
5	1	720	1	1	1	1793	2194	11	23	74.049515	$
2	1	721	0	0	0	1834	2195	134	23	-1	
3	1	721	1	0	0	1834	2195	134	23	-1	
4	1	721	1	1	0	1834	2195	134	23	-1	
5	1	721	1	1	1	1834	2195	134	23	91.406876	4,959,015.00
2	1	722	0	0	0	2078	2195	112	20	-1	
3	1	722	1	0	0	2078	2195	112	20	-1	
4	1	722	1	1	0	2078	2195	112	20	-1	
5	1	722	1	1	1	2078	2195	112	20	96.328323	126,361.00
2	1	723	0	0	0	2279	2195	100	23	-1	
3	1	723	1	0	0	2279	2195	100	23	-1	
4	1	723	1	1	0	2279	2195	100	23	-1	
5	1	723	1	1	1	2279	2195	100	23	96.129662	12,904.00
2	1	724	0	0	0	2406	2194	11	23	-1	
3	1	724	1	0	0	2406	2194	11	23	-1	
4	1	724	1	1	0	2406	2194	11	23	-1	
5	1	724	1	1	1	2406	2194	11	23	63.212994	$
2	1	725	0	0	0	2514	2206	7	3	-1	
3	1	725	1	0	0	2514	2206	7	3	-1	
4	1	725	1	1	0	2514	2206	7	3	-1	
5	1	725	1	1	1	2514	2206	7	3	87.519112	-
2	1	726	0	0	0	2682	2206	7	3	-1	
3	1	726	1	0	0	2682	2206	7	3	-1	
4	1	726	1	1	0	2682	2206	7	3	-1	
5	1	726	1	1	1	2682	2206	7	3	87.519112	-
2	1	727	0	0	0	2783	2195	134	23	-1	
3	1	727	1	0	0	2783	2195	134	23	-1	
4	1	727	1	1	0	2783	2195	134	23	-1	
5	1	727	1	1	1	2783	2195	134	23	92.145180	5,098,280.00
2	1	728	0	0	0	3004	2195	101	23	-1	
3	1	728	1	0	0	3004	2195	101	23	-1	
4	1	728	1	1	0	3004	2195	101	23	-1	
5	1	728	1	1	1	3004	2195	101	23	96.541061	89,645.68
2	1	729	0	0	0	2682	2244	7	3	-1	
3	1	729	1	0	0	2682	2244	7	3	-1	
4	1	729	1	1	0	2682	2244	7	3	-1	
5	1	729	1	1	1	2682	2244	7	3	87.519112	-
2	1	730	0	0	0	299	2233	90	20	-1	
3	1	730	1	0	0	299	2233	90	20	-1	
4	1	730	1	1	0	299	2233	90	20	-1	
5	1	730	1	1	1	299	2233	53	20	96.672600	Cook
5	1	730	1	1	2	362	2233	27	20	96.878273	ES
2	1	731	0	0	0	647	2233	37	20	-1	
3	1	731	1	0	0	647	2233	37	20	-1	
4	1	731	1	1	0	647	2233	37	20	-1	
5	1	731	1	1	1	647	2233	37	20	96.798683	358
2	1	732	0	0	0	789	2233	44	20	-1	
3	1	732	1	0	0	789	2233	44	20	-1	
4	1	732	1	1	0	789	2233	44	20	-1	
5	1	732	1	1	1	789	2233	44	20	96.894287	NES
2	1	733	0	0	0	1005	2233	114	25	-1	
3	1	733	1	0	0	1005	2233	114	25	-1	
4	1	733	1	1	0	1005	2233	114	25	-1	
5	1	733	1	1	1	1005	2233	114	25	96.144058	Elementary
2	1	734	0	0	0	1172	2232	80	21	-1	
3	1	734	1	0	0	1172	2232	80	21	-1	
4	1	734	1	1	0	1172	2232	80	21	-1	
5	1	734	1	1	1	1172	2232	80	21	96.614296	NORTH
2	1	735	0	0	0	1317	2232	142	21	-1	
3	1	735	1	0	0	1317	2232	142	21	-1	
4	1	735	1	1	0	1317	2232	142	21	-1	
5	1	735	1	1	1	1317	2233	103	20	91.403946	Kashmere
5	1	735	1	1	2	1430	2232	29	21	96.849945	HS
2	1	736	0	0	0	1729	2233	33	20	-1	
3	1	736	1	0	0	1729	2233	33	20	-1	
4	1	736	1	1	0	1729	2233	33	20	-1	
5	1	736	1	1	1	1729	2233	33	20	96.629089	451
2	1	737	0	0	0	1793	2233	11	22	-1	
3	1	737	1	0	0	1793	2233	11	22	-1	
4	1	737	1	1	0	1793	2233	11	22	-1	
5	1	737	1	1	1	1793	2233	11	22	31.754066	8
2	1	738	0	0	0	1834	2233	134	24	-1	
3	1	738	1	0	0	1834	2233	134	24	-1	
4	1	738	1	1	0	1834	2233	134	24	-1	
5	1	738	1	1	1	1834	2233	134	24	92.755653	3,999,177.00
2	1	739	0	0	0	2076	2233	115	20	-1	
3	1	739	1	0	0	2076	2233	115	20	-1	
4	1	739	1	1	0	2076	2233	115	20	-1	
5	1	739	1	1	1	2076	2233	115	20	95.914436	242,881.00
2	1	740	0	0	0	2266	2233	113	24	-1	
3	1	740	1	0	0	2266	2233	113	24	-1	
4	1	740	1	1	0	2266	2233	113	24	-1	
5	1	740	1	1	1	2266	2233	113	24	96.329193	177,000.00
2	1	741	0	0	0	2406	2233	11	22	-1	
3	1	741	1	0	0	2406	2233	11	22	-1	
4	1	741	1	1	0	2406	2233	11	22	-1	
5	1	741	1	1	1	2406	2233	11	22	56.955597	$
2	1	742	0	0	0	2458	2233	89	24	-1	
3	1	742	1	0	0	2458	2233	89	24	-1	
4	1	742	1	1	0	2458	2233	89	24	-1	
5	1	742	1	1	1	2458	2233	89	24	96.923096	2,000.00
2	1	743	0	0	0	2783	2233	134	24	-1	
3	1	743	1	0	0	2783	2233	134	24	-1	
4	1	743	1	1	0	2783	2233	134	24	-1	
5	1	743	1	1	1	2783	2233	134	24	92.289001	4,421,058.00
2	1	744	0	0	0	2993	2233	109	23	-1	
3	1	744	1	0	0	2993	2233	109	23	-1	
4	1	744	1	1	0	2993	2233	109	23	-1	
5	1	744	1	1	1	2993	2233	109	23	95.788155	172,144.01
2	1	745	0	0	0	299	2272	91	25	-1	
3	1	745	1	0	0	299	2272	91	25	-1	
4	1	745	1	1	0	299	2272	91	25	-1	
5	1	745	1	1	1	299	2272	53	25	96.450241	Coop
5	1	745	1	1	2	363	2272	27	20	96.685074	ES
2	1	746	0	0	0	648	2272	36	20	-1	
3	1	746	1	0	0	648	2272	36	20	-1	
4	1	746	1	1	0	648	2272	36	20	-1	
5	1	746	1	1	1	648	2272	36	20	96.469543	132
2	1	747	0	0	0	789	2272	44	20	-1	
3	1	747	1	0	0	789	2272	44	20	-1	
4	1	747	1	1	0	789	2272	44	20	-1	
5	1	747	1	1	1	789	2272	44	20	96.769249	NES
2	1	748	0	0	0	1005	2271	114	26	-1	
3	1	748	1	0	0	1005	2271	114	26	-1	
4	1	748	1	1	0	1005	2271	114	26	-1	
5	1	748	1	1	1	1005	2271	114	26	96.886673	Elementary
2	1	749	0	0	0	1173	2271	79	21	-1	
3	1	749	1	0	0	1173	2271	79	21	-1	
4	1	749	1	1	0	1173	2271	79	21	-1	
5	1	749	1	1	1	1173	2271	79	21	96.653442	NORTH
2	1	750	0	0	0	1316	2271	194	21	-1	
3	1	750	1	0	0	1316	2271	194	21	-1	
4	1	750	1	1	0	1316	2271	194	21	-1	
5	1	750	1	1	1	1316	2272	84	20	93.224915	Houston
5	1	750	1	1	2	1409	2271	63	21	92.487015	MSTC
5	1	750	1	1	3	1482	2272	28	20	96.880524	HS
2	1	751	0	0	0	1729	2272	33	20	-1	
3	1	751	1	0	0	1729	2272	33	20	-1	
4	1	751	1	1	0	1729	2272	33	20	-1	
5	1	751	1	1	1	1729	2272	33	20	96.936920	501
2	1	752	0	0	0	1793	2272	10	22	-1	
3	1	752	1	0	0	1793	2272	10	22	-1	
4	1	752	1	1	0	1793	2272	10	22	-1	
5	1	752	1	1	1	1793	2272	10	22	77.102745	$
2	1	753	0	0	0	1834	2272	134	24	-1	
3	1	753	1	0	0	1834	2272	134	24	-1	
4	1	753	1	1	0	1834	2272	134	24	-1	
5	1	753	1	1	1	1834	2272	134	24	92.869247	4,406,363.00
2	1	754	0	0	0	2076	2272	114	20	-1	
3	1	754	1	0	0	2076	2272	114	20	-1	
4	1	754	1	1	0	2076	2272	114	20	-1	
5	1	754	1	1	1	2076	2272	114	20	95.772942	265,939.00
2	1	755	0	0	0	2266	2272	113	24	-1	
3	1	755	1	0	0	2266	2272	113	24	-1	
4	1	755	1	1	0	2266	2272	113	24	-1	
5	1	755	1	1	1	2266	2272	113	24	96.430305	171,900.00
2	1	756	0	0	0	2406	2272	11	22	-1	
3	1	756	1	0	0	2406	2272	11	22	-1	
4	1	756	1	1	0	2406	2272	11	22	-1	
5	1	756	1	1	1	2406	2272	11	22	73.140045	$
2	1	757	0	0	0	2458	2272	89	24	-1	
3	1	757	1	0	0	2458	2272	89	24	-1	
4	1	757	1	1	0	2458	2272	89	24	-1	
5	1	757	1	1	1	2458	2272	89	24	96.958313	2,000.00
2	1	758	0	0	0	2682	2283	7	3	-1	
3	1	758	1	0	0	2682	2283	7	3	-1	
4	1	758	1	1	0	2682	2283	7	3	-1	
5	1	758	1	1	1	2682	2283	7	3	87.519112	-
2	1	759	0	0	0	2783	2272	134	24	-1	
3	1	759	1	0	0	2783	2272	134	24	-1	
4	1	759	1	1	0	2783	2272	134	24	-1	
5	1	759	1	1	1	2783	2272	134	24	92.580101	4,846,202.00
2	1	760	0	0	0	2993	2272	113	23	-1	
3	1	760	1	0	0	2993	2272	113	23	-1	
4	1	760	1	1	0	2993	2272	113	23	-1	
5	1	760	1	1	1	2993	2272	113	23	96.135033	197,743.07
2	1	761	0	0	0	299	2310	132	21	-1	
3	1	761	1	0	0	299	2310	132	21	-1	
4	1	761	1	1	0	299	2310	132	21	-1	
5	1	761	1	1	1	299	2310	96	21	96.508308	Cornelius
5	1	761	1	1	2	404	2310	27	21	96.667717	ES
2	1	762	0	0	0	648	2310	36	21	-1	
3	1	762	1	0	0	648	2310	36	21	-1	
4	1	762	1	1	0	648	2310	36	21	-1	
5	1	762	1	1	1	648	2310	36	21	96.523178	133
2	1	763	0	0	0	789	2310	94	21	-1	
3	1	763	1	0	0	789	2310	94	21	-1	
4	1	763	1	1	0	789	2310	94	21	-1	
5	1	763	1	1	1	789	2310	94	21	90.602600	Non-NES
2	1	764	0	0	0	1005	2310	114	26	-1	
3	1	764	1	0	0	1005	2310	114	26	-1	
4	1	764	1	1	0	1005	2310	114	26	-1	
5	1	764	1	1	1	1005	2310	114	26	96.528900	Elementary
2	1	765	0	0	0	1172	2310	79	21	-1	
3	1	765	1	0	0	1172	2310	79	21	-1	
4	1	765	1	1	0	1172	2310	79	21	-1	
5	1	765	1	1	1	1172	2310	79	21	95.266113	SOUTH
2	1	766	0	0	0	1315	2310	115	26	-1	
3	1	766	1	0	0	1315	2310	115	26	-1	
4	1	766	1	1	0	1315	2310	115	26	-1	
5	1	766	1	1	1	1315	2310	76	26	94.608147	Sterling
5	1	766	1	1	2	1402	2310	28	21	94.608147	HS
2	1	767	0	0	0	1729	2311	37	19	-1	
3	1	767	1	0	0	1729	2311	37	19	-1	
4	1	767	1	1	0	1729	2311	37	19	-1	
5	1	767	1	1	1	1729	2311	37	19	96.253433	725
2	1	768	0	0	0	1793	2310	11	23	-1	
3	1	768	1	0	0	1793	2310	11	23	-1	
4	1	768	1	1	0	1793	2310	11	23	-1	
5	1	768	1	1	1	1793	2310	11	23	79.505302	$
2	1	769	0	0	0	1834	2311	134	23	-1	
3	1	769	1	0	0	1834	2311	134	23	-1	
4	1	769	1	1	0	1834	2311	134	23	-1	
5	1	769	1	1	1	1834	2311	134	23	89.879349	4,533,942.00
2	1	770	0	0	0	2076	2311	115	20	-1	
3	1	770	1	0	0	2076	2311	115	20	-1	
4	1	770	1	1	0	2076	2311	115	20	-1	
5	1	770	1	1	1	2076	2311	115	20	96.651718	207,788.00
2	1	771	0	0	0	2266	2311	113	23	-1	
3	1	771	1	0	0	2266	2311	113	23	-1	
4	1	771	1	1	0	2266	2311	113	23	-1	
5	1	771	1	1	1	2266	2311	113	23	96.526985	124,223.00
2	1	772	0	0	0	2406	2310	11	23	-1	
3	1	772	1	0	0	2406	2310	11	23	-1	
4	1	772	1	1	0	2406	2310	11	23	-1	
5	1	772	1	1	1	2406	2310	11	23	71.103470	$
2	1	773	0	0	0	2458	2311	89	23	-1	
3	1	773	1	0	0	2458	2311	89	23	-1	
4	1	773	1	1	0	2458	2311	89	23	-1	
5	1	773	1	1	1	2458	2311	89	23	96.358978	3,956.00
2	1	774	0	0	0	2574	2310	11	23	-1	
3	1	774	1	0	0	2574	2310	11	23	-1	
4	1	774	1	1	0	2574	2310	11	23	-1	
5	1	774	1	1	1	2574	2310	11	23	78.377754	$
2	1	775	0	0	0	2615	2311	100	23	-1	
3	1	775	1	0	0	2615	2311	100	23	-1	
4	1	775	1	1	0	2615	2311	100	23	-1	
5	1	775	1	1	1	2615	2311	100	23	96.766426	19,500.00
2	1	776	0	0	0	2783	2311	134	23	-1	
3	1	776	1	0	0	2783	2311	134	23	-1	
4	1	776	1	1	0	2783	2311	134	23	-1	
5	1	776	1	1	1	2783	2311	134	23	86.885139	4,889,409.00
2	1	777	0	0	0	2991	2311	114	23	-1	
3	1	777	1	0	0	2991	2311	114	23	-1	
4	1	777	1	1	0	2991	2311	114	23	-1	
5	1	777	1	1	1	2991	2311	114	23	95.760757	279,397.68
2	1	778	0	0	0	299	2349	111	25	-1	
3	1	778	1	0	0	299	2349	111	25	-1	
4	1	778	1	1	0	299	2349	111	25	-1	
5	1	778	1	1	1	299	2349	74	25	96.352036	Crespo
5	1	778	1	1	2	383	2349	27	20	95.805801	ES
2	1	779	0	0	0	647	2349	37	20	-1	
3	1	779	1	0	0	647	2349	37	20	-1	
4	1	779	1	1	0	647	2349	37	20	-1	
5	1	779	1	1	1	647	2349	37	20	96.954811	290
2	1	780	0	0	0	789	2348	94	21	-1	
3	1	780	1	0	0	789	2348	94	21	-1	
4	1	780	1	1	0	789	2348	94	21	-1	
5	1	780	1	1	1	789	2348	94	21	92.234314	Non-NES
2	1	781	0	0	0	1005	2349	114	25	-1	
3	1	781	1	0	0	1005	2349	114	25	-1	
4	1	781	1	1	0	1005	2349	114	25	-1	
5	1	781	1	1	1	1005	2349	114	25	96.512650	Elementary
2	1	782	0	0	0	1172	2348	79	21	-1	
3	1	782	1	0	0	1172	2348	79	21	-1	
4	1	782	1	1	0	1172	2348	79	21	-1	
5	1	782	1	1	1	1172	2348	79	21	95.825264	SOUTH
2	1	783	0	0	0	1316	2349	89	25	-1	
3	1	783	1	0	0	1316	2349	89	25	-1	
4	1	783	1	1	0	1316	2349	89	25	-1	
5	1	783	1	1	1	1316	2349	51	25	96.460007	Milby
5	1	783	1	1	2	1376	2349	29	20	96.875534	HS
2	1	784	0	0	0	1729	2349	36	20	-1	
3	1	784	1	0	0	1729	2349	36	20	-1	
4	1	784	1	1	0	1729	2349	36	20	-1	
5	1	784	1	1	1	1729	2349	36	20	96.993492	508
2	1	785	0	0	0	1793	2349	10	22	-1	
3	1	785	1	0	0	1793	2349	10	22	-1	
4	1	785	1	1	0	1793	2349	10	22	-1	
5	1	785	1	1	1	1793	2349	10	22	72.380173	$
2	1	786	0	0	0	1834	2349	134	24	-1	
3	1	786	1	0	0	1834	2349	134	24	-1	
4	1	786	1	1	0	1834	2349	134	24	-1	
5	1	786	1	1	1	1834	2349	134	24	92.436844	3,630,873.00
2	1	787	0	0	0	2076	2349	115	20	-1	
3	1	787	1	0	0	2076	2349	115	20	-1	
4	1	787	1	1	0	2076	2349	115	20	-1	
5	1	787	1	1	1	2076	2349	115	20	96.389565	229,972.00
2	1	788	0	0	0	2266	2349	113	24	-1	
3	1	788	1	0	0	2266	2349	113	24	-1	
4	1	788	1	1	0	2266	2349	113	24	-1	
5	1	788	1	1	1	2266	2349	113	24	96.167778	168,547.00
2	1	789	0	0	0	2406	2349	11	22	-1	
3	1	789	1	0	0	2406	2349	11	22	-1	
4	1	789	1	1	0	2406	2349	11	22	-1	
5	1	789	1	1	1	2406	2349	11	22	65.008881	$
2	1	790	0	0	0	2445	2349	102	24	-1	
3	1	790	1	0	0	2445	2349	102	24	-1	
4	1	790	1	1	0	2445	2349	102	24	-1	
5	1	790	1	1	1	2445	2349	102	24	96.831787	36,757.00
2	1	791	0	0	0	2574	2349	11	22	-1	
3	1	791	1	0	0	2574	2349	11	22	-1	
4	1	791	1	1	0	2574	2349	11	22	-1	
5	1	791	1	1	1	2574	2349	11	22	64.915283	$
2	1	792	0	0	0	2626	2349	89	24	-1	
3	1	792	1	0	0	2626	2349	89	24	-1	
4	1	792	1	1	0	2626	2349	89	24	-1	
5	1	792	1	1	1	2626	2349	89	24	96.903847	5,080.00
2	1	793	0	0	0	2783	2349	134	24	-1	
3	1	793	1	0	0	2783	2349	134	24	-1	
4	1	793	1	1	0	2783	2349	134	24	-1	
5	1	793	1	1	1	2783	2349	134	24	92.908371	4,071,229.00
2	1	794	0	0	0	2993	2349	112	23	-1	
3	1	794	1	0	0	2993	2349	112	23	-1	
4	1	794	1	1	0	2993	2349	112	23	-1	
5	1	794	1	1	1	2993	2349	112	23	96.505775	190,422.05
2	1	795	0	0	0	299	2387	123	21	-1	
3	1	795	1	0	0	299	2387	123	21	-1	
4	1	795	1	1	0	299	2387	123	21	-1	
5	1	795	1	1	1	299	2387	87	21	96.671745	Crockett
5	1	795	1	1	2	395	2387	27	21	96.643829	ES
2	1	796	0	0	0	648	2387	35	21	-1	
3	1	796	1	0	0	648	2387	35	21	-1	
4	1	796	1	1	0	648	2387	35	21	-1	
5	1	796	1	1	1	648	2387	35	21	96.356850	135
2	1	797	0	0	0	789	2387	44	21	-1	
3	1	797	1	0	0	789	2387	44	21	-1	
4	1	797	1	1	0	789	2387	44	21	-1	
5	1	797	1	1	1	789	2387	44	21	96.927467	NES
2	1	798	0	0	0	1005	2387	114	26	-1	
3	1	798	1	0	0	1005	2387	114	26	-1	
4	1	798	1	1	0	1005	2387	114	26	-1	
5	1	798	1	1	1	1005	2387	114	26	96.747833	Elementary
2	1	799	0	0	0	1172	2387	107	21	-1	
3	1	799	1	0	0	1172	2387	107	21	-1	
4	1	799	1	1	0	1172	2387	107	21	-1	
5	1	799	1	1	1	1172	2387	107	21	96.488487	CENTRAL
2	1	800	0	0	0	1316	2387	115	26	-1	
3	1	800	1	0	0	1316	2387	115	26	-1	
4	1	800	1	1	0	1316	2387	115	26	-1	
5	1	800	1	1	1	1316	2387	76	26	96.802444	Heights
5	1	800	1	1	2	1402	2387	29	21	96.577866	HS
2	1	801	0	0	0	1729	2388	36	19	-1	
3	1	801	1	0	0	1729	2388	36	19	-1	
4	1	801	1	1	0	1729	2388	36	19	-1	
5	1	801	1	1	1	1729	2388	36	19	96.748810	445
2	1	802	0	0	0	1793	2387	10	23	-1	
3	1	802	1	0	0	1793	2387	10	23	-1	
4	1	802	1	1	0	1793	2387	10	23	-1	
5	1	802	1	1	1	1793	2387	10	23	74.521233	$
2	1	803	0	0	0	1834	2388	134	23	-1	
3	1	803	1	0	0	1834	2388	134	23	-1	
4	1	803	1	1	0	1834	2388	134	23	-1	
5	1	803	1	1	1	1834	2388	134	23	92.524040	3,758,013.00
2	1	804	0	0	0	2078	2388	112	20	-1	
3	1	804	1	0	0	2078	2388	112	20	-1	
4	1	804	1	1	0	2078	2388	112	20	-1	
5	1	804	1	1	1	2078	2388	112	20	96.674599	165,273.00
2	1	805	0	0	0	2266	2388	113	23	-1	
3	1	805	1	0	0	2266	2388	113	23	-1	
4	1	805	1	1	0	2266	2388	113	23	-1	
5	1	805	1	1	1	2266	2388	113	23	96.743156	179,800.00
2	1	806	0	0	0	2406	2387	11	23	-1	
3	1	806	1	0	0	2406	2387	11	23	-1	
4	1	806	1	1	0	2406	2387	11	23	-1	
5	1	806	1	1	1	2406	2387	11	23	69.874390	$
2	1	807	0	0	0	2458	2388	89	23	-1	
3	1	807	1	0	0	2458	2388	89	23	-1	
4	1	807	1	1	0	2458	2388	89	23	-1	
5	1	807	1	1	1	2458	2388	89	23	96.891396	2,000.00
2	1	808	0	0	0	2682	2399	7	3	-1	
3	1	808	1	0	0	2682	2399	7	3	-1	
4	1	808	1	1	0	2682	2399	7	3	-1	
5	1	808	1	1	1	2682	2399	7	3	87.519112	-
2	1	809	0	0	0	2783	2388	134	23	-1	
3	1	809	1	0	0	2783	2388	134	23	-1	
4	1	809	1	1	0	2783	2388	134	23	-1	
5	1	809	1	1	1	2783	2388	134	23	88.344780	4,105,086.00
2	1	810	0	0	0	2993	2388	112	23	-1	
3	1	810	1	0	0	2993	2388	112	23	-1	
4	1	810	1	1	0	2993	2388	112	23	-1	
5	1	810	1	1	1	2993	2388	112	23	95.700722	113,713.39
