level	page_num	block_num	par_num	line_num	word_num	left	top	width	height	conf	text
1	1	0	0	0	0	0	0	3300	2550	-1	
2	1	1	0	0	0	1600	141	171	29	-1	
3	1	1	1	0	0	1600	141	171	29	-1	
4	1	1	1	1	0	1600	141	171	29	-1	
5	1	1	1	1	1	1600	141	89	23	96.760574	School
5	1	1	1	1	2	1697	141	74	29	96.320259	Pages
2	1	2	0	0	0	951	272	90	25	-1	
3	1	2	1	0	0	951	272	90	25	-1	
4	1	2	1	1	0	951	272	90	25	-1	
5	1	2	1	1	1	951	272	90	25	95.669853	Campus
2	1	3	0	0	0	2243	273	149	21	-1	
3	1	3	1	0	0	2243	273	149	21	-1	
4	1	3	1	1	0	2243	273	149	21	-1	
5	1	3	1	1	1	2243	273	85	21	96.633575	General
5	1	3	1	1	2	2338	274	54	19	97.004219	Fund
2	1	4	0	0	0	2958	273	60	21	-1	
3	1	4	1	0	0	2958	273	60	21	-1	
4	1	4	1	1	0	2958	273	60	21	-1	
5	1	4	1	1	1	2958	273	47	21	92.441727	Title
5	1	4	1	1	2	3014	273	4	20	76.140610	I
2	1	5	0	0	0	259	309	191	25	-1	
3	1	5	1	0	0	259	309	191	25	-1	
4	1	5	1	1	0	259	309	191	25	-1	
5	1	5	1	1	1	259	309	70	20	91.103455	PEIMS
5	1	5	1	1	2	338	309	40	25	92.948128	Org
5	1	5	1	1	3	387	309	63	20	91.900116	Descr
2	1	6	0	0	0	607	309	291	25	-1	
3	1	6	1	0	0	607	309	291	25	-1	
4	1	6	1	1	0	607	309	291	25	-1	
5	1	6	1	1	1	607	309	71	20	91.854187	PEIMS
5	1	6	1	1	2	687	309	39	25	94.291840	Org
5	1	6	1	1	3	747	309	90	25	62.549767	(Campus
5	1	6	1	1	4	846	309	52	25	96.446938	Type
2	1	7	0	0	0	963	309	132	20	-1	
3	1	7	1	0	0	963	309	132	20	-1	
4	1	7	1	1	0	963	309	132	20	-1	
5	1	7	1	1	1	963	309	66	20	96.677841	Grade
5	1	7	1	1	2	1038	309	57	20	96.885536	Level
2	1	8	0	0	0	1132	309	89	20	-1	
3	1	8	1	0	0	1132	309	89	20	-1	
4	1	8	1	1	0	1132	309	89	20	-1	
5	1	8	1	1	1	1132	309	89	20	96.700821	Division
2	1	9	0	0	0	1276	309	162	20	-1	
3	1	9	1	0	0	1276	309	162	20	-1	
4	1	9	1	1	0	1276	309	162	20	-1	
5	1	9	1	1	1	1276	309	75	20	96.066086	Feeder
5	1	9	1	1	2	1360	309	78	20	96.340324	Pattern
2	1	10	0	0	0	1616	309	104	25	-1	
3	1	10	1	0	0	1616	309	104	25	-1	
4	1	10	1	1	0	1616	309	104	25	-1	
5	1	10	1	1	1	1616	309	104	25	96.863144	Projected
2	1	11	0	0	0	1770	309	149	25	-1	
3	1	11	1	0	0	1770	309	149	25	-1	
4	1	11	1	1	0	1770	309	149	25	-1	
5	1	11	1	1	1	1770	309	50	20	93.089294	6100
5	1	11	1	1	2	1828	320	7	4	92.627617	-
5	1	11	1	1	3	1844	309	75	25	96.310822	Payroll
2	1	12	0	0	0	2025	309	65	20	-1	
3	1	12	1	0	0	2025	309	65	20	-1	
4	1	12	1	1	0	2025	309	65	20	-1	
5	1	12	1	1	1	2025	309	50	20	93.269226	6200
5	1	12	1	1	2	2083	320	7	4	91.307190	-
2	1	13	0	0	0	2182	309	162	25	-1	
3	1	13	1	0	0	2182	309	162	25	-1	
4	1	13	1	1	0	2182	309	162	25	-1	
5	1	13	1	1	1	2182	310	50	19	93.241478	6300
5	1	13	1	1	2	2240	309	104	25	91.778229	-Supplies
2	1	14	0	0	0	2375	309	134	20	-1	
3	1	14	1	0	0	2375	309	134	20	-1	
4	1	14	1	1	0	2375	309	134	20	-1	
5	1	14	1	1	1	2375	309	50	20	93.240417	6400
5	1	14	1	1	2	2433	320	7	4	91.710754	-
5	1	14	1	1	3	2448	309	61	20	97.004868	Other
2	1	15	0	0	0	2535	309	149	25	-1	
3	1	15	1	0	0	2535	309	149	25	-1	
4	1	15	1	1	0	2535	309	149	25	-1	
5	1	15	1	1	1	2535	310	50	19	93.060623	6600
5	1	15	1	1	2	2593	320	7	4	92.351547	-
5	1	15	1	1	3	2608	309	76	25	96.199577	Capital
2	1	16	0	0	0	2731	309	129	20	-1	
3	1	16	1	0	0	2731	309	129	20	-1	
4	1	16	1	1	0	2731	309	129	20	-1	
5	1	16	1	1	1	2731	309	66	20	96.868294	Grand
5	1	16	1	1	2	2806	309	54	20	96.481689	Total
2	1	17	0	0	0	2934	309	112	20	-1	
3	1	17	1	0	0	2934	309	112	20	-1	
4	1	17	1	1	0	2934	309	112	20	-1	
5	1	17	1	1	1	2934	309	112	20	95.519508	Allocation
2	1	18	0	0	0	1605	344	121	20	-1	
3	1	18	1	0	0	1605	344	121	20	-1	
4	1	18	1	1	0	1605	344	121	20	-1	
5	1	18	1	1	1	1605	344	121	20	86.900520	Enrollment
2	1	19	0	0	0	1816	343	51	20	-1	
3	1	19	1	0	0	1816	343	51	20	-1	
4	1	19	1	1	0	1816	343	51	20	-1	
5	1	19	1	1	1	1816	343	51	20	96.843102	Cost
2	1	20	0	0	0	1961	344	186	20	-1	
3	1	20	1	0	0	1961	344	186	20	-1	
4	1	20	1	1	0	1961	344	186	20	-1	
5	1	20	1	1	1	1961	344	138	20	96.160507	Professional
5	1	20	1	1	2	2108	344	39	19	96.160507	and
2	1	21	0	0	0	2186	344	148	20	-1	
3	1	21	1	0	0	2186	344	148	20	-1	
4	1	21	1	1	0	2186	344	148	20	-1	
5	1	21	1	1	1	2186	344	39	19	96.562401	and
5	1	21	1	1	2	2234	344	100	20	96.785713	Materials
2	1	22	0	0	0	2384	343	109	26	-1	
3	1	22	1	0	0	2384	343	109	26	-1	
4	1	22	1	1	0	2384	343	109	26	-1	
5	1	22	1	1	1	2384	343	109	26	95.474388	Operating
2	1	23	0	0	0	2571	344	72	25	-1	
3	1	23	1	0	0	2571	344	72	25	-1	
4	1	23	1	1	0	2571	344	72	25	-1	
5	1	23	1	1	1	2571	344	72	25	96.969139	Outlay
2	1	24	0	0	0	1993	378	122	20	-1	
3	1	24	1	0	0	1993	378	122	20	-1	
4	1	24	1	1	0	1993	378	122	20	-1	
5	1	24	1	1	1	1993	378	122	20	95.738747	Contracted
2	1	25	0	0	0	2407	378	62	20	-1	
3	1	25	1	0	0	2407	378	62	20	-1	
4	1	25	1	1	0	2407	378	62	20	-1	
5	1	25	1	1	1	2407	378	62	20	96.832222	Costs
2	1	26	0	0	0	2007	412	94	21	-1	
3	1	26	1	0	0	2007	412	94	21	-1	
4	1	26	1	1	0	2007	412	94	21	-1	
5	1	26	1	1	1	2007	412	94	21	96.658684	Services
2	1	27	0	0	0	2645	471	7	3	-1	
3	1	27	1	0	0	2645	471	7	3	-1	
4	1	27	1	1	0	2645	471	7	3	-1	
5	1	27	1	1	1	2645	471	7	3	87.519112	-
2	1	28	0	0	0	258	460	103	21	-1	
3	1	28	1	0	0	258	460	103	21	-1	
4	1	28	1	1	0	258	460	103	21	-1	
5	1	28	1	1	1	258	460	63	21	96.261681	Cullen
5	1	28	1	1	2	330	460	31	21	96.562523	MS
2	1	29	0	0	0	606	461	38	19	-1	
3	1	29	1	0	0	606	461	38	19	-1	
4	1	29	1	1	0	606	461	38	19	-1	
5	1	29	1	1	1	606	461	38	19	96.632561	044
2	1	30	0	0	0	748	460	44	21	-1	
3	1	30	1	0	0	748	460	44	21	-1	
4	1	30	1	1	0	748	460	44	21	-1	
5	1	30	1	1	1	748	460	44	21	96.144722	NES
2	1	31	0	0	0	964	460	142	21	-1	
3	1	31	1	0	0	964	460	142	21	-1	
4	1	31	1	1	0	964	460	142	21	-1	
5	1	31	1	1	1	964	460	65	20	96.809174	Middle
5	1	31	1	1	2	1038	460	68	21	96.668594	School
2	1	32	0	0	0	1132	460	79	21	-1	
3	1	32	1	0	0	1132	460	79	21	-1	
4	1	32	1	1	0	1132	460	79	21	-1	
5	1	32	1	1	1	1132	460	79	21	96.175560	SOUTH
2	1	33	0	0	0	1275	460	97	21	-1	
3	1	33	1	0	0	1275	460	97	21	-1	
4	1	33	1	1	0	1275	460	97	21	-1	
5	1	33	1	1	1	1275	461	59	19	96.617088	Yates
5	1	33	1	1	2	1343	460	29	21	96.379089	HS
2	1	34	0	0	0	1689	461	38	19	-1	
3	1	34	1	0	0	1689	461	38	19	-1	
4	1	34	1	1	0	1689	461	38	19	-1	
5	1	34	1	1	1	1689	461	38	19	96.834206	295
2	1	35	0	0	0	1795	461	134	23	-1	
3	1	35	1	0	0	1795	461	134	23	-1	
4	1	35	1	1	0	1795	461	134	23	-1	
5	1	35	1	1	1	1795	461	134	23	90.996910	4,315,516.00
2	1	36	0	0	0	2038	461	114	23	-1	
3	1	36	1	0	0	2038	461	114	23	-1	
4	1	36	1	1	0	2038	461	114	23	-1	
5	1	36	1	1	1	2038	461	114	23	96.050194	392,289.00
2	1	37	0	0	0	2179	460	11	23	-1	
3	1	37	1	0	0	2179	460	11	23	-1	
4	1	37	1	1	0	2179	460	11	23	-1	
5	1	37	1	1	1	2179	460	11	23	90.532860	$
2	1	38	0	0	0	2228	461	113	23	-1	
3	1	38	1	0	0	2228	461	113	23	-1	
4	1	38	1	1	0	2228	461	113	23	-1	
5	1	38	1	1	1	2228	461	113	23	96.800247	108,000.00
2	1	39	0	0	0	2368	460	11	23	-1	
3	1	39	1	0	0	2368	460	11	23	-1	
4	1	39	1	1	0	2368	460	11	23	-1	
5	1	39	1	1	1	2368	460	11	23	72.367012	$
2	1	40	0	0	0	2420	461	89	23	-1	
3	1	40	1	0	0	2420	461	89	23	-1	
4	1	40	1	1	0	2420	461	89	23	-1	
5	1	40	1	1	1	2420	461	89	23	96.888466	5,000.00
2	1	41	0	0	0	2536	460	11	23	-1	
3	1	41	1	0	0	2536	460	11	23	-1	
4	1	41	1	1	0	2536	460	11	23	-1	
5	1	41	1	1	1	2536	460	11	23	90.279854	$
2	1	42	0	0	0	2745	461	135	23	-1	
3	1	42	1	0	0	2745	461	135	23	-1	
4	1	42	1	1	0	2745	461	135	23	-1	
5	1	42	1	1	1	2745	461	135	23	91.964119	4,820,805.00
2	1	43	0	0	0	2955	461	113	23	-1	
3	1	43	1	0	0	2955	461	113	23	-1	
4	1	43	1	1	0	2955	461	113	23	-1	
5	1	43	1	1	1	2955	461	113	23	96.502480	120,673.33
2	1	44	0	0	0	258	498	166	25	-1	
3	1	44	1	0	0	258	498	166	25	-1	
4	1	44	1	1	0	258	498	166	25	-1	
5	1	44	1	1	1	258	498	127	25	96.361992	Cunningham
5	1	44	1	1	2	396	498	28	20	96.904213	ES
2	1	45	0	0	0	607	498	36	20	-1	
3	1	45	1	0	0	607	498	36	20	-1	
4	1	45	1	1	0	607	498	36	20	-1	
5	1	45	1	1	1	607	498	36	20	96.767479	136
2	1	46	0	0	0	748	498	95	20	-1	
3	1	46	1	0	0	748	498	95	20	-1	
4	1	46	1	1	0	748	498	95	20	-1	
5	1	46	1	1	1	748	498	95	20	91.515762	Non-NES
2	1	47	0	0	0	964	498	115	25	-1	
3	1	47	1	0	0	964	498	115	25	-1	
4	1	47	1	1	0	964	498	115	25	-1	
5	1	47	1	1	1	964	498	115	25	96.594856	Elementary
2	1	48	0	0	0	1131	498	67	20	-1	
3	1	48	1	0	0	1131	498	67	20	-1	
4	1	48	1	1	0	1131	498	67	20	-1	
5	1	48	1	1	1	1131	498	67	20	96.454910	WEST
2	1	49	0	0	0	1277	498	112	20	-1	
3	1	49	1	0	0	1277	498	112	20	-1	
4	1	49	1	1	0	1277	498	112	20	-1	
5	1	49	1	1	1	1277	498	74	20	92.488197	Bellaire
5	1	49	1	1	2	1360	498	29	20	95.394951	HS
2	1	50	0	0	0	1690	498	37	20	-1	
3	1	50	1	0	0	1690	498	37	20	-1	
4	1	50	1	1	0	1690	498	37	20	-1	
5	1	50	1	1	1	1690	498	37	20	96.991081	519
2	1	51	0	0	0	1795	498	134	24	-1	
3	1	51	1	0	0	1795	498	134	24	-1	
4	1	51	1	1	0	1795	498	134	24	-1	
5	1	51	1	1	1	1795	498	134	24	90.331917	3,528,124.00
2	1	52	0	0	0	2037	498	115	24	-1	
3	1	52	1	0	0	2037	498	115	24	-1	
4	1	52	1	1	0	2037	498	115	24	-1	
5	1	52	1	1	1	2037	498	115	24	96.658920	204,133.00
2	1	53	0	0	0	2228	498	113	24	-1	
3	1	53	1	0	0	2228	498	113	24	-1	
4	1	53	1	1	0	2228	498	113	24	-1	
5	1	53	1	1	1	2228	498	113	24	96.617195	101,580.00
2	1	54	0	0	0	2368	498	10	22	-1	
3	1	54	1	0	0	2368	498	10	22	-1	
4	1	54	1	1	0	2368	498	10	22	-1	
5	1	54	1	1	1	2368	498	10	22	78.693985	$
2	1	55	0	0	0	2420	498	89	24	-1	
3	1	55	1	0	0	2420	498	89	24	-1	
4	1	55	1	1	0	2420	498	89	24	-1	
5	1	55	1	1	1	2420	498	89	24	96.970154	6,400.00
2	1	56	0	0	0	2536	497	11	23	-1	
3	1	56	1	0	0	2536	497	11	23	-1	
4	1	56	1	1	0	2536	497	11	23	-1	
5	1	56	1	1	1	2536	497	11	23	88.939888	$
2	1	57	0	0	0	2588	498	89	24	-1	
3	1	57	1	0	0	2588	498	89	24	-1	
4	1	57	1	1	0	2588	498	89	24	-1	
5	1	57	1	1	1	2588	498	89	24	96.948990	6,000.00
2	1	58	0	0	0	2746	498	133	24	-1	
3	1	58	1	0	0	2746	498	133	24	-1	
4	1	58	1	1	0	2746	498	133	24	-1	
5	1	58	1	1	1	2746	498	133	24	92.932854	3,846,237.00
2	1	59	0	0	0	2953	498	116	23	-1	
3	1	59	1	0	0	2953	498	116	23	-1	
4	1	59	1	1	0	2953	498	116	23	-1	
5	1	59	1	1	1	2953	498	116	23	96.967705	200,304.77
2	1	60	0	0	0	2477	546	7	3	-1	
3	1	60	1	0	0	2477	546	7	3	-1	
4	1	60	1	1	0	2477	546	7	3	-1	
5	1	60	1	1	1	2477	546	7	3	87.519112	-
2	1	61	0	0	0	3036	546	7	3	-1	
3	1	61	1	0	0	3036	546	7	3	-1	
4	1	61	1	1	0	3036	546	7	3	-1	
5	1	61	1	1	1	3036	546	7	3	87.519112	-
2	1	62	0	0	0	259	535	96	20	-1	
3	1	62	1	0	0	259	535	96	20	-1	
4	1	62	1	1	0	259	535	96	20	-1	
5	1	62	1	1	1	259	535	61	20	92.691132	DAEP
5	1	62	1	1	2	329	535	26	20	96.743507	EL
2	1	63	0	0	0	606	535	37	20	-1	
3	1	63	1	0	0	606	535	37	20	-1	
4	1	63	1	1	0	606	535	37	20	-1	
5	1	63	1	1	1	606	535	37	20	96.734329	466
2	1	64	0	0	0	748	535	94	20	-1	
3	1	64	1	0	0	748	535	94	20	-1	
4	1	64	1	1	0	748	535	94	20	-1	
5	1	64	1	1	1	748	535	94	20	91.226791	Non-NES
2	1	65	0	0	0	964	535	115	25	-1	
3	1	65	1	0	0	964	535	115	25	-1	
4	1	65	1	1	0	964	535	115	25	-1	
5	1	65	1	1	1	964	535	115	25	96.551651	Elementary
2	1	66	0	0	0	1132	535	107	20	-1	
3	1	66	1	0	0	1132	535	107	20	-1	
4	1	66	1	1	0	1132	535	107	20	-1	
5	1	66	1	1	1	1132	535	107	20	96.500572	CENTRAL
2	1	67	0	0	0	1277	535	134	20	-1	
3	1	67	1	0	0	1277	535	134	20	-1	
4	1	67	1	1	0	1277	535	134	20	-1	
5	1	67	1	1	1	1277	535	96	20	96.552513	Northside
5	1	67	1	1	2	1383	535	28	20	96.368637	HS
2	1	68	0	0	0	1815	535	114	24	-1	
3	1	68	1	0	0	1815	535	114	24	-1	
4	1	68	1	1	0	1815	535	114	24	-1	
5	1	68	1	1	1	1815	535	114	24	96.665352	334,527.00
2	1	69	0	0	0	2065	535	87	24	-1	
3	1	69	1	0	0	2065	535	87	24	-1	
4	1	69	1	1	0	2065	535	87	24	-1	
5	1	69	1	1	1	2065	535	87	24	96.917145	1,303.00
2	1	70	0	0	0	2239	535	102	24	-1	
3	1	70	1	0	0	2239	535	102	24	-1	
4	1	70	1	1	0	2239	535	102	24	-1	
5	1	70	1	1	1	2239	535	102	24	96.660789	35,039.00
2	1	71	0	0	0	2368	535	11	22	-1	
3	1	71	1	0	0	2368	535	11	22	-1	
4	1	71	1	1	0	2368	535	11	22	-1	
5	1	71	1	1	1	2368	535	11	22	25.467422	8
2	1	72	0	0	0	2536	534	11	23	-1	
3	1	72	1	0	0	2536	534	11	23	-1	
4	1	72	1	1	0	2536	534	11	23	-1	
5	1	72	1	1	1	2536	534	11	23	83.080444	$
2	1	73	0	0	0	2589	535	88	24	-1	
3	1	73	1	0	0	2589	535	88	24	-1	
4	1	73	1	1	0	2589	535	88	24	-1	
5	1	73	1	1	1	2589	535	88	24	96.858910	7,743.00
2	1	74	0	0	0	2765	535	115	24	-1	
3	1	74	1	0	0	2765	535	115	24	-1	
4	1	74	1	1	0	2765	535	115	24	-1	
5	1	74	1	1	1	2765	535	115	24	96.366600	378,612.00
2	1	75	0	0	0	259	573	178	25	-1	
3	1	75	1	0	0	259	573	178	25	-1	
4	1	75	1	1	0	259	573	178	25	-1	
5	1	75	1	1	1	259	573	60	19	92.900993	DAEP
5	1	75	1	1	2	328	573	109	25	96.622353	Secondary
2	1	76	0	0	0	606	573	37	19	-1	
3	1	76	1	0	0	606	573	37	19	-1	
4	1	76	1	1	0	606	573	37	19	-1	
5	1	76	1	1	1	606	573	37	19	96.846916	402
2	1	77	0	0	0	748	573	94	20	-1	
3	1	77	1	0	0	748	573	94	20	-1	
4	1	77	1	1	0	748	573	94	20	-1	
5	1	77	1	1	1	748	573	94	20	91.829552	Non-NES
2	1	78	0	0	0	964	572	142	21	-1	
3	1	78	1	0	0	964	572	142	21	-1	
4	1	78	1	1	0	964	572	142	21	-1	
5	1	78	1	1	1	964	573	65	20	95.164398	Middle
5	1	78	1	1	2	1038	572	68	21	96.390381	School
2	1	79	0	0	0	1132	573	107	20	-1	
3	1	79	1	0	0	1132	573	107	20	-1	
4	1	79	1	1	0	1132	573	107	20	-1	
5	1	79	1	1	1	1132	573	107	20	96.503639	CENTRAL
2	1	80	0	0	0	1276	573	135	20	-1	
3	1	80	1	0	0	1276	573	135	20	-1	
4	1	80	1	1	0	1276	573	135	20	-1	
5	1	80	1	1	1	1276	573	97	19	96.527809	Northside
5	1	80	1	1	2	1383	573	28	20	96.611931	HS
2	1	81	0	0	0	1703	573	24	19	-1	
3	1	81	1	0	0	1703	573	24	19	-1	
4	1	81	1	1	0	1703	573	24	19	-1	
5	1	81	1	1	1	1703	573	24	19	96.905998	38
2	1	82	0	0	0	1795	573	134	23	-1	
3	1	82	1	0	0	1795	573	134	23	-1	
4	1	82	1	1	0	1795	573	134	23	-1	
5	1	82	1	1	1	1795	573	134	23	92.668900	3,258,063.00
2	1	83	0	0	0	2039	573	113	23	-1	
3	1	83	1	0	0	2039	573	113	23	-1	
4	1	83	1	1	0	2039	573	113	23	-1	
5	1	83	1	1	1	2039	573	113	23	96.855576	101,200.00
2	1	84	0	0	0	2226	573	115	23	-1	
3	1	84	1	0	0	2226	573	115	23	-1	
4	1	84	1	1	0	2226	573	115	23	-1	
5	1	84	1	1	1	2226	573	115	23	96.043221	275,521.00
2	1	85	0	0	0	2368	572	10	23	-1	
3	1	85	1	0	0	2368	572	10	23	-1	
4	1	85	1	1	0	2368	572	10	23	-1	
5	1	85	1	1	1	2368	572	10	23	72.933899	$
2	1	86	0	0	0	2407	573	102	23	-1	
3	1	86	1	0	0	2407	573	102	23	-1	
4	1	86	1	1	0	2407	573	102	23	-1	
5	1	86	1	1	1	2407	573	102	23	96.956390	38,200.00
2	1	87	0	0	0	2536	572	11	23	-1	
3	1	87	1	0	0	2536	572	11	23	-1	
4	1	87	1	1	0	2536	572	11	23	-1	
5	1	87	1	1	1	2536	572	11	23	87.381699	$
2	1	88	0	0	0	2562	573	115	23	-1	
3	1	88	1	0	0	2562	573	115	23	-1	
4	1	88	1	1	0	2562	573	115	23	-1	
5	1	88	1	1	1	2562	573	115	23	95.538628	236,507.00
2	1	89	0	0	0	2746	573	133	23	-1	
3	1	89	1	0	0	2746	573	133	23	-1	
4	1	89	1	1	0	2746	573	133	23	-1	
5	1	89	1	1	1	2746	573	133	23	92.931641	3,909,491.00
2	1	90	0	0	0	3036	584	7	3	-1	
3	1	90	1	0	0	3036	584	7	3	-1	
4	1	90	1	1	0	3036	584	7	3	-1	
5	1	90	1	1	1	3036	584	7	3	87.519112	-
2	1	91	0	0	0	259	610	99	20	-1	
3	1	91	1	0	0	259	610	99	20	-1	
4	1	91	1	1	0	259	610	99	20	-1	
5	1	91	1	1	1	259	610	61	20	96.294273	Davila
5	1	91	1	1	2	330	610	28	20	96.294273	ES
2	1	92	0	0	0	606	610	37	20	-1	
3	1	92	1	0	0	606	610	37	20	-1	
4	1	92	1	1	0	606	610	37	20	-1	
5	1	92	1	1	1	606	610	37	20	96.822227	297
2	1	93	0	0	0	748	610	95	20	-1	
3	1	93	1	0	0	748	610	95	20	-1	
4	1	93	1	1	0	748	610	95	20	-1	
5	1	93	1	1	1	748	610	95	20	91.279076	Non-NES
2	1	94	0	0	0	964	610	115	25	-1	
3	1	94	1	0	0	964	610	115	25	-1	
4	1	94	1	1	0	964	610	115	25	-1	
5	1	94	1	1	1	964	610	115	25	96.534546	Elementary
2	1	95	0	0	0	1132	610	79	20	-1	
3	1	95	1	0	0	1132	610	79	20	-1	
4	1	95	1	1	0	1132	610	79	20	-1	
5	1	95	1	1	1	1132	610	79	20	96.380074	SOUTH
2	1	96	0	0	0	1277	610	88	25	-1	
3	1	96	1	0	0	1277	610	88	25	-1	
4	1	96	1	1	0	1277	610	88	25	-1	
5	1	96	1	1	1	1277	610	50	25	94.981499	Milby
5	1	96	1	1	2	1336	610	29	20	96.796432	HS
2	1	97	0	0	0	1689	610	37	20	-1	
3	1	97	1	0	0	1689	610	37	20	-1	
4	1	97	1	1	0	1689	610	37	20	-1	
5	1	97	1	1	1	1689	610	37	20	96.939575	423
2	1	98	0	0	0	1795	610	134	24	-1	
3	1	98	1	0	0	1795	610	134	24	-1	
4	1	98	1	1	0	1795	610	134	24	-1	
5	1	98	1	1	1	1795	610	134	24	93.123734	3,301,877.00
2	1	99	0	0	0	2039	610	113	24	-1	
3	1	99	1	0	0	2039	610	113	24	-1	
4	1	99	1	1	0	2039	610	113	24	-1	
5	1	99	1	1	1	2039	610	113	24	96.721718	171,024.00
2	1	100	0	0	0	2228	610	113	24	-1	
3	1	100	1	0	0	2228	610	113	24	-1	
4	1	100	1	1	0	2228	610	113	24	-1	
5	1	100	1	1	1	2228	610	113	24	96.742203	114,426.00
2	1	101	0	0	0	2368	610	10	22	-1	
3	1	101	1	0	0	2368	610	10	22	-1	
4	1	101	1	1	0	2368	610	10	22	-1	
5	1	101	1	1	1	2368	610	10	22	75.104996	$
2	1	102	0	0	0	2409	610	100	24	-1	
3	1	102	1	0	0	2409	610	100	24	-1	
4	1	102	1	1	0	2409	610	100	24	-1	
5	1	102	1	1	1	2409	610	100	24	96.738663	16,500.00
2	1	103	0	0	0	2536	609	11	23	-1	
3	1	103	1	0	0	2536	609	11	23	-1	
4	1	103	1	1	0	2536	609	11	23	-1	
5	1	103	1	1	1	2536	609	11	23	86.751778	$
2	1	104	0	0	0	2577	610	100	24	-1	
3	1	104	1	0	0	2577	610	100	24	-1	
4	1	104	1	1	0	2577	610	100	24	-1	
5	1	104	1	1	1	2577	610	100	24	96.538887	14,230.00
2	1	105	0	0	0	2746	610	133	24	-1	
3	1	105	1	0	0	2746	610	133	24	-1	
4	1	105	1	1	0	2746	610	133	24	-1	
5	1	105	1	1	1	2746	610	133	24	91.557037	3,618,057.00
2	1	106	0	0	0	2955	610	113	23	-1	
3	1	106	1	0	0	2955	610	113	23	-1	
4	1	106	1	1	0	2955	610	113	23	-1	
5	1	106	1	1	1	2955	610	113	23	96.373741	153,990.13
2	1	107	0	0	0	259	647	170	21	-1	
3	1	107	1	0	0	259	647	170	21	-1	
4	1	107	1	1	0	259	647	170	21	-1	
5	1	107	1	1	1	259	648	26	19	93.243713	De
5	1	107	1	1	2	294	648	98	20	91.839760	Chaumes
5	1	107	1	1	3	402	647	27	21	96.393089	ES
2	1	108	0	0	0	607	648	36	19	-1	
3	1	108	1	0	0	607	648	36	19	-1	
4	1	108	1	1	0	607	648	36	19	-1	
5	1	108	1	1	1	607	648	36	19	96.813210	137
2	1	109	0	0	0	748	648	94	20	-1	
3	1	109	1	0	0	748	648	94	20	-1	
4	1	109	1	1	0	748	648	94	20	-1	
5	1	109	1	1	1	748	648	94	20	91.571198	Non-NES
2	1	110	0	0	0	964	647	115	26	-1	
3	1	110	1	0	0	964	647	115	26	-1	
4	1	110	1	1	0	964	647	115	26	-1	
5	1	110	1	1	1	964	647	115	26	96.804993	Elementary
2	1	111	0	0	0	1133	647	79	21	-1	
3	1	111	1	0	0	1133	647	79	21	-1	
4	1	111	1	1	0	1133	647	79	21	-1	
5	1	111	1	1	1	1133	647	79	21	95.981865	NORTH
2	1	112	0	0	0	1277	647	194	21	-1	
3	1	112	1	0	0	1277	647	194	21	-1	
4	1	112	1	1	0	1277	647	194	21	-1	
5	1	112	1	1	1	1277	648	83	19	93.216743	Houston
5	1	112	1	1	2	1370	647	63	21	90.972916	MSTC
5	1	112	1	1	3	1443	647	28	21	96.499718	HS
2	1	113	0	0	0	1689	648	37	19	-1	
3	1	113	1	0	0	1689	648	37	19	-1	
4	1	113	1	1	0	1689	648	37	19	-1	
5	1	113	1	1	1	1689	648	37	19	96.845055	649
2	1	114	0	0	0	1795	648	134	23	-1	
3	1	114	1	0	0	1795	648	134	23	-1	
4	1	114	1	1	0	1795	648	134	23	-1	
5	1	114	1	1	1	1795	648	134	23	92.261078	3,978,314.00
2	1	115	0	0	0	2037	648	115	23	-1	
3	1	115	1	0	0	2037	648	115	23	-1	
4	1	115	1	1	0	2037	648	115	23	-1	
5	1	115	1	1	1	2037	648	115	23	96.677803	217,417.00
2	1	116	0	0	0	2228	648	113	23	-1	
3	1	116	1	0	0	2228	648	113	23	-1	
4	1	116	1	1	0	2228	648	113	23	-1	
5	1	116	1	1	1	2228	648	113	23	96.666328	143,916.00
2	1	117	0	0	0	2368	647	11	23	-1	
3	1	117	1	0	0	2368	647	11	23	-1	
4	1	117	1	1	0	2368	647	11	23	-1	
5	1	117	1	1	1	2368	647	11	23	73.450218	$
2	1	118	0	0	0	2420	648	89	23	-1	
3	1	118	1	0	0	2420	648	89	23	-1	
4	1	118	1	1	0	2420	648	89	23	-1	
5	1	118	1	1	1	2420	648	89	23	96.270279	4,500.00
2	1	119	0	0	0	2536	647	11	23	-1	
3	1	119	1	0	0	2536	647	11	23	-1	
4	1	119	1	1	0	2536	647	11	23	-1	
5	1	119	1	1	1	2536	647	11	23	87.729546	$
2	1	120	0	0	0	2588	648	89	23	-1	
3	1	120	1	0	0	2588	648	89	23	-1	
4	1	120	1	1	0	2588	648	89	23	-1	
5	1	120	1	1	1	2588	648	89	23	96.895195	6,490.00
2	1	121	0	0	0	2745	648	135	23	-1	
3	1	121	1	0	0	2745	648	135	23	-1	
4	1	121	1	1	0	2745	648	135	23	-1	
5	1	121	1	1	1	2745	648	135	23	91.104179	4,350,637.00
2	1	122	0	0	0	2953	648	115	23	-1	
3	1	122	1	0	0	2953	648	115	23	-1	
4	1	122	1	1	0	2953	648	115	23	-1	
5	1	122	1	1	1	2953	648	115	23	96.176407	253,562.60
2	1	123	0	0	0	2645	696	7	3	-1	
3	1	123	1	0	0	2645	696	7	3	-1	
4	1	123	1	1	0	2645	696	7	3	-1	
5	1	123	1	1	1	2645	696	7	3	87.519112	-
2	1	124	0	0	0	259	685	105	25	-1	
3	1	124	1	0	0	259	685	105	25	-1	
4	1	124	1	1	0	259	685	105	25	-1	
5	1	124	1	1	1	259	685	64	25	95.469193	Deady
5	1	124	1	1	2	332	685	32	20	96.038956	MS
2	1	125	0	0	0	606	685	37	20	-1	
3	1	125	1	0	0	606	685	37	20	-1	
4	1	125	1	1	0	606	685	37	20	-1	
5	1	125	1	1	1	606	685	37	20	93.102303	045
2	1	126	0	0	0	748	685	44	20	-1	
3	1	126	1	0	0	748	685	44	20	-1	
4	1	126	1	1	0	748	685	44	20	-1	
5	1	126	1	1	1	748	685	44	20	94.910210	NES
2	1	127	0	0	0	964	685	142	20	-1	
3	1	127	1	0	0	964	685	142	20	-1	
4	1	127	1	1	0	964	685	142	20	-1	
5	1	127	1	1	1	964	685	65	20	96.625175	Middle
5	1	127	1	1	2	1038	685	68	20	95.902412	School
2	1	128	0	0	0	1132	685	79	20	-1	
3	1	128	1	0	0	1132	685	79	20	-1	
4	1	128	1	1	0	1132	685	79	20	-1	
5	1	128	1	1	1	1132	685	79	20	96.696991	SOUTH
2	1	129	0	0	0	1277	685	88	25	-1	
3	1	129	1	0	0	1277	685	88	25	-1	
4	1	129	1	1	0	1277	685	88	25	-1	
5	1	129	1	1	1	1277	685	50	25	94.981918	Milby
5	1	129	1	1	2	1336	685	29	20	96.907341	HS
2	1	130	0	0	0	1690	685	37	20	-1	
3	1	130	1	0	0	1690	685	37	20	-1	
4	1	130	1	1	0	1690	685	37	20	-1	
5	1	130	1	1	1	1690	685	37	20	94.478943	377
2	1	131	0	0	0	1795	685	134	24	-1	
3	1	131	1	0	0	1795	685	134	24	-1	
4	1	131	1	1	0	1795	685	134	24	-1	
5	1	131	1	1	1	1795	685	134	24	92.911430	4,383,062.00
2	1	132	0	0	0	2037	685	115	24	-1	
3	1	132	1	0	0	2037	685	115	24	-1	
4	1	132	1	1	0	2037	685	115	24	-1	
5	1	132	1	1	1	2037	685	115	24	95.350456	465,614.00
2	1	133	0	0	0	2228	685	113	24	-1	
3	1	133	1	0	0	2228	685	113	24	-1	
4	1	133	1	1	0	2228	685	113	24	-1	
5	1	133	1	1	1	2228	685	113	24	96.979485	135,560.00
2	1	134	0	0	0	2368	685	10	22	-1	
3	1	134	1	0	0	2368	685	10	22	-1	
4	1	134	1	1	0	2368	685	10	22	-1	
5	1	134	1	1	1	2368	685	10	22	76.749664	$
2	1	135	0	0	0	2420	685	89	24	-1	
3	1	135	1	0	0	2420	685	89	24	-1	
4	1	135	1	1	0	2420	685	89	24	-1	
5	1	135	1	1	1	2420	685	89	24	96.915352	4,000.00
2	1	136	0	0	0	2536	684	11	23	-1	
3	1	136	1	0	0	2536	684	11	23	-1	
4	1	136	1	1	0	2536	684	11	23	-1	
5	1	136	1	1	1	2536	684	11	23	88.883636	$
2	1	137	0	0	0	2745	685	134	24	-1	
3	1	137	1	0	0	2745	685	134	24	-1	
4	1	137	1	1	0	2745	685	134	24	-1	
5	1	137	1	1	1	2745	685	134	24	92.695206	4,988,236.00
2	1	138	0	0	0	2955	685	110	23	-1	
3	1	138	1	0	0	2955	685	110	23	-1	
4	1	138	1	1	0	2955	685	110	23	-1	
5	1	138	1	1	1	2955	685	110	23	90.582085	157,512.11
2	1	139	0	0	0	259	722	117	20	-1	
3	1	139	1	0	0	259	722	117	20	-1	
4	1	139	1	1	0	259	722	117	20	-1	
5	1	139	1	1	1	259	722	80	20	95.862991	DeAnda
5	1	139	1	1	2	349	722	27	20	96.766548	ES
2	1	140	0	0	0	606	722	37	20	-1	
3	1	140	1	0	0	606	722	37	20	-1	
4	1	140	1	1	0	606	722	37	20	-1	
5	1	140	1	1	1	606	722	37	20	96.582481	383
2	1	141	0	0	0	748	722	94	20	-1	
3	1	141	1	0	0	748	722	94	20	-1	
4	1	141	1	1	0	748	722	94	20	-1	
5	1	141	1	1	1	748	722	94	20	91.163223	Non-NES
2	1	142	0	0	0	964	722	115	25	-1	
3	1	142	1	0	0	964	722	115	25	-1	
4	1	142	1	1	0	964	722	115	25	-1	
5	1	142	1	1	1	964	722	115	25	96.263077	Elementary
2	1	143	0	0	0	1132	722	79	20	-1	
3	1	143	1	0	0	1132	722	79	20	-1	
4	1	143	1	1	0	1132	722	79	20	-1	
5	1	143	1	1	1	1132	722	79	20	96.585243	SOUTH
2	1	144	0	0	0	1276	722	114	25	-1	
3	1	144	1	0	0	1276	722	114	25	-1	
4	1	144	1	1	0	1276	722	114	25	-1	
5	1	144	1	1	1	1276	722	76	25	96.425621	Sterling
5	1	144	1	1	2	1362	722	28	20	96.316826	HS
2	1	145	0	0	0	1689	722	38	20	-1	
3	1	145	1	0	0	1689	722	38	20	-1	
4	1	145	1	1	0	1689	722	38	20	-1	
5	1	145	1	1	1	1689	722	38	20	96.976532	687
2	1	146	0	0	0	1795	722	134	24	-1	
3	1	146	1	0	0	1795	722	134	24	-1	
4	1	146	1	1	0	1795	722	134	24	-1	
5	1	146	1	1	1	1795	722	134	24	92.024033	4,376,465.00
2	1	147	0	0	0	2037	722	115	24	-1	
3	1	147	1	0	0	2037	722	115	24	-1	
4	1	147	1	1	0	2037	722	115	24	-1	
5	1	147	1	1	1	2037	722	115	24	96.782127	211,943.00
2	1	148	0	0	0	2239	722	102	24	-1	
3	1	148	1	0	0	2239	722	102	24	-1	
4	1	148	1	1	0	2239	722	102	24	-1	
5	1	148	1	1	1	2239	722	102	24	96.742088	95,616.00
2	1	149	0	0	0	2368	722	11	22	-1	
3	1	149	1	0	0	2368	722	11	22	-1	
4	1	149	1	1	0	2368	722	11	22	-1	
5	1	149	1	1	1	2368	722	11	22	23.893806	8
2	1	150	0	0	0	2420	722	89	24	-1	
3	1	150	1	0	0	2420	722	89	24	-1	
4	1	150	1	1	0	2420	722	89	24	-1	
5	1	150	1	1	1	2420	722	89	24	96.952347	2,000.00
2	1	151	0	0	0	2536	721	11	23	-1	
3	1	151	1	0	0	2536	721	11	23	-1	
4	1	151	1	1	0	2536	721	11	23	-1	
5	1	151	1	1	1	2536	721	11	23	83.686752	$
2	1	152	0	0	0	2577	722	100	24	-1	
3	1	152	1	0	0	2577	722	100	24	-1	
4	1	152	1	1	0	2577	722	100	24	-1	
5	1	152	1	1	1	2577	722	100	24	96.917801	10,370.00
2	1	153	0	0	0	2745	722	135	24	-1	
3	1	153	1	0	0	2745	722	135	24	-1	
4	1	153	1	1	0	2745	722	135	24	-1	
5	1	153	1	1	1	2745	722	135	24	91.995499	4,696,394.00
2	1	154	0	0	0	2953	723	115	23	-1	
3	1	154	1	0	0	2953	723	115	23	-1	
4	1	154	1	1	0	2953	723	115	23	-1	
5	1	154	1	1	1	2953	723	115	23	96.881683	236,834.50
2	1	155	0	0	0	259	760	130	25	-1	
3	1	155	1	0	0	259	760	130	25	-1	
4	1	155	1	1	0	259	760	130	25	-1	
5	1	155	1	1	1	259	760	92	25	92.069084	DeBakey
5	1	155	1	1	2	360	760	29	20	96.461029	HS
2	1	156	0	0	0	606	760	37	19	-1	
3	1	156	1	0	0	606	760	37	19	-1	
4	1	156	1	1	0	606	760	37	19	-1	
5	1	156	1	1	1	606	760	37	19	96.579659	026
2	1	157	0	0	0	748	760	95	20	-1	
3	1	157	1	0	0	748	760	95	20	-1	
4	1	157	1	1	0	748	760	95	20	-1	
5	1	157	1	1	1	748	760	95	20	91.875458	Non-NES
2	1	158	0	0	0	964	759	122	26	-1	
3	1	158	1	0	0	964	759	122	26	-1	
4	1	158	1	1	0	964	759	122	26	-1	
5	1	158	1	1	1	964	760	45	25	96.932587	High
5	1	158	1	1	2	1018	759	68	21	96.005501	School
2	1	159	0	0	0	1131	760	108	20	-1	
3	1	159	1	0	0	1131	760	108	20	-1	
4	1	159	1	1	0	1131	760	108	20	-1	
5	1	159	1	1	1	1131	760	108	20	96.529228	CENTRAL
2	1	160	0	0	0	1276	760	103	20	-1	
3	1	160	1	0	0	1276	760	103	20	-1	
4	1	160	1	1	0	1276	760	103	20	-1	
5	1	160	1	1	1	1276	760	65	19	95.973976	Lamar
5	1	160	1	1	2	1350	760	29	20	96.644363	HS
2	1	161	0	0	0	1690	760	36	19	-1	
3	1	161	1	0	0	1690	760	36	19	-1	
4	1	161	1	1	0	1690	760	36	19	-1	
5	1	161	1	1	1	1690	760	36	19	96.831894	942
2	1	162	0	0	0	1795	760	134	23	-1	
3	1	162	1	0	0	1795	760	134	23	-1	
4	1	162	1	1	0	1795	760	134	23	-1	
5	1	162	1	1	1	1795	760	134	23	92.061653	6,162,215.00
2	1	163	0	0	0	2020	760	132	23	-1	
3	1	163	1	0	0	2020	760	132	23	-1	
4	1	163	1	1	0	2020	760	132	23	-1	
5	1	163	1	1	1	2020	760	132	23	90.860481	1,143,558.00
2	1	164	0	0	0	2226	760	115	23	-1	
3	1	164	1	0	0	2226	760	115	23	-1	
4	1	164	1	1	0	2226	760	115	23	-1	
5	1	164	1	1	1	2226	760	115	23	95.892036	310,517.00
2	1	165	0	0	0	2368	759	10	23	-1	
3	1	165	1	0	0	2368	759	10	23	-1	
4	1	165	1	1	0	2368	759	10	23	-1	
5	1	165	1	1	1	2368	759	10	23	67.253471	$
2	1	166	0	0	0	2407	760	102	23	-1	
3	1	166	1	0	0	2407	760	102	23	-1	
4	1	166	1	1	0	2407	760	102	23	-1	
5	1	166	1	1	1	2407	760	102	23	96.970070	23,000.00
2	1	167	0	0	0	2536	759	11	23	-1	
3	1	167	1	0	0	2536	759	11	23	-1	
4	1	167	1	1	0	2536	759	11	23	-1	
5	1	167	1	1	1	2536	759	11	23	86.554840	$
2	1	168	0	0	0	2589	760	88	23	-1	
3	1	168	1	0	0	2589	760	88	23	-1	
4	1	168	1	1	0	2589	760	88	23	-1	
5	1	168	1	1	1	2589	760	88	23	96.705208	9,420.00
2	1	169	0	0	0	2746	760	133	23	-1	
3	1	169	1	0	0	2746	760	133	23	-1	
4	1	169	1	1	0	2746	760	133	23	-1	
5	1	169	1	1	1	2746	760	133	23	92.376488	7,648,710.00
2	1	170	0	0	0	2955	760	113	23	-1	
3	1	170	1	0	0	2955	760	113	23	-1	
4	1	170	1	1	0	2955	760	113	23	-1	
5	1	170	1	1	1	2955	760	113	23	96.786430	126,699.83
2	1	171	0	0	0	259	797	134	20	-1	
3	1	171	1	0	0	259	797	134	20	-1	
4	1	171	1	1	0	259	797	134	20	-1	
5	1	171	1	1	1	259	797	96	20	92.663704	DeZavala
5	1	171	1	1	2	365	797	28	20	96.879005	ES
2	1	172	0	0	0	607	797	36	20	-1	
3	1	172	1	0	0	607	797	36	20	-1	
4	1	172	1	1	0	607	797	36	20	-1	
5	1	172	1	1	1	607	797	36	20	96.909721	138
2	1	173	0	0	0	748	797	45	20	-1	
3	1	173	1	0	0	748	797	45	20	-1	
4	1	173	1	1	0	748	797	45	20	-1	
5	1	173	1	1	1	748	797	45	20	96.530090	NES
2	1	174	0	0	0	964	797	115	25	-1	
3	1	174	1	0	0	964	797	115	25	-1	
4	1	174	1	1	0	964	797	115	25	-1	
5	1	174	1	1	1	964	797	115	25	96.232666	Elementary
2	1	175	0	0	0	1132	797	79	20	-1	
3	1	175	1	0	0	1132	797	79	20	-1	
4	1	175	1	1	0	1132	797	79	20	-1	
5	1	175	1	1	1	1132	797	79	20	96.400185	SOUTH
2	1	176	0	0	0	1277	797	88	25	-1	
3	1	176	1	0	0	1277	797	88	25	-1	
4	1	176	1	1	0	1277	797	88	25	-1	
5	1	176	1	1	1	1277	797	50	25	94.256912	Milby
5	1	176	1	1	2	1336	797	29	20	96.897659	HS
2	1	177	0	0	0	1689	797	38	20	-1	
3	1	177	1	0	0	1689	797	38	20	-1	
4	1	177	1	1	0	1689	797	38	20	-1	
5	1	177	1	1	1	1689	797	38	20	96.905952	240
2	1	178	0	0	0	1795	797	134	24	-1	
3	1	178	1	0	0	1795	797	134	24	-1	
4	1	178	1	1	0	1795	797	134	24	-1	
5	1	178	1	1	1	1795	797	134	24	91.719475	2,594,957.00
2	1	179	0	0	0	2039	797	113	24	-1	
3	1	179	1	0	0	2039	797	113	24	-1	
4	1	179	1	1	0	2039	797	113	24	-1	
5	1	179	1	1	1	2039	797	113	24	96.442497	163,048.00
2	1	180	0	0	0	2228	797	113	24	-1	
3	1	180	1	0	0	2228	797	113	24	-1	
4	1	180	1	1	0	2228	797	113	24	-1	
5	1	180	1	1	1	2228	797	113	24	96.257912	119,395.00
2	1	181	0	0	0	2420	797	89	24	-1	
3	1	181	1	0	0	2420	797	89	24	-1	
4	1	181	1	1	0	2420	797	89	24	-1	
5	1	181	1	1	1	2420	797	89	24	96.945854	2,000.00
2	1	182	0	0	0	2536	796	11	23	-1	
3	1	182	1	0	0	2536	796	11	23	-1	
4	1	182	1	1	0	2536	796	11	23	-1	
5	1	182	1	1	1	2536	796	11	23	86.849518	$
2	1	183	0	0	0	2645	808	7	3	-1	
3	1	183	1	0	0	2645	808	7	3	-1	
4	1	183	1	1	0	2645	808	7	3	-1	
5	1	183	1	1	1	2645	808	7	3	87.519112	-
2	1	184	0	0	0	2745	797	135	24	-1	
3	1	184	1	0	0	2745	797	135	24	-1	
4	1	184	1	1	0	2745	797	135	24	-1	
5	1	184	1	1	1	2745	797	135	24	92.795273	2,879,400.00
2	1	185	0	0	0	2967	797	101	23	-1	
3	1	185	1	0	0	2967	797	101	23	-1	
4	1	185	1	1	0	2967	797	101	23	-1	
5	1	185	1	1	1	2967	797	101	23	96.580322	90,658.52
2	1	186	0	0	0	2645	845	7	3	-1	
3	1	186	1	0	0	2645	845	7	3	-1	
4	1	186	1	1	0	2645	845	7	3	-1	
5	1	186	1	1	1	2645	845	7	3	87.519112	-
2	1	187	0	0	0	259	835	102	25	-1	
3	1	187	1	0	0	259	835	102	25	-1	
4	1	187	1	1	0	259	835	102	25	-1	
5	1	187	1	1	1	259	835	66	25	96.448921	Dogan
5	1	187	1	1	2	334	835	27	20	96.448921	ES
2	1	188	0	0	0	607	835	36	19	-1	
3	1	188	1	0	0	607	835	36	19	-1	
4	1	188	1	1	0	607	835	36	19	-1	
5	1	188	1	1	1	607	835	36	19	96.596039	140
2	1	189	0	0	0	748	834	44	21	-1	
3	1	189	1	0	0	748	834	44	21	-1	
4	1	189	1	1	0	748	834	44	21	-1	
5	1	189	1	1	1	748	834	44	21	96.525047	NES
2	1	190	0	0	0	964	834	115	26	-1	
3	1	190	1	0	0	964	834	115	26	-1	
4	1	190	1	1	0	964	834	115	26	-1	
5	1	190	1	1	1	964	834	115	26	96.581917	Elementary
2	1	191	0	0	0	1132	835	107	20	-1	
3	1	191	1	0	0	1132	835	107	20	-1	
4	1	191	1	1	0	1132	835	107	20	-1	
5	1	191	1	1	1	1132	835	107	20	96.111465	CENTRAL
2	1	192	0	0	0	1275	834	134	26	-1	
3	1	192	1	0	0	1275	834	134	26	-1	
4	1	192	1	1	0	1275	834	134	26	-1	
5	1	192	1	1	1	1275	834	96	26	96.555580	Wheatley
5	1	192	1	1	2	1380	834	29	21	96.324371	HS
2	1	193	0	0	0	1689	835	37	19	-1	
3	1	193	1	0	0	1689	835	37	19	-1	
4	1	193	1	1	0	1689	835	37	19	-1	
5	1	193	1	1	1	1689	835	37	19	96.468445	426
2	1	194	0	0	0	1795	835	134	23	-1	
3	1	194	1	0	0	1795	835	134	23	-1	
4	1	194	1	1	0	1795	835	134	23	-1	
5	1	194	1	1	1	1795	835	134	23	92.667442	3,552,153.00
2	1	195	0	0	0	2039	835	113	23	-1	
3	1	195	1	0	0	2039	835	113	23	-1	
4	1	195	1	1	0	2039	835	113	23	-1	
5	1	195	1	1	1	2039	835	113	23	96.519073	188,715.00
2	1	196	0	0	0	2228	835	113	23	-1	
3	1	196	1	0	0	2228	835	113	23	-1	
4	1	196	1	1	0	2228	835	113	23	-1	
5	1	196	1	1	1	2228	835	113	23	96.817650	145,800.00
2	1	197	0	0	0	2420	835	89	23	-1	
3	1	197	1	0	0	2420	835	89	23	-1	
4	1	197	1	1	0	2420	835	89	23	-1	
5	1	197	1	1	1	2420	835	89	23	96.781998	2,000.00
2	1	198	0	0	0	2536	834	11	23	-1	
3	1	198	1	0	0	2536	834	11	23	-1	
4	1	198	1	1	0	2536	834	11	23	-1	
5	1	198	1	1	1	2536	834	11	23	88.198257	$
2	1	199	0	0	0	2746	835	134	23	-1	
3	1	199	1	0	0	2746	835	134	23	-1	
4	1	199	1	1	0	2746	835	134	23	-1	
5	1	199	1	1	1	2746	835	134	23	92.873512	3,888,668.00
2	1	200	0	0	0	2955	835	113	23	-1	
3	1	200	1	0	0	2955	835	113	23	-1	
4	1	200	1	1	0	2955	835	113	23	-1	
5	1	200	1	1	1	2955	835	113	23	96.791313	171,602.58
2	1	201	0	0	0	259	872	117	20	-1	
3	1	201	1	0	0	259	872	117	20	-1	
4	1	201	1	1	0	259	872	117	20	-1	
5	1	201	1	1	1	259	872	78	20	96.359085	Durham
5	1	201	1	1	2	348	872	28	20	96.925652	ES
2	1	202	0	0	0	607	872	36	20	-1	
3	1	202	1	0	0	607	872	36	20	-1	
4	1	202	1	1	0	607	872	36	20	-1	
5	1	202	1	1	1	607	872	36	20	96.452705	115
2	1	203	0	0	0	748	872	95	20	-1	
3	1	203	1	0	0	748	872	95	20	-1	
4	1	203	1	1	0	748	872	95	20	-1	
5	1	203	1	1	1	748	872	95	20	91.488991	Non-NES
2	1	204	0	0	0	964	872	115	25	-1	
3	1	204	1	0	0	964	872	115	25	-1	
4	1	204	1	1	0	964	872	115	25	-1	
5	1	204	1	1	1	964	872	115	25	96.127640	Elementary
2	1	205	0	0	0	1132	872	80	20	-1	
3	1	205	1	0	0	1132	872	80	20	-1	
4	1	205	1	1	0	1132	872	80	20	-1	
5	1	205	1	1	1	1132	872	80	20	96.577507	NORTH
2	1	206	0	0	0	1275	872	111	25	-1	
3	1	206	1	0	0	1275	872	111	25	-1	
4	1	206	1	1	0	1275	872	111	25	-1	
5	1	206	1	1	1	1275	872	72	25	95.640099	Waltrip
5	1	206	1	1	2	1357	872	29	20	96.583725	HS
2	1	207	0	0	0	1690	872	36	20	-1	
3	1	207	1	0	0	1690	872	36	20	-1	
4	1	207	1	1	0	1690	872	36	20	-1	
5	1	207	1	1	1	1690	872	36	20	96.989189	518
2	1	208	0	0	0	1795	872	134	24	-1	
3	1	208	1	0	0	1795	872	134	24	-1	
4	1	208	1	1	0	1795	872	134	24	-1	
5	1	208	1	1	1	1795	872	134	24	92.697220	3,172,413.00
2	1	209	0	0	0	2039	872	113	24	-1	
3	1	209	1	0	0	2039	872	113	24	-1	
4	1	209	1	1	0	2039	872	113	24	-1	
5	1	209	1	1	1	2039	872	113	24	96.736519	134,005.00
2	1	210	0	0	0	2239	872	102	24	-1	
3	1	210	1	0	0	2239	872	102	24	-1	
4	1	210	1	1	0	2239	872	102	24	-1	
5	1	210	1	1	1	2239	872	102	24	96.913826	54,708.00
2	1	211	0	0	0	2477	883	7	3	-1	
3	1	211	1	0	0	2477	883	7	3	-1	
4	1	211	1	1	0	2477	883	7	3	-1	
5	1	211	1	1	1	2477	883	7	3	87.519112	-
2	1	212	0	0	0	2536	871	11	23	-1	
3	1	212	1	0	0	2536	871	11	23	-1	
4	1	212	1	1	0	2536	871	11	23	-1	
5	1	212	1	1	1	2536	871	11	23	87.665871	$
2	1	213	0	0	0	2589	872	88	24	-1	
3	1	213	1	0	0	2589	872	88	24	-1	
4	1	213	1	1	0	2589	872	88	24	-1	
5	1	213	1	1	1	2589	872	88	24	96.610458	5,180.00
2	1	214	0	0	0	2746	872	133	24	-1	
3	1	214	1	0	0	2746	872	133	24	-1	
4	1	214	1	1	0	2746	872	133	24	-1	
5	1	214	1	1	1	2746	872	133	24	91.800735	3,366,306.00
2	1	215	0	0	0	2955	872	113	23	-1	
3	1	215	1	0	0	2955	872	113	23	-1	
4	1	215	1	1	0	2955	872	113	23	-1	
5	1	215	1	1	1	2955	872	113	23	96.735977	113,022.89
2	1	216	0	0	0	2645	920	7	3	-1	
3	1	216	1	0	0	2645	920	7	3	-1	
4	1	216	1	1	0	2645	920	7	3	-1	
5	1	216	1	1	1	2645	920	7	3	87.519112	-
2	1	217	0	0	0	259	909	109	21	-1	
3	1	217	1	0	0	259	909	109	21	-1	
4	1	217	1	1	0	259	909	109	21	-1	
5	1	217	1	1	1	259	910	72	19	96.806259	Durkee
5	1	217	1	1	2	341	909	27	21	96.837601	ES
2	1	218	0	0	0	607	910	37	19	-1	
3	1	218	1	0	0	607	910	37	19	-1	
4	1	218	1	1	0	607	910	37	19	-1	
5	1	218	1	1	1	607	910	37	19	96.774986	144
2	1	219	0	0	0	748	909	44	21	-1	
3	1	219	1	0	0	748	909	44	21	-1	
4	1	219	1	1	0	748	909	44	21	-1	
5	1	219	1	1	1	748	909	44	21	95.982872	NES
2	1	220	0	0	0	964	909	115	26	-1	
3	1	220	1	0	0	964	909	115	26	-1	
4	1	220	1	1	0	964	909	115	26	-1	
5	1	220	1	1	1	964	909	115	26	96.506996	Elementary
2	1	221	0	0	0	1133	909	79	21	-1	
3	1	221	1	0	0	1133	909	79	21	-1	
4	1	221	1	1	0	1133	909	79	21	-1	
5	1	221	1	1	1	1133	909	79	21	96.116447	NORTH
2	1	222	0	0	0	1277	909	194	21	-1	
3	1	222	1	0	0	1277	909	194	21	-1	
4	1	222	1	1	0	1277	909	194	21	-1	
5	1	222	1	1	1	1277	910	83	19	93.243431	Houston
5	1	222	1	1	2	1370	909	63	21	91.459755	MSTC
5	1	222	1	1	3	1443	909	28	21	96.955757	HS
2	1	223	0	0	0	1689	910	38	19	-1	
3	1	223	1	0	0	1689	910	38	19	-1	
4	1	223	1	1	0	1689	910	38	19	-1	
5	1	223	1	1	1	1689	910	38	19	96.801079	414
2	1	224	0	0	0	1795	910	134	23	-1	
3	1	224	1	0	0	1795	910	134	23	-1	
4	1	224	1	1	0	1795	910	134	23	-1	
5	1	224	1	1	1	1795	910	134	23	92.417007	3,465,815.00
2	1	225	0	0	0	2037	910	115	23	-1	
3	1	225	1	0	0	2037	910	115	23	-1	
4	1	225	1	1	0	2037	910	115	23	-1	
5	1	225	1	1	1	2037	910	115	23	96.715439	231,923.00
2	1	226	0	0	0	2228	910	113	23	-1	
3	1	226	1	0	0	2228	910	113	23	-1	
4	1	226	1	1	0	2228	910	113	23	-1	
5	1	226	1	1	1	2228	910	113	23	96.281708	140,400.00
2	1	227	0	0	0	2420	910	89	23	-1	
3	1	227	1	0	0	2420	910	89	23	-1	
4	1	227	1	1	0	2420	910	89	23	-1	
5	1	227	1	1	1	2420	910	89	23	96.830849	2,000.00
2	1	228	0	0	0	2536	909	11	23	-1	
3	1	228	1	0	0	2536	909	11	23	-1	
4	1	228	1	1	0	2536	909	11	23	-1	
5	1	228	1	1	1	2536	909	11	23	88.561104	$
2	1	229	0	0	0	2746	910	134	23	-1	
3	1	229	1	0	0	2746	910	134	23	-1	
4	1	229	1	1	0	2746	910	134	23	-1	
5	1	229	1	1	1	2746	910	134	23	92.021027	3,840,138.00
2	1	230	0	0	0	2955	910	114	23	-1	
3	1	230	1	0	0	2955	910	114	23	-1	
4	1	230	1	1	0	2955	910	114	23	-1	
5	1	230	1	1	1	2955	910	114	23	96.256645	153,203.74
2	1	231	0	0	0	259	947	122	20	-1	
3	1	231	1	0	0	259	947	122	20	-1	
4	1	231	1	1	0	259	947	122	20	-1	
5	1	231	1	1	1	259	947	45	19	96.196373	East
5	1	231	1	1	2	313	947	29	20	96.196373	EC
5	1	231	1	1	3	352	947	29	20	96.368813	HS
2	1	232	0	0	0	606	947	37	19	-1	
3	1	232	1	0	0	606	947	37	19	-1	
4	1	232	1	1	0	606	947	37	19	-1	
5	1	232	1	1	1	606	947	37	19	96.632782	345
2	1	233	0	0	0	748	947	95	20	-1	
3	1	233	1	0	0	748	947	95	20	-1	
4	1	233	1	1	0	748	947	95	20	-1	
5	1	233	1	1	1	748	947	95	20	91.977951	Non-NES
2	1	234	0	0	0	964	946	122	26	-1	
3	1	234	1	0	0	964	946	122	26	-1	
4	1	234	1	1	0	964	946	122	26	-1	
5	1	234	1	1	1	964	947	45	25	96.820290	High
5	1	234	1	1	2	1018	946	68	21	96.034676	School
2	1	235	0	0	0	1132	947	107	20	-1	
3	1	235	1	0	0	1132	947	107	20	-1	
4	1	235	1	1	0	1132	947	107	20	-1	
5	1	235	1	1	1	1132	947	107	20	96.040634	CENTRAL
2	1	236	0	0	0	1274	946	102	21	-1	
3	1	236	1	0	0	1274	946	102	21	-1	
4	1	236	1	1	0	1274	946	102	21	-1	
5	1	236	1	1	1	1274	947	64	19	96.141289	Austin
5	1	236	1	1	2	1347	946	29	21	96.141289	HS
2	1	237	0	0	0	1689	947	37	19	-1	
3	1	237	1	0	0	1689	947	37	19	-1	
4	1	237	1	1	0	1689	947	37	19	-1	
5	1	237	1	1	1	1689	947	37	19	96.868896	448
2	1	238	0	0	0	1795	947	134	23	-1	
3	1	238	1	0	0	1795	947	134	23	-1	
4	1	238	1	1	0	1795	947	134	23	-1	
5	1	238	1	1	1	1795	947	134	23	90.367027	2,579,752.00
2	1	239	0	0	0	2039	947	113	23	-1	
3	1	239	1	0	0	2039	947	113	23	-1	
4	1	239	1	1	0	2039	947	113	23	-1	
5	1	239	1	1	1	2039	947	113	23	96.801163	131,625.00
2	1	240	0	0	0	2226	947	115	23	-1	
3	1	240	1	0	0	2226	947	115	23	-1	
4	1	240	1	1	0	2226	947	115	23	-1	
5	1	240	1	1	1	2226	947	115	23	96.250130	323,844.00
2	1	241	0	0	0	2420	947	89	23	-1	
3	1	241	1	0	0	2420	947	89	23	-1	
4	1	241	1	1	0	2420	947	89	23	-1	
5	1	241	1	1	1	2420	947	89	23	96.851166	8,000.00
2	1	242	0	0	0	2536	946	11	23	-1	
3	1	242	1	0	0	2536	946	11	23	-1	
4	1	242	1	1	0	2536	946	11	23	-1	
5	1	242	1	1	1	2536	946	11	23	85.545853	$
2	1	243	0	0	0	2588	947	89	23	-1	
3	1	243	1	0	0	2588	947	89	23	-1	
4	1	243	1	1	0	2588	947	89	23	-1	
5	1	243	1	1	1	2588	947	89	23	96.114204	4,480.00
2	1	244	0	0	0	2746	947	133	23	-1	
3	1	244	1	0	0	2746	947	133	23	-1	
4	1	244	1	1	0	2746	947	133	23	-1	
5	1	244	1	1	1	2746	947	133	23	92.331833	3,047,701.00
2	1	245	0	0	0	2955	947	113	23	-1	
3	1	245	1	0	0	2955	947	113	23	-1	
4	1	245	1	1	0	2955	947	113	23	-1	
5	1	245	1	1	1	2955	947	113	23	96.668137	133,271.06
2	1	246	0	0	0	259	984	198	20	-1	
3	1	246	1	0	0	259	984	198	20	-1	
4	1	246	1	1	0	259	984	198	20	-1	
5	1	246	1	1	1	259	984	99	20	96.402992	Eastwood
5	1	246	1	1	2	366	984	52	20	96.199753	Acad
5	1	246	1	1	3	428	984	29	20	96.199753	HS
2	1	247	0	0	0	606	984	34	20	-1	
3	1	247	1	0	0	606	984	34	20	-1	
4	1	247	1	1	0	606	984	34	20	-1	
5	1	247	1	1	1	606	984	34	20	96.928444	301
2	1	248	0	0	0	748	984	95	20	-1	
3	1	248	1	0	0	748	984	95	20	-1	
4	1	248	1	1	0	748	984	95	20	-1	
5	1	248	1	1	1	748	984	95	20	91.952255	Non-NES
2	1	249	0	0	0	964	984	122	25	-1	
3	1	249	1	0	0	964	984	122	25	-1	
4	1	249	1	1	0	964	984	122	25	-1	
5	1	249	1	1	1	964	984	45	25	96.993416	High
5	1	249	1	1	2	1018	984	68	20	96.798248	School
2	1	250	0	0	0	1132	984	107	20	-1	
3	1	250	1	0	0	1132	984	107	20	-1	
4	1	250	1	1	0	1132	984	107	20	-1	
5	1	250	1	1	1	1132	984	107	20	96.645111	CENTRAL
2	1	251	0	0	0	1274	984	102	20	-1	
3	1	251	1	0	0	1274	984	102	20	-1	
4	1	251	1	1	0	1274	984	102	20	-1	
5	1	251	1	1	1	1274	984	64	20	96.115219	Austin
5	1	251	1	1	2	1347	984	29	20	96.115219	HS
2	1	252	0	0	0	1690	984	37	20	-1	
3	1	252	1	0	0	1690	984	37	20	-1	
4	1	252	1	1	0	1690	984	37	20	-1	
5	1	252	1	1	1	1690	984	37	20	96.913864	336
2	1	253	0	0	0	1795	984	134	24	-1	
3	1	253	1	0	0	1795	984	134	24	-1	
4	1	253	1	1	0	1795	984	134	24	-1	
5	1	253	1	1	1	1795	984	134	24	92.032257	2,496,502.00
2	1	254	0	0	0	2039	984	113	24	-1	
3	1	254	1	0	0	2039	984	113	24	-1	
4	1	254	1	1	0	2039	984	113	24	-1	
5	1	254	1	1	1	2039	984	113	24	96.013397	125,446.00
2	1	255	0	0	0	2239	984	102	24	-1	
3	1	255	1	0	0	2239	984	102	24	-1	
4	1	255	1	1	0	2239	984	102	24	-1	
5	1	255	1	1	1	2239	984	102	24	96.603897	54,185.00
2	1	256	0	0	0	2420	984	89	24	-1	
3	1	256	1	0	0	2420	984	89	24	-1	
4	1	256	1	1	0	2420	984	89	24	-1	
5	1	256	1	1	1	2420	984	89	24	96.947090	5,000.00
2	1	257	0	0	0	2536	983	11	23	-1	
3	1	257	1	0	0	2536	983	11	23	-1	
4	1	257	1	1	0	2536	983	11	23	-1	
5	1	257	1	1	1	2536	983	11	23	79.602989	$
2	1	258	0	0	0	2589	984	88	24	-1	
3	1	258	1	0	0	2589	984	88	24	-1	
4	1	258	1	1	0	2589	984	88	24	-1	
5	1	258	1	1	1	2589	984	88	24	96.922272	3,730.00
2	1	259	0	0	0	2745	984	135	24	-1	
3	1	259	1	0	0	2745	984	135	24	-1	
4	1	259	1	1	0	2745	984	135	24	-1	
5	1	259	1	1	1	2745	984	135	24	90.692810	2,684,863.00
2	1	260	0	0	0	2967	984	101	23	-1	
3	1	260	1	0	0	2967	984	101	23	-1	
4	1	260	1	1	0	2967	984	101	23	-1	
5	1	260	1	1	1	2967	984	101	23	96.707130	95,812.07
2	1	261	0	0	0	259	1021	108	21	-1	
3	1	261	1	0	0	259	1021	108	21	-1	
4	1	261	1	1	0	259	1021	108	21	-1	
5	1	261	1	1	1	259	1022	68	19	95.898468	Edison
5	1	261	1	1	2	336	1021	31	21	95.898468	MS
2	1	262	0	0	0	606	1022	37	19	-1	
3	1	262	1	0	0	606	1022	37	19	-1	
4	1	262	1	1	0	606	1022	37	19	-1	
5	1	262	1	1	1	606	1022	37	19	96.687561	046
2	1	263	0	0	0	748	1021	44	21	-1	
3	1	263	1	0	0	748	1021	44	21	-1	
4	1	263	1	1	0	748	1021	44	21	-1	
5	1	263	1	1	1	748	1021	44	21	96.752449	NES
2	1	264	0	0	0	964	1021	142	21	-1	
3	1	264	1	0	0	964	1021	142	21	-1	
4	1	264	1	1	0	964	1021	142	21	-1	
5	1	264	1	1	1	964	1022	65	20	95.252563	Middle
5	1	264	1	1	2	1038	1021	68	21	96.339020	School
2	1	265	0	0	0	1132	1022	107	20	-1	
3	1	265	1	0	0	1132	1022	107	20	-1	
4	1	265	1	1	0	1132	1022	107	20	-1	
5	1	265	1	1	1	1132	1022	107	20	96.180344	CENTRAL
2	1	266	0	0	0	1274	1022	102	20	-1	
3	1	266	1	0	0	1274	1022	102	20	-1	
4	1	266	1	1	0	1274	1022	102	20	-1	
5	1	266	1	1	1	1274	1022	64	19	96.268906	Austin
5	1	266	1	1	2	1347	1022	29	20	96.535629	HS
2	1	267	0	0	0	1690	1022	37	19	-1	
3	1	267	1	0	0	1690	1022	37	19	-1	
4	1	267	1	1	0	1690	1022	37	19	-1	
5	1	267	1	1	1	1690	1022	37	19	96.699936	344
2	1	268	0	0	0	1795	1022	134	23	-1	
3	1	268	1	0	0	1795	1022	134	23	-1	
4	1	268	1	1	0	1795	1022	134	23	-1	
5	1	268	1	1	1	1795	1022	134	23	91.370728	4,336,235.00
2	1	269	0	0	0	2038	1022	114	23	-1	
3	1	269	1	0	0	2038	1022	114	23	-1	
4	1	269	1	1	0	2038	1022	114	23	-1	
5	1	269	1	1	1	2038	1022	114	23	96.841011	382,039.00
2	1	270	0	0	0	2228	1022	113	23	-1	
3	1	270	1	0	0	2228	1022	113	23	-1	
4	1	270	1	1	0	2228	1022	113	23	-1	
5	1	270	1	1	1	2228	1022	113	23	96.727074	123,080.00
2	1	271	0	0	0	2420	1022	89	23	-1	
3	1	271	1	0	0	2420	1022	89	23	-1	
4	1	271	1	1	0	2420	1022	89	23	-1	
5	1	271	1	1	1	2420	1022	89	23	96.691284	4,000.00
2	1	272	0	0	0	2536	1021	11	23	-1	
3	1	272	1	0	0	2536	1021	11	23	-1	
4	1	272	1	1	0	2536	1021	11	23	-1	
5	1	272	1	1	1	2536	1021	11	23	70.774055	$
2	1	273	0	0	0	2645	1033	7	3	-1	
3	1	273	1	0	0	2645	1033	7	3	-1	
4	1	273	1	1	0	2645	1033	7	3	-1	
5	1	273	1	1	1	2645	1033	7	3	87.519112	-
2	1	274	0	0	0	2745	1022	134	23	-1	
3	1	274	1	0	0	2745	1022	134	23	-1	
4	1	274	1	1	0	2745	1022	134	23	-1	
5	1	274	1	1	1	2745	1022	134	23	87.857521	4,845,354.00
2	1	275	0	0	0	2955	1022	113	23	-1	
3	1	275	1	0	0	2955	1022	113	23	-1	
4	1	275	1	1	0	2955	1022	113	23	-1	
5	1	275	1	1	1	2955	1022	113	23	96.907845	150,574.72
2	1	276	0	0	0	2645	1070	7	3	-1	
3	1	276	1	0	0	2645	1070	7	3	-1	
4	1	276	1	1	0	2645	1070	7	3	-1	
5	1	276	1	1	1	2645	1070	7	3	87.519112	-
2	1	277	0	0	0	259	1059	79	20	-1	
3	1	277	1	0	0	259	1059	79	20	-1	
4	1	277	1	1	0	259	1059	79	20	-1	
5	1	277	1	1	1	259	1059	42	20	93.106094	Eliot
5	1	277	1	1	2	311	1059	27	20	96.830528	ES
2	1	278	0	0	0	607	1059	36	20	-1	
3	1	278	1	0	0	607	1059	36	20	-1	
4	1	278	1	1	0	607	1059	36	20	-1	
5	1	278	1	1	1	607	1059	36	20	96.629135	147
2	1	279	0	0	0	748	1059	44	20	-1	
3	1	279	1	0	0	748	1059	44	20	-1	
4	1	279	1	1	0	748	1059	44	20	-1	
5	1	279	1	1	1	748	1059	44	20	95.132370	NES
2	1	280	0	0	0	964	1059	115	25	-1	
3	1	280	1	0	0	964	1059	115	25	-1	
4	1	280	1	1	0	964	1059	115	25	-1	
5	1	280	1	1	1	964	1059	115	25	96.389526	Elementary
2	1	281	0	0	0	1131	1059	108	20	-1	
3	1	281	1	0	0	1131	1059	108	20	-1	
4	1	281	1	1	0	1131	1059	108	20	-1	
5	1	281	1	1	1	1131	1059	108	20	96.109673	CENTRAL
2	1	282	0	0	0	1275	1059	134	25	-1	
3	1	282	1	0	0	1275	1059	134	25	-1	
4	1	282	1	1	0	1275	1059	134	25	-1	
5	1	282	1	1	1	1275	1059	96	25	95.847588	Wheatley
5	1	282	1	1	2	1380	1059	29	20	96.518829	HS
2	1	283	0	0	0	1689	1059	38	20	-1	
3	1	283	1	0	0	1689	1059	38	20	-1	
4	1	283	1	1	0	1689	1059	38	20	-1	
5	1	283	1	1	1	1689	1059	38	20	95.788788	446
2	1	284	0	0	0	1795	1059	134	24	-1	
3	1	284	1	0	0	1795	1059	134	24	-1	
4	1	284	1	1	0	1795	1059	134	24	-1	
5	1	284	1	1	1	1795	1059	134	24	91.750877	3,959,306.00
2	1	285	0	0	0	2038	1059	114	24	-1	
3	1	285	1	0	0	2038	1059	114	24	-1	
4	1	285	1	1	0	2038	1059	114	24	-1	
5	1	285	1	1	1	2038	1059	114	24	96.851151	332,375.00
2	1	286	0	0	0	2228	1059	113	24	-1	
3	1	286	1	0	0	2228	1059	113	24	-1	
4	1	286	1	1	0	2228	1059	113	24	-1	
5	1	286	1	1	1	2228	1059	113	24	96.732460	153,000.00
2	1	287	0	0	0	2420	1059	89	24	-1	
3	1	287	1	0	0	2420	1059	89	24	-1	
4	1	287	1	1	0	2420	1059	89	24	-1	
5	1	287	1	1	1	2420	1059	89	24	96.941574	2,000.00
2	1	288	0	0	0	2536	1059	11	22	-1	
3	1	288	1	0	0	2536	1059	11	22	-1	
4	1	288	1	1	0	2536	1059	11	22	-1	
5	1	288	1	1	1	2536	1059	11	22	62.215378	$
2	1	289	0	0	0	2745	1059	134	24	-1	
3	1	289	1	0	0	2745	1059	134	24	-1	
4	1	289	1	1	0	2745	1059	134	24	-1	
5	1	289	1	1	1	2745	1059	134	24	90.592216	4,446,681.00
2	1	290	0	0	0	2955	1059	114	23	-1	
3	1	290	1	0	0	2955	1059	114	23	-1	
4	1	290	1	1	0	2955	1059	114	23	-1	
5	1	290	1	1	1	2955	1059	114	23	93.029106	170,887.17
2	1	291	0	0	0	259	1096	108	21	-1	
3	1	291	1	0	0	259	1096	108	21	-1	
4	1	291	1	1	0	259	1096	108	21	-1	
5	1	291	1	1	1	259	1096	71	20	96.043152	Elmore
5	1	291	1	1	2	340	1096	27	21	96.655365	ES
2	1	292	0	0	0	606	1097	37	19	-1	
3	1	292	1	0	0	606	1097	37	19	-1	
4	1	292	1	1	0	606	1097	37	19	-1	
5	1	292	1	1	1	606	1097	37	19	95.758087	475
2	1	293	0	0	0	748	1096	44	21	-1	
3	1	293	1	0	0	748	1096	44	21	-1	
4	1	293	1	1	0	748	1096	44	21	-1	
5	1	293	1	1	1	748	1096	44	21	96.643112	NES
2	1	294	0	0	0	964	1096	115	26	-1	
3	1	294	1	0	0	964	1096	115	26	-1	
4	1	294	1	1	0	964	1096	115	26	-1	
5	1	294	1	1	1	964	1096	115	26	96.889458	Elementary
2	1	295	0	0	0	1133	1096	79	21	-1	
3	1	295	1	0	0	1133	1096	79	21	-1	
4	1	295	1	1	0	1133	1096	79	21	-1	
5	1	295	1	1	1	1133	1096	79	21	96.778709	NORTH
2	1	296	0	0	0	1277	1097	141	20	-1	
3	1	296	1	0	0	1277	1097	141	20	-1	
4	1	296	1	1	0	1277	1097	141	20	-1	
5	1	296	1	1	1	1277	1097	103	19	92.481308	Kashmere
5	1	296	1	1	2	1390	1097	28	20	96.851013	HS
2	1	297	0	0	0	1690	1097	37	19	-1	
3	1	297	1	0	0	1690	1097	37	19	-1	
4	1	297	1	1	0	1690	1097	37	19	-1	
5	1	297	1	1	1	1690	1097	37	19	96.673370	377
2	1	298	0	0	0	1795	1097	134	23	-1	
3	1	298	1	0	0	1795	1097	134	23	-1	
4	1	298	1	1	0	1795	1097	134	23	-1	
5	1	298	1	1	1	1795	1097	134	23	92.691696	3,812,636.00
2	1	299	0	0	0	2037	1097	115	23	-1	
3	1	299	1	0	0	2037	1097	115	23	-1	
4	1	299	1	1	0	2037	1097	115	23	-1	
5	1	299	1	1	1	2037	1097	115	23	95.506256	281,512.00
2	1	300	0	0	0	2228	1097	113	23	-1	
3	1	300	1	0	0	2228	1097	113	23	-1	
4	1	300	1	1	0	2228	1097	113	23	-1	
5	1	300	1	1	1	2228	1097	113	23	96.737724	131,100.00
2	1	301	0	0	0	2420	1097	89	23	-1	
3	1	301	1	0	0	2420	1097	89	23	-1	
4	1	301	1	1	0	2420	1097	89	23	-1	
5	1	301	1	1	1	2420	1097	89	23	96.523674	2,000.00
2	1	302	0	0	0	2536	1096	11	23	-1	
3	1	302	1	0	0	2536	1096	11	23	-1	
4	1	302	1	1	0	2536	1096	11	23	-1	
5	1	302	1	1	1	2536	1096	11	23	74.363426	$
2	1	303	0	0	0	2645	1107	7	3	-1	
3	1	303	1	0	0	2645	1107	7	3	-1	
4	1	303	1	1	0	2645	1107	7	3	-1	
5	1	303	1	1	1	2645	1107	7	3	87.519112	-
2	1	304	0	0	0	2745	1097	135	23	-1	
3	1	304	1	0	0	2745	1097	135	23	-1	
4	1	304	1	1	0	2745	1097	135	23	-1	
5	1	304	1	1	1	2745	1097	135	23	91.688843	4,227,248.00
2	1	305	0	0	0	2955	1097	113	23	-1	
3	1	305	1	0	0	2955	1097	113	23	-1	
4	1	305	1	1	0	2955	1097	113	23	-1	
5	1	305	1	1	1	2955	1097	113	23	96.795059	168,722.33
2	1	306	0	0	0	259	1134	88	20	-1	
3	1	306	1	0	0	259	1134	88	20	-1	
4	1	306	1	1	0	259	1134	88	20	-1	
5	1	306	1	1	1	259	1134	51	20	95.804138	Elrod
5	1	306	1	1	2	320	1134	27	20	96.956543	ES
2	1	307	0	0	0	607	1134	36	20	-1	
3	1	307	1	0	0	607	1134	36	20	-1	
4	1	307	1	1	0	607	1134	36	20	-1	
5	1	307	1	1	1	607	1134	36	20	96.752480	148
2	1	308	0	0	0	748	1134	95	20	-1	
3	1	308	1	0	0	748	1134	95	20	-1	
4	1	308	1	1	0	748	1134	95	20	-1	
5	1	308	1	1	1	748	1134	95	20	91.470367	Non-NES
2	1	309	0	0	0	964	1134	115	25	-1	
3	1	309	1	0	0	964	1134	115	25	-1	
4	1	309	1	1	0	964	1134	115	25	-1	
5	1	309	1	1	1	964	1134	115	25	96.455353	Elementary
2	1	310	0	0	0	1131	1134	67	20	-1	
3	1	310	1	0	0	1131	1134	67	20	-1	
4	1	310	1	1	0	1131	1134	67	20	-1	
5	1	310	1	1	1	1131	1134	67	20	96.611305	WEST
2	1	311	0	0	0	1275	1134	136	25	-1	
3	1	311	1	0	0	1275	1134	136	25	-1	
4	1	311	1	1	0	1275	1134	136	25	-1	
5	1	311	1	1	1	1275	1134	98	25	96.164253	Westbury
5	1	311	1	1	2	1383	1134	28	20	96.723358	HS
2	1	312	0	0	0	1690	1134	36	20	-1	
3	1	312	1	0	0	1690	1134	36	20	-1	
4	1	312	1	1	0	1690	1134	36	20	-1	
5	1	312	1	1	1	1690	1134	36	20	96.882332	745
2	1	313	0	0	0	1795	1134	134	24	-1	
3	1	313	1	0	0	1795	1134	134	24	-1	
4	1	313	1	1	0	1795	1134	134	24	-1	
5	1	313	1	1	1	1795	1134	134	24	91.158936	4,637,033.00
2	1	314	0	0	0	2039	1134	113	24	-1	
3	1	314	1	0	0	2039	1134	113	24	-1	
4	1	314	1	1	0	2039	1134	113	24	-1	
5	1	314	1	1	1	2039	1134	113	24	90.853195	191,753.00
2	1	315	0	0	0	2228	1134	113	24	-1	
3	1	315	1	0	0	2228	1134	113	24	-1	
4	1	315	1	1	0	2228	1134	113	24	-1	
5	1	315	1	1	1	2228	1134	113	24	96.593826	157,328.00
2	1	316	0	0	0	2368	1134	10	22	-1	
3	1	316	1	0	0	2368	1134	10	22	-1	
4	1	316	1	1	0	2368	1134	10	22	-1	
5	1	316	1	1	1	2368	1134	10	22	76.476540	$
2	1	317	0	0	0	2396	1134	113	24	-1	
3	1	317	1	0	0	2396	1134	113	24	-1	
4	1	317	1	1	0	2396	1134	113	24	-1	
5	1	317	1	1	1	2396	1134	113	24	96.865250	186,450.00
2	1	318	0	0	0	2536	1134	11	22	-1	
3	1	318	1	0	0	2536	1134	11	22	-1	
4	1	318	1	1	0	2536	1134	11	22	-1	
5	1	318	1	1	1	2536	1134	11	22	73.339226	$
2	1	319	0	0	0	2564	1134	113	24	-1	
3	1	319	1	0	0	2564	1134	113	24	-1	
4	1	319	1	1	0	2564	1134	113	24	-1	
5	1	319	1	1	1	2564	1134	113	24	96.571106	169,750.00
2	1	320	0	0	0	2746	1134	133	24	-1	
3	1	320	1	0	0	2746	1134	133	24	-1	
4	1	320	1	1	0	2746	1134	133	24	-1	
5	1	320	1	1	1	2746	1134	133	24	91.985069	5,342,314.00
2	1	321	0	0	0	2953	1134	116	23	-1	
3	1	321	1	0	0	2953	1134	116	23	-1	
4	1	321	1	1	0	2953	1134	116	23	-1	
5	1	321	1	1	1	2953	1134	116	23	96.256493	281,843.79
2	1	322	0	0	0	259	1171	128	20	-1	
3	1	322	1	0	0	259	1171	128	20	-1	
4	1	322	1	1	0	259	1171	128	20	-1	
5	1	322	1	1	1	259	1171	91	20	96.571480	Emerson
5	1	322	1	1	2	360	1171	27	20	96.849319	ES
2	1	323	0	0	0	607	1171	36	20	-1	
3	1	323	1	0	0	607	1171	36	20	-1	
4	1	323	1	1	0	607	1171	36	20	-1	
5	1	323	1	1	1	607	1171	36	20	96.979202	149
2	1	324	0	0	0	748	1171	94	20	-1	
3	1	324	1	0	0	748	1171	94	20	-1	
4	1	324	1	1	0	748	1171	94	20	-1	
5	1	324	1	1	1	748	1171	94	20	91.445015	Non-NES
2	1	325	0	0	0	964	1171	115	25	-1	
3	1	325	1	0	0	964	1171	115	25	-1	
4	1	325	1	1	0	964	1171	115	25	-1	
5	1	325	1	1	1	964	1171	115	25	96.809448	Elementary
2	1	326	0	0	0	1131	1171	67	20	-1	
3	1	326	1	0	0	1131	1171	67	20	-1	
4	1	326	1	1	0	1131	1171	67	20	-1	
5	1	326	1	1	1	1131	1171	67	20	96.489288	WEST
2	1	327	0	0	0	1275	1171	181	24	-1	
3	1	327	1	0	0	1275	1171	181	24	-1	
4	1	327	1	1	0	1275	1171	181	24	-1	
5	1	327	1	1	1	1275	1171	89	24	93.297333	Wisdom,
5	1	327	1	1	2	1376	1171	41	20	91.105515	M.L.
5	1	327	1	1	3	1428	1171	28	20	96.429527	HS
2	1	328	0	0	0	1690	1171	37	20	-1	
3	1	328	1	0	0	1690	1171	37	20	-1	
4	1	328	1	1	0	1690	1171	37	20	-1	
5	1	328	1	1	1	1690	1171	37	20	96.980392	978
2	1	329	0	0	0	1795	1171	134	24	-1	
3	1	329	1	0	0	1795	1171	134	24	-1	
4	1	329	1	1	0	1795	1171	134	24	-1	
5	1	329	1	1	1	1795	1171	134	24	92.425545	5,437,663.00
2	1	330	0	0	0	2037	1171	115	24	-1	
3	1	330	1	0	0	2037	1171	115	24	-1	
4	1	330	1	1	0	2037	1171	115	24	-1	
5	1	330	1	1	1	2037	1171	115	24	96.962456	238,294.00
2	1	331	0	0	0	2226	1171	115	24	-1	
3	1	331	1	0	0	2226	1171	115	24	-1	
4	1	331	1	1	0	2226	1171	115	24	-1	
5	1	331	1	1	1	2226	1171	115	24	96.690704	304,128.00
2	1	332	0	0	0	2368	1171	11	22	-1	
3	1	332	1	0	0	2368	1171	11	22	-1	
4	1	332	1	1	0	2368	1171	11	22	-1	
5	1	332	1	1	1	2368	1171	11	22	30.151588	8
2	1	333	0	0	0	2407	1171	102	24	-1	
3	1	333	1	0	0	2407	1171	102	24	-1	
4	1	333	1	1	0	2407	1171	102	24	-1	
5	1	333	1	1	1	2407	1171	102	24	96.749359	24,000.00
2	1	334	0	0	0	2536	1171	11	22	-1	
3	1	334	1	0	0	2536	1171	11	22	-1	
4	1	334	1	1	0	2536	1171	11	22	-1	
5	1	334	1	1	1	2536	1171	11	22	29.837601	8
2	1	335	0	0	0	2588	1171	89	24	-1	
3	1	335	1	0	0	2588	1171	89	24	-1	
4	1	335	1	1	0	2588	1171	89	24	-1	
5	1	335	1	1	1	2588	1171	89	24	96.924606	9,780.00
2	1	336	0	0	0	2745	1171	135	24	-1	
3	1	336	1	0	0	2745	1171	135	24	-1	
4	1	336	1	1	0	2745	1171	135	24	-1	
5	1	336	1	1	1	2745	1171	135	24	92.931175	6,013,865.00
2	1	337	0	0	0	2954	1171	114	23	-1	
3	1	337	1	0	0	2954	1171	114	23	-1	
4	1	337	1	1	0	2954	1171	114	23	-1	
5	1	337	1	1	1	2954	1171	114	23	96.515816	373,273.78
2	1	338	0	0	0	1897	1220	7	3	-1	
3	1	338	1	0	0	1897	1220	7	3	-1	
4	1	338	1	1	0	1897	1220	7	3	-1	
5	1	338	1	1	1	1897	1220	7	3	87.519112	-
2	1	339	0	0	0	2308	1220	7	3	-1	
3	1	339	1	0	0	2308	1220	7	3	-1	
4	1	339	1	1	0	2308	1220	7	3	-1	
5	1	339	1	1	1	2308	1220	7	3	87.519112	-
2	1	340	0	0	0	2477	1220	7	3	-1	
3	1	340	1	0	0	2477	1220	7	3	-1	
4	1	340	1	1	0	2477	1220	7	3	-1	
5	1	340	1	1	1	2477	1220	7	3	87.519112	-
2	1	341	0	0	0	2645	1220	7	3	-1	
3	1	341	1	0	0	2645	1220	7	3	-1	
4	1	341	1	1	0	2645	1220	7	3	-1	
5	1	341	1	1	1	2645	1220	7	3	87.519112	-
2	1	342	0	0	0	259	1208	157	26	-1	
3	1	342	1	0	0	259	1208	157	26	-1	
4	1	342	1	1	0	259	1208	157	26	-1	
5	1	342	1	1	1	259	1209	101	25	95.444550	Energized
5	1	342	1	1	2	370	1208	46	21	96.763512	ECC
2	1	343	0	0	0	606	1209	37	19	-1	
3	1	343	1	0	0	606	1209	37	19	-1	
4	1	343	1	1	0	606	1209	37	19	-1	
5	1	343	1	1	1	606	1209	37	19	96.735176	350
2	1	344	0	0	0	747	1208	77	21	-1	
3	1	344	1	0	0	747	1208	77	21	-1	
4	1	344	1	1	0	747	1208	77	21	-1	
5	1	344	1	1	1	747	1208	77	21	96.843437	Charter
2	1	345	0	0	0	963	1209	77	20	-1	
3	1	345	1	0	0	963	1209	77	20	-1	
4	1	345	1	1	0	963	1209	77	20	-1	
5	1	345	1	1	1	963	1209	77	20	96.950409	Charter
2	1	346	0	0	0	1131	1209	54	19	-1	
3	1	346	1	0	0	1131	1209	54	19	-1	
4	1	346	1	1	0	1131	1209	54	19	-1	
5	1	346	1	1	1	1131	1209	54	19	96.173103	West
2	1	347	0	0	0	1277	1208	205	26	-1	
3	1	347	1	0	0	1277	1208	205	26	-1	
4	1	347	1	1	0	1277	1208	205	26	-1	
5	1	347	1	1	1	1277	1209	73	20	96.300667	Bellaire
5	1	347	1	1	2	1360	1209	45	25	95.952667	High
5	1	347	1	1	3	1414	1208	68	21	96.791832	School
2	1	348	0	0	0	1689	1209	37	19	-1	
3	1	348	1	0	0	1689	1209	37	19	-1	
4	1	348	1	1	0	1689	1209	37	19	-1	
5	1	348	1	1	1	1689	1209	37	19	96.669266	236
2	1	349	0	0	0	2020	1209	132	23	-1	
3	1	349	1	0	0	2020	1209	132	23	-1	
4	1	349	1	1	0	2020	1209	132	23	-1	
5	1	349	1	1	1	2020	1209	132	23	92.600853	1,294,121.00
2	1	350	0	0	0	2747	1209	133	23	-1	
3	1	350	1	0	0	2747	1209	133	23	-1	
4	1	350	1	1	0	2747	1209	133	23	-1	
5	1	350	1	1	1	2747	1209	133	23	92.664955	1,294,121.00
2	1	351	0	0	0	2967	1209	101	23	-1	
3	1	351	1	0	0	2967	1209	101	23	-1	
4	1	351	1	1	0	2967	1209	101	23	-1	
5	1	351	1	1	1	2967	1209	101	23	96.633965	73,342.26
2	1	352	0	0	0	259	1246	139	25	-1	
3	1	352	1	0	0	259	1246	139	25	-1	
4	1	352	1	1	0	259	1246	139	25	-1	
5	1	352	1	1	1	259	1246	101	25	95.989708	Energized
5	1	352	1	1	2	370	1246	28	20	95.989708	ES
2	1	353	0	0	0	606	1246	38	20	-1	
3	1	353	1	0	0	606	1246	38	20	-1	
4	1	353	1	1	0	606	1246	38	20	-1	
5	1	353	1	1	1	606	1246	38	20	96.590469	364
2	1	354	0	0	0	747	1246	77	20	-1	
3	1	354	1	0	0	747	1246	77	20	-1	
4	1	354	1	1	0	747	1246	77	20	-1	
5	1	354	1	1	1	747	1246	77	20	96.857445	Charter
2	1	355	0	0	0	963	1246	77	20	-1	
3	1	355	1	0	0	963	1246	77	20	-1	
4	1	355	1	1	0	963	1246	77	20	-1	
5	1	355	1	1	1	963	1246	77	20	96.578476	Charter
2	1	356	0	0	0	1131	1246	54	20	-1	
3	1	356	1	0	0	1131	1246	54	20	-1	
4	1	356	1	1	0	1131	1246	54	20	-1	
5	1	356	1	1	1	1131	1246	54	20	96.525993	West
2	1	357	0	0	0	1277	1246	205	25	-1	
3	1	357	1	0	0	1277	1246	205	25	-1	
4	1	357	1	1	0	1277	1246	205	25	-1	
5	1	357	1	1	1	1277	1246	74	20	94.787460	Bellaire
5	1	357	1	1	2	1360	1246	45	25	97.003448	High
5	1	357	1	1	3	1414	1246	68	20	96.501923	School
2	1	358	0	0	0	1690	1246	36	20	-1	
3	1	358	1	0	0	1690	1246	36	20	-1	
4	1	358	1	1	0	1690	1246	36	20	-1	
5	1	358	1	1	1	1690	1246	36	20	96.971527	739
2	1	359	0	0	0	1897	1257	7	3	-1	
3	1	359	1	0	0	1897	1257	7	3	-1	
4	1	359	1	1	0	1897	1257	7	3	-1	
5	1	359	1	1	1	1897	1257	7	3	87.519112	-
2	1	360	0	0	0	2018	1246	134	24	-1	
3	1	360	1	0	0	2018	1246	134	24	-1	
4	1	360	1	1	0	2018	1246	134	24	-1	
5	1	360	1	1	1	2018	1246	134	24	92.956284	5,240,407.00
2	1	361	0	0	0	2308	1257	7	3	-1	
3	1	361	1	0	0	2308	1257	7	3	-1	
4	1	361	1	1	0	2308	1257	7	3	-1	
5	1	361	1	1	1	2308	1257	7	3	87.519112	-
2	1	362	0	0	0	2477	1257	7	3	-1	
3	1	362	1	0	0	2477	1257	7	3	-1	
4	1	362	1	1	0	2477	1257	7	3	-1	
5	1	362	1	1	1	2477	1257	7	3	87.519112	-
2	1	363	0	0	0	2645	1257	7	3	-1	
3	1	363	1	0	0	2645	1257	7	3	-1	
4	1	363	1	1	0	2645	1257	7	3	-1	
5	1	363	1	1	1	2645	1257	7	3	87.519112	-
2	1	364	0	0	0	2746	1246	134	24	-1	
3	1	364	1	0	0	2746	1246	134	24	-1	
4	1	364	1	1	0	2746	1246	134	24	-1	
5	1	364	1	1	1	2746	1246	134	24	92.519463	5,240,407.00
2	1	365	0	0	0	2954	1246	114	23	-1	
3	1	365	1	0	0	2954	1246	114	23	-1	
4	1	365	1	1	0	2954	1246	114	23	-1	
5	1	365	1	1	1	2954	1246	114	23	92.831978	325,677.85
2	1	366	0	0	0	1897	1295	7	3	-1	
3	1	366	1	0	0	1897	1295	7	3	-1	
4	1	366	1	1	0	1897	1295	7	3	-1	
5	1	366	1	1	1	1897	1295	7	3	87.519112	-
2	1	367	0	0	0	2308	1295	7	3	-1	
3	1	367	1	0	0	2308	1295	7	3	-1	
4	1	367	1	1	0	2308	1295	7	3	-1	
5	1	367	1	1	1	2308	1295	7	3	87.519112	-
2	1	368	0	0	0	2477	1295	7	3	-1	
3	1	368	1	0	0	2477	1295	7	3	-1	
4	1	368	1	1	0	2477	1295	7	3	-1	
5	1	368	1	1	1	2477	1295	7	3	87.519112	-
2	1	369	0	0	0	2645	1295	7	3	-1	
3	1	369	1	0	0	2645	1295	7	3	-1	
4	1	369	1	1	0	2645	1295	7	3	-1	
5	1	369	1	1	1	2645	1295	7	3	87.519112	-
2	1	370	0	0	0	259	1283	142	26	-1	
3	1	370	1	0	0	259	1283	142	26	-1	
4	1	370	1	1	0	259	1283	142	26	-1	
5	1	370	1	1	1	259	1284	101	25	94.535599	Energized
5	1	370	1	1	2	370	1283	31	21	96.944122	MS
2	1	371	0	0	0	606	1284	37	19	-1	
3	1	371	1	0	0	606	1284	37	19	-1	
4	1	371	1	1	0	606	1284	37	19	-1	
5	1	371	1	1	1	606	1284	37	19	96.503029	342
2	1	372	0	0	0	747	1283	77	21	-1	
3	1	372	1	0	0	747	1283	77	21	-1	
4	1	372	1	1	0	747	1283	77	21	-1	
5	1	372	1	1	1	747	1283	77	21	96.776421	Charter
2	1	373	0	0	0	963	1284	77	20	-1	
3	1	373	1	0	0	963	1284	77	20	-1	
4	1	373	1	1	0	963	1284	77	20	-1	
5	1	373	1	1	1	963	1284	77	20	96.800636	Charter
2	1	374	0	0	0	1131	1284	54	19	-1	
3	1	374	1	0	0	1131	1284	54	19	-1	
4	1	374	1	1	0	1131	1284	54	19	-1	
5	1	374	1	1	1	1131	1284	54	19	96.293137	West
2	1	375	0	0	0	1277	1283	205	26	-1	
3	1	375	1	0	0	1277	1283	205	26	-1	
4	1	375	1	1	0	1277	1283	205	26	-1	
5	1	375	1	1	1	1277	1284	73	20	94.811501	Bellaire
5	1	375	1	1	2	1360	1284	45	25	96.494667	High
5	1	375	1	1	3	1414	1283	68	21	96.741364	School
2	1	376	0	0	0	1689	1284	38	19	-1	
3	1	376	1	0	0	1689	1284	38	19	-1	
4	1	376	1	1	0	1689	1284	38	19	-1	
5	1	376	1	1	1	1689	1284	38	19	96.868706	473
2	1	377	0	0	0	2018	1284	134	23	-1	
3	1	377	1	0	0	2018	1284	134	23	-1	
4	1	377	1	1	0	2018	1284	134	23	-1	
5	1	377	1	1	1	2018	1284	134	23	91.836227	3,194,045.00
2	1	378	0	0	0	2746	1284	133	23	-1	
3	1	378	1	0	0	2746	1284	133	23	-1	
4	1	378	1	1	0	2746	1284	133	23	-1	
5	1	378	1	1	1	2746	1284	133	23	92.896065	3,194,045.00
2	1	379	0	0	0	2955	1284	113	23	-1	
3	1	379	1	0	0	2955	1284	113	23	-1	
4	1	379	1	1	0	2955	1284	113	23	-1	
5	1	379	1	1	1	2955	1284	113	23	96.808342	193,033.04
2	1	380	0	0	0	259	1321	153	25	-1	
3	1	380	1	0	0	259	1321	153	25	-1	
4	1	380	1	1	0	259	1321	153	25	-1	
5	1	380	1	1	1	259	1321	71	25	96.244598	Energy
5	1	380	1	1	2	339	1321	35	20	95.959862	Inst
5	1	380	1	1	3	383	1321	29	20	95.709549	HS
2	1	381	0	0	0	606	1321	37	20	-1	
3	1	381	1	0	0	606	1321	37	20	-1	
4	1	381	1	1	0	606	1321	37	20	-1	
5	1	381	1	1	1	606	1321	37	20	96.344406	468
2	1	382	0	0	0	748	1321	95	20	-1	
3	1	382	1	0	0	748	1321	95	20	-1	
4	1	382	1	1	0	748	1321	95	20	-1	
5	1	382	1	1	1	748	1321	95	20	91.749527	Non-NES
2	1	383	0	0	0	964	1321	122	25	-1	
3	1	383	1	0	0	964	1321	122	25	-1	
4	1	383	1	1	0	964	1321	122	25	-1	
5	1	383	1	1	1	964	1321	45	25	96.977829	High
5	1	383	1	1	2	1017	1321	69	20	96.607880	School
2	1	384	0	0	0	1131	1321	80	20	-1	
3	1	384	1	0	0	1131	1321	80	20	-1	
4	1	384	1	1	0	1131	1321	80	20	-1	
5	1	384	1	1	1	1131	1321	80	20	95.612808	SOUTH
2	1	385	0	0	0	1274	1321	98	20	-1	
3	1	385	1	0	0	1274	1321	98	20	-1	
4	1	385	1	1	0	1274	1321	98	20	-1	
5	1	385	1	1	1	1274	1321	60	20	96.185600	Yates
5	1	385	1	1	2	1343	1321	29	20	96.481644	HS
2	1	386	0	0	0	1689	1321	38	20	-1	
3	1	386	1	0	0	1689	1321	38	20	-1	
4	1	386	1	1	0	1689	1321	38	20	-1	
5	1	386	1	1	1	1689	1321	38	20	96.836563	673
2	1	387	0	0	0	1795	1321	134	24	-1	
3	1	387	1	0	0	1795	1321	134	24	-1	
4	1	387	1	1	0	1795	1321	134	24	-1	
5	1	387	1	1	1	1795	1321	134	24	93.013016	3,972,529.00
2	1	388	0	0	0	2039	1321	113	24	-1	
3	1	388	1	0	0	2039	1321	113	24	-1	
4	1	388	1	1	0	2039	1321	113	24	-1	
5	1	388	1	1	1	2039	1321	113	24	96.851517	186,088.00
2	1	389	0	0	0	2226	1321	115	24	-1	
3	1	389	1	0	0	2226	1321	115	24	-1	
4	1	389	1	1	0	2226	1321	115	24	-1	
5	1	389	1	1	1	2226	1321	115	24	96.917969	278,797.00
2	1	390	0	0	0	2422	1321	87	24	-1	
3	1	390	1	0	0	2422	1321	87	24	-1	
4	1	390	1	1	0	2422	1321	87	24	-1	
5	1	390	1	1	1	2422	1321	87	24	96.957504	1,600.00
2	1	391	0	0	0	2588	1321	89	24	-1	
3	1	391	1	0	0	2588	1321	89	24	-1	
4	1	391	1	1	0	2588	1321	89	24	-1	
5	1	391	1	1	1	2588	1321	89	24	96.946220	6,950.00
2	1	392	0	0	0	2745	1321	134	24	-1	
3	1	392	1	0	0	2745	1321	134	24	-1	
4	1	392	1	1	0	2745	1321	134	24	-1	
5	1	392	1	1	1	2745	1321	134	24	91.352989	4,445,964.00
2	1	393	0	0	0	2955	1321	113	23	-1	
3	1	393	1	0	0	2955	1321	113	23	-1	
4	1	393	1	1	0	2955	1321	113	23	-1	
5	1	393	1	1	1	2955	1321	113	23	96.886459	107,051.66
2	1	394	0	0	0	1897	1369	7	3	-1	
3	1	394	1	0	0	1897	1369	7	3	-1	
4	1	394	1	1	0	1897	1369	7	3	-1	
5	1	394	1	1	1	1897	1369	7	3	87.519112	-
2	1	395	0	0	0	2308	1369	7	3	-1	
3	1	395	1	0	0	2308	1369	7	3	-1	
4	1	395	1	1	0	2308	1369	7	3	-1	
5	1	395	1	1	1	2308	1369	7	3	87.519112	-
2	1	396	0	0	0	2477	1369	7	3	-1	
3	1	396	1	0	0	2477	1369	7	3	-1	
4	1	396	1	1	0	2477	1369	7	3	-1	
5	1	396	1	1	1	2477	1369	7	3	87.519112	-
2	1	397	0	0	0	2645	1369	7	3	-1	
3	1	397	1	0	0	2645	1369	7	3	-1	
4	1	397	1	1	0	2645	1369	7	3	-1	
5	1	397	1	1	1	2645	1369	7	3	87.519112	-
2	1	398	0	0	0	259	1358	205	21	-1	
3	1	398	1	0	0	259	1358	205	21	-1	
4	1	398	1	1	0	259	1358	205	21	-1	
5	1	398	1	1	1	259	1358	85	21	91.042709	E-STEM
5	1	398	1	1	2	353	1358	73	21	96.542747	Central
5	1	398	1	1	3	436	1358	28	21	96.513580	HS
2	1	399	0	0	0	606	1359	34	19	-1	
3	1	399	1	0	0	606	1359	34	19	-1	
4	1	399	1	1	0	606	1359	34	19	-1	
5	1	399	1	1	1	606	1359	34	19	87.656754	321
2	1	400	0	0	0	747	1358	77	21	-1	
3	1	400	1	0	0	747	1358	77	21	-1	
4	1	400	1	1	0	747	1358	77	21	-1	
5	1	400	1	1	1	747	1358	77	21	96.855591	Charter
2	1	401	0	0	0	963	1359	77	20	-1	
3	1	401	1	0	0	963	1359	77	20	-1	
4	1	401	1	1	0	963	1359	77	20	-1	
5	1	401	1	1	1	963	1359	77	20	96.955078	Charter
2	1	402	0	0	0	1131	1359	54	19	-1	
3	1	402	1	0	0	1131	1359	54	19	-1	
4	1	402	1	1	0	1131	1359	54	19	-1	
5	1	402	1	1	1	1131	1359	54	19	96.288597	West
2	1	403	0	0	0	1276	1358	252	26	-1	
3	1	403	1	0	0	1276	1358	252	26	-1	
4	1	403	1	1	0	1276	1358	252	26	-1	
5	1	403	1	1	1	1276	1358	120	26	96.844742	Sharpstown
5	1	403	1	1	2	1406	1359	44	25	96.931374	High
5	1	403	1	1	3	1459	1358	69	21	96.309631	School
2	1	404	0	0	0	1689	1359	37	19	-1	
3	1	404	1	0	0	1689	1359	37	19	-1	
4	1	404	1	1	0	1689	1359	37	19	-1	
5	1	404	1	1	1	1689	1359	37	19	96.866943	473
2	1	405	0	0	0	2018	1359	134	23	-1	
3	1	405	1	0	0	2018	1359	134	23	-1	
4	1	405	1	1	0	2018	1359	134	23	-1	
5	1	405	1	1	1	2018	1359	134	23	92.942284	3,547,850.00
2	1	406	0	0	0	2746	1359	134	23	-1	
3	1	406	1	0	0	2746	1359	134	23	-1	
4	1	406	1	1	0	2746	1359	134	23	-1	
5	1	406	1	1	1	2746	1359	134	23	92.166145	3,547,850.00
2	1	407	0	0	0	2955	1359	113	23	-1	
3	1	407	1	0	0	2955	1359	113	23	-1	
4	1	407	1	1	0	2955	1359	113	23	-1	
5	1	407	1	1	1	2955	1359	113	23	96.777962	193,603.90
2	1	408	0	0	0	259	1395	188	21	-1	
3	1	408	1	0	0	259	1395	188	21	-1	
4	1	408	1	1	0	259	1395	188	21	-1	
5	1	408	1	1	1	259	1395	85	21	91.510056	E-STEM
5	1	408	1	1	2	353	1396	53	19	96.154060	West
5	1	408	1	1	3	416	1396	31	20	96.853279	MS
2	1	409	0	0	0	606	1396	37	19	-1	
3	1	409	1	0	0	606	1396	37	19	-1	
4	1	409	1	1	0	606	1396	37	19	-1	
5	1	409	1	1	1	606	1396	37	19	96.736168	390
2	1	410	0	0	0	747	1395	77	21	-1	
3	1	410	1	0	0	747	1395	77	21	-1	
4	1	410	1	1	0	747	1395	77	21	-1	
5	1	410	1	1	1	747	1395	77	21	96.850571	Charter
2	1	411	0	0	0	963	1396	77	20	-1	
3	1	411	1	0	0	963	1396	77	20	-1	
4	1	411	1	1	0	963	1396	77	20	-1	
5	1	411	1	1	1	963	1396	77	20	96.949638	Charter
2	1	412	0	0	0	1131	1396	54	19	-1	
3	1	412	1	0	0	1131	1396	54	19	-1	
4	1	412	1	1	0	1131	1396	54	19	-1	
5	1	412	1	1	1	1131	1396	54	19	96.590530	West
2	1	413	0	0	0	1276	1395	252	26	-1	
3	1	413	1	0	0	1276	1395	252	26	-1	
4	1	413	1	1	0	1276	1395	252	26	-1	
5	1	413	1	1	1	1276	1395	120	26	96.445625	Sharpstown
5	1	413	1	1	2	1406	1396	44	25	96.574432	High
5	1	413	1	1	3	1459	1396	69	20	96.399139	School
2	1	414	0	0	0	1690	1396	37	19	-1	
3	1	414	1	0	0	1690	1396	37	19	-1	
4	1	414	1	1	0	1690	1396	37	19	-1	
5	1	414	1	1	1	1690	1396	37	19	96.548950	317
2	1	415	0	0	0	1897	1407	7	3	-1	
3	1	415	1	0	0	1897	1407	7	3	-1	
4	1	415	1	1	0	1897	1407	7	3	-1	
5	1	415	1	1	1	1897	1407	7	3	87.519112	-
2	1	416	0	0	0	2018	1396	134	23	-1	
3	1	416	1	0	0	2018	1396	134	23	-1	
4	1	416	1	1	0	2018	1396	134	23	-1	
5	1	416	1	1	1	2018	1396	134	23	92.230202	2,136,098.00
2	1	417	0	0	0	2308	1407	7	3	-1	
3	1	417	1	0	0	2308	1407	7	3	-1	
4	1	417	1	1	0	2308	1407	7	3	-1	
5	1	417	1	1	1	2308	1407	7	3	87.519112	-
2	1	418	0	0	0	2477	1407	7	3	-1	
3	1	418	1	0	0	2477	1407	7	3	-1	
4	1	418	1	1	0	2477	1407	7	3	-1	
5	1	418	1	1	1	2477	1407	7	3	87.519112	-
2	1	419	0	0	0	2645	1407	7	3	-1	
3	1	419	1	0	0	2645	1407	7	3	-1	
4	1	419	1	1	0	2645	1407	7	3	-1	
5	1	419	1	1	1	2645	1407	7	3	87.519112	-
2	1	420	0	0	0	2745	1396	134	23	-1	
3	1	420	1	0	0	2745	1396	134	23	-1	
4	1	420	1	1	0	2745	1396	134	23	-1	
5	1	420	1	1	1	2745	1396	134	23	90.398880	2,136,098.00
2	1	421	0	0	0	2955	1396	113	23	-1	
3	1	421	1	0	0	2955	1396	113	23	-1	
4	1	421	1	1	0	2955	1396	113	23	-1	
5	1	421	1	1	1	2955	1396	113	23	96.696274	122,529.80
2	1	422	0	0	0	259	1433	118	20	-1	
3	1	422	1	0	0	259	1433	118	20	-1	
4	1	422	1	1	0	259	1433	118	20	-1	
5	1	422	1	1	1	259	1433	62	20	96.380730	Farias
5	1	422	1	1	2	331	1433	46	20	96.627449	ECC
2	1	423	0	0	0	606	1433	37	20	-1	
3	1	423	1	0	0	606	1433	37	20	-1	
4	1	423	1	1	0	606	1433	37	20	-1	
5	1	423	1	1	1	606	1433	37	20	96.739342	352
2	1	424	0	0	0	748	1433	95	20	-1	
3	1	424	1	0	0	748	1433	95	20	-1	
4	1	424	1	1	0	748	1433	95	20	-1	
5	1	424	1	1	1	748	1433	95	20	92.132523	Non-NES
2	1	425	0	0	0	964	1433	115	25	-1	
3	1	425	1	0	0	964	1433	115	25	-1	
4	1	425	1	1	0	964	1433	115	25	-1	
5	1	425	1	1	1	964	1433	115	25	96.142014	Elementary
2	1	426	0	0	0	1133	1433	79	20	-1	
3	1	426	1	0	0	1133	1433	79	20	-1	
4	1	426	1	1	0	1133	1433	79	20	-1	
5	1	426	1	1	1	1133	1433	79	20	96.111496	NORTH
2	1	427	0	0	0	1277	1433	195	20	-1	
3	1	427	1	0	0	1277	1433	195	20	-1	
4	1	427	1	1	0	1277	1433	195	20	-1	
5	1	427	1	1	1	1277	1433	83	20	93.150627	Houston
5	1	427	1	1	2	1370	1433	63	20	90.572525	MSTC
5	1	427	1	1	3	1443	1433	29	20	96.961906	HS
2	1	428	0	0	0	1690	1434	36	19	-1	
3	1	428	1	0	0	1690	1434	36	19	-1	
4	1	428	1	1	0	1690	1434	36	19	-1	
5	1	428	1	1	1	1690	1434	36	19	96.867676	389
2	1	429	0	0	0	1795	1433	134	24	-1	
3	1	429	1	0	0	1795	1433	134	24	-1	
4	1	429	1	1	0	1795	1433	134	24	-1	
5	1	429	1	1	1	1795	1433	134	24	92.922005	2,740,435.00
2	1	430	0	0	0	2039	1433	113	24	-1	
3	1	430	1	0	0	2039	1433	113	24	-1	
4	1	430	1	1	0	2039	1433	113	24	-1	
5	1	430	1	1	1	2039	1433	113	24	96.800987	127,011.00
2	1	431	0	0	0	2239	1433	102	24	-1	
3	1	431	1	0	0	2239	1433	102	24	-1	
4	1	431	1	1	0	2239	1433	102	24	-1	
5	1	431	1	1	1	2239	1433	102	24	96.811241	43,481.00
2	1	432	0	0	0	2420	1433	89	24	-1	
3	1	432	1	0	0	2420	1433	89	24	-1	
4	1	432	1	1	0	2420	1433	89	24	-1	
5	1	432	1	1	1	2420	1433	89	24	96.908058	2,500.00
2	1	433	0	0	0	2589	1433	88	24	-1	
3	1	433	1	0	0	2589	1433	88	24	-1	
4	1	433	1	1	0	2589	1433	88	24	-1	
5	1	433	1	1	1	2589	1433	88	24	96.697502	3,890.00
2	1	434	0	0	0	2745	1433	135	24	-1	
3	1	434	1	0	0	2745	1433	135	24	-1	
4	1	434	1	1	0	2745	1433	135	24	-1	
5	1	434	1	1	1	2745	1433	135	24	92.474892	2,917,317.00
2	1	435	0	0	0	2955	1433	113	23	-1	
3	1	435	1	0	0	2955	1433	113	23	-1	
4	1	435	1	1	0	2955	1433	113	23	-1	
5	1	435	1	1	1	2955	1433	113	23	96.810822	150,963.80
2	1	436	0	0	0	259	1471	84	20	-1	
3	1	436	1	0	0	259	1471	84	20	-1	
4	1	436	1	1	0	259	1471	84	20	-1	
5	1	436	1	1	1	259	1471	46	20	96.676529	Field
5	1	436	1	1	2	315	1471	28	20	96.879700	ES
2	1	437	0	0	0	607	1471	36	19	-1	
3	1	437	1	0	0	607	1471	36	19	-1	
4	1	437	1	1	0	607	1471	36	19	-1	
5	1	437	1	1	1	607	1471	36	19	96.914711	152
2	1	438	0	0	0	748	1471	94	20	-1	
3	1	438	1	0	0	748	1471	94	20	-1	
4	1	438	1	1	0	748	1471	94	20	-1	
5	1	438	1	1	1	748	1471	94	20	91.832565	Non-NES
2	1	439	0	0	0	964	1471	115	25	-1	
3	1	439	1	0	0	964	1471	115	25	-1	
4	1	439	1	1	0	964	1471	115	25	-1	
5	1	439	1	1	1	964	1471	115	25	96.432076	Elementary
2	1	440	0	0	0	1132	1471	107	20	-1	
3	1	440	1	0	0	1132	1471	107	20	-1	
4	1	440	1	1	0	1132	1471	107	20	-1	
5	1	440	1	1	1	1132	1471	107	20	96.223900	CENTRAL
2	1	441	0	0	0	1277	1470	114	26	-1	
3	1	441	1	0	0	1277	1470	114	26	-1	
4	1	441	1	1	0	1277	1470	114	26	-1	
5	1	441	1	1	1	1277	1471	75	25	96.484459	Heights
5	1	441	1	1	2	1363	1470	28	21	95.958282	HS
2	1	442	0	0	0	1690	1471	37	19	-1	
3	1	442	1	0	0	1690	1471	37	19	-1	
4	1	442	1	1	0	1690	1471	37	19	-1	
5	1	442	1	1	1	1690	1471	37	19	96.732819	547
2	1	443	0	0	0	1795	1471	134	23	-1	
3	1	443	1	0	0	1795	1471	134	23	-1	
4	1	443	1	1	0	1795	1471	134	23	-1	
5	1	443	1	1	1	1795	1471	134	23	92.498413	3,460,783.00
2	1	444	0	0	0	2039	1471	113	23	-1	
3	1	444	1	0	0	2039	1471	113	23	-1	
4	1	444	1	1	0	2039	1471	113	23	-1	
5	1	444	1	1	1	2039	1471	113	23	96.731621	198,736.00
2	1	445	0	0	0	2239	1471	102	23	-1	
3	1	445	1	0	0	2239	1471	102	23	-1	
4	1	445	1	1	0	2239	1471	102	23	-1	
5	1	445	1	1	1	2239	1471	102	23	96.890503	83,492.00
2	1	446	0	0	0	2420	1471	89	23	-1	
3	1	446	1	0	0	2420	1471	89	23	-1	
4	1	446	1	1	0	2420	1471	89	23	-1	
5	1	446	1	1	1	2420	1471	89	23	96.740997	5,200.00
2	1	447	0	0	0	2589	1471	88	23	-1	
3	1	447	1	0	0	2589	1471	88	23	-1	
4	1	447	1	1	0	2589	1471	88	23	-1	
5	1	447	1	1	1	2589	1471	88	23	96.617615	5,470.00
2	1	448	0	0	0	2746	1471	133	23	-1	
3	1	448	1	0	0	2746	1471	133	23	-1	
4	1	448	1	1	0	2746	1471	133	23	-1	
5	1	448	1	1	1	2746	1471	133	23	92.264458	3,753,681.00
2	1	449	0	0	0	2967	1471	102	23	-1	
3	1	449	1	0	0	2967	1471	102	23	-1	
4	1	449	1	1	0	2967	1471	102	23	-1	
5	1	449	1	1	1	2967	1471	102	23	95.956505	72,542.27
2	1	450	0	0	0	2645	1519	7	3	-1	
3	1	450	1	0	0	2645	1519	7	3	-1	
4	1	450	1	1	0	2645	1519	7	3	-1	
5	1	450	1	1	1	2645	1519	7	3	87.519112	-
2	1	451	0	0	0	259	1508	121	25	-1	
3	1	451	1	0	0	259	1508	121	25	-1	
4	1	451	1	1	0	259	1508	121	25	-1	
5	1	451	1	1	1	259	1508	79	25	96.306755	Fleming
5	1	451	1	1	2	348	1508	32	20	96.467659	MS
2	1	452	0	0	0	606	1508	37	20	-1	
3	1	452	1	0	0	606	1508	37	20	-1	
4	1	452	1	1	0	606	1508	37	20	-1	
5	1	452	1	1	1	606	1508	37	20	96.624321	078
2	1	453	0	0	0	748	1508	44	20	-1	
3	1	453	1	0	0	748	1508	44	20	-1	
4	1	453	1	1	0	748	1508	44	20	-1	
5	1	453	1	1	1	748	1508	44	20	94.717247	NES
2	1	454	0	0	0	964	1508	142	20	-1	
3	1	454	1	0	0	964	1508	142	20	-1	
4	1	454	1	1	0	964	1508	142	20	-1	
5	1	454	1	1	1	964	1508	65	20	96.433029	Middle
5	1	454	1	1	2	1038	1508	68	20	96.219460	School
2	1	455	0	0	0	1132	1508	107	20	-1	
3	1	455	1	0	0	1132	1508	107	20	-1	
4	1	455	1	1	0	1132	1508	107	20	-1	
5	1	455	1	1	1	1132	1508	107	20	96.681870	CENTRAL
2	1	456	0	0	0	1275	1508	134	25	-1	
3	1	456	1	0	0	1275	1508	134	25	-1	
4	1	456	1	1	0	1275	1508	134	25	-1	
5	1	456	1	1	1	1275	1508	96	25	96.487076	Wheatley
5	1	456	1	1	2	1380	1508	29	20	96.522919	HS
2	1	457	0	0	0	1690	1508	37	20	-1	
3	1	457	1	0	0	1690	1508	37	20	-1	
4	1	457	1	1	0	1690	1508	37	20	-1	
5	1	457	1	1	1	1690	1508	37	20	96.344528	306
2	1	458	0	0	0	1795	1508	134	24	-1	
3	1	458	1	0	0	1795	1508	134	24	-1	
4	1	458	1	1	0	1795	1508	134	24	-1	
5	1	458	1	1	1	1795	1508	134	24	92.779518	3,642,298.00
2	1	459	0	0	0	2038	1508	114	24	-1	
3	1	459	1	0	0	2038	1508	114	24	-1	
4	1	459	1	1	0	2038	1508	114	24	-1	
5	1	459	1	1	1	2038	1508	114	24	96.907425	340,776.00
2	1	460	0	0	0	2228	1508	113	24	-1	
3	1	460	1	0	0	2228	1508	113	24	-1	
4	1	460	1	1	0	2228	1508	113	24	-1	
5	1	460	1	1	1	2228	1508	113	24	96.749840	114,320.00
2	1	461	0	0	0	2420	1508	89	24	-1	
3	1	461	1	0	0	2420	1508	89	24	-1	
4	1	461	1	1	0	2420	1508	89	24	-1	
5	1	461	1	1	1	2420	1508	89	24	96.959732	5,000.00
2	1	462	0	0	0	2745	1508	135	24	-1	
3	1	462	1	0	0	2745	1508	135	24	-1	
4	1	462	1	1	0	2745	1508	135	24	-1	
5	1	462	1	1	1	2745	1508	135	24	91.679047	4,102,394.00
2	1	463	0	0	0	2955	1508	110	23	-1	
3	1	463	1	0	0	2955	1508	110	23	-1	
4	1	463	1	1	0	2955	1508	110	23	-1	
5	1	463	1	1	1	2955	1508	110	23	96.868637	121,383.01
2	1	464	0	0	0	259	1546	121	20	-1	
3	1	464	1	0	0	259	1546	121	20	-1	
4	1	464	1	1	0	259	1546	121	20	-1	
5	1	464	1	1	1	259	1546	86	19	95.888451	Foerster
5	1	464	1	1	2	353	1546	27	20	95.888451	ES
2	1	465	0	0	0	606	1546	34	19	-1	
3	1	465	1	0	0	606	1546	34	19	-1	
4	1	465	1	1	0	606	1546	34	19	-1	
5	1	465	1	1	1	606	1546	34	19	69.703850	2M
2	1	466	0	0	0	748	1545	44	21	-1	
3	1	466	1	0	0	748	1545	44	21	-1	
4	1	466	1	1	0	748	1545	44	21	-1	
5	1	466	1	1	1	748	1545	44	21	96.173630	NES
2	1	467	0	0	0	964	1545	115	26	-1	
3	1	467	1	0	0	964	1545	115	26	-1	
4	1	467	1	1	0	964	1545	115	26	-1	
5	1	467	1	1	1	964	1545	115	26	96.860069	Elementary
2	1	468	0	0	0	1131	1546	67	20	-1	
3	1	468	1	0	0	1131	1546	67	20	-1	
4	1	468	1	1	0	1131	1546	67	20	-1	
5	1	468	1	1	1	1131	1546	67	20	96.532578	WEST
2	1	469	0	0	0	1275	1545	136	26	-1	
3	1	469	1	0	0	1275	1545	136	26	-1	
4	1	469	1	1	0	1275	1545	136	26	-1	
5	1	469	1	1	1	1275	1546	98	25	96.164505	Westbury
5	1	469	1	1	2	1383	1545	28	21	96.261932	HS
2	1	470	0	0	0	1689	1546	34	19	-1	
3	1	470	1	0	0	1689	1546	34	19	-1	
4	1	470	1	1	0	1689	1546	34	19	-1	
5	1	470	1	1	1	1689	1546	34	19	91.204544	481
2	1	471	0	0	0	1795	1546	134	23	-1	
3	1	471	1	0	0	1795	1546	134	23	-1	
4	1	471	1	1	0	1795	1546	134	23	-1	
5	1	471	1	1	1	1795	1546	134	23	91.962303	4,227,086.00
2	1	472	0	0	0	2039	1546	113	23	-1	
3	1	472	1	0	0	2039	1546	113	23	-1	
4	1	472	1	1	0	2039	1546	113	23	-1	
5	1	472	1	1	1	2039	1546	113	23	95.417824	163,181.00
2	1	473	0	0	0	2228	1546	113	23	-1	
3	1	473	1	0	0	2228	1546	113	23	-1	
4	1	473	1	1	0	2228	1546	113	23	-1	
5	1	473	1	1	1	2228	1546	113	23	96.624863	164,700.00
2	1	474	0	0	0	2420	1546	89	23	-1	
3	1	474	1	0	0	2420	1546	89	23	-1	
4	1	474	1	1	0	2420	1546	89	23	-1	
5	1	474	1	1	1	2420	1546	89	23	96.869423	2,000.00
2	1	475	0	0	0	2645	1556	7	3	-1	
3	1	475	1	0	0	2645	1556	7	3	-1	
4	1	475	1	1	0	2645	1556	7	3	-1	
5	1	475	1	1	1	2645	1556	7	3	87.519112	-
2	1	476	0	0	0	2745	1546	135	23	-1	
3	1	476	1	0	0	2745	1546	135	23	-1	
4	1	476	1	1	0	2745	1546	135	23	-1	
5	1	476	1	1	1	2745	1546	135	23	91.031853	4,556,967.00
2	1	477	0	0	0	2953	1546	115	23	-1	
3	1	477	1	0	0	2953	1546	115	23	-1	
4	1	477	1	1	0	2953	1546	115	23	-1	
5	1	477	1	1	1	2953	1546	115	23	96.313583	203,908.34
2	1	478	0	0	0	259	1583	120	20	-1	
3	1	478	1	0	0	259	1583	120	20	-1	
4	1	478	1	1	0	259	1583	120	20	-1	
5	1	478	1	1	1	259	1583	83	20	95.924431	Fondren
5	1	478	1	1	2	351	1583	28	20	96.610428	ES
2	1	479	0	0	0	607	1583	36	20	-1	
3	1	479	1	0	0	607	1583	36	20	-1	
4	1	479	1	1	0	607	1583	36	20	-1	
5	1	479	1	1	1	607	1583	36	20	94.865746	153
2	1	480	0	0	0	748	1583	95	20	-1	
3	1	480	1	0	0	748	1583	95	20	-1	
4	1	480	1	1	0	748	1583	95	20	-1	
5	1	480	1	1	1	748	1583	95	20	91.847481	Non-NES
2	1	481	0	0	0	964	1583	115	25	-1	
3	1	481	1	0	0	964	1583	115	25	-1	
4	1	481	1	1	0	964	1583	115	25	-1	
5	1	481	1	1	1	964	1583	115	25	96.144753	Elementary
2	1	482	0	0	0	1131	1583	80	20	-1	
3	1	482	1	0	0	1131	1583	80	20	-1	
4	1	482	1	1	0	1131	1583	80	20	-1	
5	1	482	1	1	1	1131	1583	80	20	95.749954	SOUTH
2	1	483	0	0	0	1276	1583	123	20	-1	
3	1	483	1	0	0	1276	1583	123	20	-1	
4	1	483	1	1	0	1276	1583	123	20	-1	
5	1	483	1	1	1	1276	1583	85	20	96.120872	Madison
5	1	483	1	1	2	1370	1583	29	20	96.120872	HS
2	1	484	0	0	0	1690	1583	37	20	-1	
3	1	484	1	0	0	1690	1583	37	20	-1	
4	1	484	1	1	0	1690	1583	37	20	-1	
5	1	484	1	1	1	1690	1583	37	20	96.988251	349
2	1	485	0	0	0	1795	1583	134	24	-1	
3	1	485	1	0	0	1795	1583	134	24	-1	
4	1	485	1	1	0	1795	1583	134	24	-1	
5	1	485	1	1	1	1795	1583	134	24	89.470795	2,673,118.00
2	1	486	0	0	0	2039	1583	113	24	-1	
3	1	486	1	0	0	2039	1583	113	24	-1	
4	1	486	1	1	0	2039	1583	113	24	-1	
5	1	486	1	1	1	2039	1583	113	24	96.674072	130,874.00
2	1	487	0	0	0	2239	1583	102	24	-1	
3	1	487	1	0	0	2239	1583	102	24	-1	
4	1	487	1	1	0	2239	1583	102	24	-1	
5	1	487	1	1	1	2239	1583	102	24	96.423958	77,958.00
2	1	488	0	0	0	2420	1583	89	24	-1	
3	1	488	1	0	0	2420	1583	89	24	-1	
4	1	488	1	1	0	2420	1583	89	24	-1	
5	1	488	1	1	1	2420	1583	89	24	96.925140	7,000.00
2	1	489	0	0	0	2588	1583	89	24	-1	
3	1	489	1	0	0	2588	1583	89	24	-1	
4	1	489	1	1	0	2588	1583	89	24	-1	
5	1	489	1	1	1	2588	1583	89	24	96.888748	3,490.00
2	1	490	0	0	0	2745	1583	134	24	-1	
3	1	490	1	0	0	2745	1583	134	24	-1	
4	1	490	1	1	0	2745	1583	134	24	-1	
5	1	490	1	1	1	2745	1583	134	24	88.643570	2,892,440.00
2	1	491	0	0	0	2955	1583	113	23	-1	
3	1	491	1	0	0	2955	1583	113	23	-1	
4	1	491	1	1	0	2955	1583	113	23	-1	
5	1	491	1	1	1	2955	1583	113	23	95.685669	122,577.35
2	1	492	0	0	0	259	1620	123	20	-1	
3	1	492	1	0	0	259	1620	123	20	-1	
4	1	492	1	1	0	259	1620	123	20	-1	
5	1	492	1	1	1	259	1620	83	20	96.571480	Fondren
5	1	492	1	1	2	351	1620	31	20	96.382011	MS
2	1	493	0	0	0	606	1620	37	20	-1	
3	1	493	1	0	0	606	1620	37	20	-1	
4	1	493	1	1	0	606	1620	37	20	-1	
5	1	493	1	1	1	606	1620	37	20	96.875656	072
2	1	494	0	0	0	748	1620	44	20	-1	
3	1	494	1	0	0	748	1620	44	20	-1	
4	1	494	1	1	0	748	1620	44	20	-1	
5	1	494	1	1	1	748	1620	44	20	96.150459	NES
2	1	495	0	0	0	964	1620	142	20	-1	
3	1	495	1	0	0	964	1620	142	20	-1	
4	1	495	1	1	0	964	1620	142	20	-1	
5	1	495	1	1	1	964	1620	65	20	96.496666	Middle
5	1	495	1	1	2	1038	1620	68	20	95.974129	School
2	1	496	0	0	0	1131	1620	67	20	-1	
3	1	496	1	0	0	1131	1620	67	20	-1	
4	1	496	1	1	0	1131	1620	67	20	-1	
5	1	496	1	1	1	1131	1620	67	20	96.779350	WEST
2	1	497	0	0	0	1275	1620	136	25	-1	
3	1	497	1	0	0	1275	1620	136	25	-1	
4	1	497	1	1	0	1275	1620	136	25	-1	
5	1	497	1	1	1	1275	1620	98	25	95.775070	Westbury
5	1	497	1	1	2	1383	1620	28	20	96.272751	HS
2	1	498	0	0	0	1689	1620	37	20	-1	
3	1	498	1	0	0	1689	1620	37	20	-1	
4	1	498	1	1	0	1689	1620	37	20	-1	
5	1	498	1	1	1	1689	1620	37	20	96.994957	629
2	1	499	0	0	0	1795	1620	134	24	-1	
3	1	499	1	0	0	1795	1620	134	24	-1	
4	1	499	1	1	0	1795	1620	134	24	-1	
5	1	499	1	1	1	1795	1620	134	24	89.021599	5,684,607.00
2	1	500	0	0	0	2037	1620	115	24	-1	
3	1	500	1	0	0	2037	1620	115	24	-1	
4	1	500	1	1	0	2037	1620	115	24	-1	
5	1	500	1	1	1	2037	1620	115	24	96.826378	469,001.00
2	1	501	0	0	0	2226	1620	115	24	-1	
3	1	501	1	0	0	2226	1620	115	24	-1	
4	1	501	1	1	0	2226	1620	115	24	-1	
5	1	501	1	1	1	2226	1620	115	24	96.759155	226,780.00
2	1	502	0	0	0	2420	1620	89	24	-1	
3	1	502	1	0	0	2420	1620	89	24	-1	
4	1	502	1	1	0	2420	1620	89	24	-1	
5	1	502	1	1	1	2420	1620	89	24	96.929962	2,000.00
2	1	503	0	0	0	2645	1631	7	3	-1	
3	1	503	1	0	0	2645	1631	7	3	-1	
4	1	503	1	1	0	2645	1631	7	3	-1	
5	1	503	1	1	1	2645	1631	7	3	87.519112	-
2	1	504	0	0	0	2745	1620	135	24	-1	
3	1	504	1	0	0	2745	1620	135	24	-1	
4	1	504	1	1	0	2745	1620	135	24	-1	
5	1	504	1	1	1	2745	1620	135	24	92.420372	6,382,388.00
2	1	505	0	0	0	2953	1620	115	24	-1	
3	1	505	1	0	0	2953	1620	115	24	-1	
4	1	505	1	1	0	2953	1620	115	24	-1	
5	1	505	1	1	1	2953	1620	115	24	82.505280	274,274.13
2	1	506	0	0	0	2645	1669	7	3	-1	
3	1	506	1	0	0	2645	1669	7	3	-1	
4	1	506	1	1	0	2645	1669	7	3	-1	
5	1	506	1	1	1	2645	1669	7	3	87.519112	-
2	1	507	0	0	0	259	1658	116	20	-1	
3	1	507	1	0	0	259	1658	116	20	-1	
4	1	507	1	1	0	259	1658	116	20	-1	
5	1	507	1	1	1	259	1658	76	20	91.076004	Fonville
5	1	507	1	1	2	345	1658	30	20	96.619217	MS
2	1	508	0	0	0	606	1658	37	19	-1	
3	1	508	1	0	0	606	1658	37	19	-1	
4	1	508	1	1	0	606	1658	37	19	-1	
5	1	508	1	1	1	606	1658	37	19	96.567894	047
2	1	509	0	0	0	748	1657	44	21	-1	
3	1	509	1	0	0	748	1657	44	21	-1	
4	1	509	1	1	0	748	1657	44	21	-1	
5	1	509	1	1	1	748	1657	44	21	96.800980	NES
2	1	510	0	0	0	964	1657	142	21	-1	
3	1	510	1	0	0	964	1657	142	21	-1	
4	1	510	1	1	0	964	1657	142	21	-1	
5	1	510	1	1	1	964	1658	64	20	95.621223	Middle
5	1	510	1	1	2	1038	1657	68	21	96.563988	School
2	1	511	0	0	0	1133	1657	79	21	-1	
3	1	511	1	0	0	1133	1657	79	21	-1	
4	1	511	1	1	0	1133	1657	79	21	-1	
5	1	511	1	1	1	1133	1657	79	21	96.792847	NORTH
2	1	512	0	0	0	1277	1657	194	21	-1	
3	1	512	1	0	0	1277	1657	194	21	-1	
4	1	512	1	1	0	1277	1657	194	21	-1	
5	1	512	1	1	1	1277	1658	83	19	93.281860	Houston
5	1	512	1	1	2	1370	1657	62	21	92.898483	MSTC
5	1	512	1	1	3	1443	1657	28	21	96.944931	HS
2	1	513	0	0	0	1690	1658	37	19	-1	
3	1	513	1	0	0	1690	1658	37	19	-1	
4	1	513	1	1	0	1690	1658	37	19	-1	
5	1	513	1	1	1	1690	1658	37	19	96.302200	534
2	1	514	0	0	0	1795	1658	134	23	-1	
3	1	514	1	0	0	1795	1658	134	23	-1	
4	1	514	1	1	0	1795	1658	134	23	-1	
5	1	514	1	1	1	1795	1658	134	23	93.110016	5,139,065.00
2	1	515	0	0	0	2038	1658	114	23	-1	
3	1	515	1	0	0	2038	1658	114	23	-1	
4	1	515	1	1	0	2038	1658	114	23	-1	
5	1	515	1	1	1	2038	1658	114	23	96.841881	502,800.00
2	1	516	0	0	0	2226	1658	115	23	-1	
3	1	516	1	0	0	2226	1658	115	23	-1	
4	1	516	1	1	0	2226	1658	115	23	-1	
5	1	516	1	1	1	2226	1658	115	23	96.597290	207,640.00
2	1	517	0	0	0	2420	1658	89	23	-1	
3	1	517	1	0	0	2420	1658	89	23	-1	
4	1	517	1	1	0	2420	1658	89	23	-1	
5	1	517	1	1	1	2420	1658	89	23	96.683739	4,000.00
2	1	518	0	0	0	2746	1658	133	23	-1	
3	1	518	1	0	0	2746	1658	133	23	-1	
4	1	518	1	1	0	2746	1658	133	23	-1	
5	1	518	1	1	1	2746	1658	133	23	91.245605	5,853,505.00
2	1	519	0	0	0	2953	1658	115	23	-1	
3	1	519	1	0	0	2953	1658	115	23	-1	
4	1	519	1	1	0	2953	1658	115	23	-1	
5	1	519	1	1	1	2953	1658	115	23	95.034599	214,424.95
2	1	520	0	0	0	259	1695	147	20	-1	
3	1	520	1	0	0	259	1695	147	20	-1	
4	1	520	1	1	0	259	1695	147	20	-1	
5	1	520	1	1	1	259	1695	91	20	92.125046	Fonwood
5	1	520	1	1	2	360	1695	46	20	96.916649	ECC
2	1	521	0	0	0	606	1695	37	20	-1	
3	1	521	1	0	0	606	1695	37	20	-1	
4	1	521	1	1	0	606	1695	37	20	-1	
5	1	521	1	1	1	606	1695	37	20	96.725616	470
2	1	522	0	0	0	748	1695	95	20	-1	
3	1	522	1	0	0	748	1695	95	20	-1	
4	1	522	1	1	0	748	1695	95	20	-1	
5	1	522	1	1	1	748	1695	95	20	91.767082	Non-NES
2	1	523	0	0	0	964	1695	115	25	-1	
3	1	523	1	0	0	964	1695	115	25	-1	
4	1	523	1	1	0	964	1695	115	25	-1	
5	1	523	1	1	1	964	1695	115	25	96.767685	Elementary
2	1	524	0	0	0	1132	1695	80	20	-1	
3	1	524	1	0	0	1132	1695	80	20	-1	
4	1	524	1	1	0	1132	1695	80	20	-1	
5	1	524	1	1	1	1132	1695	80	20	96.561333	NORTH
2	1	525	0	0	0	1277	1695	165	20	-1	
3	1	525	1	0	0	1277	1695	165	20	-1	
4	1	525	1	1	0	1277	1695	165	20	-1	
5	1	525	1	1	1	1277	1695	54	20	96.706291	North
5	1	525	1	1	2	1340	1695	64	20	96.848213	Forest
5	1	525	1	1	3	1414	1695	28	20	96.190575	HS
2	1	526	0	0	0	1689	1695	38	20	-1	
3	1	526	1	0	0	1689	1695	38	20	-1	
4	1	526	1	1	0	1689	1695	38	20	-1	
5	1	526	1	1	1	1689	1695	38	20	90.452377	417
2	1	527	0	0	0	1795	1695	134	24	-1	
3	1	527	1	0	0	1795	1695	134	24	-1	
4	1	527	1	1	0	1795	1695	134	24	-1	
5	1	527	1	1	1	1795	1695	134	24	92.913757	3,170,619.00
2	1	528	0	0	0	2039	1695	113	24	-1	
3	1	528	1	0	0	2039	1695	113	24	-1	
4	1	528	1	1	0	2039	1695	113	24	-1	
5	1	528	1	1	1	2039	1695	113	24	96.322861	159,292.00
2	1	529	0	0	0	2239	1695	102	24	-1	
3	1	529	1	0	0	2239	1695	102	24	-1	
4	1	529	1	1	0	2239	1695	102	24	-1	
5	1	529	1	1	1	2239	1695	102	24	96.977112	25,169.00
2	1	530	0	0	0	2420	1695	89	24	-1	
3	1	530	1	0	0	2420	1695	89	24	-1	
4	1	530	1	1	0	2420	1695	89	24	-1	
5	1	530	1	1	1	2420	1695	89	24	96.952347	3,500.00
2	1	531	0	0	0	2588	1695	89	24	-1	
3	1	531	1	0	0	2588	1695	89	24	-1	
4	1	531	1	1	0	2588	1695	89	24	-1	
5	1	531	1	1	1	2588	1695	89	24	96.766907	4,170.00
2	1	532	0	0	0	2746	1695	134	24	-1	
3	1	532	1	0	0	2746	1695	134	24	-1	
4	1	532	1	1	0	2746	1695	134	24	-1	
5	1	532	1	1	1	2746	1695	134	24	93.075638	3,362,750.00
2	1	533	0	0	0	2955	1695	113	23	-1	
3	1	533	1	0	0	2955	1695	113	23	-1	
4	1	533	1	1	0	2955	1695	113	23	-1	
5	1	533	1	1	1	2955	1695	113	23	96.176155	157,653.87
2	1	534	0	0	0	2645	1743	7	3	-1	
3	1	534	1	0	0	2645	1743	7	3	-1	
4	1	534	1	1	0	2645	1743	7	3	-1	
5	1	534	1	1	1	2645	1743	7	3	87.519112	-
2	1	535	0	0	0	259	1732	172	21	-1	
3	1	535	1	0	0	259	1732	172	21	-1	
4	1	535	1	1	0	259	1732	172	21	-1	
5	1	535	1	1	1	259	1733	64	19	96.190056	Forest
5	1	535	1	1	2	332	1733	59	19	96.125885	Brook
5	1	535	1	1	3	400	1732	31	21	96.761612	MS
2	1	536	0	0	0	606	1733	37	19	-1	
3	1	536	1	0	0	606	1733	37	19	-1	
4	1	536	1	1	0	606	1733	37	19	-1	
5	1	536	1	1	1	606	1733	37	19	95.967133	476
2	1	537	0	0	0	748	1732	44	21	-1	
3	1	537	1	0	0	748	1732	44	21	-1	
4	1	537	1	1	0	748	1732	44	21	-1	
5	1	537	1	1	1	748	1732	44	21	96.335648	NES
2	1	538	0	0	0	964	1732	142	21	-1	
3	1	538	1	0	0	964	1732	142	21	-1	
4	1	538	1	1	0	964	1732	142	21	-1	
5	1	538	1	1	1	964	1732	64	20	96.837128	Middle
5	1	538	1	1	2	1038	1732	68	21	95.839333	School
2	1	539	0	0	0	1133	1732	79	21	-1	
3	1	539	1	0	0	1133	1732	79	21	-1	
4	1	539	1	1	0	1133	1732	79	21	-1	
5	1	539	1	1	1	1133	1732	79	21	96.775230	NORTH
2	1	540	0	0	0	1277	1732	165	21	-1	
3	1	540	1	0	0	1277	1732	165	21	-1	
4	1	540	1	1	0	1277	1732	165	21	-1	
5	1	540	1	1	1	1277	1733	54	19	96.535965	North
5	1	540	1	1	2	1340	1733	64	19	96.823044	Forest
5	1	540	1	1	3	1414	1732	28	21	96.515488	HS
2	1	541	0	0	0	1690	1733	37	19	-1	
3	1	541	1	0	0	1690	1733	37	19	-1	
4	1	541	1	1	0	1690	1733	37	19	-1	
5	1	541	1	1	1	1690	1733	37	19	96.895775	513
2	1	542	0	0	0	1795	1733	134	23	-1	
3	1	542	1	0	0	1795	1733	134	23	-1	
4	1	542	1	1	0	1795	1733	134	23	-1	
5	1	542	1	1	1	1795	1733	134	23	92.410370	5,044,944.00
2	1	543	0	0	0	2038	1733	114	23	-1	
3	1	543	1	0	0	2038	1733	114	23	-1	
4	1	543	1	1	0	2038	1733	114	23	-1	
5	1	543	1	1	1	2038	1733	114	23	96.130684	575,430.00
2	1	544	0	0	0	2228	1733	113	23	-1	
3	1	544	1	0	0	2228	1733	113	23	-1	
4	1	544	1	1	0	2228	1733	113	23	-1	
5	1	544	1	1	1	2228	1733	113	23	96.589912	181,260.00
2	1	545	0	0	0	2420	1733	89	23	-1	
3	1	545	1	0	0	2420	1733	89	23	-1	
4	1	545	1	1	0	2420	1733	89	23	-1	
5	1	545	1	1	1	2420	1733	89	23	96.653206	4,000.00
2	1	546	0	0	0	2746	1733	134	23	-1	
3	1	546	1	0	0	2746	1733	134	23	-1	
4	1	546	1	1	0	2746	1733	134	23	-1	
5	1	546	1	1	1	2746	1733	134	23	91.595589	5,805,634.00
2	1	547	0	0	0	2953	1733	115	23	-1	
3	1	547	1	0	0	2953	1733	115	23	-1	
4	1	547	1	1	0	2953	1733	115	23	-1	
5	1	547	1	1	1	2953	1733	115	23	88.649437	209,278.76
2	1	548	0	0	0	259	1770	101	20	-1	
3	1	548	1	0	0	259	1770	101	20	-1	
4	1	548	1	1	0	259	1770	101	20	-1	
5	1	548	1	1	1	259	1770	65	20	95.163048	Foster
5	1	548	1	1	2	332	1770	28	20	95.163048	ES
2	1	549	0	0	0	607	1770	37	20	-1	
3	1	549	1	0	0	607	1770	37	20	-1	
4	1	549	1	1	0	607	1770	37	20	-1	
5	1	549	1	1	1	607	1770	37	20	96.966675	154
2	1	550	0	0	0	748	1770	95	20	-1	
3	1	550	1	0	0	748	1770	95	20	-1	
4	1	550	1	1	0	748	1770	95	20	-1	
5	1	550	1	1	1	748	1770	95	20	91.735992	Non-NES
2	1	551	0	0	0	964	1770	115	25	-1	
3	1	551	1	0	0	964	1770	115	25	-1	
4	1	551	1	1	0	964	1770	115	25	-1	
5	1	551	1	1	1	964	1770	115	25	96.172638	Elementary
2	1	552	0	0	0	1131	1770	80	20	-1	
3	1	552	1	0	0	1131	1770	80	20	-1	
4	1	552	1	1	0	1131	1770	80	20	-1	
5	1	552	1	1	1	1131	1770	80	20	95.789680	SOUTH
2	1	553	0	0	0	1275	1770	97	20	-1	
3	1	553	1	0	0	1275	1770	97	20	-1	
4	1	553	1	1	0	1275	1770	97	20	-1	
5	1	553	1	1	1	1275	1770	58	20	96.140030	Yates
5	1	553	1	1	2	1343	1770	29	20	96.217880	HS
2	1	554	0	0	0	1690	1770	37	20	-1	
3	1	554	1	0	0	1690	1770	37	20	-1	
4	1	554	1	1	0	1690	1770	37	20	-1	
5	1	554	1	1	1	1690	1770	37	20	96.964111	307
2	1	555	0	0	0	1795	1770	134	24	-1	
3	1	555	1	0	0	1795	1770	134	24	-1	
4	1	555	1	1	0	1795	1770	134	24	-1	
5	1	555	1	1	1	1795	1770	134	24	92.827141	2,233,705.00
2	1	556	0	0	0	2037	1770	115	24	-1	
3	1	556	1	0	0	2037	1770	115	24	-1	
4	1	556	1	1	0	2037	1770	115	24	-1	
5	1	556	1	1	1	2037	1770	115	24	95.821648	202,353.00
2	1	557	0	0	0	2241	1770	99	24	-1	
3	1	557	1	0	0	2241	1770	99	24	-1	
4	1	557	1	1	0	2241	1770	99	24	-1	
5	1	557	1	1	1	2241	1770	99	24	96.907486	10,020.00
2	1	558	0	0	0	2476	1781	7	3	-1	
3	1	558	1	0	0	2476	1781	7	3	-1	
4	1	558	1	1	0	2476	1781	7	3	-1	
5	1	558	1	1	1	2476	1781	7	3	87.519112	-
2	1	559	0	0	0	2645	1781	7	3	-1	
3	1	559	1	0	0	2645	1781	7	3	-1	
4	1	559	1	1	0	2645	1781	7	3	-1	
5	1	559	1	1	1	2645	1781	7	3	87.519112	-
2	1	560	0	0	0	2745	1770	134	24	-1	
3	1	560	1	0	0	2745	1770	134	24	-1	
4	1	560	1	1	0	2745	1770	134	24	-1	
5	1	560	1	1	1	2745	1770	134	24	90.743820	2,446,078.00
2	1	561	0	0	0	2955	1770	113	24	-1	
3	1	561	1	0	0	2955	1770	113	24	-1	
4	1	561	1	1	0	2955	1770	113	24	-1	
5	1	561	1	1	1	2955	1770	113	24	96.907845	130,015.78
2	1	562	0	0	0	259	1807	225	26	-1	
3	1	562	1	0	0	259	1807	225	26	-1	
4	1	562	1	1	0	259	1807	225	26	-1	
5	1	562	1	1	1	259	1808	58	25	96.889870	Fraga
5	1	562	1	1	2	327	1807	65	20	93.259445	Middle
5	1	562	1	1	3	400	1807	46	26	93.183945	Colg
5	1	562	1	1	4	456	1808	28	20	96.423874	HS
2	1	563	0	0	0	606	1808	37	19	-1	
3	1	563	1	0	0	606	1808	37	19	-1	
4	1	563	1	1	0	606	1808	37	19	-1	
5	1	563	1	1	1	606	1808	37	19	96.793106	485
2	1	564	0	0	0	748	1808	94	20	-1	
3	1	564	1	0	0	748	1808	94	20	-1	
4	1	564	1	1	0	748	1808	94	20	-1	
5	1	564	1	1	1	748	1808	94	20	91.479713	Non-NES
2	1	565	0	0	0	964	1807	122	26	-1	
3	1	565	1	0	0	964	1807	122	26	-1	
4	1	565	1	1	0	964	1807	122	26	-1	
5	1	565	1	1	1	964	1808	45	25	96.887093	High
5	1	565	1	1	2	1017	1807	69	21	96.370712	School
2	1	566	0	0	0	1131	1808	108	20	-1	
3	1	566	1	0	0	1131	1808	108	20	-1	
4	1	566	1	1	0	1131	1808	108	20	-1	
5	1	566	1	1	1	1131	1808	108	20	96.649696	CENTRAL
2	1	567	0	0	0	1274	1808	102	20	-1	
3	1	567	1	0	0	1274	1808	102	20	-1	
4	1	567	1	1	0	1274	1808	102	20	-1	
5	1	567	1	1	1	1274	1808	64	19	96.138924	Austin
5	1	567	1	1	2	1347	1808	29	20	96.483185	HS
2	1	568	0	0	0	1691	1808	36	19	-1	
3	1	568	1	0	0	1691	1808	36	19	-1	
4	1	568	1	1	0	1691	1808	36	19	-1	
5	1	568	1	1	1	1691	1808	36	19	96.920937	125
2	1	569	0	0	0	1815	1808	114	23	-1	
3	1	569	1	0	0	1815	1808	114	23	-1	
4	1	569	1	1	0	1815	1808	114	23	-1	
5	1	569	1	1	1	1815	1808	114	23	96.729172	961,331.00
2	1	570	0	0	0	2052	1808	100	23	-1	
3	1	570	1	0	0	2052	1808	100	23	-1	
4	1	570	1	1	0	2052	1808	100	23	-1	
5	1	570	1	1	1	2052	1808	100	23	96.579079	10,050.00
2	1	571	0	0	0	2239	1808	102	23	-1	
3	1	571	1	0	0	2239	1808	102	23	-1	
4	1	571	1	1	0	2239	1808	102	23	-1	
5	1	571	1	1	1	2239	1808	102	23	96.904327	30,048.00
2	1	572	0	0	0	2440	1808	69	19	-1	
3	1	572	1	0	0	2440	1808	69	19	-1	
4	1	572	1	1	0	2440	1808	69	19	-1	
5	1	572	1	1	1	2440	1808	69	19	96.721405	500.00
2	1	573	0	0	0	2588	1808	89	23	-1	
3	1	573	1	0	0	2588	1808	89	23	-1	
4	1	573	1	1	0	2588	1808	89	23	-1	
5	1	573	1	1	1	2588	1808	89	23	96.774902	6,750.00
2	1	574	0	0	0	2747	1808	133	23	-1	
3	1	574	1	0	0	2747	1808	133	23	-1	
4	1	574	1	1	0	2747	1808	133	23	-1	
5	1	574	1	1	1	2747	1808	133	23	91.647469	1,008,679.00
2	1	575	0	0	0	2966	1808	102	23	-1	
3	1	575	1	0	0	2966	1808	102	23	-1	
4	1	575	1	1	0	2966	1808	102	23	-1	
5	1	575	1	1	1	2966	1808	102	23	89.116280	44,183.44
2	1	576	0	0	0	259	1845	116	20	-1	
3	1	576	1	0	0	259	1845	116	20	-1	
4	1	576	1	1	0	259	1845	116	20	-1	
5	1	576	1	1	1	259	1845	79	20	96.620255	Franklin
5	1	576	1	1	2	347	1845	28	20	96.620255	ES
2	1	577	0	0	0	607	1845	36	19	-1	
3	1	577	1	0	0	607	1845	36	19	-1	
4	1	577	1	1	0	607	1845	36	19	-1	
5	1	577	1	1	1	607	1845	36	19	95.214058	155
2	1	578	0	0	0	748	1844	44	21	-1	
3	1	578	1	0	0	748	1844	44	21	-1	
4	1	578	1	1	0	748	1844	44	21	-1	
5	1	578	1	1	1	748	1844	44	21	96.901222	NES
2	1	579	0	0	0	964	1845	115	25	-1	
3	1	579	1	0	0	964	1845	115	25	-1	
4	1	579	1	1	0	964	1845	115	25	-1	
5	1	579	1	1	1	964	1845	115	25	96.244278	Elementary
2	1	580	0	0	0	1131	1845	108	20	-1	
3	1	580	1	0	0	1131	1845	108	20	-1	
4	1	580	1	1	0	1131	1845	108	20	-1	
5	1	580	1	1	1	1131	1845	108	20	96.521538	CENTRAL
2	1	581	0	0	0	1274	1845	102	20	-1	
3	1	581	1	0	0	1274	1845	102	20	-1	
4	1	581	1	1	0	1274	1845	102	20	-1	
5	1	581	1	1	1	1274	1845	64	19	96.204926	Austin
5	1	581	1	1	2	1347	1845	29	20	96.254639	HS
2	1	582	0	0	0	1691	1845	36	19	-1	
3	1	582	1	0	0	1691	1845	36	19	-1	
4	1	582	1	1	0	1691	1845	36	19	-1	
5	1	582	1	1	1	1691	1845	36	19	96.980095	199
2	1	583	0	0	0	1795	1845	134	23	-1	
3	1	583	1	0	0	1795	1845	134	23	-1	
4	1	583	1	1	0	1795	1845	134	23	-1	
5	1	583	1	1	1	1795	1845	134	23	92.238785	2,376,154.00
2	1	584	0	0	0	2039	1845	113	23	-1	
3	1	584	1	0	0	2039	1845	113	23	-1	
4	1	584	1	1	0	2039	1845	113	23	-1	
5	1	584	1	1	1	2039	1845	113	23	96.267708	146,589.00
2	1	585	0	0	0	2239	1845	102	23	-1	
3	1	585	1	0	0	2239	1845	102	23	-1	
4	1	585	1	1	0	2239	1845	102	23	-1	
5	1	585	1	1	1	2239	1845	102	23	96.877365	70,500.00
2	1	586	0	0	0	2420	1845	89	23	-1	
3	1	586	1	0	0	2420	1845	89	23	-1	
4	1	586	1	1	0	2420	1845	89	23	-1	
5	1	586	1	1	1	2420	1845	89	23	96.525162	2,000.00
2	1	587	0	0	0	2645	1856	7	3	-1	
3	1	587	1	0	0	2645	1856	7	3	-1	
4	1	587	1	1	0	2645	1856	7	3	-1	
5	1	587	1	1	1	2645	1856	7	3	87.519112	-
2	1	588	0	0	0	2745	1845	134	23	-1	
3	1	588	1	0	0	2745	1845	134	23	-1	
4	1	588	1	1	0	2745	1845	134	23	-1	
5	1	588	1	1	1	2745	1845	134	23	92.710800	2,595,243.00
2	1	589	0	0	0	2967	1845	101	23	-1	
3	1	589	1	0	0	2967	1845	101	23	-1	
4	1	589	1	1	0	2967	1845	101	23	-1	
5	1	589	1	1	1	2967	1845	101	23	96.125572	82,996.97
2	1	590	0	0	0	2645	1893	7	3	-1	
3	1	590	1	0	0	2645	1893	7	3	-1	
4	1	590	1	1	0	2645	1893	7	3	-1	
5	1	590	1	1	1	2645	1893	7	3	87.519112	-
2	1	591	0	0	0	259	1882	88	20	-1	
3	1	591	1	0	0	259	1882	88	20	-1	
4	1	591	1	1	0	259	1882	88	20	-1	
5	1	591	1	1	1	259	1882	51	20	96.260262	Frost
5	1	591	1	1	2	319	1882	28	20	96.260262	ES
2	1	592	0	0	0	607	1882	36	20	-1	
3	1	592	1	0	0	607	1882	36	20	-1	
4	1	592	1	1	0	607	1882	36	20	-1	
5	1	592	1	1	1	607	1882	36	20	96.939362	156
2	1	593	0	0	0	748	1882	44	20	-1	
3	1	593	1	0	0	748	1882	44	20	-1	
4	1	593	1	1	0	748	1882	44	20	-1	
5	1	593	1	1	1	748	1882	44	20	95.625549	NES
2	1	594	0	0	0	964	1882	115	25	-1	
3	1	594	1	0	0	964	1882	115	25	-1	
4	1	594	1	1	0	964	1882	115	25	-1	
5	1	594	1	1	1	964	1882	115	25	96.356178	Elementary
2	1	595	0	0	0	1131	1882	80	20	-1	
3	1	595	1	0	0	1131	1882	80	20	-1	
4	1	595	1	1	0	1131	1882	80	20	-1	
5	1	595	1	1	1	1131	1882	80	20	95.828369	SOUTH
2	1	596	0	0	0	1276	1882	115	25	-1	
3	1	596	1	0	0	1276	1882	115	25	-1	
4	1	596	1	1	0	1276	1882	115	25	-1	
5	1	596	1	1	1	1276	1882	76	25	96.505478	Sterling
5	1	596	1	1	2	1362	1882	29	20	96.268196	HS
2	1	597	0	0	0	1690	1882	36	20	-1	
3	1	597	1	0	0	1690	1882	36	20	-1	
4	1	597	1	1	0	1690	1882	36	20	-1	
5	1	597	1	1	1	1690	1882	36	20	96.974243	363
2	1	598	0	0	0	1795	1882	134	24	-1	
3	1	598	1	0	0	1795	1882	134	24	-1	
4	1	598	1	1	0	1795	1882	134	24	-1	
5	1	598	1	1	1	1795	1882	134	24	88.945251	3,533,031.00
2	1	599	0	0	0	2037	1882	115	24	-1	
3	1	599	1	0	0	2037	1882	115	24	-1	
4	1	599	1	1	0	2037	1882	115	24	-1	
5	1	599	1	1	1	2037	1882	115	24	96.732475	242,116.00
2	1	600	0	0	0	2228	1882	113	24	-1	
3	1	600	1	0	0	2228	1882	113	24	-1	
4	1	600	1	1	0	2228	1882	113	24	-1	
5	1	600	1	1	1	2228	1882	113	24	96.913109	126,900.00
2	1	601	0	0	0	2368	1882	11	22	-1	
3	1	601	1	0	0	2368	1882	11	22	-1	
4	1	601	1	1	0	2368	1882	11	22	-1	
5	1	601	1	1	1	2368	1882	11	22	47.124641	$
2	1	602	0	0	0	2420	1882	89	24	-1	
3	1	602	1	0	0	2420	1882	89	24	-1	
4	1	602	1	1	0	2420	1882	89	24	-1	
5	1	602	1	1	1	2420	1882	89	24	96.921753	2,000.00
2	1	603	0	0	0	2746	1882	134	24	-1	
3	1	603	1	0	0	2746	1882	134	24	-1	
4	1	603	1	1	0	2746	1882	134	24	-1	
5	1	603	1	1	1	2746	1882	134	24	93.022034	3,904,047.00
2	1	604	0	0	0	2955	1882	113	24	-1	
3	1	604	1	0	0	2955	1882	113	24	-1	
4	1	604	1	1	0	2955	1882	113	24	-1	
5	1	604	1	1	1	2955	1882	113	24	96.617798	152,758.42
2	1	605	0	0	0	259	1919	78	21	-1	
3	1	605	1	0	0	259	1919	78	21	-1	
4	1	605	1	1	0	259	1919	78	21	-1	
5	1	605	1	1	1	259	1920	41	19	96.253502	Furr
5	1	605	1	1	2	308	1919	29	21	95.127937	HS
2	1	606	0	0	0	606	1920	38	19	-1	
3	1	606	1	0	0	606	1920	38	19	-1	
4	1	606	1	1	0	606	1920	38	19	-1	
5	1	606	1	1	1	606	1920	38	19	96.956009	004
2	1	607	0	0	0	748	1919	44	21	-1	
3	1	607	1	0	0	748	1919	44	21	-1	
4	1	607	1	1	0	748	1919	44	21	-1	
5	1	607	1	1	1	748	1919	44	21	96.550926	NES
2	1	608	0	0	0	964	1919	122	26	-1	
3	1	608	1	0	0	964	1919	122	26	-1	
4	1	608	1	1	0	964	1919	122	26	-1	
5	1	608	1	1	1	964	1920	45	25	96.890251	High
5	1	608	1	1	2	1017	1919	69	21	95.998055	School
2	1	609	0	0	0	1131	1920	108	20	-1	
3	1	609	1	0	0	1131	1920	108	20	-1	
4	1	609	1	1	0	1131	1920	108	20	-1	
5	1	609	1	1	1	1131	1920	108	20	96.310654	CENTRAL
2	1	610	0	0	0	1277	1920	77	20	-1	
3	1	610	1	0	0	1277	1920	77	20	-1	
4	1	610	1	1	0	1277	1920	77	20	-1	
5	1	610	1	1	1	1277	1920	40	19	96.883812	Furr
5	1	610	1	1	2	1326	1920	28	20	96.721016	HS
2	1	611	0	0	0	1690	1920	37	19	-1	
3	1	611	1	0	0	1690	1920	37	19	-1	
4	1	611	1	1	0	1690	1920	37	19	-1	
5	1	611	1	1	1	1690	1920	37	19	96.747765	847
2	1	612	0	0	0	1795	1920	134	23	-1	
3	1	612	1	0	0	1795	1920	134	23	-1	
4	1	612	1	1	0	1795	1920	134	23	-1	
5	1	612	1	1	1	1795	1920	134	23	92.751587	8,632,560.00
2	1	613	0	0	0	2038	1920	114	23	-1	
3	1	613	1	0	0	2038	1920	114	23	-1	
4	1	613	1	1	0	2038	1920	114	23	-1	
5	1	613	1	1	1	2038	1920	114	23	96.751091	547,721.00
2	1	614	0	0	0	2226	1920	114	23	-1	
3	1	614	1	0	0	2226	1920	114	23	-1	
4	1	614	1	1	0	2226	1920	114	23	-1	
5	1	614	1	1	1	2226	1920	114	23	96.597168	456,980.00
2	1	615	0	0	0	2368	1919	10	23	-1	
3	1	615	1	0	0	2368	1919	10	23	-1	
4	1	615	1	1	0	2368	1919	10	23	-1	
5	1	615	1	1	1	2368	1919	10	23	73.728325	$
2	1	616	0	0	0	2409	1920	100	23	-1	
3	1	616	1	0	0	2409	1920	100	23	-1	
4	1	616	1	1	0	2409	1920	100	23	-1	
5	1	616	1	1	1	2409	1920	100	23	96.616295	19,000.00
2	1	617	0	0	0	2588	1920	89	23	-1	
3	1	617	1	0	0	2588	1920	89	23	-1	
4	1	617	1	1	0	2588	1920	89	23	-1	
5	1	617	1	1	1	2588	1920	89	23	96.429832	6,000.00
2	1	618	0	0	0	2746	1920	133	23	-1	
3	1	618	1	0	0	2746	1920	133	23	-1	
4	1	618	1	1	0	2746	1920	133	23	-1	
5	1	618	1	1	1	2746	1920	133	23	92.834084	9,662,261.00
2	1	619	0	0	0	2954	1920	114	23	-1	
3	1	619	1	0	0	2954	1920	114	23	-1	
4	1	619	1	1	0	2954	1920	114	23	-1	
5	1	619	1	1	1	2954	1920	114	23	96.227768	332,588.28
2	1	620	0	0	0	2645	1968	7	3	-1	
3	1	620	1	0	0	2645	1968	7	3	-1	
4	1	620	1	1	0	2645	1968	7	3	-1	
5	1	620	1	1	1	2645	1968	7	3	87.519112	-
2	1	621	0	0	0	258	1957	127	25	-1	
3	1	621	1	0	0	258	1957	127	25	-1	
4	1	621	1	1	0	258	1957	127	25	-1	
5	1	621	1	1	1	258	1957	90	25	96.074692	Gallegos
5	1	621	1	1	2	358	1957	27	20	96.594734	ES
2	1	622	0	0	0	606	1957	34	20	-1	
3	1	622	1	0	0	606	1957	34	20	-1	
4	1	622	1	1	0	606	1957	34	20	-1	
5	1	622	1	1	1	606	1957	34	20	96.619804	291
2	1	623	0	0	0	748	1957	44	20	-1	
3	1	623	1	0	0	748	1957	44	20	-1	
4	1	623	1	1	0	748	1957	44	20	-1	
5	1	623	1	1	1	748	1957	44	20	94.952934	NES
2	1	624	0	0	0	964	1957	115	25	-1	
3	1	624	1	0	0	964	1957	115	25	-1	
4	1	624	1	1	0	964	1957	115	25	-1	
5	1	624	1	1	1	964	1957	115	25	96.606865	Elementary
2	1	625	0	0	0	1131	1957	108	20	-1	
3	1	625	1	0	0	1131	1957	108	20	-1	
4	1	625	1	1	0	1131	1957	108	20	-1	
5	1	625	1	1	1	1131	1957	108	20	96.133171	CENTRAL
2	1	626	0	0	0	1274	1957	102	20	-1	
3	1	626	1	0	0	1274	1957	102	20	-1	
4	1	626	1	1	0	1274	1957	102	20	-1	
5	1	626	1	1	1	1274	1957	64	20	96.074951	Austin
5	1	626	1	1	2	1347	1957	29	20	96.074951	HS
2	1	627	0	0	0	1690	1957	37	20	-1	
3	1	627	1	0	0	1690	1957	37	20	-1	
4	1	627	1	1	0	1690	1957	37	20	-1	
5	1	627	1	1	1	1690	1957	37	20	96.984146	349
2	1	628	0	0	0	1795	1957	134	24	-1	
3	1	628	1	0	0	1795	1957	134	24	-1	
4	1	628	1	1	0	1795	1957	134	24	-1	
5	1	628	1	1	1	1795	1957	134	24	91.901375	3,418,854.00
2	1	629	0	0	0	2039	1957	113	24	-1	
3	1	629	1	0	0	2039	1957	113	24	-1	
4	1	629	1	1	0	2039	1957	113	24	-1	
5	1	629	1	1	1	2039	1957	113	24	96.579437	185,294.00
2	1	630	0	0	0	2228	1957	112	24	-1	
3	1	630	1	0	0	2228	1957	112	24	-1	
4	1	630	1	1	0	2228	1957	112	24	-1	
5	1	630	1	1	1	2228	1957	112	24	96.594582	120,900.00
2	1	631	0	0	0	2368	1957	10	22	-1	
3	1	631	1	0	0	2368	1957	10	22	-1	
4	1	631	1	1	0	2368	1957	10	22	-1	
5	1	631	1	1	1	2368	1957	10	22	75.447235	$
2	1	632	0	0	0	2420	1957	89	24	-1	
3	1	632	1	0	0	2420	1957	89	24	-1	
4	1	632	1	1	0	2420	1957	89	24	-1	
5	1	632	1	1	1	2420	1957	89	24	96.930244	2,000.00
2	1	633	0	0	0	2746	1957	133	24	-1	
3	1	633	1	0	0	2746	1957	133	24	-1	
4	1	633	1	1	0	2746	1957	133	24	-1	
5	1	633	1	1	1	2746	1957	133	24	92.812630	3,727,048.00
2	1	634	0	0	0	2955	1957	113	24	-1	
3	1	634	1	0	0	2955	1957	113	24	-1	
4	1	634	1	1	0	2955	1957	113	24	-1	
5	1	634	1	1	1	2955	1957	113	24	96.554916	136,167.78
2	1	635	0	0	0	258	1994	104	21	-1	
3	1	635	1	0	0	258	1994	104	21	-1	
4	1	635	1	1	0	258	1994	104	21	-1	
5	1	635	1	1	1	258	1994	67	21	96.129745	Garcia
5	1	635	1	1	2	335	1995	27	20	95.905731	ES
2	1	636	0	0	0	606	1995	37	19	-1	
3	1	636	1	0	0	606	1995	37	19	-1	
4	1	636	1	1	0	606	1995	37	19	-1	
5	1	636	1	1	1	606	1995	37	19	96.868324	283
2	1	637	0	0	0	748	1995	94	20	-1	
3	1	637	1	0	0	748	1995	94	20	-1	
4	1	637	1	1	0	748	1995	94	20	-1	
5	1	637	1	1	1	748	1995	94	20	91.702438	Non-NES
2	1	638	0	0	0	964	1994	115	26	-1	
3	1	638	1	0	0	964	1994	115	26	-1	
4	1	638	1	1	0	964	1994	115	26	-1	
5	1	638	1	1	1	964	1994	115	26	96.711876	Elementary
2	1	639	0	0	0	1132	1994	80	21	-1	
3	1	639	1	0	0	1132	1994	80	21	-1	
4	1	639	1	1	0	1132	1994	80	21	-1	
5	1	639	1	1	1	1132	1994	80	21	96.769485	NORTH
2	1	640	0	0	0	1277	1994	194	21	-1	
3	1	640	1	0	0	1277	1994	194	21	-1	
4	1	640	1	1	0	1277	1994	194	21	-1	
5	1	640	1	1	1	1277	1995	83	19	93.275665	Houston
5	1	640	1	1	2	1370	1994	62	21	92.511040	MSTC
5	1	640	1	1	3	1443	1994	28	21	96.913422	HS
2	1	641	0	0	0	1689	1995	37	19	-1	
3	1	641	1	0	0	1689	1995	37	19	-1	
4	1	641	1	1	0	1689	1995	37	19	-1	
5	1	641	1	1	1	1689	1995	37	19	96.895981	279
2	1	642	0	0	0	1797	1995	132	23	-1	
3	1	642	1	0	0	1797	1995	132	23	-1	
4	1	642	1	1	0	1797	1995	132	23	-1	
5	1	642	1	1	1	1797	1995	132	23	91.804848	1,943,935.00
2	1	643	0	0	0	2039	1995	113	23	-1	
3	1	643	1	0	0	2039	1995	113	23	-1	
4	1	643	1	1	0	2039	1995	113	23	-1	
5	1	643	1	1	1	2039	1995	113	23	95.529999	118,703.00
2	1	644	0	0	0	2239	1995	102	23	-1	
3	1	644	1	0	0	2239	1995	102	23	-1	
4	1	644	1	1	0	2239	1995	102	23	-1	
5	1	644	1	1	1	2239	1995	102	23	96.662033	36,855.00
2	1	645	0	0	0	2368	1994	11	23	-1	
3	1	645	1	0	0	2368	1994	11	23	-1	
4	1	645	1	1	0	2368	1994	11	23	-1	
5	1	645	1	1	1	2368	1994	11	23	79.619186	$
2	1	646	0	0	0	2420	1995	89	23	-1	
3	1	646	1	0	0	2420	1995	89	23	-1	
4	1	646	1	1	0	2420	1995	89	23	-1	
5	1	646	1	1	1	2420	1995	89	23	96.741150	2,000.00
2	1	647	0	0	0	2588	1995	89	23	-1	
3	1	647	1	0	0	2588	1995	89	23	-1	
4	1	647	1	1	0	2588	1995	89	23	-1	
5	1	647	1	1	1	2588	1995	89	23	96.487045	2,790.00
2	1	648	0	0	0	2745	1995	135	23	-1	
3	1	648	1	0	0	2745	1995	135	23	-1	
4	1	648	1	1	0	2745	1995	135	23	-1	
5	1	648	1	1	1	2745	1995	135	23	91.937035	2,104,283.00
2	1	649	0	0	0	2955	1995	113	23	-1	
3	1	649	1	0	0	2955	1995	113	23	-1	
4	1	649	1	1	0	2955	1995	113	23	-1	
5	1	649	1	1	1	2955	1995	113	23	96.851433	112,887.95
2	1	650	0	0	0	258	2032	174	20	-1	
3	1	650	1	0	0	258	2032	174	20	-1	
4	1	650	1	1	0	258	2032	174	20	-1	
5	1	650	1	1	1	258	2032	75	20	95.389748	Garden
5	1	650	1	1	2	342	2032	53	20	95.389748	Oaks
5	1	650	1	1	3	405	2032	27	20	96.649368	ES
2	1	651	0	0	0	607	2032	36	20	-1	
3	1	651	1	0	0	607	2032	36	20	-1	
4	1	651	1	1	0	607	2032	36	20	-1	
5	1	651	1	1	1	607	2032	36	20	94.647163	157
2	1	652	0	0	0	748	2032	95	20	-1	
3	1	652	1	0	0	748	2032	95	20	-1	
4	1	652	1	1	0	748	2032	95	20	-1	
5	1	652	1	1	1	748	2032	95	20	92.388168	Non-NES
2	1	653	0	0	0	964	2032	33	20	-1	
3	1	653	1	0	0	964	2032	33	20	-1	
4	1	653	1	1	0	964	2032	33	20	-1	
5	1	653	1	1	1	964	2032	33	20	93.098755	K-8
2	1	654	0	0	0	1132	2032	80	20	-1	
3	1	654	1	0	0	1132	2032	80	20	-1	
4	1	654	1	1	0	1132	2032	80	20	-1	
5	1	654	1	1	1	1132	2032	80	20	96.513763	NORTH
2	1	655	0	0	0	1275	2032	110	25	-1	
3	1	655	1	0	0	1275	2032	110	25	-1	
4	1	655	1	1	0	1275	2032	110	25	-1	
5	1	655	1	1	1	1275	2032	71	25	95.251595	Waltrip
5	1	655	1	1	2	1357	2032	28	20	95.960258	HS
2	1	656	0	0	0	1690	2032	37	20	-1	
3	1	656	1	0	0	1690	2032	37	20	-1	
4	1	656	1	1	0	1690	2032	37	20	-1	
5	1	656	1	1	1	1690	2032	37	20	96.454369	746
2	1	657	0	0	0	1795	2032	134	24	-1	
3	1	657	1	0	0	1795	2032	134	24	-1	
4	1	657	1	1	0	1795	2032	134	24	-1	
5	1	657	1	1	1	1795	2032	134	24	92.372200	5,707,537.00
2	1	658	0	0	0	2039	2032	113	24	-1	
3	1	658	1	0	0	2039	2032	113	24	-1	
4	1	658	1	1	0	2039	2032	113	24	-1	
5	1	658	1	1	1	2039	2032	113	24	96.751976	134,593.00
2	1	659	0	0	0	2239	2032	101	24	-1	
3	1	659	1	0	0	2239	2032	101	24	-1	
4	1	659	1	1	0	2239	2032	101	24	-1	
5	1	659	1	1	1	2239	2032	101	24	96.870598	89,519.00
2	1	660	0	0	0	2368	2032	10	22	-1	
3	1	660	1	0	0	2368	2032	10	22	-1	
4	1	660	1	1	0	2368	2032	10	22	-1	
5	1	660	1	1	1	2368	2032	10	22	80.296867	$
2	1	661	0	0	0	2409	2032	100	24	-1	
3	1	661	1	0	0	2409	2032	100	24	-1	
4	1	661	1	1	0	2409	2032	100	24	-1	
5	1	661	1	1	1	2409	2032	100	24	96.802773	10,300.00
2	1	662	0	0	0	2575	2032	102	24	-1	
3	1	662	1	0	0	2575	2032	102	24	-1	
4	1	662	1	1	0	2575	2032	102	24	-1	
5	1	662	1	1	1	2575	2032	102	24	96.710533	40,460.00
2	1	663	0	0	0	2746	2032	133	24	-1	
3	1	663	1	0	0	2746	2032	133	24	-1	
4	1	663	1	1	0	2746	2032	133	24	-1	
5	1	663	1	1	1	2746	2032	133	24	92.446045	5,982,409.00
2	1	664	0	0	0	2955	2032	113	24	-1	
3	1	664	1	0	0	2955	2032	113	24	-1	
4	1	664	1	1	0	2955	2032	113	24	-1	
5	1	664	1	1	1	2955	2032	113	24	96.394226	112,363.78
2	1	665	0	0	0	258	2069	174	20	-1	
3	1	665	1	0	0	258	2069	174	20	-1	
4	1	665	1	1	0	258	2069	174	20	-1	
5	1	665	1	1	1	258	2069	75	20	96.170090	Garden
5	1	665	1	1	2	341	2069	54	20	95.456535	Villas
5	1	665	1	1	3	405	2069	27	20	96.918808	ES
2	1	666	0	0	0	607	2069	36	20	-1	
3	1	666	1	0	0	607	2069	36	20	-1	
4	1	666	1	1	0	607	2069	36	20	-1	
5	1	666	1	1	1	607	2069	36	20	96.646828	158
2	1	667	0	0	0	748	2069	94	20	-1	
3	1	667	1	0	0	748	2069	94	20	-1	
4	1	667	1	1	0	748	2069	94	20	-1	
5	1	667	1	1	1	748	2069	94	20	92.009895	Non-NES
2	1	668	0	0	0	964	2069	115	25	-1	
3	1	668	1	0	0	964	2069	115	25	-1	
4	1	668	1	1	0	964	2069	115	25	-1	
5	1	668	1	1	1	964	2069	115	25	96.834076	Elementary
2	1	669	0	0	0	1131	2069	80	20	-1	
3	1	669	1	0	0	1131	2069	80	20	-1	
4	1	669	1	1	0	1131	2069	80	20	-1	
5	1	669	1	1	1	1131	2069	80	20	95.740417	SOUTH
2	1	670	0	0	0	1276	2069	114	25	-1	
3	1	670	1	0	0	1276	2069	114	25	-1	
4	1	670	1	1	0	1276	2069	114	25	-1	
5	1	670	1	1	1	1276	2069	75	25	96.586365	Sterling
5	1	670	1	1	2	1362	2069	28	20	96.571014	HS
2	1	671	0	0	0	1690	2069	37	20	-1	
3	1	671	1	0	0	1690	2069	37	20	-1	
4	1	671	1	1	0	1690	2069	37	20	-1	
5	1	671	1	1	1	1690	2069	37	20	96.976700	358
2	1	672	0	0	0	1794	2069	135	24	-1	
3	1	672	1	0	0	1794	2069	135	24	-1	
4	1	672	1	1	0	1794	2069	135	24	-1	
5	1	672	1	1	1	1794	2069	135	24	92.462265	2,621,772.00
2	1	673	0	0	0	2037	2069	115	24	-1	
3	1	673	1	0	0	2037	2069	115	24	-1	
4	1	673	1	1	0	2037	2069	115	24	-1	
5	1	673	1	1	1	2037	2069	115	24	96.640663	284,609.00
2	1	674	0	0	0	2239	2069	102	24	-1	
3	1	674	1	0	0	2239	2069	102	24	-1	
4	1	674	1	1	0	2239	2069	102	24	-1	
5	1	674	1	1	1	2239	2069	102	24	96.898689	86,648.00
2	1	675	0	0	0	2420	2069	89	24	-1	
3	1	675	1	0	0	2420	2069	89	24	-1	
4	1	675	1	1	0	2420	2069	89	24	-1	
5	1	675	1	1	1	2420	2069	89	24	96.237732	9,517.00
2	1	676	0	0	0	2588	2069	89	24	-1	
3	1	676	1	0	0	2588	2069	89	24	-1	
4	1	676	1	1	0	2588	2069	89	24	-1	
5	1	676	1	1	1	2588	2069	89	24	96.927818	3,580.00
2	1	677	0	0	0	2746	2069	134	24	-1	
3	1	677	1	0	0	2746	2069	134	24	-1	
4	1	677	1	1	0	2746	2069	134	24	-1	
5	1	677	1	1	1	2746	2069	134	24	93.192200	3,006,126.00
2	1	678	0	0	0	2955	2069	113	24	-1	
3	1	678	1	0	0	2955	2069	113	24	-1	
4	1	678	1	1	0	2955	2069	113	24	-1	
5	1	678	1	1	1	2955	2069	113	24	96.591736	125,671.98
2	1	679	0	0	0	258	2106	129	21	-1	
3	1	679	1	0	0	258	2106	129	21	-1	
4	1	679	1	1	0	258	2106	129	21	-1	
5	1	679	1	1	1	258	2106	93	21	82.457741	Golfcrest
5	1	679	1	1	2	360	2106	27	21	96.794853	ES
2	1	680	0	0	0	607	2107	36	19	-1	
3	1	680	1	0	0	607	2107	36	19	-1	
4	1	680	1	1	0	607	2107	36	19	-1	
5	1	680	1	1	1	607	2107	36	19	96.917580	159
2	1	681	0	0	0	748	2106	44	21	-1	
3	1	681	1	0	0	748	2106	44	21	-1	
4	1	681	1	1	0	748	2106	44	21	-1	
5	1	681	1	1	1	748	2106	44	21	96.746696	NES
2	1	682	0	0	0	964	2107	115	25	-1	
3	1	682	1	0	0	964	2107	115	25	-1	
4	1	682	1	1	0	964	2107	115	25	-1	
5	1	682	1	1	1	964	2107	115	25	96.460838	Elementary
2	1	683	0	0	0	1131	2106	80	21	-1	
3	1	683	1	0	0	1131	2106	80	21	-1	
4	1	683	1	1	0	1131	2106	80	21	-1	
5	1	683	1	1	1	1131	2106	80	21	95.347374	SOUTH
2	1	684	0	0	0	1276	2106	114	26	-1	
3	1	684	1	0	0	1276	2106	114	26	-1	
4	1	684	1	1	0	1276	2106	114	26	-1	
5	1	684	1	1	1	1276	2106	75	26	96.770226	Sterling
5	1	684	1	1	2	1362	2107	28	20	96.918755	HS
2	1	685	0	0	0	1690	2107	36	19	-1	
3	1	685	1	0	0	1690	2107	36	19	-1	
4	1	685	1	1	0	1690	2107	36	19	-1	
5	1	685	1	1	1	1690	2107	36	19	96.937843	338
2	1	686	0	0	0	1795	2107	134	23	-1	
3	1	686	1	0	0	1795	2107	134	23	-1	
4	1	686	1	1	0	1795	2107	134	23	-1	
5	1	686	1	1	1	1795	2107	134	23	91.845436	3,321,775.00
2	1	687	0	0	0	2039	2107	113	23	-1	
3	1	687	1	0	0	2039	2107	113	23	-1	
4	1	687	1	1	0	2039	2107	113	23	-1	
5	1	687	1	1	1	2039	2107	113	23	96.444633	169,409.00
2	1	688	0	0	0	2228	2107	112	23	-1	
3	1	688	1	0	0	2228	2107	112	23	-1	
4	1	688	1	1	0	2228	2107	112	23	-1	
5	1	688	1	1	1	2228	2107	112	23	96.624954	117,600.00
2	1	689	0	0	0	2420	2107	89	23	-1	
3	1	689	1	0	0	2420	2107	89	23	-1	
4	1	689	1	1	0	2420	2107	89	23	-1	
5	1	689	1	1	1	2420	2107	89	23	96.802589	2,000.00
2	1	690	0	0	0	2746	2107	133	23	-1	
3	1	690	1	0	0	2746	2107	133	23	-1	
4	1	690	1	1	0	2746	2107	133	23	-1	
5	1	690	1	1	1	2746	2107	133	23	92.140854	3,610,784.00
2	1	691	0	0	0	2955	2107	113	23	-1	
3	1	691	1	0	0	2955	2107	113	23	-1	
4	1	691	1	1	0	2955	2107	113	23	-1	
5	1	691	1	1	1	2955	2107	113	23	96.593277	139,228.68
2	1	692	0	0	0	258	2144	101	25	-1	
3	1	692	1	0	0	258	2144	101	25	-1	
4	1	692	1	1	0	258	2144	101	25	-1	
5	1	692	1	1	1	258	2144	63	25	94.935471	Gregg
5	1	692	1	1	2	331	2144	28	20	96.294159	ES
2	1	693	0	0	0	607	2144	36	20	-1	
3	1	693	1	0	0	607	2144	36	20	-1	
4	1	693	1	1	0	607	2144	36	20	-1	
5	1	693	1	1	1	607	2144	36	20	96.945259	162
2	1	694	0	0	0	748	2144	44	20	-1	
3	1	694	1	0	0	748	2144	44	20	-1	
4	1	694	1	1	0	748	2144	44	20	-1	
5	1	694	1	1	1	748	2144	44	20	94.774475	NES
2	1	695	0	0	0	964	2144	115	25	-1	
3	1	695	1	0	0	964	2144	115	25	-1	
4	1	695	1	1	0	964	2144	115	25	-1	
5	1	695	1	1	1	964	2144	115	25	96.640434	Elementary
2	1	696	0	0	0	1131	2144	80	20	-1	
3	1	696	1	0	0	1131	2144	80	20	-1	
4	1	696	1	1	0	1131	2144	80	20	-1	
5	1	696	1	1	1	1131	2144	80	20	95.590263	SOUTH
2	1	697	0	0	0	1275	2144	116	25	-1	
3	1	697	1	0	0	1275	2144	116	25	-1	
4	1	697	1	1	0	1275	2144	116	25	-1	
5	1	697	1	1	1	1275	2144	76	25	96.158051	Sterling
5	1	697	1	1	2	1362	2144	29	20	96.545517	HS
2	1	698	0	0	0	1689	2144	38	20	-1	
3	1	698	1	0	0	1689	2144	38	20	-1	
4	1	698	1	1	0	1689	2144	38	20	-1	
5	1	698	1	1	1	1689	2144	38	20	96.977364	287
2	1	699	0	0	0	1794	2144	135	24	-1	
3	1	699	1	0	0	1794	2144	135	24	-1	
4	1	699	1	1	0	1794	2144	135	24	-1	
5	1	699	1	1	1	1794	2144	135	24	92.131622	2,762,215.00
2	1	700	0	0	0	2039	2144	113	24	-1	
3	1	700	1	0	0	2039	2144	113	24	-1	
4	1	700	1	1	0	2039	2144	113	24	-1	
5	1	700	1	1	1	2039	2144	113	24	96.423416	171,873.00
2	1	701	0	0	0	2239	2144	102	24	-1	
3	1	701	1	0	0	2239	2144	102	24	-1	
4	1	701	1	1	0	2239	2144	102	24	-1	
5	1	701	1	1	1	2239	2144	102	24	96.854271	99,300.00
2	1	702	0	0	0	2420	2144	89	24	-1	
3	1	702	1	0	0	2420	2144	89	24	-1	
4	1	702	1	1	0	2420	2144	89	24	-1	
5	1	702	1	1	1	2420	2144	89	24	96.917824	2,000.00
2	1	703	0	0	0	2746	2144	134	24	-1	
3	1	703	1	0	0	2746	2144	134	24	-1	
4	1	703	1	1	0	2746	2144	134	24	-1	
5	1	703	1	1	1	2746	2144	134	24	92.803772	3,035,388.00
2	1	704	0	0	0	2955	2144	113	24	-1	
3	1	704	1	0	0	2955	2144	113	24	-1	
4	1	704	1	1	0	2955	2144	113	24	-1	
5	1	704	1	1	1	2955	2144	113	24	96.634422	108,315.13
2	1	705	0	0	0	258	2181	222	26	-1	
3	1	705	1	0	0	258	2181	222	26	-1	
4	1	705	1	1	0	258	2181	222	26	-1	
5	1	705	1	1	1	258	2181	163	26	89.604607	Gregory-Lincoln
5	1	705	1	1	2	431	2182	49	19	92.539284	PK-8
2	1	706	0	0	0	606	2182	37	19	-1	
3	1	706	1	0	0	606	2182	37	19	-1	
4	1	706	1	1	0	606	2182	37	19	-1	
5	1	706	1	1	1	606	2182	37	19	96.879036	058
2	1	707	0	0	0	748	2181	44	21	-1	
3	1	707	1	0	0	748	2181	44	21	-1	
4	1	707	1	1	0	748	2181	44	21	-1	
5	1	707	1	1	1	748	2181	44	21	96.243782	NES
2	1	708	0	0	0	964	2182	34	19	-1	
3	1	708	1	0	0	964	2182	34	19	-1	
4	1	708	1	1	0	964	2182	34	19	-1	
5	1	708	1	1	1	964	2182	34	19	93.164757	K-8
2	1	709	0	0	0	1131	2182	108	20	-1	
3	1	709	1	0	0	1131	2182	108	20	-1	
4	1	709	1	1	0	1131	2182	108	20	-1	
5	1	709	1	1	1	1131	2182	108	20	96.580582	CENTRAL
2	1	710	0	0	0	1276	2181	115	26	-1	
3	1	710	1	0	0	1276	2181	115	26	-1	
4	1	710	1	1	0	1276	2181	115	26	-1	
5	1	710	1	1	1	1276	2182	76	25	96.935623	Heights
5	1	710	1	1	2	1362	2181	29	21	96.326515	HS
2	1	711	0	0	0	1689	2182	34	19	-1	
3	1	711	1	0	0	1689	2182	34	19	-1	
4	1	711	1	1	0	1689	2182	34	19	-1	
5	1	711	1	1	1	1689	2182	34	19	82.091217	481
2	1	712	0	0	0	1795	2182	134	23	-1	
3	1	712	1	0	0	1795	2182	134	23	-1	
4	1	712	1	1	0	1795	2182	134	23	-1	
5	1	712	1	1	1	1795	2182	134	23	92.578758	5,134,458.00
2	1	713	0	0	0	2038	2182	114	23	-1	
3	1	713	1	0	0	2038	2182	114	23	-1	
4	1	713	1	1	0	2038	2182	114	23	-1	
5	1	713	1	1	1	2038	2182	114	23	95.732208	366,122.00
2	1	714	0	0	0	2228	2182	113	23	-1	
3	1	714	1	0	0	2228	2182	113	23	-1	
4	1	714	1	1	0	2228	2182	113	23	-1	
5	1	714	1	1	1	2228	2182	113	23	96.726135	194,410.00
2	1	715	0	0	0	2420	2182	89	23	-1	
3	1	715	1	0	0	2420	2182	89	23	-1	
4	1	715	1	1	0	2420	2182	89	23	-1	
5	1	715	1	1	1	2420	2182	89	23	96.655907	4,000.00
2	1	716	0	0	0	2746	2182	134	23	-1	
3	1	716	1	0	0	2746	2182	134	23	-1	
4	1	716	1	1	0	2746	2182	134	23	-1	
5	1	716	1	1	1	2746	2182	134	23	91.596634	5,698,990.00
2	1	717	0	0	0	2955	2182	113	23	-1	
3	1	717	1	0	0	2955	2182	113	23	-1	
4	1	717	1	1	0	2955	2182	113	23	-1	
5	1	717	1	1	1	2955	2182	113	23	96.208969	172,444.59
2	1	718	0	0	0	258	2219	123	20	-1	
3	1	718	1	0	0	258	2219	123	20	-1	
4	1	718	1	1	0	258	2219	123	20	-1	
5	1	718	1	1	1	258	2219	84	20	87.749863	Grissom
5	1	718	1	1	2	354	2219	27	20	96.696838	ES
2	1	719	0	0	0	606	2219	37	20	-1	
3	1	719	1	0	0	606	2219	37	20	-1	
4	1	719	1	1	0	606	2219	37	20	-1	
5	1	719	1	1	1	606	2219	37	20	96.912277	262
2	1	720	0	0	0	748	2219	44	20	-1	
3	1	720	1	0	0	748	2219	44	20	-1	
4	1	720	1	1	0	748	2219	44	20	-1	
5	1	720	1	1	1	748	2219	44	20	94.960373	NES
2	1	721	0	0	0	964	2219	115	25	-1	
3	1	721	1	0	0	964	2219	115	25	-1	
4	1	721	1	1	0	964	2219	115	25	-1	
5	1	721	1	1	1	964	2219	115	25	96.564110	Elementary
2	1	722	0	0	0	1131	2219	80	20	-1	
3	1	722	1	0	0	1131	2219	80	20	-1	
4	1	722	1	1	0	1131	2219	80	20	-1	
5	1	722	1	1	1	1131	2219	80	20	96.137192	SOUTH
2	1	723	0	0	0	1276	2219	123	20	-1	
3	1	723	1	0	0	1276	2219	123	20	-1	
4	1	723	1	1	0	1276	2219	123	20	-1	
5	1	723	1	1	1	1276	2219	85	20	95.785477	Madison
5	1	723	1	1	2	1370	2219	29	20	95.785477	HS
2	1	724	0	0	0	1689	2219	37	20	-1	
3	1	724	1	0	0	1689	2219	37	20	-1	
4	1	724	1	1	0	1689	2219	37	20	-1	
5	1	724	1	1	1	1689	2219	37	20	96.685951	402
2	1	725	0	0	0	1795	2219	134	24	-1	
3	1	725	1	0	0	1795	2219	134	24	-1	
4	1	725	1	1	0	1795	2219	134	24	-1	
5	1	725	1	1	1	1795	2219	134	24	92.969124	3,840,220.00
2	1	726	0	0	0	2039	2219	113	24	-1	
3	1	726	1	0	0	2039	2219	113	24	-1	
4	1	726	1	1	0	2039	2219	113	24	-1	
5	1	726	1	1	1	2039	2219	113	24	96.818375	153,386.00
2	1	727	0	0	0	2228	2219	112	24	-1	
3	1	727	1	0	0	2228	2219	112	24	-1	
4	1	727	1	1	0	2228	2219	112	24	-1	
5	1	727	1	1	1	2228	2219	112	24	96.849754	140,400.00
2	1	728	0	0	0	2420	2219	89	24	-1	
3	1	728	1	0	0	2420	2219	89	24	-1	
4	1	728	1	1	0	2420	2219	89	24	-1	
5	1	728	1	1	1	2420	2219	89	24	96.873146	2,000.00
2	1	729	0	0	0	2745	2219	134	24	-1	
3	1	729	1	0	0	2745	2219	134	24	-1	
4	1	729	1	1	0	2745	2219	134	24	-1	
5	1	729	1	1	1	2745	2219	134	24	91.810898	4,136,006.00
2	1	730	0	0	0	2955	2219	113	24	-1	
3	1	730	1	0	0	2955	2219	113	24	-1	
4	1	730	1	1	0	2955	2219	113	24	-1	
5	1	730	1	1	1	2955	2219	113	24	96.802742	154,858.60
2	1	731	0	0	0	258	2256	98	21	-1	
3	1	731	1	0	0	258	2256	98	21	-1	
4	1	731	1	1	0	258	2256	98	21	-1	
5	1	731	1	1	1	258	2256	61	21	89.591316	Gross
5	1	731	1	1	2	329	2256	27	21	96.373161	ES
2	1	732	0	0	0	606	2257	37	19	-1	
3	1	732	1	0	0	606	2257	37	19	-1	
4	1	732	1	1	0	606	2257	37	19	-1	
5	1	732	1	1	1	606	2257	37	19	96.747208	369
2	1	733	0	0	0	748	2256	44	21	-1	
3	1	733	1	0	0	748	2256	44	21	-1	
4	1	733	1	1	0	748	2256	44	21	-1	
5	1	733	1	1	1	748	2256	44	21	96.153847	NES
2	1	734	0	0	0	964	2256	115	26	-1	
3	1	734	1	0	0	964	2256	115	26	-1	
4	1	734	1	1	0	964	2256	115	26	-1	
5	1	734	1	1	1	964	2256	115	26	96.764999	Elementary
2	1	735	0	0	0	1131	2257	67	20	-1	
3	1	735	1	0	0	1131	2257	67	20	-1	
4	1	735	1	1	0	1131	2257	67	20	-1	
5	1	735	1	1	1	1131	2257	67	20	96.702499	WEST
2	1	736	0	0	0	1275	2256	136	26	-1	
3	1	736	1	0	0	1275	2256	136	26	-1	
4	1	736	1	1	0	1275	2256	136	26	-1	
5	1	736	1	1	1	1275	2257	98	25	96.725578	Westbury
5	1	736	1	1	2	1382	2256	29	21	95.999199	HS
2	1	737	0	0	0	1690	2257	37	19	-1	
3	1	737	1	0	0	1690	2257	37	19	-1	
4	1	737	1	1	0	1690	2257	37	19	-1	
5	1	737	1	1	1	1690	2257	37	19	96.893044	337
2	1	738	0	0	0	1795	2257	134	23	-1	
3	1	738	1	0	0	1795	2257	134	23	-1	
4	1	738	1	1	0	1795	2257	134	23	-1	
5	1	738	1	1	1	1795	2257	134	23	92.765602	3,049,669.00
2	1	739	0	0	0	2037	2257	115	23	-1	
3	1	739	1	0	0	2037	2257	115	23	-1	
4	1	739	1	1	0	2037	2257	115	23	-1	
5	1	739	1	1	1	2037	2257	115	23	96.192780	200,302.00
2	1	740	0	0	0	2228	2257	113	23	-1	
3	1	740	1	0	0	2228	2257	113	23	-1	
4	1	740	1	1	0	2228	2257	113	23	-1	
5	1	740	1	1	1	2228	2257	113	23	96.503441	116,700.00
2	1	741	0	0	0	2420	2257	89	23	-1	
3	1	741	1	0	0	2420	2257	89	23	-1	
4	1	741	1	1	0	2420	2257	89	23	-1	
5	1	741	1	1	1	2420	2257	89	23	96.610779	2,000.00
2	1	742	0	0	0	2746	2257	134	23	-1	
3	1	742	1	0	0	2746	2257	134	23	-1	
4	1	742	1	1	0	2746	2257	134	23	-1	
5	1	742	1	1	1	2746	2257	134	23	92.119591	3,368,671.00
2	1	743	0	0	0	2955	2257	113	23	-1	
3	1	743	1	0	0	2955	2257	113	23	-1	
4	1	743	1	1	0	2955	2257	113	23	-1	
5	1	743	1	1	1	2955	2257	113	23	96.799652	150,879.22
2	1	744	0	0	0	258	2293	200	26	-1	
3	1	744	1	0	0	258	2293	200	26	-1	
4	1	744	1	1	0	258	2293	200	26	-1	
5	1	744	1	1	1	258	2293	72	21	87.615730	Gulfton
5	1	744	1	1	2	340	2294	64	20	93.258812	Middle
5	1	744	1	1	3	413	2294	45	25	91.233299	Colg
2	1	745	0	0	0	606	2294	38	19	-1	
3	1	745	1	0	0	606	2294	38	19	-1	
4	1	745	1	1	0	606	2294	38	19	-1	
5	1	745	1	1	1	606	2294	38	19	96.053345	484
2	1	746	0	0	0	748	2293	95	21	-1	
3	1	746	1	0	0	748	2293	95	21	-1	
4	1	746	1	1	0	748	2293	95	21	-1	
5	1	746	1	1	1	748	2293	95	21	91.964127	Non-NES
2	1	747	0	0	0	964	2293	122	26	-1	
3	1	747	1	0	0	964	2293	122	26	-1	
4	1	747	1	1	0	964	2293	122	26	-1	
5	1	747	1	1	1	964	2294	45	25	96.878281	High
5	1	747	1	1	2	1017	2293	69	21	96.298782	School
2	1	748	0	0	0	1131	2294	67	20	-1	
3	1	748	1	0	0	1131	2294	67	20	-1	
4	1	748	1	1	0	1131	2294	67	20	-1	
5	1	748	1	1	1	1131	2294	67	20	96.535713	WEST
2	1	749	0	0	0	1276	2294	113	20	-1	
3	1	749	1	0	0	1276	2294	113	20	-1	
4	1	749	1	1	0	1276	2294	113	20	-1	
5	1	749	1	1	1	1276	2294	74	20	94.216843	Bellaire
5	1	749	1	1	2	1360	2294	29	20	96.179413	HS
2	1	750	0	0	0	1703	2294	23	19	-1	
3	1	750	1	0	0	1703	2294	23	19	-1	
4	1	750	1	1	0	1703	2294	23	19	-1	
5	1	750	1	1	1	1703	2294	23	19	96.878960	58
2	1	751	0	0	0	1796	2294	133	23	-1	
3	1	751	1	0	0	1796	2294	133	23	-1	
4	1	751	1	1	0	1796	2294	133	23	-1	
5	1	751	1	1	1	1796	2294	133	23	93.197365	1,099,790.00
2	1	752	0	0	0	2052	2294	100	23	-1	
3	1	752	1	0	0	2052	2294	100	23	-1	
4	1	752	1	1	0	2052	2294	100	23	-1	
5	1	752	1	1	1	2052	2294	100	23	96.479797	17,729.00
2	1	753	0	0	0	2239	2294	101	23	-1	
3	1	753	1	0	0	2239	2294	101	23	-1	
4	1	753	1	1	0	2239	2294	101	23	-1	
5	1	753	1	1	1	2239	2294	101	23	96.941414	40,751.00
2	1	754	0	0	0	2440	2294	69	20	-1	
3	1	754	1	0	0	2440	2294	69	20	-1	
4	1	754	1	1	0	2440	2294	69	20	-1	
5	1	754	1	1	1	2440	2294	69	20	96.485901	850.00
2	1	755	0	0	0	2577	2294	100	23	-1	
3	1	755	1	0	0	2577	2294	100	23	-1	
4	1	755	1	1	0	2577	2294	100	23	-1	
5	1	755	1	1	1	2577	2294	100	23	96.807915	16,000.00
2	1	756	0	0	0	2747	2294	132	23	-1	
3	1	756	1	0	0	2747	2294	132	23	-1	
4	1	756	1	1	0	2747	2294	132	23	-1	
5	1	756	1	1	1	2747	2294	132	23	92.487656	1,175,120.00
2	1	757	0	0	0	2966	2294	102	23	-1	
3	1	757	1	0	0	2966	2294	102	23	-1	
4	1	757	1	1	0	2966	2294	102	23	-1	
5	1	757	1	1	1	2966	2294	102	23	96.341301	24,810.59
2	1	758	0	0	0	259	2331	90	20	-1	
3	1	758	1	0	0	259	2331	90	20	-1	
4	1	758	1	1	0	259	2331	90	20	-1	
5	1	758	1	1	1	259	2331	51	20	91.896385	HAIS
5	1	758	1	1	2	320	2331	29	20	96.627251	HS
2	1	759	0	0	0	606	2331	37	20	-1	
3	1	759	1	0	0	606	2331	37	20	-1	
4	1	759	1	1	0	606	2331	37	20	-1	
5	1	759	1	1	1	606	2331	37	20	96.318886	348
2	1	760	0	0	0	748	2331	95	20	-1	
3	1	760	1	0	0	748	2331	95	20	-1	
4	1	760	1	1	0	748	2331	95	20	-1	
5	1	760	1	1	1	748	2331	95	20	92.395470	Non-NES
2	1	761	0	0	0	964	2331	122	25	-1	
3	1	761	1	0	0	964	2331	122	25	-1	
4	1	761	1	1	0	964	2331	122	25	-1	
5	1	761	1	1	1	964	2331	45	25	96.971275	High
5	1	761	1	1	2	1017	2331	69	20	96.194687	School
2	1	762	0	0	0	1131	2331	108	20	-1	
3	1	762	1	0	0	1131	2331	108	20	-1	
4	1	762	1	1	0	1131	2331	108	20	-1	
5	1	762	1	1	1	1131	2331	108	20	96.314178	CENTRAL
2	1	763	0	0	0	1276	2331	103	20	-1	
3	1	763	1	0	0	1276	2331	103	20	-1	
4	1	763	1	1	0	1276	2331	103	20	-1	
5	1	763	1	1	1	1276	2331	65	20	96.300407	Lamar
5	1	763	1	1	2	1350	2331	29	20	95.920334	HS
2	1	764	0	0	0	1689	2331	37	20	-1	
3	1	764	1	0	0	1689	2331	37	20	-1	
4	1	764	1	1	0	1689	2331	37	20	-1	
5	1	764	1	1	1	1689	2331	37	20	96.975426	462
2	1	765	0	0	0	1794	2331	135	24	-1	
3	1	765	1	0	0	1794	2331	135	24	-1	
4	1	765	1	1	0	1794	2331	135	24	-1	
5	1	765	1	1	1	1794	2331	135	24	92.762291	2,768,671.00
2	1	766	0	0	0	2039	2331	113	24	-1	
3	1	766	1	0	0	2039	2331	113	24	-1	
4	1	766	1	1	0	2039	2331	113	24	-1	
5	1	766	1	1	1	2039	2331	113	24	96.722641	130,414.00
2	1	767	0	0	0	2239	2331	102	24	-1	
3	1	767	1	0	0	2239	2331	102	24	-1	
4	1	767	1	1	0	2239	2331	102	24	-1	
5	1	767	1	1	1	2239	2331	102	24	96.137344	67,311.00
2	1	768	0	0	0	2368	2331	11	22	-1	
3	1	768	1	0	0	2368	2331	11	22	-1	
4	1	768	1	1	0	2368	2331	11	22	-1	
5	1	768	1	1	1	2368	2331	11	22	25.324471	8
2	1	769	0	0	0	2407	2331	102	24	-1	
3	1	769	1	0	0	2407	2331	102	24	-1	
4	1	769	1	1	0	2407	2331	102	24	-1	
5	1	769	1	1	1	2407	2331	102	24	96.786812	45,050.00
2	1	770	0	0	0	2575	2331	102	24	-1	
3	1	770	1	0	0	2575	2331	102	24	-1	
4	1	770	1	1	0	2575	2331	102	24	-1	
5	1	770	1	1	1	2575	2331	102	24	96.714661	68,818.00
2	1	771	0	0	0	2745	2331	135	24	-1	
3	1	771	1	0	0	2745	2331	135	24	-1	
4	1	771	1	1	0	2745	2331	135	24	-1	
5	1	771	1	1	1	2745	2331	135	24	92.791298	3,080,264.00
2	1	772	0	0	0	2955	2331	113	24	-1	
3	1	772	1	0	0	2955	2331	113	24	-1	
4	1	772	1	1	0	2955	2331	113	24	-1	
5	1	772	1	1	1	2955	2331	113	24	96.758568	100,101.25
