level	page_num	block_num	par_num	line_num	word_num	left	top	width	height	conf	text
1	1	0	0	0	0	0	0	3300	2550	-1	
2	1	1	0	0	0	1626	161	168	27	-1	
3	1	1	1	0	0	1626	161	168	27	-1	
4	1	1	1	1	0	1626	161	168	27	-1	
5	1	1	1	1	1	1626	161	87	22	95.768517	School
5	1	1	1	1	2	1721	161	73	27	96.598900	Pages
2	1	2	0	0	0	988	283	89	24	-1	
3	1	2	1	0	0	988	283	89	24	-1	
4	1	2	1	1	0	988	283	89	24	-1	
5	1	2	1	1	1	988	283	89	24	95.177773	Campus
2	1	3	0	0	0	2258	285	146	19	-1	
3	1	3	1	0	0	2258	285	146	19	-1	
4	1	3	1	1	0	2258	285	146	19	-1	
5	1	3	1	1	1	2258	285	83	19	96.796806	General
5	1	3	1	1	2	2351	285	53	18	96.346802	Fund
2	1	4	0	0	0	2960	285	59	19	-1	
3	1	4	1	0	0	2960	285	59	19	-1	
4	1	4	1	1	0	2960	285	59	19	-1	
5	1	4	1	1	1	2960	285	47	19	95.715973	Title
5	1	4	1	1	2	3015	285	4	18	80.796547	|
2	1	5	0	0	0	308	318	188	24	-1	
3	1	5	1	0	0	308	318	188	24	-1	
4	1	5	1	1	0	308	318	188	24	-1	
5	1	5	1	1	1	308	318	69	19	92.322983	PEIMS
5	1	5	1	1	2	386	318	38	24	93.285927	Org
5	1	5	1	1	3	434	319	62	18	91.589966	Descr
2	1	6	0	0	0	650	318	286	24	-1	
3	1	6	1	0	0	650	318	286	24	-1	
4	1	6	1	1	0	650	318	286	24	-1	
5	1	6	1	1	1	650	318	70	19	92.283768	PEIMS
5	1	6	1	1	2	728	318	39	24	93.122162	Org
5	1	6	1	1	3	788	318	88	24	91.189919	|Campus
5	1	6	1	1	4	885	319	51	23	96.563217	Type
2	1	7	0	0	0	1000	318	129	19	-1	
3	1	7	1	0	0	1000	318	129	19	-1	
4	1	7	1	1	0	1000	318	129	19	-1	
5	1	7	1	1	1	1000	318	65	19	96.776604	Grade
5	1	7	1	1	2	1074	318	55	19	96.281181	Level
2	1	8	0	0	0	1166	319	87	18	-1	
3	1	8	1	0	0	1166	319	87	18	-1	
4	1	8	1	1	0	1166	319	87	18	-1	
5	1	8	1	1	1	1166	319	87	18	95.968391	Division
2	1	9	0	0	0	1308	319	158	18	-1	
3	1	9	1	0	0	1308	319	158	18	-1	
4	1	9	1	1	0	1308	319	158	18	-1	
5	1	9	1	1	1	1308	319	73	18	96.915970	Feeder
5	1	9	1	1	2	1390	319	76	18	96.465034	Pattern
2	1	10	0	0	0	1642	319	102	23	-1	
3	1	10	1	0	0	1642	319	102	23	-1	
4	1	10	1	1	0	1642	319	102	23	-1	
5	1	10	1	1	1	1642	319	102	23	96.591187	Projected
2	1	11	0	0	0	1793	318	146	24	-1	
3	1	11	1	0	0	1793	318	146	24	-1	
4	1	11	1	1	0	1793	318	146	24	-1	
5	1	11	1	1	1	1793	319	49	18	93.221321	6100
5	1	11	1	1	2	1850	328	7	4	88.360611	-
5	1	11	1	1	3	1866	318	73	24	96.394485	Payroll
2	1	12	0	0	0	2044	319	64	18	-1	
3	1	12	1	0	0	2044	319	64	18	-1	
4	1	12	1	1	0	2044	319	64	18	-1	
5	1	12	1	1	1	2044	319	49	18	93.286972	6200
5	1	12	1	1	2	2101	328	7	4	91.190971	-
2	1	13	0	0	0	2198	318	322	24	-1	
3	1	13	1	0	0	2198	318	322	24	-1	
4	1	13	1	1	0	2198	318	322	24	-1	
5	1	13	1	1	1	2198	319	49	18	93.200912	6300
5	1	13	1	1	2	2255	318	102	24	91.042374	-Supplies
5	1	13	1	1	3	2364	314	12	32	96.660271	|
5	1	13	1	1	4	2387	319	49	18	93.269836	6400
5	1	13	1	1	5	2444	328	7	4	91.553650	-
5	1	13	1	1	6	2459	318	61	19	96.541351	Other
2	1	14	0	0	0	2545	318	146	24	-1	
3	1	14	1	0	0	2545	318	146	24	-1	
4	1	14	1	1	0	2545	318	146	24	-1	
5	1	14	1	1	1	2545	319	49	18	93.224129	6600
5	1	14	1	1	2	2602	328	7	4	88.465950	-
5	1	14	1	1	3	2617	318	74	24	96.734337	Capital
2	1	15	0	0	0	2737	318	126	19	-1	
3	1	15	1	0	0	2737	318	126	19	-1	
4	1	15	1	1	0	2737	318	126	19	-1	
5	1	15	1	1	1	2737	318	65	19	96.339745	Grand
5	1	15	1	1	2	2811	318	52	19	96.917931	Total
2	1	16	0	0	0	2937	318	110	19	-1	
3	1	16	1	0	0	2937	318	110	19	-1	
4	1	16	1	1	0	2937	318	110	19	-1	
5	1	16	1	1	1	2937	318	110	19	96.366951	Allocation
2	1	17	0	0	0	1631	351	118	18	-1	
3	1	17	1	0	0	1631	351	118	18	-1	
4	1	17	1	1	0	1631	351	118	18	-1	
5	1	17	1	1	1	1631	351	118	18	40.418316	Enrollment
2	1	18	0	0	0	1838	350	50	19	-1	
3	1	18	1	0	0	1838	350	50	19	-1	
4	1	18	1	1	0	1838	350	50	19	-1	
5	1	18	1	1	1	1838	350	50	19	96.912140	Cost
2	1	19	0	0	0	1981	351	182	18	-1	
3	1	19	1	0	0	1981	351	182	18	-1	
4	1	19	1	1	0	1981	351	182	18	-1	
5	1	19	1	1	1	1981	351	135	18	96.782295	Professional
5	1	19	1	1	2	2125	351	38	18	96.824402	and
2	1	20	0	0	0	2201	351	146	18	-1	
3	1	20	1	0	0	2201	351	146	18	-1	
4	1	20	1	1	0	2201	351	146	18	-1	
5	1	20	1	1	1	2201	351	39	18	96.760422	and
5	1	20	1	1	2	2249	351	98	18	96.076057	Materials
2	1	21	0	0	0	2397	350	106	24	-1	
3	1	21	1	0	0	2397	350	106	24	-1	
4	1	21	1	1	0	2397	350	106	24	-1	
5	1	21	1	1	1	2397	350	106	24	95.571480	Operating
2	1	22	0	0	0	2580	350	70	24	-1	
3	1	22	1	0	0	2580	350	70	24	-1	
4	1	22	1	1	0	2580	350	70	24	-1	
5	1	22	1	1	1	2580	350	70	24	96.786171	Outlay
2	1	23	0	0	0	2012	383	119	18	-1	
3	1	23	1	0	0	2012	383	119	18	-1	
4	1	23	1	1	0	2012	383	119	18	-1	
5	1	23	1	1	1	2012	383	119	18	96.608566	Contracted
2	1	24	0	0	0	2419	383	61	18	-1	
3	1	24	1	0	0	2419	383	61	18	-1	
4	1	24	1	1	0	2419	383	61	18	-1	
5	1	24	1	1	1	2419	383	61	18	96.663010	Costs
2	1	25	0	0	0	2026	415	92	19	-1	
3	1	25	1	0	0	2026	415	92	19	-1	
4	1	25	1	1	0	2026	415	92	19	-1	
5	1	25	1	1	1	2026	415	92	19	96.908150	Services
2	1	26	0	0	0	650	460	33	18	-1	
3	1	26	1	0	0	650	460	33	18	-1	
4	1	26	1	1	0	650	460	33	18	-1	
5	1	26	1	1	1	650	460	33	18	96.211769	131
2	1	27	0	0	0	789	460	93	19	-1	
3	1	27	1	0	0	789	460	93	19	-1	
4	1	27	1	1	0	789	460	93	19	-1	
5	1	27	1	1	1	789	460	93	19	90.557144	Non-NES
2	1	28	0	0	0	1165	460	67	19	-1	
3	1	28	1	0	0	1165	460	67	19	-1	
4	1	28	1	1	0	1165	460	67	19	-1	
5	1	28	1	1	1	1165	460	67	19	96.570282	WEST
2	1	29	0	0	0	1714	460	37	18	-1	
3	1	29	1	0	0	1714	460	37	18	-1	
4	1	29	1	1	0	1714	460	37	18	-1	
5	1	29	1	1	1	1714	460	37	18	96.844482	334
2	1	30	0	0	0	2195	460	11	20	-1	
3	1	30	1	0	0	2195	460	11	20	-1	
4	1	30	1	1	0	2195	460	11	20	-1	
5	1	30	1	1	1	2195	460	11	20	79.010361	$
2	1	31	0	0	0	2380	459	11	21	-1	
3	1	31	1	0	0	2380	459	11	21	-1	
4	1	31	1	1	0	2380	459	11	21	-1	
5	1	31	1	1	1	2380	459	11	21	81.912857	$
2	1	32	0	0	0	2546	460	10	20	-1	
3	1	32	1	0	0	2546	460	10	20	-1	
4	1	32	1	1	0	2546	460	10	20	-1	
5	1	32	1	1	1	2546	460	10	20	66.811752	$
2	1	33	0	0	0	308	460	115	23	-1	
3	1	33	1	0	0	308	460	115	23	-1	
4	1	33	1	1	0	308	460	115	23	-1	
5	1	33	1	1	1	308	460	61	23	96.717636	Halpin
5	1	33	1	1	2	378	460	45	19	96.488266	ECC
2	1	34	0	0	0	1001	460	113	23	-1	
3	1	34	1	0	0	1001	460	113	23	-1	
4	1	34	1	1	0	1001	460	113	23	-1	
5	1	34	1	1	1	1001	460	113	23	96.217560	Elementary
2	1	35	0	0	0	1307	460	134	23	-1	
3	1	35	1	0	0	1307	460	134	23	-1	
4	1	35	1	1	0	1307	460	134	23	-1	
5	1	35	1	1	1	1307	460	96	23	96.544136	Westbury
5	1	35	1	1	2	1412	460	29	19	96.571922	HS
2	1	36	0	0	0	1817	460	133	22	-1	
3	1	36	1	0	0	1817	460	133	22	-1	
4	1	36	1	1	0	1817	460	133	22	-1	
5	1	36	1	1	1	1817	460	133	22	45.591423	2,422,637.00
2	1	37	0	0	0	2057	460	112	22	-1	
3	1	37	1	0	0	2057	460	112	22	-1	
4	1	37	1	1	0	2057	460	112	22	-1	
5	1	37	1	1	1	2057	460	112	22	96.678947	195,494.00
2	1	38	0	0	0	2254	460	100	22	-1	
3	1	38	1	0	0	2254	460	100	22	-1	
4	1	38	1	1	0	2254	460	100	22	-1	
5	1	38	1	1	1	2254	460	100	22	96.756302	33,374.00
2	1	39	0	0	0	2431	460	88	22	-1	
3	1	39	1	0	0	2431	460	88	22	-1	
4	1	39	1	1	0	2431	460	88	22	-1	
5	1	39	1	1	1	2431	460	88	22	96.605736	4,000.00
2	1	40	0	0	0	2597	460	88	22	-1	
3	1	40	1	0	0	2597	460	88	22	-1	
4	1	40	1	1	0	2597	460	88	22	-1	
5	1	40	1	1	1	2597	460	88	22	96.134140	9,340.00
2	1	41	0	0	0	2751	460	133	22	-1	
3	1	41	1	0	0	2751	460	133	22	-1	
4	1	41	1	1	0	2751	460	133	22	-1	
5	1	41	1	1	1	2751	460	133	22	92.553650	2,664,845.00
2	1	42	0	0	0	2958	460	111	22	-1	
3	1	42	1	0	0	2958	460	111	22	-1	
4	1	42	1	1	0	2958	460	111	22	-1	
5	1	42	1	1	1	2958	460	111	22	96.203537	117,094.92
2	1	43	0	0	0	308	495	128	19	-1	
3	1	43	1	0	0	308	495	128	19	-1	
4	1	43	1	1	0	308	495	128	19	-1	
5	1	43	1	1	1	308	495	87	18	95.876823	Hamilton
5	1	43	1	1	2	404	495	32	19	96.725433	MS
2	1	44	0	0	0	649	495	37	18	-1	
3	1	44	1	0	0	649	495	37	18	-1	
4	1	44	1	1	0	649	495	37	18	-1	
5	1	44	1	1	1	649	495	37	18	95.899345	049
2	1	45	0	0	0	789	495	93	19	-1	
3	1	45	1	0	0	789	495	93	19	-1	
4	1	45	1	1	0	789	495	93	19	-1	
5	1	45	1	1	1	789	495	93	19	90.052414	Non-NES
2	1	46	0	0	0	1000	495	141	19	-1	
3	1	46	1	0	0	1000	495	141	19	-1	
4	1	46	1	1	0	1000	495	141	19	-1	
5	1	46	1	1	1	1000	495	64	18	95.868317	Middle
5	1	46	1	1	2	1073	495	68	19	96.531654	School
2	1	47	0	0	0	1166	495	106	19	-1	
3	1	47	1	0	0	1166	495	106	19	-1	
4	1	47	1	1	0	1166	495	106	19	-1	
5	1	47	1	1	1	1166	495	106	19	96.175323	CENTRAL
2	1	48	0	0	0	1308	495	113	23	-1	
3	1	48	1	0	0	1308	495	113	23	-1	
4	1	48	1	1	0	1308	495	113	23	-1	
5	1	48	1	1	1	1308	495	75	23	96.816734	Heights
5	1	48	1	1	2	1392	495	29	19	96.141808	HS
2	1	49	0	0	0	1714	495	36	18	-1	
3	1	49	1	0	0	1714	495	36	18	-1	
4	1	49	1	1	0	1714	495	36	18	-1	
5	1	49	1	1	1	1714	495	36	18	96.342300	922
2	1	50	0	0	0	1817	495	133	22	-1	
3	1	50	1	0	0	1817	495	133	22	-1	
4	1	50	1	1	0	1817	495	133	22	-1	
5	1	50	1	1	1	1817	495	133	22	92.777954	6,158,057.00
2	1	51	0	0	0	2055	495	114	22	-1	
3	1	51	1	0	0	2055	495	114	22	-1	
4	1	51	1	1	0	2055	495	114	22	-1	
5	1	51	1	1	1	2055	495	114	22	96.635216	444,230.00
2	1	52	0	0	0	2241	495	113	22	-1	
3	1	52	1	0	0	2241	495	113	22	-1	
4	1	52	1	1	0	2241	495	113	22	-1	
5	1	52	1	1	1	2241	495	113	22	96.601654	327,697.00
2	1	53	0	0	0	2380	494	139	23	-1	
3	1	53	1	0	0	2380	494	139	23	-1	
4	1	53	1	1	0	2380	494	139	23	-1	
5	1	53	1	1	1	2380	494	11	21	91.239456	$
5	1	53	1	1	2	2406	495	113	22	96.705780	249,514.00
2	1	54	0	0	0	2546	495	10	20	-1	
3	1	54	1	0	0	2546	495	10	20	-1	
4	1	54	1	1	0	2546	495	10	20	-1	
5	1	54	1	1	1	2546	495	10	20	66.955353	$
2	1	55	0	0	0	2597	495	88	22	-1	
3	1	55	1	0	0	2597	495	88	22	-1	
4	1	55	1	1	0	2597	495	88	22	-1	
5	1	55	1	1	1	2597	495	88	22	95.242233	9,600.00
2	1	56	0	0	0	2752	495	132	22	-1	
3	1	56	1	0	0	2752	495	132	22	-1	
4	1	56	1	1	0	2752	495	132	22	-1	
5	1	56	1	1	1	2752	495	132	22	91.823807	7,189,098.00
2	1	57	0	0	0	2956	495	113	22	-1	
3	1	57	1	0	0	2956	495	113	22	-1	
4	1	57	1	1	0	2956	495	113	22	-1	
5	1	57	1	1	1	2956	495	113	22	96.188736	271,565.28
2	1	58	0	0	0	649	530	34	18	-1	
3	1	58	1	0	0	649	530	34	18	-1	
4	1	58	1	1	0	649	530	34	18	-1	
5	1	58	1	1	1	649	530	34	18	95.961128	351
2	1	59	0	0	0	789	530	93	19	-1	
3	1	59	1	0	0	789	530	93	19	-1	
4	1	59	1	1	0	789	530	93	19	-1	
5	1	59	1	1	1	789	530	93	19	90.014374	Non-NES
2	1	60	0	0	0	1165	530	107	19	-1	
3	1	60	1	0	0	1165	530	107	19	-1	
4	1	60	1	1	0	1165	530	107	19	-1	
5	1	60	1	1	1	1165	530	107	19	96.453110	CENTRAL
2	1	61	0	0	0	1727	530	24	18	-1	
3	1	61	1	0	0	1727	530	24	18	-1	
4	1	61	1	1	0	1727	530	24	18	-1	
5	1	61	1	1	1	1727	530	24	18	96.530113	76
2	1	62	0	0	0	3037	540	6	3	-1	
3	1	62	1	0	0	3037	540	6	3	-1	
4	1	62	1	1	0	3037	540	6	3	-1	
5	1	62	1	1	1	3037	540	6	3	88.970726	-
2	1	63	0	0	0	308	530	137	23	-1	
3	1	63	1	0	0	308	530	137	23	-1	
4	1	63	1	1	0	308	530	137	23	-1	
5	1	63	1	1	1	308	530	68	23	93.259544	Harper
5	1	63	1	1	2	385	530	60	18	89.089127	DAEP
2	1	64	0	0	0	1001	530	120	23	-1	
3	1	64	1	0	0	1001	530	120	23	-1	
4	1	64	1	1	0	1001	530	120	23	-1	
5	1	64	1	1	1	1001	530	44	23	96.416260	High
5	1	64	1	1	2	1053	530	68	19	96.668762	School
2	1	65	0	0	0	1306	530	133	23	-1	
3	1	65	1	0	0	1306	530	133	23	-1	
4	1	65	1	1	0	1306	530	133	23	-1	
5	1	65	1	1	1	1306	530	95	23	93.916527	Wheatley
5	1	65	1	1	2	1410	530	29	19	96.403297	HS
2	1	66	0	0	0	1818	530	132	22	-1	
3	1	66	1	0	0	1818	530	132	22	-1	
4	1	66	1	1	0	1818	530	132	22	-1	
5	1	66	1	1	1	1818	530	132	22	92.159142	3,720,057.00
2	1	67	0	0	0	2055	530	114	22	-1	
3	1	67	1	0	0	2055	530	114	22	-1	
4	1	67	1	1	0	2055	530	114	22	-1	
5	1	67	1	1	1	2055	530	114	22	96.747284	240,108.00
2	1	68	0	0	0	2243	530	111	22	-1	
3	1	68	1	0	0	2243	530	111	22	-1	
4	1	68	1	1	0	2243	530	111	22	-1	
5	1	68	1	1	1	2243	530	111	22	96.819496	139,738.00
2	1	69	0	0	0	2380	529	11	21	-1	
3	1	69	1	0	0	2380	529	11	21	-1	
4	1	69	1	1	0	2380	529	11	21	-1	
5	1	69	1	1	1	2380	529	11	21	85.485680	$
2	1	70	0	0	0	2419	530	100	22	-1	
3	1	70	1	0	0	2419	530	100	22	-1	
4	1	70	1	1	0	2419	530	100	22	-1	
5	1	70	1	1	1	2419	530	100	22	96.653458	33,413.00
2	1	71	0	0	0	2585	530	100	22	-1	
3	1	71	1	0	0	2585	530	100	22	-1	
4	1	71	1	1	0	2585	530	100	22	-1	
5	1	71	1	1	1	2585	530	100	22	96.788467	34,778.00
2	1	72	0	0	0	2751	530	133	22	-1	
3	1	72	1	0	0	2751	530	133	22	-1	
4	1	72	1	1	0	2751	530	133	22	-1	
5	1	72	1	1	1	2751	530	133	22	91.322975	4,168,094.00
2	1	73	0	0	0	308	565	172	19	-1	
3	1	73	1	0	0	308	565	172	19	-1	
4	1	73	1	1	0	308	565	172	19	-1	
5	1	73	1	1	1	308	565	58	18	93.301376	Harris
5	1	73	1	1	2	375	565	105	19	92.573463	Co-JJAEP
2	1	74	0	0	0	649	565	37	18	-1	
3	1	74	1	0	0	649	565	37	18	-1	
4	1	74	1	1	0	649	565	37	18	-1	
5	1	74	1	1	1	649	565	37	18	96.857552	320
2	1	75	0	0	0	789	565	59	18	-1	
3	1	75	1	0	0	789	565	59	18	-1	
4	1	75	1	1	0	789	565	59	18	-1	
5	1	75	1	1	1	789	565	59	18	91.175537	DAEP
2	1	76	0	0	0	1001	565	94	19	-1	
3	1	76	1	0	0	1001	565	94	19	-1	
4	1	76	1	1	0	1001	565	94	19	-1	
5	1	76	1	1	1	1001	565	94	19	91.795517	Non-RAS
2	1	77	0	0	0	1165	565	53	18	-1	
3	1	77	1	0	0	1165	565	53	18	-1	
4	1	77	1	1	0	1165	565	53	18	-1	
5	1	77	1	1	1	1165	565	53	18	96.394981	West
2	1	78	0	0	0	1308	565	202	23	-1	
3	1	78	1	0	0	1308	565	202	23	-1	
4	1	78	1	1	0	1308	565	202	23	-1	
5	1	78	1	1	1	1308	565	72	18	95.690460	Bellaire
5	1	78	1	1	2	1390	565	44	23	96.972664	High
5	1	78	1	1	3	1443	565	67	19	96.235649	School
2	1	79	0	0	0	1726	565	24	18	-1	
3	1	79	1	0	0	1726	565	24	18	-1	
4	1	79	1	1	0	1726	565	24	18	-1	
5	1	79	1	1	1	1726	565	24	18	96.733925	22
2	1	80	0	0	0	1917	575	7	3	-1	
3	1	80	1	0	0	1917	575	7	3	-1	
4	1	80	1	1	0	1917	575	7	3	-1	
5	1	80	1	1	1	1917	575	7	3	87.519112	-
2	1	81	0	0	0	2056	565	113	22	-1	
3	1	81	1	0	0	2056	565	113	22	-1	
4	1	81	1	1	0	2056	565	113	22	-1	
5	1	81	1	1	1	2056	565	113	22	96.044930	792,000.00
2	1	82	0	0	0	2322	575	6	3	-1	
3	1	82	1	0	0	2322	575	6	3	-1	
4	1	82	1	1	0	2322	575	6	3	-1	
5	1	82	1	1	1	2322	575	6	3	88.970726	-
2	1	83	0	0	0	2487	575	7	3	-1	
3	1	83	1	0	0	2487	575	7	3	-1	
4	1	83	1	1	0	2487	575	7	3	-1	
5	1	83	1	1	1	2487	575	7	3	87.519112	-
2	1	84	0	0	0	2771	565	113	22	-1	
3	1	84	1	0	0	2771	565	113	22	-1	
4	1	84	1	1	0	2771	565	113	22	-1	
5	1	84	1	1	1	2771	565	113	22	95.756439	792,000.00
2	1	85	0	0	0	3037	575	6	3	-1	
3	1	85	1	0	0	3037	575	6	3	-1	
4	1	85	1	1	0	3037	575	6	3	-1	
5	1	85	1	1	1	3037	575	6	3	88.970726	-
2	1	86	0	0	0	650	600	35	18	-1	
3	1	86	1	0	0	650	600	35	18	-1	
4	1	86	1	1	0	650	600	35	18	-1	
5	1	86	1	1	1	650	600	35	18	96.832092	166
2	1	87	0	0	0	1714	600	36	18	-1	
3	1	87	1	0	0	1714	600	36	18	-1	
4	1	87	1	1	0	1714	600	36	18	-1	
5	1	87	1	1	1	1714	600	36	18	96.601944	278
2	1	88	0	0	0	308	600	151	22	-1	
3	1	88	1	0	0	308	600	151	22	-1	
4	1	88	1	1	0	308	600	151	22	-1	
5	1	88	1	1	1	308	600	64	22	93.099419	Harris,
5	1	88	1	1	2	381	600	39	19	91.948616	J.R.
5	1	88	1	1	3	431	600	28	19	95.808784	ES
2	1	89	0	0	0	789	600	44	19	-1	
3	1	89	1	0	0	789	600	44	19	-1	
4	1	89	1	1	0	789	600	44	19	-1	
5	1	89	1	1	1	789	600	44	19	96.344826	NES
2	1	90	0	0	0	1001	600	113	23	-1	
3	1	90	1	0	0	1001	600	113	23	-1	
4	1	90	1	1	0	1001	600	113	23	-1	
5	1	90	1	1	1	1001	600	113	23	96.439163	Elementary
2	1	91	0	0	0	1165	600	78	19	-1	
3	1	91	1	0	0	1165	600	78	19	-1	
4	1	91	1	1	0	1165	600	78	19	-1	
5	1	91	1	1	1	1165	600	78	19	95.954605	SOUTH
2	1	92	0	0	0	1307	600	89	23	-1	
3	1	92	1	0	0	1307	600	89	23	-1	
4	1	92	1	1	0	1307	600	89	23	-1	
5	1	92	1	1	1	1307	600	51	23	93.317078	Milby
5	1	92	1	1	2	1367	600	29	19	94.594330	HS
2	1	93	0	0	0	1817	600	133	22	-1	
3	1	93	1	0	0	1817	600	133	22	-1	
4	1	93	1	1	0	1817	600	133	22	-1	
5	1	93	1	1	1	1817	600	133	22	84.980057	2,779,331.00
2	1	94	0	0	0	2057	600	112	22	-1	
3	1	94	1	0	0	2057	600	112	22	-1	
4	1	94	1	1	0	2057	600	112	22	-1	
5	1	94	1	1	1	2057	600	112	22	96.206337	160,179.00
2	1	95	0	0	0	2254	600	100	22	-1	
3	1	95	1	0	0	2254	600	100	22	-1	
4	1	95	1	1	0	2254	600	100	22	-1	
5	1	95	1	1	1	2254	600	100	22	96.854858	96,600.00
2	1	96	0	0	0	2431	600	88	22	-1	
3	1	96	1	0	0	2431	600	88	22	-1	
4	1	96	1	1	0	2431	600	88	22	-1	
5	1	96	1	1	1	2431	600	88	22	96.589508	2,000.00
2	1	97	0	0	0	2752	600	132	22	-1	
3	1	97	1	0	0	2752	600	132	22	-1	
4	1	97	1	1	0	2752	600	132	22	-1	
5	1	97	1	1	1	2752	600	132	22	91.037971	3,038,110.00
2	1	98	0	0	0	2958	600	111	22	-1	
3	1	98	1	0	0	2958	600	111	22	-1	
4	1	98	1	1	0	2958	600	111	22	-1	
5	1	98	1	1	1	2958	600	111	22	96.382324	107,007.97
2	1	99	0	0	0	308	635	154	22	-1	
3	1	99	1	0	0	308	635	154	22	-1	
4	1	99	1	1	0	308	635	154	22	-1	
5	1	99	1	1	1	308	635	64	22	93.175827	Harris,
5	1	99	1	1	2	383	635	41	18	89.466103	R.P.
5	1	99	1	1	3	434	635	28	19	96.349701	ES
2	1	100	0	0	0	650	635	36	18	-1	
3	1	100	1	0	0	650	635	36	18	-1	
4	1	100	1	1	0	650	635	36	18	-1	
5	1	100	1	1	1	650	635	36	18	96.908638	167
2	1	101	0	0	0	789	635	44	19	-1	
3	1	101	1	0	0	789	635	44	19	-1	
4	1	101	1	1	0	789	635	44	19	-1	
5	1	101	1	1	1	789	635	44	19	96.374344	NES
2	1	102	0	0	0	1001	635	113	23	-1	
3	1	102	1	0	0	1001	635	113	23	-1	
4	1	102	1	1	0	1001	635	113	23	-1	
5	1	102	1	1	1	1001	635	113	23	96.400215	Elementary
2	1	103	0	0	0	1165	635	107	19	-1	
3	1	103	1	0	0	1165	635	107	19	-1	
4	1	103	1	1	0	1165	635	107	19	-1	
5	1	103	1	1	1	1165	635	107	19	96.390579	CENTRAL
2	1	104	0	0	0	1308	635	78	19	-1	
3	1	104	1	0	0	1308	635	78	19	-1	
4	1	104	1	1	0	1308	635	78	19	-1	
5	1	104	1	1	1	1308	635	40	18	95.279884	Furr
5	1	104	1	1	2	1357	635	29	19	96.406006	HS
2	1	105	0	0	0	1714	635	36	18	-1	
3	1	105	1	0	0	1714	635	36	18	-1	
4	1	105	1	1	0	1714	635	36	18	-1	
5	1	105	1	1	1	1714	635	36	18	96.818008	358
2	1	106	0	0	0	1818	635	132	22	-1	
3	1	106	1	0	0	1818	635	132	22	-1	
4	1	106	1	1	0	1818	635	132	22	-1	
5	1	106	1	1	1	1818	635	132	22	92.176514	3,295,184.00
2	1	107	0	0	0	2057	635	112	22	-1	
3	1	107	1	0	0	2057	635	112	22	-1	
4	1	107	1	1	0	2057	635	112	22	-1	
5	1	107	1	1	1	2057	635	112	22	96.772125	141,684.00
2	1	108	0	0	0	2243	635	111	22	-1	
3	1	108	1	0	0	2243	635	111	22	-1	
4	1	108	1	1	0	2243	635	111	22	-1	
5	1	108	1	1	1	2243	635	111	22	96.834702	123,600.00
2	1	109	0	0	0	2431	635	88	22	-1	
3	1	109	1	0	0	2431	635	88	22	-1	
4	1	109	1	1	0	2431	635	88	22	-1	
5	1	109	1	1	1	2431	635	88	22	96.494797	2,000.00
2	1	110	0	0	0	2752	635	132	22	-1	
3	1	110	1	0	0	2752	635	132	22	-1	
4	1	110	1	1	0	2752	635	132	22	-1	
5	1	110	1	1	1	2752	635	132	22	92.820541	3,562,468.00
2	1	111	0	0	0	2958	635	111	22	-1	
3	1	111	1	0	0	2958	635	111	22	-1	
4	1	111	1	1	0	2958	635	111	22	-1	
5	1	111	1	1	1	2958	635	111	22	95.635574	144,511.93
2	1	112	0	0	0	308	670	126	19	-1	
3	1	112	1	0	0	308	670	126	19	-1	
4	1	112	1	1	0	308	670	126	19	-1	
5	1	112	1	1	1	308	670	86	18	96.618149	Hartman
5	1	112	1	1	2	402	670	32	19	96.540878	MS
2	1	113	0	0	0	649	670	34	18	-1	
3	1	113	1	0	0	649	670	34	18	-1	
4	1	113	1	1	0	649	670	34	18	-1	
5	1	113	1	1	1	649	670	34	18	96.766884	051
2	1	114	0	0	0	789	670	44	19	-1	
3	1	114	1	0	0	789	670	44	19	-1	
4	1	114	1	1	0	789	670	44	19	-1	
5	1	114	1	1	1	789	670	44	19	96.184639	NES
2	1	115	0	0	0	1000	670	141	19	-1	
3	1	115	1	0	0	1000	670	141	19	-1	
4	1	115	1	1	0	1000	670	141	19	-1	
5	1	115	1	1	1	1000	670	64	18	96.154984	Middle
5	1	115	1	1	2	1073	670	68	19	96.118660	School
2	1	116	0	0	0	1166	670	77	19	-1	
3	1	116	1	0	0	1166	670	77	19	-1	
4	1	116	1	1	0	1166	670	77	19	-1	
5	1	116	1	1	1	1166	670	77	19	95.523407	SOUTH
2	1	117	0	0	0	1307	670	114	23	-1	
3	1	117	1	0	0	1307	670	114	23	-1	
4	1	117	1	1	0	1307	670	114	23	-1	
5	1	117	1	1	1	1307	670	75	23	96.780533	Sterling
5	1	117	1	1	2	1392	670	29	19	96.472183	HS
2	1	118	0	0	0	1714	670	36	18	-1	
3	1	118	1	0	0	1714	670	36	18	-1	
4	1	118	1	1	0	1714	670	36	18	-1	
5	1	118	1	1	1	1714	670	36	18	96.727470	552
2	1	119	0	0	0	1818	670	132	22	-1	
3	1	119	1	0	0	1818	670	132	22	-1	
4	1	119	1	1	0	1818	670	132	22	-1	
5	1	119	1	1	1	1818	670	132	22	91.773773	5,347,479.00
2	1	120	0	0	0	2056	670	113	22	-1	
3	1	120	1	0	0	2056	670	113	22	-1	
4	1	120	1	1	0	2056	670	113	22	-1	
5	1	120	1	1	1	2056	670	113	22	96.009483	551,100.00
2	1	121	0	0	0	2243	670	111	22	-1	
3	1	121	1	0	0	2243	670	111	22	-1	
4	1	121	1	1	0	2243	670	111	22	-1	
5	1	121	1	1	1	2243	670	111	22	96.887665	195,060.00
2	1	122	0	0	0	2431	670	88	22	-1	
3	1	122	1	0	0	2431	670	88	22	-1	
4	1	122	1	1	0	2431	670	88	22	-1	
5	1	122	1	1	1	2431	670	88	22	96.385185	4,500.00
2	1	123	0	0	0	2751	670	133	22	-1	
3	1	123	1	0	0	2751	670	133	22	-1	
4	1	123	1	1	0	2751	670	133	22	-1	
5	1	123	1	1	1	2751	670	133	22	80.243668	6,098,139.00
2	1	124	0	0	0	2956	670	110	22	-1	
3	1	124	1	0	0	2956	670	110	22	-1	
4	1	124	1	1	0	2956	670	110	22	-1	
5	1	124	1	1	1	2956	670	110	22	96.614990	235,793.01
2	1	125	0	0	0	308	705	131	19	-1	
3	1	125	1	0	0	308	705	131	19	-1	
4	1	125	1	1	0	308	705	131	19	-1	
5	1	125	1	1	1	308	705	94	18	96.915565	Hartsfield
5	1	125	1	1	2	412	705	27	19	96.530128	ES
2	1	126	0	0	0	650	705	35	18	-1	
3	1	126	1	0	0	650	705	35	18	-1	
4	1	126	1	1	0	650	705	35	18	-1	
5	1	126	1	1	1	650	705	35	18	96.955864	168
2	1	127	0	0	0	789	705	44	19	-1	
3	1	127	1	0	0	789	705	44	19	-1	
4	1	127	1	1	0	789	705	44	19	-1	
5	1	127	1	1	1	789	705	44	19	96.250839	NES
2	1	128	0	0	0	1001	705	113	23	-1	
3	1	128	1	0	0	1001	705	113	23	-1	
4	1	128	1	1	0	1001	705	113	23	-1	
5	1	128	1	1	1	1001	705	113	23	96.438736	Elementary
2	1	129	0	0	0	1165	705	78	19	-1	
3	1	129	1	0	0	1165	705	78	19	-1	
4	1	129	1	1	0	1165	705	78	19	-1	
5	1	129	1	1	1	1165	705	78	19	96.095184	SOUTH
2	1	130	0	0	0	1306	705	97	19	-1	
3	1	130	1	0	0	1306	705	97	19	-1	
4	1	130	1	1	0	1306	705	97	19	-1	
5	1	130	1	1	1	1306	705	58	18	95.885086	Yates
5	1	130	1	1	2	1374	705	29	19	96.111107	HS
2	1	131	0	0	0	1714	705	36	18	-1	
3	1	131	1	0	0	1714	705	36	18	-1	
4	1	131	1	1	0	1714	705	36	18	-1	
5	1	131	1	1	1	1714	705	36	18	96.901993	275
2	1	132	0	0	0	1817	705	133	22	-1	
3	1	132	1	0	0	1817	705	133	22	-1	
4	1	132	1	1	0	1817	705	133	22	-1	
5	1	132	1	1	1	1817	705	133	22	87.853897	2,906,520.00
2	1	133	0	0	0	2057	705	112	22	-1	
3	1	133	1	0	0	2057	705	112	22	-1	
4	1	133	1	1	0	2057	705	112	22	-1	
5	1	133	1	1	1	2057	705	112	22	96.600082	136,225.00
2	1	134	0	0	0	2243	705	111	22	-1	
3	1	134	1	0	0	2243	705	111	22	-1	
4	1	134	1	1	0	2243	705	111	22	-1	
5	1	134	1	1	1	2243	705	111	22	96.665398	101,000.00
2	1	135	0	0	0	2431	705	88	22	-1	
3	1	135	1	0	0	2431	705	88	22	-1	
4	1	135	1	1	0	2431	705	88	22	-1	
5	1	135	1	1	1	2431	705	88	22	96.592850	2,000.00
2	1	136	0	0	0	2752	705	132	22	-1	
3	1	136	1	0	0	2752	705	132	22	-1	
4	1	136	1	1	0	2752	705	132	22	-1	
5	1	136	1	1	1	2752	705	132	22	92.747314	3,145,745.00
2	1	137	0	0	0	2958	705	111	22	-1	
3	1	137	1	0	0	2958	705	111	22	-1	
4	1	137	1	1	0	2958	705	111	22	-1	
5	1	137	1	1	1	2958	705	111	22	96.566689	108,929.49
2	1	138	0	0	0	3037	751	6	2	-1	
3	1	138	1	0	0	3037	751	6	2	-1	
4	1	138	1	1	0	3037	751	6	2	-1	
5	1	138	1	1	1	3037	751	6	2	65.797829	-
2	1	139	0	0	0	308	740	117	19	-1	
3	1	139	1	0	0	308	740	117	19	-1	
4	1	139	1	1	0	308	740	117	19	-1	
5	1	139	1	1	1	308	740	79	18	95.795761	Harvard
5	1	139	1	1	2	397	740	28	19	96.306580	ES
2	1	140	0	0	0	650	740	36	18	-1	
3	1	140	1	0	0	650	740	36	18	-1	
4	1	140	1	1	0	650	740	36	18	-1	
5	1	140	1	1	1	650	740	36	18	96.994156	169
2	1	141	0	0	0	789	740	93	19	-1	
3	1	141	1	0	0	789	740	93	19	-1	
4	1	141	1	1	0	789	740	93	19	-1	
5	1	141	1	1	1	789	740	93	19	90.205376	Non-NES
2	1	142	0	0	0	1001	740	113	23	-1	
3	1	142	1	0	0	1001	740	113	23	-1	
4	1	142	1	1	0	1001	740	113	23	-1	
5	1	142	1	1	1	1001	740	113	23	96.795868	Elementary
2	1	143	0	0	0	1165	740	107	19	-1	
3	1	143	1	0	0	1165	740	107	19	-1	
4	1	143	1	1	0	1165	740	107	19	-1	
5	1	143	1	1	1	1165	740	107	19	96.624634	CENTRAL
2	1	144	0	0	0	1308	740	114	23	-1	
3	1	144	1	0	0	1308	740	114	23	-1	
4	1	144	1	1	0	1308	740	114	23	-1	
5	1	144	1	1	1	1308	740	75	23	96.239029	Heights
5	1	144	1	1	2	1392	740	30	19	96.239029	HS
2	1	145	0	0	0	1714	740	36	18	-1	
3	1	145	1	0	0	1714	740	36	18	-1	
4	1	145	1	1	0	1714	740	36	18	-1	
5	1	145	1	1	1	1714	740	36	18	96.694710	635
2	1	146	0	0	0	1818	740	132	22	-1	
3	1	146	1	0	0	1818	740	132	22	-1	
4	1	146	1	1	0	1818	740	132	22	-1	
5	1	146	1	1	1	1818	740	132	22	92.953033	3,850,921.00
2	1	147	0	0	0	2057	740	112	22	-1	
3	1	147	1	0	0	2057	740	112	22	-1	
4	1	147	1	1	0	2057	740	112	22	-1	
5	1	147	1	1	1	2057	740	112	22	96.824371	166,939.00
2	1	148	0	0	0	2243	740	111	22	-1	
3	1	148	1	0	0	2243	740	111	22	-1	
4	1	148	1	1	0	2243	740	111	22	-1	
5	1	148	1	1	1	2243	740	111	22	96.230026	103,714.00
2	1	149	0	0	0	2432	740	87	22	-1	
3	1	149	1	0	0	2432	740	87	22	-1	
4	1	149	1	1	0	2432	740	87	22	-1	
5	1	149	1	1	1	2432	740	87	22	96.156052	9,600.00
2	1	150	0	0	0	2586	740	99	22	-1	
3	1	150	1	0	0	2586	740	99	22	-1	
4	1	150	1	1	0	2586	740	99	22	-1	
5	1	150	1	1	1	2586	740	99	22	95.518044	17,167.00
2	1	151	0	0	0	2751	740	133	22	-1	
3	1	151	1	0	0	2751	740	133	22	-1	
4	1	151	1	1	0	2751	740	133	22	-1	
5	1	151	1	1	1	2751	740	133	22	91.249390	4,148,341.00
2	1	152	0	0	0	308	775	140	19	-1	
3	1	152	1	0	0	308	775	140	19	-1	
4	1	152	1	1	0	308	775	140	19	-1	
5	1	152	1	1	1	308	775	46	19	93.031822	HCC
5	1	152	1	1	2	364	775	84	19	88.416870	Lifeskills
2	1	153	0	0	0	649	775	37	18	-1	
3	1	153	1	0	0	649	775	37	18	-1	
4	1	153	1	1	0	649	775	37	18	-1	
5	1	153	1	1	1	649	775	37	18	96.743813	097
2	1	154	0	0	0	788	775	180	23	-1	
3	1	154	1	0	0	788	775	180	23	-1	
4	1	154	1	1	0	788	775	180	23	-1	
5	1	154	1	1	1	788	775	72	23	95.442101	Special
5	1	154	1	1	2	870	775	98	18	96.503601	Education
2	1	155	0	0	0	1002	775	111	19	-1	
3	1	155	1	0	0	1002	775	111	19	-1	
4	1	155	1	1	0	1002	775	111	19	-1	
5	1	155	1	1	1	1002	775	41	18	96.906136	12th
5	1	155	1	1	2	1051	775	62	19	95.710785	Grade
2	1	156	0	0	0	1166	775	106	19	-1	
3	1	156	1	0	0	1166	775	106	19	-1	
4	1	156	1	1	0	1166	775	106	19	-1	
5	1	156	1	1	1	1166	775	106	19	96.318024	CENTRAL
2	1	157	0	0	0	1308	775	101	19	-1	
3	1	157	1	0	0	1308	775	101	19	-1	
4	1	157	1	1	0	1308	775	101	19	-1	
5	1	157	1	1	1	1308	775	63	18	96.109985	Lamar
5	1	157	1	1	2	1380	775	29	19	96.399590	HS
2	1	158	0	0	0	1726	775	24	18	-1	
3	1	158	1	0	0	1726	775	24	18	-1	
4	1	158	1	1	0	1726	775	24	18	-1	
5	1	158	1	1	1	1726	775	24	18	96.921272	69
2	1	159	0	0	0	1817	775	133	22	-1	
3	1	159	1	0	0	1817	775	133	22	-1	
4	1	159	1	1	0	1817	775	133	22	-1	
5	1	159	1	1	1	1817	775	133	22	92.015121	2,084,898.00
2	1	160	0	0	0	2081	775	88	22	-1	
3	1	160	1	0	0	2081	775	88	22	-1	
4	1	160	1	1	0	2081	775	88	22	-1	
5	1	160	1	1	1	2081	775	88	22	95.596436	4,485.00
2	1	161	0	0	0	2322	786	6	2	-1	
3	1	161	1	0	0	2322	786	6	2	-1	
4	1	161	1	1	0	2322	786	6	2	-1	
5	1	161	1	1	1	2322	786	6	2	65.797829	-
2	1	162	0	0	0	2487	786	7	2	-1	
3	1	162	1	0	0	2487	786	7	2	-1	
4	1	162	1	1	0	2487	786	7	2	-1	
5	1	162	1	1	1	2487	786	7	2	52.294125	-
2	1	163	0	0	0	2652	786	7	2	-1	
3	1	163	1	0	0	2652	786	7	2	-1	
4	1	163	1	1	0	2652	786	7	2	-1	
5	1	163	1	1	1	2652	786	7	2	52.294125	-
2	1	164	0	0	0	2751	775	133	22	-1	
3	1	164	1	0	0	2751	775	133	22	-1	
4	1	164	1	1	0	2751	775	133	22	-1	
5	1	164	1	1	1	2751	775	133	22	92.710342	2,089,383.00
2	1	165	0	0	0	3037	786	6	2	-1	
3	1	165	1	0	0	3037	786	6	2	-1	
4	1	165	1	1	0	3037	786	6	2	-1	
5	1	165	1	1	1	3037	786	6	2	65.797829	-
2	1	166	0	0	0	308	810	114	23	-1	
3	1	166	1	0	0	308	810	114	23	-1	
4	1	166	1	1	0	308	810	114	23	-1	
5	1	166	1	1	1	308	810	75	23	96.229584	Heights
5	1	166	1	1	2	392	810	30	19	96.229584	HS
2	1	167	0	0	0	649	810	37	18	-1	
3	1	167	1	0	0	649	810	37	18	-1	
4	1	167	1	1	0	649	810	37	18	-1	
5	1	167	1	1	1	649	810	37	18	95.503082	012
2	1	168	0	0	0	789	810	93	19	-1	
3	1	168	1	0	0	789	810	93	19	-1	
4	1	168	1	1	0	789	810	93	19	-1	
5	1	168	1	1	1	789	810	93	19	90.246567	Non-NES
2	1	169	0	0	0	1001	810	120	23	-1	
3	1	169	1	0	0	1001	810	120	23	-1	
4	1	169	1	1	0	1001	810	120	23	-1	
5	1	169	1	1	1	1001	810	44	23	96.214043	High
5	1	169	1	1	2	1053	810	68	19	96.214043	School
2	1	170	0	0	0	1165	810	107	19	-1	
3	1	170	1	0	0	1165	810	107	19	-1	
4	1	170	1	1	0	1165	810	107	19	-1	
5	1	170	1	1	1	1165	810	107	19	96.250687	CENTRAL
2	1	171	0	0	0	1308	810	113	23	-1	
3	1	171	1	0	0	1308	810	113	23	-1	
4	1	171	1	1	0	1308	810	113	23	-1	
5	1	171	1	1	1	1308	810	74	23	96.725853	Heights
5	1	171	1	1	2	1392	810	29	19	96.234161	HS
2	1	172	0	0	0	1694	810	56	22	-1	
3	1	172	1	0	0	1694	810	56	22	-1	
4	1	172	1	1	0	1694	810	56	22	-1	
5	1	172	1	1	1	1694	810	56	22	96.865845	2,338
2	1	173	0	0	0	1777	810	173	22	-1	
3	1	173	1	0	0	1777	810	173	22	-1	
4	1	173	1	1	0	1777	810	173	22	-1	
5	1	173	1	1	1	1777	810	11	20	70.312706	$
5	1	173	1	1	2	1806	810	144	22	70.312706	14,197,989.00
2	1	174	0	0	0	2038	810	131	22	-1	
3	1	174	1	0	0	2038	810	131	22	-1	
4	1	174	1	1	0	2038	810	131	22	-1	
5	1	174	1	1	1	2038	810	131	22	92.097076	1,106,227.00
2	1	175	0	0	0	2241	810	113	22	-1	
3	1	175	1	0	0	2241	810	113	22	-1	
4	1	175	1	1	0	2241	810	113	22	-1	
5	1	175	1	1	1	2241	810	113	22	96.534042	767,106.00
2	1	176	0	0	0	2419	810	100	22	-1	
3	1	176	1	0	0	2419	810	100	22	-1	
4	1	176	1	1	0	2419	810	100	22	-1	
5	1	176	1	1	1	2419	810	100	22	87.994568	82,000.00
2	1	177	0	0	0	2584	810	101	22	-1	
3	1	177	1	0	0	2584	810	101	22	-1	
4	1	177	1	1	0	2584	810	101	22	-1	
5	1	177	1	1	1	2584	810	101	22	96.472878	61,580.00
2	1	178	0	0	0	2711	810	173	22	-1	
3	1	178	1	0	0	2711	810	173	22	-1	
4	1	178	1	1	0	2711	810	173	22	-1	
5	1	178	1	1	1	2711	810	11	20	76.835556	$
5	1	178	1	1	2	2740	810	144	22	79.532784	16,214,902.00
2	1	179	0	0	0	2956	810	113	22	-1	
3	1	179	1	0	0	2956	810	113	22	-1	
4	1	179	1	1	0	2956	810	113	22	-1	
5	1	179	1	1	1	2956	810	113	22	96.367874	526,325.18
2	1	180	0	0	0	308	845	100	19	-1	
3	1	180	1	0	0	308	845	100	19	-1	
4	1	180	1	1	0	308	845	100	19	-1	
5	1	180	1	1	1	308	845	62	19	96.028961	Helms
5	1	180	1	1	2	380	845	28	19	95.224663	ES
2	1	181	0	0	0	650	845	36	18	-1	
3	1	181	1	0	0	650	845	36	18	-1	
4	1	181	1	1	0	650	845	36	18	-1	
5	1	181	1	1	1	650	845	36	18	96.484604	170
2	1	182	0	0	0	789	845	93	19	-1	
3	1	182	1	0	0	789	845	93	19	-1	
4	1	182	1	1	0	789	845	93	19	-1	
5	1	182	1	1	1	789	845	93	19	90.246567	Non-NES
2	1	183	0	0	0	1001	845	113	23	-1	
3	1	183	1	0	0	1001	845	113	23	-1	
4	1	183	1	1	0	1001	845	113	23	-1	
5	1	183	1	1	1	1001	845	113	23	96.778114	Elementary
2	1	184	0	0	0	1165	845	107	19	-1	
3	1	184	1	0	0	1165	845	107	19	-1	
4	1	184	1	1	0	1165	845	107	19	-1	
5	1	184	1	1	1	1165	845	107	19	96.406784	CENTRAL
2	1	185	0	0	0	1308	845	113	23	-1	
3	1	185	1	0	0	1308	845	113	23	-1	
4	1	185	1	1	0	1308	845	113	23	-1	
5	1	185	1	1	1	1308	845	75	23	96.874924	Heights
5	1	185	1	1	2	1392	845	29	19	96.110367	HS
2	1	186	0	0	0	1714	845	37	18	-1	
3	1	186	1	0	0	1714	845	37	18	-1	
4	1	186	1	1	0	1714	845	37	18	-1	
5	1	186	1	1	1	1714	845	37	18	96.796829	505
2	1	187	0	0	0	1777	845	11	20	-1	
3	1	187	1	0	0	1777	845	11	20	-1	
4	1	187	1	1	0	1777	845	11	20	-1	
5	1	187	1	1	1	1777	845	11	20	74.799599	$
2	1	188	0	0	0	1818	845	132	22	-1	
3	1	188	1	0	0	1818	845	132	22	-1	
4	1	188	1	1	0	1818	845	132	22	-1	
5	1	188	1	1	1	1818	845	132	22	92.353134	3,292,220.00
2	1	189	0	0	0	2057	845	112	22	-1	
3	1	189	1	0	0	2057	845	112	22	-1	
4	1	189	1	1	0	2057	845	112	22	-1	
5	1	189	1	1	1	2057	845	112	22	88.071739	143,892.00
2	1	190	0	0	0	2243	845	111	22	-1	
3	1	190	1	0	0	2243	845	111	22	-1	
4	1	190	1	1	0	2243	845	111	22	-1	
5	1	190	1	1	1	2243	845	111	22	96.502373	112,704.00
2	1	191	0	0	0	2487	856	7	2	-1	
3	1	191	1	0	0	2487	856	7	2	-1	
4	1	191	1	1	0	2487	856	7	2	-1	
5	1	191	1	1	1	2487	856	7	2	52.294125	-
2	1	192	0	0	0	2597	845	88	22	-1	
3	1	192	1	0	0	2597	845	88	22	-1	
4	1	192	1	1	0	2597	845	88	22	-1	
5	1	192	1	1	1	2597	845	88	22	96.376976	5,050.00
2	1	193	0	0	0	2752	845	132	22	-1	
3	1	193	1	0	0	2752	845	132	22	-1	
4	1	193	1	1	0	2752	845	132	22	-1	
5	1	193	1	1	1	2752	845	132	22	92.615784	3,553,866.00
2	1	194	0	0	0	2969	845	100	22	-1	
3	1	194	1	0	0	2969	845	100	22	-1	
4	1	194	1	1	0	2969	845	100	22	-1	
5	1	194	1	1	1	2969	845	100	22	93.810959	85,627.77
2	1	195	0	0	0	308	880	180	19	-1	
3	1	195	1	0	0	308	880	180	19	-1	
4	1	195	1	1	0	308	880	180	19	-1	
5	1	195	1	1	1	308	880	109	18	96.761703	Henderson
5	1	195	1	1	2	425	880	25	19	95.365814	JP
5	1	195	1	1	3	460	880	28	19	96.605591	ES
2	1	196	0	0	0	650	880	33	18	-1	
3	1	196	1	0	0	650	880	33	18	-1	
4	1	196	1	1	0	650	880	33	18	-1	
5	1	196	1	1	1	650	880	33	18	82.467743	171
2	1	197	0	0	0	789	880	93	19	-1	
3	1	197	1	0	0	789	880	93	19	-1	
4	1	197	1	1	0	789	880	93	19	-1	
5	1	197	1	1	1	789	880	93	19	89.870735	Non-NES
2	1	198	0	0	0	1001	880	113	23	-1	
3	1	198	1	0	0	1001	880	113	23	-1	
4	1	198	1	1	0	1001	880	113	23	-1	
5	1	198	1	1	1	1001	880	113	23	96.767899	Elementary
2	1	199	0	0	0	1165	880	107	19	-1	
3	1	199	1	0	0	1165	880	107	19	-1	
4	1	199	1	1	0	1165	880	107	19	-1	
5	1	199	1	1	1	1165	880	107	19	96.438148	CENTRAL
2	1	200	0	0	0	1305	880	102	19	-1	
3	1	200	1	0	0	1305	880	102	19	-1	
4	1	200	1	1	0	1305	880	102	19	-1	
5	1	200	1	1	1	1305	880	63	18	83.031189	Austin
5	1	200	1	1	2	1378	880	29	19	96.389465	HS
2	1	201	0	0	0	1714	880	34	18	-1	
3	1	201	1	0	0	1714	880	34	18	-1	
4	1	201	1	1	0	1714	880	34	18	-1	
5	1	201	1	1	1	1714	880	34	18	90.473862	411
2	1	202	0	0	0	1777	880	11	20	-1	
3	1	202	1	0	0	1777	880	11	20	-1	
4	1	202	1	1	0	1777	880	11	20	-1	
5	1	202	1	1	1	1777	880	11	20	74.799599	$
2	1	203	0	0	0	1817	880	133	22	-1	
3	1	203	1	0	0	1817	880	133	22	-1	
4	1	203	1	1	0	1817	880	133	22	-1	
5	1	203	1	1	1	1817	880	133	22	91.928253	2,588,259.00
2	1	204	0	0	0	2057	880	112	22	-1	
3	1	204	1	0	0	2057	880	112	22	-1	
4	1	204	1	1	0	2057	880	112	22	-1	
5	1	204	1	1	1	2057	880	112	22	96.791237	157,095.00
2	1	205	0	0	0	2253	880	101	22	-1	
3	1	205	1	0	0	2253	880	101	22	-1	
4	1	205	1	1	0	2253	880	101	22	-1	
5	1	205	1	1	1	2253	880	101	22	96.029778	24,374.00
2	1	206	0	0	0	2432	880	87	22	-1	
3	1	206	1	0	0	2432	880	87	22	-1	
4	1	206	1	1	0	2432	880	87	22	-1	
5	1	206	1	1	1	2432	880	87	22	95.539764	3,500.00
2	1	207	0	0	0	2597	880	88	22	-1	
3	1	207	1	0	0	2597	880	88	22	-1	
4	1	207	1	1	0	2597	880	88	22	-1	
5	1	207	1	1	1	2597	880	88	22	96.085724	4,110.00
2	1	208	0	0	0	2751	880	133	22	-1	
3	1	208	1	0	0	2751	880	133	22	-1	
4	1	208	1	1	0	2751	880	133	22	-1	
5	1	208	1	1	1	2751	880	133	22	88.568398	2,777,338.00
2	1	209	0	0	0	2958	880	111	22	-1	
3	1	209	1	0	0	2958	880	111	22	-1	
4	1	209	1	1	0	2958	880	111	22	-1	
5	1	209	1	1	1	2958	880	111	22	96.950882	164,089.26
2	1	210	0	0	0	308	915	193	20	-1	
3	1	210	1	0	0	308	915	193	20	-1	
4	1	210	1	1	0	308	915	193	20	-1	
5	1	210	1	1	1	308	915	109	18	92.705734	Henderson
5	1	210	1	1	2	426	915	31	20	89.387222	NQ
5	1	210	1	1	3	474	915	27	19	96.194611	ES
2	1	211	0	0	0	650	915	36	18	-1	
3	1	211	1	0	0	650	915	36	18	-1	
4	1	211	1	1	0	650	915	36	18	-1	
5	1	211	1	1	1	650	915	36	18	96.681770	172
2	1	212	0	0	0	789	915	44	19	-1	
3	1	212	1	0	0	789	915	44	19	-1	
4	1	212	1	1	0	789	915	44	19	-1	
5	1	212	1	1	1	789	915	44	19	96.101738	NES
2	1	213	0	0	0	1001	915	113	23	-1	
3	1	213	1	0	0	1001	915	113	23	-1	
4	1	213	1	1	0	1001	915	113	23	-1	
5	1	213	1	1	1	1001	915	113	23	96.779106	Elementary
2	1	214	0	0	0	1165	915	107	19	-1	
3	1	214	1	0	0	1165	915	107	19	-1	
4	1	214	1	1	0	1165	915	107	19	-1	
5	1	214	1	1	1	1165	915	107	19	96.324402	CENTRAL
2	1	215	0	0	0	1307	915	132	23	-1	
3	1	215	1	0	0	1307	915	132	23	-1	
4	1	215	1	1	0	1307	915	132	23	-1	
5	1	215	1	1	1	1307	915	94	23	96.253922	Wheatley
5	1	215	1	1	2	1410	915	29	19	96.668343	HS
2	1	216	0	0	0	1714	915	37	18	-1	
3	1	216	1	0	0	1714	915	37	18	-1	
4	1	216	1	1	0	1714	915	37	18	-1	
5	1	216	1	1	1	1714	915	37	18	96.969521	257
2	1	217	0	0	0	1777	915	11	20	-1	
3	1	217	1	0	0	1777	915	11	20	-1	
4	1	217	1	1	0	1777	915	11	20	-1	
5	1	217	1	1	1	1777	915	11	20	74.799599	$
2	1	218	0	0	0	1817	915	133	22	-1	
3	1	218	1	0	0	1817	915	133	22	-1	
4	1	218	1	1	0	1817	915	133	22	-1	
5	1	218	1	1	1	1817	915	133	22	92.242859	2,706,222.00
2	1	219	0	0	0	2057	915	112	22	-1	
3	1	219	1	0	0	2057	915	112	22	-1	
4	1	219	1	1	0	2057	915	112	22	-1	
5	1	219	1	1	1	2057	915	112	22	92.371986	106,908.00
2	1	220	0	0	0	2254	915	100	22	-1	
3	1	220	1	0	0	2254	915	100	22	-1	
4	1	220	1	1	0	2254	915	100	22	-1	
5	1	220	1	1	1	2254	915	100	22	96.628052	89,100.00
2	1	221	0	0	0	2431	915	88	22	-1	
3	1	221	1	0	0	2431	915	88	22	-1	
4	1	221	1	1	0	2431	915	88	22	-1	
5	1	221	1	1	1	2431	915	88	22	96.577202	2,000.00
2	1	222	0	0	0	2652	926	7	2	-1	
3	1	222	1	0	0	2652	926	7	2	-1	
4	1	222	1	1	0	2652	926	7	2	-1	
5	1	222	1	1	1	2652	926	7	2	52.294125	-
2	1	223	0	0	0	2751	915	133	22	-1	
3	1	223	1	0	0	2751	915	133	22	-1	
4	1	223	1	1	0	2751	915	133	22	-1	
5	1	223	1	1	1	2751	915	133	22	85.232239	2,904,230.00
2	1	224	0	0	0	2969	915	100	22	-1	
3	1	224	1	0	0	2969	915	100	22	-1	
4	1	224	1	1	0	2969	915	100	22	-1	
5	1	224	1	1	1	2969	915	100	22	96.426842	97,239.35
2	1	225	0	0	0	2652	961	7	2	-1	
3	1	225	1	0	0	2652	961	7	2	-1	
4	1	225	1	1	0	2652	961	7	2	-1	
5	1	225	1	1	1	2652	961	7	2	52.294125	-
2	1	226	0	0	0	308	950	98	23	-1	
3	1	226	1	0	0	308	950	98	23	-1	
4	1	226	1	1	0	308	950	98	23	-1	
5	1	226	1	1	1	308	950	58	23	95.921532	Henry
5	1	226	1	1	2	374	950	32	19	95.921532	MS
2	1	227	0	0	0	649	950	37	18	-1	
3	1	227	1	0	0	649	950	37	18	-1	
4	1	227	1	1	0	649	950	37	18	-1	
5	1	227	1	1	1	649	950	37	18	96.588333	052
2	1	228	0	0	0	789	950	44	19	-1	
3	1	228	1	0	0	789	950	44	19	-1	
4	1	228	1	1	0	789	950	44	19	-1	
5	1	228	1	1	1	789	950	44	19	96.067085	NES
2	1	229	0	0	0	1000	950	141	19	-1	
3	1	229	1	0	0	1000	950	141	19	-1	
4	1	229	1	1	0	1000	950	141	19	-1	
5	1	229	1	1	1	1000	950	64	19	96.076103	Middle
5	1	229	1	1	2	1073	950	68	19	96.547539	School
2	1	230	0	0	0	1167	950	77	19	-1	
3	1	230	1	0	0	1167	950	77	19	-1	
4	1	230	1	1	0	1167	950	77	19	-1	
5	1	230	1	1	1	1167	950	77	19	95.304207	NORTH
2	1	231	0	0	0	1308	950	192	19	-1	
3	1	231	1	0	0	1308	950	192	19	-1	
4	1	231	1	1	0	1308	950	192	19	-1	
5	1	231	1	1	1	1308	950	82	18	93.249092	Houston
5	1	231	1	1	2	1398	950	63	19	91.659248	MSTC
5	1	231	1	1	3	1471	950	29	19	96.250374	HS
2	1	232	0	0	0	1714	950	37	18	-1	
3	1	232	1	0	0	1714	950	37	18	-1	
4	1	232	1	1	0	1714	950	37	18	-1	
5	1	232	1	1	1	1714	950	37	18	96.947868	485
2	1	233	0	0	0	1777	950	11	20	-1	
3	1	233	1	0	0	1777	950	11	20	-1	
4	1	233	1	1	0	1777	950	11	20	-1	
5	1	233	1	1	1	1777	950	11	20	74.799599	$
2	1	234	0	0	0	1818	950	132	22	-1	
3	1	234	1	0	0	1818	950	132	22	-1	
4	1	234	1	1	0	1818	950	132	22	-1	
5	1	234	1	1	1	1818	950	132	22	88.014137	5,102,826.00
2	1	235	0	0	0	2055	950	114	19	-1	
3	1	235	1	0	0	2055	950	114	19	-1	
4	1	235	1	1	0	2055	950	114	19	-1	
5	1	235	1	1	1	2055	950	114	19	96.650833	433,320.00
2	1	236	0	0	0	2243	950	111	22	-1	
3	1	236	1	0	0	2243	950	111	22	-1	
4	1	236	1	1	0	2243	950	111	22	-1	
5	1	236	1	1	1	2243	950	111	22	96.683502	192,400.00
2	1	237	0	0	0	2431	950	88	22	-1	
3	1	237	1	0	0	2431	950	88	22	-1	
4	1	237	1	1	0	2431	950	88	22	-1	
5	1	237	1	1	1	2431	950	88	22	96.691010	4,500.00
2	1	238	0	0	0	2752	950	132	22	-1	
3	1	238	1	0	0	2752	950	132	22	-1	
4	1	238	1	1	0	2752	950	132	22	-1	
5	1	238	1	1	1	2752	950	132	22	92.386566	5,733,046.00
2	1	239	0	0	0	2958	950	111	22	-1	
3	1	239	1	0	0	2958	950	111	22	-1	
4	1	239	1	1	0	2958	950	111	22	-1	
5	1	239	1	1	1	2958	950	111	22	96.232620	196,609.52
2	1	240	0	0	0	308	985	97	19	-1	
3	1	240	1	0	0	308	985	97	19	-1	
4	1	240	1	1	0	308	985	97	19	-1	
5	1	240	1	1	1	308	985	59	18	96.680420	Herod
5	1	240	1	1	2	377	985	28	19	96.452919	ES
2	1	241	0	0	0	650	985	35	18	-1	
3	1	241	1	0	0	650	985	35	18	-1	
4	1	241	1	1	0	650	985	35	18	-1	
5	1	241	1	1	1	650	985	35	18	96.847214	173
2	1	242	0	0	0	789	985	93	19	-1	
3	1	242	1	0	0	789	985	93	19	-1	
4	1	242	1	1	0	789	985	93	19	-1	
5	1	242	1	1	1	789	985	93	19	90.985168	Non-NES
2	1	243	0	0	0	1001	985	113	23	-1	
3	1	243	1	0	0	1001	985	113	23	-1	
4	1	243	1	1	0	1001	985	113	23	-1	
5	1	243	1	1	1	1001	985	113	23	96.444939	Elementary
2	1	244	0	0	0	1165	985	67	19	-1	
3	1	244	1	0	0	1165	985	67	19	-1	
4	1	244	1	1	0	1165	985	67	19	-1	
5	1	244	1	1	1	1165	985	67	19	96.719582	WEST
2	1	245	0	0	0	1308	985	111	19	-1	
3	1	245	1	0	0	1308	985	111	19	-1	
4	1	245	1	1	0	1308	985	111	19	-1	
5	1	245	1	1	1	1308	985	73	19	96.264214	Bellaire
5	1	245	1	1	2	1390	985	29	19	96.440163	HS
2	1	246	0	0	0	1714	985	37	18	-1	
3	1	246	1	0	0	1714	985	37	18	-1	
4	1	246	1	1	0	1714	985	37	18	-1	
5	1	246	1	1	1	1714	985	37	18	96.344528	640
2	1	247	0	0	0	1777	985	11	20	-1	
3	1	247	1	0	0	1777	985	11	20	-1	
4	1	247	1	1	0	1777	985	11	20	-1	
5	1	247	1	1	1	1777	985	11	20	72.709427	$
2	1	248	0	0	0	1817	985	133	22	-1	
3	1	248	1	0	0	1817	985	133	22	-1	
4	1	248	1	1	0	1817	985	133	22	-1	
5	1	248	1	1	1	1817	985	133	22	86.657578	4,259,904.00
2	1	249	0	0	0	2055	985	114	19	-1	
3	1	249	1	0	0	2055	985	114	19	-1	
4	1	249	1	1	0	2055	985	114	19	-1	
5	1	249	1	1	1	2055	985	114	19	96.805214	219,242.00
2	1	250	0	0	0	2243	985	111	22	-1	
3	1	250	1	0	0	2243	985	111	22	-1	
4	1	250	1	1	0	2243	985	111	22	-1	
5	1	250	1	1	1	2243	985	111	22	96.307610	116,335.00
2	1	251	0	0	0	2421	985	98	22	-1	
3	1	251	1	0	0	2421	985	98	22	-1	
4	1	251	1	1	0	2421	985	98	22	-1	
5	1	251	1	1	1	2421	985	98	22	96.605667	14,000.00
2	1	252	0	0	0	2586	985	99	19	-1	
3	1	252	1	0	0	2586	985	99	19	-1	
4	1	252	1	1	0	2586	985	99	19	-1	
5	1	252	1	1	1	2586	985	99	19	96.356705	16,750.00
2	1	253	0	0	0	2751	985	133	22	-1	
3	1	253	1	0	0	2751	985	133	22	-1	
4	1	253	1	1	0	2751	985	133	22	-1	
5	1	253	1	1	1	2751	985	133	22	92.611107	4,626,231.00
2	1	254	0	0	0	2958	985	108	22	-1	
3	1	254	1	0	0	2958	985	108	22	-1	
4	1	254	1	1	0	2958	985	108	22	-1	
5	1	254	1	1	1	2958	985	108	22	96.438950	143,234.41
2	1	255	0	0	0	308	1020	113	19	-1	
3	1	255	1	0	0	308	1020	113	19	-1	
4	1	255	1	1	0	308	1020	113	19	-1	
5	1	255	1	1	1	308	1020	75	18	96.427643	Herrera
5	1	255	1	1	2	393	1020	28	19	96.329117	ES
2	1	256	0	0	0	649	1020	36	18	-1	
3	1	256	1	0	0	649	1020	36	18	-1	
4	1	256	1	1	0	649	1020	36	18	-1	
5	1	256	1	1	1	649	1020	36	18	96.942207	286
2	1	257	0	0	0	789	1020	93	19	-1	
3	1	257	1	0	0	789	1020	93	19	-1	
4	1	257	1	1	0	789	1020	93	19	-1	
5	1	257	1	1	1	789	1020	93	19	89.736969	Non-NES
2	1	258	0	0	0	1001	1020	113	23	-1	
3	1	258	1	0	0	1001	1020	113	23	-1	
4	1	258	1	1	0	1001	1020	113	23	-1	
5	1	258	1	1	1	1001	1020	113	23	96.710182	Elementary
2	1	259	0	0	0	1166	1020	78	19	-1	
3	1	259	1	0	0	1166	1020	78	19	-1	
4	1	259	1	1	0	1166	1020	78	19	-1	
5	1	259	1	1	1	1166	1020	78	19	96.214287	NORTH
2	1	260	0	0	0	1308	1020	192	19	-1	
3	1	260	1	0	0	1308	1020	192	19	-1	
4	1	260	1	1	0	1308	1020	192	19	-1	
5	1	260	1	1	1	1308	1020	82	18	93.247665	Houston
5	1	260	1	1	2	1398	1020	63	19	91.764130	MSTC
5	1	260	1	1	3	1471	1020	29	19	96.294937	HS
2	1	261	0	0	0	1714	1020	37	18	-1	
3	1	261	1	0	0	1714	1020	37	18	-1	
4	1	261	1	1	0	1714	1020	37	18	-1	
5	1	261	1	1	1	1714	1020	37	18	96.510002	687
2	1	262	0	0	0	1777	1020	11	20	-1	
3	1	262	1	0	0	1777	1020	11	20	-1	
4	1	262	1	1	0	1777	1020	11	20	-1	
5	1	262	1	1	1	1777	1020	11	20	72.484337	$
2	1	263	0	0	0	1817	1020	133	22	-1	
3	1	263	1	0	0	1817	1020	133	22	-1	
4	1	263	1	1	0	1817	1020	133	22	-1	
5	1	263	1	1	1	1817	1020	133	22	91.689919	4,521,045.00
2	1	264	0	0	0	2057	1021	112	18	-1	
3	1	264	1	0	0	2057	1021	112	18	-1	
4	1	264	1	1	0	2057	1021	112	18	-1	
5	1	264	1	1	1	2057	1021	112	18	96.519913	163,392.00
2	1	265	0	0	0	2254	1020	100	22	-1	
3	1	265	1	0	0	2254	1020	100	22	-1	
4	1	265	1	1	0	2254	1020	100	22	-1	
5	1	265	1	1	1	2254	1020	100	22	95.999771	95,762.00
2	1	266	0	0	0	2419	1020	100	22	-1	
3	1	266	1	0	0	2419	1020	100	22	-1	
4	1	266	1	1	0	2419	1020	100	22	-1	
5	1	266	1	1	1	2419	1020	100	22	96.775436	62,600.00
2	1	267	0	0	0	2597	1020	88	22	-1	
3	1	267	1	0	0	2597	1020	88	22	-1	
4	1	267	1	1	0	2597	1020	88	22	-1	
5	1	267	1	1	1	2597	1020	88	22	95.865700	6,870.00
2	1	268	0	0	0	2751	1020	133	22	-1	
3	1	268	1	0	0	2751	1020	133	22	-1	
4	1	268	1	1	0	2751	1020	133	22	-1	
5	1	268	1	1	1	2751	1020	133	22	49.462204	4,849,669.00
2	1	269	0	0	0	2956	1020	113	22	-1	
3	1	269	1	0	0	2956	1020	113	22	-1	
4	1	269	1	1	0	2956	1020	113	22	-1	
5	1	269	1	1	1	2956	1020	113	22	94.888252	248,487.62
2	1	270	0	0	0	308	1055	208	23	-1	
3	1	270	1	0	0	308	1055	208	23	-1	
4	1	270	1	1	0	308	1055	208	23	-1	
5	1	270	1	1	1	308	1055	86	23	96.898857	Highland
5	1	270	1	1	2	404	1055	74	23	96.834465	Heights
5	1	270	1	1	3	488	1055	28	19	95.870033	ES
2	1	271	0	0	0	650	1055	36	18	-1	
3	1	271	1	0	0	650	1055	36	18	-1	
4	1	271	1	1	0	650	1055	36	18	-1	
5	1	271	1	1	1	650	1055	36	18	96.814331	174
2	1	272	0	0	0	789	1055	44	19	-1	
3	1	272	1	0	0	789	1055	44	19	-1	
4	1	272	1	1	0	789	1055	44	19	-1	
5	1	272	1	1	1	789	1055	44	19	95.792107	NES
2	1	273	0	0	0	1001	1055	113	23	-1	
3	1	273	1	0	0	1001	1055	113	23	-1	
4	1	273	1	1	0	1001	1055	113	23	-1	
5	1	273	1	1	1	1001	1055	113	23	96.750343	Elementary
2	1	274	0	0	0	1166	1055	78	19	-1	
3	1	274	1	0	0	1166	1055	78	19	-1	
4	1	274	1	1	0	1166	1055	78	19	-1	
5	1	274	1	1	1	1166	1055	78	19	96.153481	NORTH
2	1	275	0	0	0	1308	1055	236	23	-1	
3	1	275	1	0	0	1308	1055	236	23	-1	
4	1	275	1	1	0	1308	1055	236	23	-1	
5	1	275	1	1	1	1308	1055	71	18	96.816429	Booker
5	1	275	1	1	2	1386	1055	120	23	96.207550	Washington
5	1	275	1	1	3	1515	1055	29	19	96.207550	HS
2	1	276	0	0	0	1714	1055	33	18	-1	
3	1	276	1	0	0	1714	1055	33	18	-1	
4	1	276	1	1	0	1714	1055	33	18	-1	
5	1	276	1	1	1	1714	1055	33	18	96.892128	431
2	1	277	0	0	0	1777	1055	11	20	-1	
3	1	277	1	0	0	1777	1055	11	20	-1	
4	1	277	1	1	0	1777	1055	11	20	-1	
5	1	277	1	1	1	1777	1055	11	20	73.826973	$
2	1	278	0	0	0	1818	1055	132	22	-1	
3	1	278	1	0	0	1818	1055	132	22	-1	
4	1	278	1	1	0	1818	1055	132	22	-1	
5	1	278	1	1	1	1818	1055	132	22	92.684166	3,728,969.00
2	1	279	0	0	0	2055	1055	114	19	-1	
3	1	279	1	0	0	2055	1055	114	19	-1	
4	1	279	1	1	0	2055	1055	114	19	-1	
5	1	279	1	1	1	2055	1055	114	19	96.516197	233,080.00
2	1	280	0	0	0	2243	1055	111	22	-1	
3	1	280	1	0	0	2243	1055	111	22	-1	
4	1	280	1	1	0	2243	1055	111	22	-1	
5	1	280	1	1	1	2243	1055	111	22	96.435249	147,900.00
2	1	281	0	0	0	2431	1055	88	22	-1	
3	1	281	1	0	0	2431	1055	88	22	-1	
4	1	281	1	1	0	2431	1055	88	22	-1	
5	1	281	1	1	1	2431	1055	88	22	96.237152	2,000.00
2	1	282	0	0	0	2652	1066	7	2	-1	
3	1	282	1	0	0	2652	1066	7	2	-1	
4	1	282	1	1	0	2652	1066	7	2	-1	
5	1	282	1	1	1	2652	1066	7	2	52.294125	-
2	1	283	0	0	0	2751	1055	133	22	-1	
3	1	283	1	0	0	2751	1055	133	22	-1	
4	1	283	1	1	0	2751	1055	133	22	-1	
5	1	283	1	1	1	2751	1055	133	22	90.559853	4,111,949.00
2	1	284	0	0	0	2958	1055	111	22	-1	
3	1	284	1	0	0	2958	1055	111	22	-1	
4	1	284	1	1	0	2958	1055	111	22	-1	
5	1	284	1	1	1	2958	1055	111	22	96.560394	165,620.73
2	1	285	0	0	0	308	1090	103	19	-1	
3	1	285	1	0	0	308	1090	103	19	-1	
4	1	285	1	1	0	308	1090	103	19	-1	
5	1	285	1	1	1	308	1090	66	19	95.519722	Hilliard
5	1	285	1	1	2	384	1090	27	19	96.516884	ES
2	1	286	0	0	0	649	1090	36	18	-1	
3	1	286	1	0	0	649	1090	36	18	-1	
4	1	286	1	1	0	649	1090	36	18	-1	
5	1	286	1	1	1	649	1090	36	18	96.351921	473
2	1	287	0	0	0	789	1090	44	19	-1	
3	1	287	1	0	0	789	1090	44	19	-1	
4	1	287	1	1	0	789	1090	44	19	-1	
5	1	287	1	1	1	789	1090	44	19	95.682541	NES
2	1	288	0	0	0	1001	1090	113	23	-1	
3	1	288	1	0	0	1001	1090	113	23	-1	
4	1	288	1	1	0	1001	1090	113	23	-1	
5	1	288	1	1	1	1001	1090	113	23	96.762070	Elementary
2	1	289	0	0	0	1166	1090	78	19	-1	
3	1	289	1	0	0	1166	1090	78	19	-1	
4	1	289	1	1	0	1166	1090	78	19	-1	
5	1	289	1	1	1	1166	1090	78	19	96.232010	NORTH
2	1	290	0	0	0	1308	1090	164	19	-1	
3	1	290	1	0	0	1308	1090	164	19	-1	
4	1	290	1	1	0	1308	1090	164	19	-1	
5	1	290	1	1	1	1308	1090	53	18	96.875481	North
5	1	290	1	1	2	1371	1090	63	18	96.388168	Forest
5	1	290	1	1	3	1443	1090	29	19	96.526695	HS
2	1	291	0	0	0	1714	1090	34	18	-1	
3	1	291	1	0	0	1714	1090	34	18	-1	
4	1	291	1	1	0	1714	1090	34	18	-1	
5	1	291	1	1	1	1714	1090	34	18	96.930756	551
2	1	292	0	0	0	1777	1090	11	20	-1	
3	1	292	1	0	0	1777	1090	11	20	-1	
4	1	292	1	1	0	1777	1090	11	20	-1	
5	1	292	1	1	1	1777	1090	11	20	73.826973	$
2	1	293	0	0	0	1818	1090	132	22	-1	
3	1	293	1	0	0	1818	1090	132	22	-1	
4	1	293	1	1	0	1818	1090	132	22	-1	
5	1	293	1	1	1	1818	1090	132	22	88.158554	3,979,071.00
2	1	294	0	0	0	2055	1090	114	19	-1	
3	1	294	1	0	0	2055	1090	114	19	-1	
4	1	294	1	1	0	2055	1090	114	19	-1	
5	1	294	1	1	1	2055	1090	114	19	95.760529	288,288.00
2	1	295	0	0	0	2243	1090	111	22	-1	
3	1	295	1	0	0	2243	1090	111	22	-1	
4	1	295	1	1	0	2243	1090	111	22	-1	
5	1	295	1	1	1	2243	1090	111	22	96.807632	185,100.00
2	1	296	0	0	0	2431	1090	88	22	-1	
3	1	296	1	0	0	2431	1090	88	22	-1	
4	1	296	1	1	0	2431	1090	88	22	-1	
5	1	296	1	1	1	2431	1090	88	22	96.237152	2,000.00
2	1	297	0	0	0	2652	1101	7	2	-1	
3	1	297	1	0	0	2652	1101	7	2	-1	
4	1	297	1	1	0	2652	1101	7	2	-1	
5	1	297	1	1	1	2652	1101	7	2	52.294125	-
2	1	298	0	0	0	2751	1090	133	22	-1	
3	1	298	1	0	0	2751	1090	133	22	-1	
4	1	298	1	1	0	2751	1090	133	22	-1	
5	1	298	1	1	1	2751	1090	133	22	91.676308	4,454,459.00
2	1	299	0	0	0	2956	1090	113	22	-1	
3	1	299	1	0	0	2956	1090	113	22	-1	
4	1	299	1	1	0	2956	1090	113	22	-1	
5	1	299	1	1	1	2956	1090	113	22	96.377052	208,890.48
2	1	300	0	0	0	308	1125	186	19	-1	
3	1	300	1	0	0	308	1125	186	19	-1	
4	1	300	1	1	0	308	1125	186	19	-1	
5	1	300	1	1	1	308	1125	148	19	90.084572	Hines-Caldwell
5	1	300	1	1	2	466	1125	28	19	96.498047	ES
2	1	301	0	0	0	649	1125	37	18	-1	
3	1	301	1	0	0	649	1125	37	18	-1	
4	1	301	1	1	0	649	1125	37	18	-1	
5	1	301	1	1	1	649	1125	37	18	92.635635	395
2	1	302	0	0	0	789	1125	93	19	-1	
3	1	302	1	0	0	789	1125	93	19	-1	
4	1	302	1	1	0	789	1125	93	19	-1	
5	1	302	1	1	1	789	1125	93	19	90.035126	Non-NES
2	1	303	0	0	0	1165	1125	78	19	-1	
3	1	303	1	0	0	1165	1125	78	19	-1	
4	1	303	1	1	0	1165	1125	78	19	-1	
5	1	303	1	1	1	1165	1125	78	19	96.111794	SOUTH
2	1	304	0	0	0	1307	1125	122	19	-1	
3	1	304	1	0	0	1307	1125	122	19	-1	
4	1	304	1	1	0	1307	1125	122	19	-1	
5	1	304	1	1	1	1307	1125	84	18	96.340416	Madison
5	1	304	1	1	2	1400	1125	29	19	96.545654	HS
2	1	305	0	0	0	1714	1125	36	18	-1	
3	1	305	1	0	0	1714	1125	36	18	-1	
4	1	305	1	1	0	1714	1125	36	18	-1	
5	1	305	1	1	1	1714	1125	36	18	92.766457	599
2	1	306	0	0	0	1777	1125	11	20	-1	
3	1	306	1	0	0	1777	1125	11	20	-1	
4	1	306	1	1	0	1777	1125	11	20	-1	
5	1	306	1	1	1	1777	1125	11	20	73.826973	$
2	1	307	0	0	0	1818	1125	132	22	-1	
3	1	307	1	0	0	1818	1125	132	22	-1	
4	1	307	1	1	0	1818	1125	132	22	-1	
5	1	307	1	1	1	1818	1125	132	22	91.222862	3,491,126.00
2	1	308	0	0	0	2055	1125	114	19	-1	
3	1	308	1	0	0	2055	1125	114	19	-1	
4	1	308	1	1	0	2055	1125	114	19	-1	
5	1	308	1	1	1	2055	1125	114	19	95.923294	264,939.00
2	1	309	0	0	0	2253	1125	101	22	-1	
3	1	309	1	0	0	2253	1125	101	22	-1	
4	1	309	1	1	0	2253	1125	101	22	-1	
5	1	309	1	1	1	2253	1125	101	22	96.852638	45,910.00
2	1	310	0	0	0	2431	1125	88	22	-1	
3	1	310	1	0	0	2431	1125	88	22	-1	
4	1	310	1	1	0	2431	1125	88	22	-1	
5	1	310	1	1	1	2431	1125	88	22	96.481644	6,210.00
2	1	311	0	0	0	2597	1125	88	22	-1	
3	1	311	1	0	0	2597	1125	88	22	-1	
4	1	311	1	1	0	2597	1125	88	22	-1	
5	1	311	1	1	1	2597	1125	88	22	96.607819	5,990.00
2	1	312	0	0	0	2752	1125	132	22	-1	
3	1	312	1	0	0	2752	1125	132	22	-1	
4	1	312	1	1	0	2752	1125	132	22	-1	
5	1	312	1	1	1	2752	1125	132	22	91.836685	3,814,175.00
2	1	313	0	0	0	2956	1125	110	22	-1	
3	1	313	1	0	0	2956	1125	110	22	-1	
4	1	313	1	1	0	2956	1125	110	22	-1	
5	1	313	1	1	1	2956	1125	110	22	96.156677	230,187.41
2	1	314	0	0	0	1001	1125	113	23	-1	
3	1	314	1	0	0	1001	1125	113	23	-1	
4	1	314	1	1	0	1001	1125	113	23	-1	
5	1	314	1	1	1	1001	1125	113	23	96.718742	Elementary
2	1	315	0	0	0	308	1160	100	23	-1	
3	1	315	1	0	0	308	1160	100	23	-1	
4	1	315	1	1	0	308	1160	100	23	-1	
5	1	315	1	1	1	308	1160	63	23	95.385086	Hobby
5	1	315	1	1	2	380	1160	28	19	95.385086	ES
2	1	316	0	0	0	650	1160	36	18	-1	
3	1	316	1	0	0	650	1160	36	18	-1	
4	1	316	1	1	0	650	1160	36	18	-1	
5	1	316	1	1	1	650	1160	36	18	88.850449	176
2	1	317	0	0	0	789	1160	44	19	-1	
3	1	317	1	0	0	789	1160	44	19	-1	
4	1	317	1	1	0	789	1160	44	19	-1	
5	1	317	1	1	1	789	1160	44	19	96.306923	NES
2	1	318	0	0	0	1001	1160	113	23	-1	
3	1	318	1	0	0	1001	1160	113	23	-1	
4	1	318	1	1	0	1001	1160	113	23	-1	
5	1	318	1	1	1	1001	1160	113	23	96.699814	Elementary
2	1	319	0	0	0	1165	1160	78	19	-1	
3	1	319	1	0	0	1165	1160	78	19	-1	
4	1	319	1	1	0	1165	1160	78	19	-1	
5	1	319	1	1	1	1165	1160	78	19	96.000793	SOUTH
2	1	320	0	0	0	1307	1160	122	19	-1	
3	1	320	1	0	0	1307	1160	122	19	-1	
4	1	320	1	1	0	1307	1160	122	19	-1	
5	1	320	1	1	1	1307	1160	84	18	96.511086	Madison
5	1	320	1	1	2	1400	1160	29	19	96.644905	HS
2	1	321	0	0	0	1714	1160	37	18	-1	
3	1	321	1	0	0	1714	1160	37	18	-1	
4	1	321	1	1	0	1714	1160	37	18	-1	
5	1	321	1	1	1	1714	1160	37	18	91.920868	417
2	1	322	0	0	0	1777	1160	11	20	-1	
3	1	322	1	0	0	1777	1160	11	20	-1	
4	1	322	1	1	0	1777	1160	11	20	-1	
5	1	322	1	1	1	1777	1160	11	20	73.432899	$
2	1	323	0	0	0	1818	1160	132	22	-1	
3	1	323	1	0	0	1818	1160	132	22	-1	
4	1	323	1	1	0	1818	1160	132	22	-1	
5	1	323	1	1	1	1818	1160	132	22	91.348946	3,768,370.00
2	1	324	0	0	0	2057	1160	112	19	-1	
3	1	324	1	0	0	2057	1160	112	19	-1	
4	1	324	1	1	0	2057	1160	112	19	-1	
5	1	324	1	1	1	2057	1160	112	19	96.312973	166,265.00
2	1	325	0	0	0	2243	1160	111	22	-1	
3	1	325	1	0	0	2243	1160	111	22	-1	
4	1	325	1	1	0	2243	1160	111	22	-1	
5	1	325	1	1	1	2243	1160	111	22	96.864571	144,300.00
2	1	326	0	0	0	2431	1160	88	22	-1	
3	1	326	1	0	0	2431	1160	88	22	-1	
4	1	326	1	1	0	2431	1160	88	22	-1	
5	1	326	1	1	1	2431	1160	88	22	95.635452	2,000.00
2	1	327	0	0	0	2652	1171	7	2	-1	
3	1	327	1	0	0	2652	1171	7	2	-1	
4	1	327	1	1	0	2652	1171	7	2	-1	
5	1	327	1	1	1	2652	1171	7	2	52.294125	-
2	1	328	0	0	0	2751	1160	133	22	-1	
3	1	328	1	0	0	2751	1160	133	22	-1	
4	1	328	1	1	0	2751	1160	133	22	-1	
5	1	328	1	1	1	2751	1160	133	22	92.072227	4,080,935.00
2	1	329	0	0	0	2958	1160	111	22	-1	
3	1	329	1	0	0	2958	1160	111	22	-1	
4	1	329	1	1	0	2958	1160	111	22	-1	
5	1	329	1	1	1	2958	1160	111	22	96.874413	167,956.04
2	1	330	0	0	0	649	1195	36	18	-1	
3	1	330	1	0	0	649	1195	36	18	-1	
4	1	330	1	1	0	649	1195	36	18	-1	
5	1	330	1	1	1	649	1195	36	18	96.728996	053
2	1	331	0	0	0	789	1195	93	19	-1	
3	1	331	1	0	0	789	1195	93	19	-1	
4	1	331	1	1	0	789	1195	93	19	-1	
5	1	331	1	1	1	789	1195	93	19	91.262100	Non-NES
2	1	332	0	0	0	1000	1195	141	19	-1	
3	1	332	1	0	0	1000	1195	141	19	-1	
4	1	332	1	1	0	1000	1195	141	19	-1	
5	1	332	1	1	1	1000	1195	64	19	96.095139	Middle
5	1	332	1	1	2	1073	1195	68	19	96.448082	School
2	1	333	0	0	0	1165	1195	107	19	-1	
3	1	333	1	0	0	1165	1195	107	19	-1	
4	1	333	1	1	0	1165	1195	107	19	-1	
5	1	333	1	1	1	1165	1195	107	19	96.706451	CENTRAL
2	1	334	0	0	0	1777	1195	11	20	-1	
3	1	334	1	0	0	1777	1195	11	20	-1	
4	1	334	1	1	0	1777	1195	11	20	-1	
5	1	334	1	1	1	1777	1195	11	20	73.432899	$
2	1	335	0	0	0	2056	1195	113	19	-1	
3	1	335	1	0	0	2056	1195	113	19	-1	
4	1	335	1	1	0	2056	1195	113	19	-1	
5	1	335	1	1	1	2056	1195	113	19	96.444725	753,413.00
2	1	336	0	0	0	2586	1195	98	19	-1	
3	1	336	1	0	0	2586	1195	98	19	-1	
4	1	336	1	1	0	2586	1195	98	19	-1	
5	1	336	1	1	1	2586	1195	98	19	96.750946	11,400.00
2	1	337	0	0	0	308	1195	93	23	-1	
3	1	337	1	0	0	308	1195	93	23	-1	
4	1	337	1	1	0	308	1195	93	23	-1	
5	1	337	1	1	1	308	1195	52	23	96.042091	Hogg
5	1	337	1	1	2	369	1195	32	19	96.393150	MS
2	1	338	0	0	0	1308	1195	113	23	-1	
3	1	338	1	0	0	1308	1195	113	23	-1	
4	1	338	1	1	0	1308	1195	113	23	-1	
5	1	338	1	1	1	1308	1195	74	23	96.622070	Heights
5	1	338	1	1	2	1392	1195	29	19	96.616127	HS
2	1	339	0	0	0	1696	1195	54	22	-1	
3	1	339	1	0	0	1696	1195	54	22	-1	
4	1	339	1	1	0	1696	1195	54	22	-1	
5	1	339	1	1	1	1696	1195	54	22	96.741676	1,120
2	1	340	0	0	0	1818	1195	132	22	-1	
3	1	340	1	0	0	1818	1195	132	22	-1	
4	1	340	1	1	0	1818	1195	132	22	-1	
5	1	340	1	1	1	1818	1195	132	22	92.437149	7,127,347.00
2	1	341	0	0	0	2241	1195	113	22	-1	
3	1	341	1	0	0	2241	1195	113	22	-1	
4	1	341	1	1	0	2241	1195	113	22	-1	
5	1	341	1	1	1	2241	1195	113	22	96.773758	214,908.00
2	1	342	0	0	0	2421	1195	98	22	-1	
3	1	342	1	0	0	2421	1195	98	22	-1	
4	1	342	1	1	0	2421	1195	98	22	-1	
5	1	342	1	1	1	2421	1195	98	22	96.678276	11,000.00
2	1	343	0	0	0	2752	1195	131	22	-1	
3	1	343	1	0	0	2752	1195	131	22	-1	
4	1	343	1	1	0	2752	1195	131	22	-1	
5	1	343	1	1	1	2752	1195	131	22	89.518120	8,118,068.00
2	1	344	0	0	0	2956	1195	113	22	-1	
3	1	344	1	0	0	2956	1195	113	22	-1	
4	1	344	1	1	0	2956	1195	113	22	-1	
5	1	344	1	1	1	2956	1195	113	22	96.938820	205,519.35
2	1	345	0	0	0	308	1230	114	19	-1	
3	1	345	1	0	0	308	1230	114	19	-1	
4	1	345	1	1	0	308	1230	114	19	-1	
5	1	345	1	1	1	308	1230	73	19	96.866089	Holland
5	1	345	1	1	2	390	1230	32	19	96.564880	MS
2	1	346	0	0	0	649	1230	36	18	-1	
3	1	346	1	0	0	649	1230	36	18	-1	
4	1	346	1	1	0	649	1230	36	18	-1	
5	1	346	1	1	1	649	1230	36	18	96.944855	050
2	1	347	0	0	0	789	1230	44	19	-1	
3	1	347	1	0	0	789	1230	44	19	-1	
4	1	347	1	1	0	789	1230	44	19	-1	
5	1	347	1	1	1	789	1230	44	19	96.327744	NES
2	1	348	0	0	0	1000	1230	141	19	-1	
3	1	348	1	0	0	1000	1230	141	19	-1	
4	1	348	1	1	0	1000	1230	141	19	-1	
5	1	348	1	1	1	1000	1230	64	19	96.418556	Middle
5	1	348	1	1	2	1073	1230	68	19	96.643204	School
2	1	349	0	0	0	1165	1230	107	19	-1	
3	1	349	1	0	0	1165	1230	107	19	-1	
4	1	349	1	1	0	1165	1230	107	19	-1	
5	1	349	1	1	1	1165	1230	107	19	96.672150	CENTRAL
2	1	350	0	0	0	1308	1230	78	19	-1	
3	1	350	1	0	0	1308	1230	78	19	-1	
4	1	350	1	1	0	1308	1230	78	19	-1	
5	1	350	1	1	1	1308	1230	40	18	96.301605	Furr
5	1	350	1	1	2	1357	1230	29	19	96.747681	HS
2	1	351	0	0	0	1714	1230	36	18	-1	
3	1	351	1	0	0	1714	1230	36	18	-1	
4	1	351	1	1	0	1714	1230	36	18	-1	
5	1	351	1	1	1	1714	1230	36	18	96.629158	410
2	1	352	0	0	0	1777	1230	11	20	-1	
3	1	352	1	0	0	1777	1230	11	20	-1	
4	1	352	1	1	0	1777	1230	11	20	-1	
5	1	352	1	1	1	1777	1230	11	20	74.688248	$
2	1	353	0	0	0	1817	1230	132	22	-1	
3	1	353	1	0	0	1817	1230	132	22	-1	
4	1	353	1	1	0	1817	1230	132	22	-1	
5	1	353	1	1	1	1817	1230	132	22	91.410080	4,182,066.00
2	1	354	0	0	0	2056	1230	112	19	-1	
3	1	354	1	0	0	2056	1230	112	19	-1	
4	1	354	1	1	0	2056	1230	112	19	-1	
5	1	354	1	1	1	2056	1230	112	19	96.943527	356,774.00
2	1	355	0	0	0	2243	1230	111	22	-1	
3	1	355	1	0	0	2243	1230	111	22	-1	
4	1	355	1	1	0	2243	1230	111	22	-1	
5	1	355	1	1	1	2243	1230	111	22	96.727913	144,700.00
2	1	356	0	0	0	2432	1230	87	22	-1	
3	1	356	1	0	0	2432	1230	87	22	-1	
4	1	356	1	1	0	2432	1230	87	22	-1	
5	1	356	1	1	1	2432	1230	87	22	96.812271	5,000.00
2	1	357	0	0	0	2652	1241	7	2	-1	
3	1	357	1	0	0	2652	1241	7	2	-1	
4	1	357	1	1	0	2652	1241	7	2	-1	
5	1	357	1	1	1	2652	1241	7	2	52.294125	-
2	1	358	0	0	0	2751	1230	132	22	-1	
3	1	358	1	0	0	2751	1230	132	22	-1	
4	1	358	1	1	0	2751	1230	132	22	-1	
5	1	358	1	1	1	2751	1230	132	22	91.974098	4,688,540.00
2	1	359	0	0	0	2958	1230	108	22	-1	
3	1	359	1	0	0	2958	1230	108	22	-1	
4	1	359	1	1	0	2958	1230	108	22	-1	
5	1	359	1	1	1	2958	1230	108	22	96.253265	180,170.11
2	1	360	0	0	0	308	1265	83	19	-1	
3	1	360	1	0	0	308	1265	83	19	-1	
4	1	360	1	1	0	308	1265	83	19	-1	
5	1	360	1	1	1	308	1266	47	18	95.913628	Horn
5	1	360	1	1	2	364	1265	27	19	95.913628	ES
2	1	361	0	0	0	650	1266	36	18	-1	
3	1	361	1	0	0	650	1266	36	18	-1	
4	1	361	1	1	0	650	1266	36	18	-1	
5	1	361	1	1	1	650	1266	36	18	96.853821	178
2	1	362	0	0	0	789	1266	93	18	-1	
3	1	362	1	0	0	789	1266	93	18	-1	
4	1	362	1	1	0	789	1266	93	18	-1	
5	1	362	1	1	1	789	1266	93	18	87.442932	Non-NES
2	1	363	0	0	0	1165	1265	67	19	-1	
3	1	363	1	0	0	1165	1265	67	19	-1	
4	1	363	1	1	0	1165	1265	67	19	-1	
5	1	363	1	1	1	1165	1265	67	19	96.099396	WEST
2	1	364	0	0	0	1308	1265	111	19	-1	
3	1	364	1	0	0	1308	1265	111	19	-1	
4	1	364	1	1	0	1308	1265	111	19	-1	
5	1	364	1	1	1	1308	1265	73	19	96.538467	Bellaire
5	1	364	1	1	2	1390	1266	29	18	96.810135	HS
2	1	365	0	0	0	1714	1266	37	18	-1	
3	1	365	1	0	0	1714	1266	37	18	-1	
4	1	365	1	1	0	1714	1266	37	18	-1	
5	1	365	1	1	1	1714	1266	37	18	96.238869	715
2	1	366	0	0	0	2055	1266	113	18	-1	
3	1	366	1	0	0	2055	1266	113	18	-1	
4	1	366	1	1	0	2055	1266	113	18	-1	
5	1	366	1	1	1	2055	1266	113	18	96.714905	250,153.00
2	1	367	0	0	0	2584	1266	100	18	-1	
3	1	367	1	0	0	2584	1266	100	18	-1	
4	1	367	1	1	0	2584	1266	100	18	-1	
5	1	367	1	1	1	2584	1266	100	18	96.576172	40,824.00
2	1	368	0	0	0	3037	1276	6	2	-1	
3	1	368	1	0	0	3037	1276	6	2	-1	
4	1	368	1	1	0	3037	1276	6	2	-1	
5	1	368	1	1	1	3037	1276	6	2	65.797829	-
2	1	369	0	0	0	1001	1265	113	24	-1	
3	1	369	1	0	0	1001	1265	113	24	-1	
4	1	369	1	1	0	1001	1265	113	24	-1	
5	1	369	1	1	1	1001	1265	113	24	96.804428	Elementary
2	1	370	0	0	0	1777	1265	11	21	-1	
3	1	370	1	0	0	1777	1265	11	21	-1	
4	1	370	1	1	0	1777	1265	11	21	-1	
5	1	370	1	1	1	1777	1265	11	21	64.163193	$
2	1	371	0	0	0	1817	1266	132	22	-1	
3	1	371	1	0	0	1817	1266	132	22	-1	
4	1	371	1	1	0	1817	1266	132	22	-1	
5	1	371	1	1	1	1817	1266	132	22	91.480804	4,584,090.00
2	1	372	0	0	0	2254	1266	100	22	-1	
3	1	372	1	0	0	2254	1266	100	22	-1	
4	1	372	1	1	0	2254	1266	100	22	-1	
5	1	372	1	1	1	2254	1266	100	22	95.574844	83,104.00
2	1	373	0	0	0	2432	1266	87	21	-1	
3	1	373	1	0	0	2432	1266	87	21	-1	
4	1	373	1	1	0	2432	1266	87	21	-1	
5	1	373	1	1	1	2432	1266	87	21	96.679382	7,200.00
2	1	374	0	0	0	2751	1266	132	22	-1	
3	1	374	1	0	0	2751	1266	132	22	-1	
4	1	374	1	1	0	2751	1266	132	22	-1	
5	1	374	1	1	1	2751	1266	132	22	91.802567	4,965,371.00
2	1	375	0	0	0	308	1300	192	19	-1	
3	1	375	1	0	0	308	1300	192	19	-1	
4	1	375	1	1	0	308	1300	192	19	-1	
5	1	375	1	1	1	308	1301	82	18	93.245178	Houston
5	1	375	1	1	2	398	1300	63	19	90.661224	MSTC
5	1	375	1	1	3	471	1301	29	18	95.646500	HS
2	1	376	0	0	0	649	1301	36	18	-1	
3	1	376	1	0	0	649	1301	36	18	-1	
4	1	376	1	1	0	649	1301	36	18	-1	
5	1	376	1	1	1	649	1301	36	18	96.835899	310
2	1	377	0	0	0	789	1300	43	19	-1	
3	1	377	1	0	0	789	1300	43	19	-1	
4	1	377	1	1	0	789	1300	43	19	-1	
5	1	377	1	1	1	789	1300	43	19	96.315025	NES
2	1	378	0	0	0	1001	1300	120	24	-1	
3	1	378	1	0	0	1001	1300	120	24	-1	
4	1	378	1	1	0	1001	1300	120	24	-1	
5	1	378	1	1	1	1001	1301	44	23	97.003738	High
5	1	378	1	1	2	1053	1300	68	19	96.394417	School
2	1	379	0	0	0	1166	1300	78	19	-1	
3	1	379	1	0	0	1166	1300	78	19	-1	
4	1	379	1	1	0	1166	1300	78	19	-1	
5	1	379	1	1	1	1166	1300	78	19	96.889709	NORTH
2	1	380	0	0	0	1308	1300	192	19	-1	
3	1	380	1	0	0	1308	1300	192	19	-1	
4	1	380	1	1	0	1308	1300	192	19	-1	
5	1	380	1	1	1	1308	1301	82	18	93.235466	Houston
5	1	380	1	1	2	1398	1300	63	19	91.156204	MSTC
5	1	380	1	1	3	1471	1301	29	18	95.692268	HS
2	1	381	0	0	0	1694	1301	56	22	-1	
3	1	381	1	0	0	1694	1301	56	22	-1	
4	1	381	1	1	0	1694	1301	56	22	-1	
5	1	381	1	1	1	1694	1301	56	22	96.291481	2,153
2	1	382	0	0	0	1777	1300	172	23	-1	
3	1	382	1	0	0	1777	1300	172	23	-1	
4	1	382	1	1	0	1777	1300	172	23	-1	
5	1	382	1	1	1	1777	1300	11	21	65.137711	$
5	1	382	1	1	2	1806	1301	143	22	65.137711	17,532,730.00
2	1	383	0	0	0	2056	1301	112	18	-1	
3	1	383	1	0	0	2056	1301	112	18	-1	
4	1	383	1	1	0	2056	1301	112	18	-1	
5	1	383	1	1	1	2056	1301	112	18	96.666206	813,308.00
2	1	384	0	0	0	2241	1301	113	22	-1	
3	1	384	1	0	0	2241	1301	113	22	-1	
4	1	384	1	1	0	2241	1301	113	22	-1	
5	1	384	1	1	1	2241	1301	113	22	95.850212	793,273.00
2	1	385	0	0	0	2431	1301	88	21	-1	
3	1	385	1	0	0	2431	1301	88	21	-1	
4	1	385	1	1	0	2431	1301	88	21	-1	
5	1	385	1	1	1	2431	1301	88	21	96.057983	4,255.00
2	1	386	0	0	0	2597	1301	87	22	-1	
3	1	386	1	0	0	2597	1301	87	22	-1	
4	1	386	1	1	0	2597	1301	87	22	-1	
5	1	386	1	1	1	2597	1301	87	22	96.279175	4,745.00
2	1	387	0	0	0	2711	1300	172	23	-1	
3	1	387	1	0	0	2711	1300	172	23	-1	
4	1	387	1	1	0	2711	1300	172	23	-1	
5	1	387	1	1	1	2711	1300	11	21	66.910736	$
5	1	387	1	1	2	2740	1301	143	22	74.149551	19,148,311.00
2	1	388	0	0	0	2956	1301	110	22	-1	
3	1	388	1	0	0	2956	1301	110	22	-1	
4	1	388	1	1	0	2956	1301	110	22	-1	
5	1	388	1	1	1	2956	1301	110	22	96.880363	880,625.81
2	1	389	0	0	0	649	1336	36	18	-1	
3	1	389	1	0	0	649	1336	36	18	-1	
4	1	389	1	1	0	649	1336	36	18	-1	
5	1	389	1	1	1	649	1336	36	18	95.222374	456
2	1	390	0	0	0	789	1336	93	18	-1	
3	1	390	1	0	0	789	1336	93	18	-1	
4	1	390	1	1	0	789	1336	93	18	-1	
5	1	390	1	1	1	789	1336	93	18	87.393425	Non-NES
2	1	391	0	0	0	1000	1335	141	19	-1	
3	1	391	1	0	0	1000	1335	141	19	-1	
4	1	391	1	1	0	1000	1335	141	19	-1	
5	1	391	1	1	1	1000	1335	65	19	96.647552	Middle
5	1	391	1	1	2	1073	1335	68	19	96.695587	School
2	1	392	0	0	0	1166	1335	78	19	-1	
3	1	392	1	0	0	1166	1335	78	19	-1	
4	1	392	1	1	0	1166	1335	78	19	-1	
5	1	392	1	1	1	1166	1335	78	19	96.920845	NORTH
2	1	393	0	0	0	1716	1336	32	18	-1	
3	1	393	1	0	0	1716	1336	32	18	-1	
4	1	393	1	1	0	1716	1336	32	18	-1	
5	1	393	1	1	1	1716	1336	32	18	96.856308	131
2	1	394	0	0	0	2068	1336	100	18	-1	
3	1	394	1	0	0	2068	1336	100	18	-1	
4	1	394	1	1	0	2068	1336	100	18	-1	
5	1	394	1	1	1	2068	1336	100	18	96.661057	41,024.00
2	1	395	0	0	0	2599	1336	85	18	-1	
3	1	395	1	0	0	2599	1336	85	18	-1	
4	1	395	1	1	0	2599	1336	85	18	-1	
5	1	395	1	1	1	2599	1336	85	18	96.826027	1,310.00
2	1	396	0	0	0	308	1336	244	23	-1	
3	1	396	1	0	0	308	1336	244	23	-1	
4	1	396	1	1	0	308	1336	244	23	-1	
5	1	396	1	1	1	308	1336	29	18	96.619858	HS
5	1	396	1	1	2	344	1336	65	18	96.454880	Ahead
5	1	396	1	1	3	416	1336	96	23	95.873589	Academy
5	1	396	1	1	4	520	1336	32	18	95.413147	MS
2	1	397	0	0	0	1308	1336	236	23	-1	
3	1	397	1	0	0	1308	1336	236	23	-1	
4	1	397	1	1	0	1308	1336	236	23	-1	
5	1	397	1	1	1	1308	1336	71	18	95.688698	Booker
5	1	397	1	1	2	1386	1336	120	23	96.387535	Washington
5	1	397	1	1	3	1515	1336	29	18	95.610168	HS
2	1	398	0	0	0	1777	1335	11	21	-1	
3	1	398	1	0	0	1777	1335	11	21	-1	
4	1	398	1	1	0	1777	1335	11	21	-1	
5	1	398	1	1	1	1777	1335	11	21	64.372330	$
2	1	399	0	0	0	1819	1336	130	22	-1	
3	1	399	1	0	0	1819	1336	130	22	-1	
4	1	399	1	1	0	1819	1336	130	22	-1	
5	1	399	1	1	1	1819	1336	130	22	92.703659	1,301,685.00
2	1	400	0	0	0	2243	1336	111	22	-1	
3	1	400	1	0	0	2243	1336	111	22	-1	
4	1	400	1	1	0	2243	1336	111	22	-1	
5	1	400	1	1	1	2243	1336	111	22	96.744377	164,923.00
2	1	401	0	0	0	2421	1336	98	21	-1	
3	1	401	1	0	0	2421	1336	98	21	-1	
4	1	401	1	1	0	2421	1336	98	21	-1	
5	1	401	1	1	1	2421	1336	98	21	96.768127	13,003.00
2	1	402	0	0	0	2753	1336	130	22	-1	
3	1	402	1	0	0	2753	1336	130	22	-1	
4	1	402	1	1	0	2753	1336	130	22	-1	
5	1	402	1	1	1	2753	1336	130	22	92.836754	1,521,945.00
2	1	403	0	0	0	2969	1336	100	22	-1	
3	1	403	1	0	0	2969	1336	100	22	-1	
4	1	403	1	1	0	2969	1336	100	22	-1	
5	1	403	1	1	1	2969	1336	100	22	96.147972	56,920.38
2	1	404	0	0	0	308	1371	75	18	-1	
3	1	404	1	0	0	308	1371	75	18	-1	
4	1	404	1	1	0	308	1371	75	18	-1	
5	1	404	1	1	1	308	1371	75	18	91.647377	HSPVA
2	1	405	0	0	0	649	1371	37	18	-1	
3	1	405	1	0	0	649	1371	37	18	-1	
4	1	405	1	1	0	649	1371	37	18	-1	
5	1	405	1	1	1	649	1371	37	18	96.354340	025
2	1	406	0	0	0	789	1371	93	18	-1	
3	1	406	1	0	0	789	1371	93	18	-1	
4	1	406	1	1	0	789	1371	93	18	-1	
5	1	406	1	1	1	789	1371	93	18	87.893120	Non-NES
2	1	407	0	0	0	1001	1370	120	24	-1	
3	1	407	1	0	0	1001	1370	120	24	-1	
4	1	407	1	1	0	1001	1370	120	24	-1	
5	1	407	1	1	1	1001	1371	44	23	97.004150	High
5	1	407	1	1	2	1053	1370	68	19	96.392822	School
2	1	408	0	0	0	1165	1370	107	19	-1	
3	1	408	1	0	0	1165	1370	107	19	-1	
4	1	408	1	1	0	1165	1370	107	19	-1	
5	1	408	1	1	1	1165	1370	107	19	96.017807	CENTRAL
2	1	409	0	0	0	1308	1370	133	19	-1	
3	1	409	1	0	0	1308	1370	133	19	-1	
4	1	409	1	1	0	1308	1370	133	19	-1	
5	1	409	1	1	1	1308	1371	95	18	96.090240	Northside
5	1	409	1	1	2	1412	1370	29	19	96.902176	HS
2	1	410	0	0	0	1714	1371	36	18	-1	
3	1	410	1	0	0	1714	1371	36	18	-1	
4	1	410	1	1	0	1714	1371	36	18	-1	
5	1	410	1	1	1	1714	1371	36	18	95.948593	792
2	1	411	0	0	0	1777	1370	11	21	-1	
3	1	411	1	0	0	1777	1370	11	21	-1	
4	1	411	1	1	0	1777	1370	11	21	-1	
5	1	411	1	1	1	1777	1370	11	21	64.372330	$
2	1	412	0	0	0	1817	1371	132	22	-1	
3	1	412	1	0	0	1817	1371	132	22	-1	
4	1	412	1	1	0	1817	1371	132	22	-1	
5	1	412	1	1	1	1817	1371	132	22	92.581070	5,475,126.00
2	1	413	0	0	0	2056	1371	112	18	-1	
3	1	413	1	0	0	2056	1371	112	18	-1	
4	1	413	1	1	0	2056	1371	112	18	-1	
5	1	413	1	1	1	2056	1371	112	18	96.444138	783,277.00
2	1	414	0	0	0	2254	1371	100	22	-1	
3	1	414	1	0	0	2254	1371	100	22	-1	
4	1	414	1	1	0	2254	1371	100	22	-1	
5	1	414	1	1	1	2254	1371	100	22	96.661331	75,830.00
2	1	415	0	0	0	2421	1371	98	21	-1	
3	1	415	1	0	0	2421	1371	98	21	-1	
4	1	415	1	1	0	2421	1371	98	21	-1	
5	1	415	1	1	1	2421	1371	98	21	96.463287	13,500.00
2	1	416	0	0	0	2597	1371	87	18	-1	
3	1	416	1	0	0	2597	1371	87	18	-1	
4	1	416	1	1	0	2597	1371	87	18	-1	
5	1	416	1	1	1	2597	1371	87	18	95.894730	7,920.00
2	1	417	0	0	0	2751	1371	132	22	-1	
3	1	417	1	0	0	2751	1371	132	22	-1	
4	1	417	1	1	0	2751	1371	132	22	-1	
5	1	417	1	1	1	2751	1371	132	22	92.903137	6,355,653.00
2	1	418	0	0	0	3037	1381	6	2	-1	
3	1	418	1	0	0	3037	1381	6	2	-1	
4	1	418	1	1	0	3037	1381	6	2	-1	
5	1	418	1	1	1	3037	1381	6	2	65.797829	-
2	1	419	0	0	0	2652	1416	7	2	-1	
3	1	419	1	0	0	2652	1416	7	2	-1	
4	1	419	1	1	0	2652	1416	7	2	-1	
5	1	419	1	1	1	2652	1416	7	2	52.294125	-
2	1	420	0	0	0	308	1405	101	19	-1	
3	1	420	1	0	0	308	1405	101	19	-1	
4	1	420	1	1	0	308	1405	101	19	-1	
5	1	420	1	1	1	308	1405	64	19	96.327705	Isaacs
5	1	420	1	1	2	382	1405	27	19	96.327705	ES
2	1	421	0	0	0	650	1406	35	18	-1	
3	1	421	1	0	0	650	1406	35	18	-1	
4	1	421	1	1	0	650	1406	35	18	-1	
5	1	421	1	1	1	650	1406	35	18	96.932579	180
2	1	422	0	0	0	789	1405	43	19	-1	
3	1	422	1	0	0	789	1405	43	19	-1	
4	1	422	1	1	0	789	1405	43	19	-1	
5	1	422	1	1	1	789	1405	43	19	96.289505	NES
2	1	423	0	0	0	1001	1405	113	24	-1	
3	1	423	1	0	0	1001	1405	113	24	-1	
4	1	423	1	1	0	1001	1405	113	24	-1	
5	1	423	1	1	1	1001	1405	113	24	96.450134	Elementary
2	1	424	0	0	0	1165	1405	107	19	-1	
3	1	424	1	0	0	1165	1405	107	19	-1	
4	1	424	1	1	0	1165	1405	107	19	-1	
5	1	424	1	1	1	1165	1405	107	19	96.486961	CENTRAL
2	1	425	0	0	0	1306	1405	132	24	-1	
3	1	425	1	0	0	1306	1405	132	24	-1	
4	1	425	1	1	0	1306	1405	132	24	-1	
5	1	425	1	1	1	1306	1405	95	24	94.082275	Wheatley
5	1	425	1	1	2	1410	1406	28	18	96.570747	HS
2	1	426	0	0	0	1714	1406	36	18	-1	
3	1	426	1	0	0	1714	1406	36	18	-1	
4	1	426	1	1	0	1714	1406	36	18	-1	
5	1	426	1	1	1	1714	1406	36	18	95.967682	226
2	1	427	0	0	0	1777	1405	11	21	-1	
3	1	427	1	0	0	1777	1405	11	21	-1	
4	1	427	1	1	0	1777	1405	11	21	-1	
5	1	427	1	1	1	1777	1405	11	21	60.977703	$
2	1	428	0	0	0	1817	1406	132	22	-1	
3	1	428	1	0	0	1817	1406	132	22	-1	
4	1	428	1	1	0	1817	1406	132	22	-1	
5	1	428	1	1	1	1817	1406	132	22	92.633354	2,514,865.00
2	1	429	0	0	0	2057	1406	111	18	-1	
3	1	429	1	0	0	2057	1406	111	18	-1	
4	1	429	1	1	0	2057	1406	111	18	-1	
5	1	429	1	1	1	2057	1406	111	18	95.696152	106,051.00
2	1	430	0	0	0	2254	1406	100	22	-1	
3	1	430	1	0	0	2254	1406	100	22	-1	
4	1	430	1	1	0	2254	1406	100	22	-1	
5	1	430	1	1	1	2254	1406	100	22	96.764984	79,200.00
2	1	431	0	0	0	2431	1406	88	21	-1	
3	1	431	1	0	0	2431	1406	88	21	-1	
4	1	431	1	1	0	2431	1406	88	21	-1	
5	1	431	1	1	1	2431	1406	88	21	96.490479	2,000.00
2	1	432	0	0	0	2751	1406	132	22	-1	
3	1	432	1	0	0	2751	1406	132	22	-1	
4	1	432	1	1	0	2751	1406	132	22	-1	
5	1	432	1	1	1	2751	1406	132	22	92.140701	2,702,116.00
2	1	433	0	0	0	2969	1406	97	22	-1	
3	1	433	1	0	0	2969	1406	97	22	-1	
4	1	433	1	1	0	2969	1406	97	22	-1	
5	1	433	1	1	1	2969	1406	97	22	95.154961	92,416.21
2	1	434	0	0	0	306	1441	130	18	-1	
3	1	434	1	0	0	306	1441	130	18	-1	
4	1	434	1	1	0	306	1441	130	18	-1	
5	1	434	1	1	1	306	1441	93	18	29.539497	Janowski
5	1	434	1	1	2	408	1441	28	18	96.601425	ES
2	1	435	0	0	0	650	1441	33	18	-1	
3	1	435	1	0	0	650	1441	33	18	-1	
4	1	435	1	1	0	650	1441	33	18	-1	
5	1	435	1	1	1	650	1441	33	18	96.526344	181
2	1	436	0	0	0	789	1441	93	18	-1	
3	1	436	1	0	0	789	1441	93	18	-1	
4	1	436	1	1	0	789	1441	93	18	-1	
5	1	436	1	1	1	789	1441	93	18	87.390152	Non-NES
2	1	437	0	0	0	1001	1440	113	24	-1	
3	1	437	1	0	0	1001	1440	113	24	-1	
4	1	437	1	1	0	1001	1440	113	24	-1	
5	1	437	1	1	1	1001	1440	113	24	96.397102	Elementary
2	1	438	0	0	0	1166	1441	78	18	-1	
3	1	438	1	0	0	1166	1441	78	18	-1	
4	1	438	1	1	0	1166	1441	78	18	-1	
5	1	438	1	1	1	1166	1441	78	18	96.277702	NORTH
2	1	439	0	0	0	1308	1440	192	19	-1	
3	1	439	1	0	0	1308	1440	192	19	-1	
4	1	439	1	1	0	1308	1440	192	19	-1	
5	1	439	1	1	1	1308	1441	82	18	93.231781	Houston
5	1	439	1	1	2	1398	1440	63	19	90.465431	MSTC
5	1	439	1	1	3	1471	1441	29	18	95.761284	HS
2	1	440	0	0	0	1714	1441	37	18	-1	
3	1	440	1	0	0	1714	1441	37	18	-1	
4	1	440	1	1	0	1714	1441	37	18	-1	
5	1	440	1	1	1	1714	1441	37	18	96.919334	393
2	1	441	0	0	0	1777	1440	11	21	-1	
3	1	441	1	0	0	1777	1440	11	21	-1	
4	1	441	1	1	0	1777	1440	11	21	-1	
5	1	441	1	1	1	1777	1440	11	21	60.155552	$
2	1	442	0	0	0	1817	1441	132	22	-1	
3	1	442	1	0	0	1817	1441	132	22	-1	
4	1	442	1	1	0	1817	1441	132	22	-1	
5	1	442	1	1	1	1817	1441	132	22	90.115181	2,861,909.00
2	1	443	0	0	0	2057	1441	111	18	-1	
3	1	443	1	0	0	2057	1441	111	18	-1	
4	1	443	1	1	0	2057	1441	111	18	-1	
5	1	443	1	1	1	2057	1441	111	18	96.038605	143,331.00
2	1	444	0	0	0	2243	1441	111	22	-1	
3	1	444	1	0	0	2243	1441	111	22	-1	
4	1	444	1	1	0	2243	1441	111	22	-1	
5	1	444	1	1	1	2243	1441	111	22	96.605865	154,436.00
2	1	445	0	0	0	2487	1451	7	2	-1	
3	1	445	1	0	0	2487	1451	7	2	-1	
4	1	445	1	1	0	2487	1451	7	2	-1	
5	1	445	1	1	1	2487	1451	7	2	52.294125	-
2	1	446	0	0	0	2597	1441	87	18	-1	
3	1	446	1	0	0	2597	1441	87	18	-1	
4	1	446	1	1	0	2597	1441	87	18	-1	
5	1	446	1	1	1	2597	1441	87	18	96.846695	3,930.00
2	1	447	0	0	0	2752	1441	131	22	-1	
3	1	447	1	0	0	2752	1441	131	22	-1	
4	1	447	1	1	0	2752	1441	131	22	-1	
5	1	447	1	1	1	2752	1441	131	22	92.224159	3,163,606.00
2	1	448	0	0	0	2958	1441	111	22	-1	
3	1	448	1	0	0	2958	1441	111	22	-1	
4	1	448	1	1	0	2958	1441	111	22	-1	
5	1	448	1	1	1	2958	1441	111	22	95.666870	144,037.49
2	1	449	0	0	0	2652	1486	7	2	-1	
3	1	449	1	0	0	2652	1486	7	2	-1	
4	1	449	1	1	0	2652	1486	7	2	-1	
5	1	449	1	1	1	2652	1486	7	2	52.294125	-
2	1	450	0	0	0	306	1476	131	18	-1	
3	1	450	1	0	0	306	1476	131	18	-1	
4	1	450	1	1	0	306	1476	131	18	-1	
5	1	450	1	1	1	306	1476	94	18	72.347000	Jefferson
5	1	450	1	1	2	409	1476	28	18	96.279526	ES
2	1	451	0	0	0	650	1476	36	18	-1	
3	1	451	1	0	0	650	1476	36	18	-1	
4	1	451	1	1	0	650	1476	36	18	-1	
5	1	451	1	1	1	650	1476	36	18	96.846275	182
2	1	452	0	0	0	789	1475	43	19	-1	
3	1	452	1	0	0	789	1475	43	19	-1	
4	1	452	1	1	0	789	1475	43	19	-1	
5	1	452	1	1	1	789	1475	43	19	96.337158	NES
2	1	453	0	0	0	1001	1475	113	24	-1	
3	1	453	1	0	0	1001	1475	113	24	-1	
4	1	453	1	1	0	1001	1475	113	24	-1	
5	1	453	1	1	1	1001	1475	113	24	96.897484	Elementary
2	1	454	0	0	0	1165	1475	107	19	-1	
3	1	454	1	0	0	1165	1475	107	19	-1	
4	1	454	1	1	0	1165	1475	107	19	-1	
5	1	454	1	1	1	1165	1475	107	19	96.604828	CENTRAL
2	1	455	0	0	0	1308	1475	133	19	-1	
3	1	455	1	0	0	1308	1475	133	19	-1	
4	1	455	1	1	0	1308	1475	133	19	-1	
5	1	455	1	1	1	1308	1476	95	18	96.507858	Northside
5	1	455	1	1	2	1412	1475	29	19	96.884804	HS
2	1	456	0	0	0	1714	1476	36	18	-1	
3	1	456	1	0	0	1714	1476	36	18	-1	
4	1	456	1	1	0	1714	1476	36	18	-1	
5	1	456	1	1	1	1714	1476	36	18	96.350601	325
2	1	457	0	0	0	1777	1475	11	21	-1	
3	1	457	1	0	0	1777	1475	11	21	-1	
4	1	457	1	1	0	1777	1475	11	21	-1	
5	1	457	1	1	1	1777	1475	11	21	53.406227	$
2	1	458	0	0	0	1817	1476	132	22	-1	
3	1	458	1	0	0	1817	1476	132	22	-1	
4	1	458	1	1	0	1817	1476	132	22	-1	
5	1	458	1	1	1	1817	1476	132	22	92.715332	3,296,344.00
2	1	459	0	0	0	2057	1476	111	18	-1	
3	1	459	1	0	0	2057	1476	111	18	-1	
4	1	459	1	1	0	2057	1476	111	18	-1	
5	1	459	1	1	1	2057	1476	111	18	96.432838	180,411.00
2	1	460	0	0	0	2243	1476	111	22	-1	
3	1	460	1	0	0	2243	1476	111	22	-1	
4	1	460	1	1	0	2243	1476	111	22	-1	
5	1	460	1	1	1	2243	1476	111	22	96.647942	113,100.00
2	1	461	0	0	0	2431	1476	88	21	-1	
3	1	461	1	0	0	2431	1476	88	21	-1	
4	1	461	1	1	0	2431	1476	88	21	-1	
5	1	461	1	1	1	2431	1476	88	21	96.012276	2,000.00
2	1	462	0	0	0	2752	1476	131	22	-1	
3	1	462	1	0	0	2752	1476	131	22	-1	
4	1	462	1	1	0	2752	1476	131	22	-1	
5	1	462	1	1	1	2752	1476	131	22	92.329735	3,591,855.00
2	1	463	0	0	0	2958	1476	111	22	-1	
3	1	463	1	0	0	2958	1476	111	22	-1	
4	1	463	1	1	0	2958	1476	111	22	-1	
5	1	463	1	1	1	2958	1476	111	22	96.609131	119,205.94
2	1	464	0	0	0	306	1511	203	18	-1	
3	1	464	1	0	0	306	1511	203	18	-1	
4	1	464	1	1	0	306	1511	203	18	-1	
5	1	464	1	1	1	306	1511	60	18	68.111305	Jones
5	1	464	1	1	2	376	1511	74	18	96.426285	Futures
5	1	464	1	1	3	457	1511	52	18	96.649986	Acad
2	1	465	0	0	0	649	1511	37	18	-1	
3	1	465	1	0	0	649	1511	37	18	-1	
4	1	465	1	1	0	649	1511	37	18	-1	
5	1	465	1	1	1	649	1511	37	18	94.919342	006
2	1	466	0	0	0	789	1511	93	18	-1	
3	1	466	1	0	0	789	1511	93	18	-1	
4	1	466	1	1	0	789	1511	93	18	-1	
5	1	466	1	1	1	789	1511	93	18	90.079338	Non-NES
2	1	467	0	0	0	1001	1510	120	24	-1	
3	1	467	1	0	0	1001	1510	120	24	-1	
4	1	467	1	1	0	1001	1510	120	24	-1	
5	1	467	1	1	1	1001	1511	44	23	96.998474	High
5	1	467	1	1	2	1053	1510	68	19	96.591461	School
2	1	468	0	0	0	1165	1510	78	19	-1	
3	1	468	1	0	0	1165	1510	78	19	-1	
4	1	468	1	1	0	1165	1510	78	19	-1	
5	1	468	1	1	1	1165	1510	78	19	96.216499	SOUTH
2	1	469	0	0	0	1306	1510	129	24	-1	
3	1	469	1	0	0	1306	1510	129	24	-1	
4	1	469	1	1	0	1306	1510	129	24	-1	
5	1	469	1	1	1	1306	1511	91	23	94.062347	Worthing
5	1	469	1	1	2	1407	1510	28	19	96.254814	HS
2	1	470	0	0	0	1714	1511	36	18	-1	
3	1	470	1	0	0	1714	1511	36	18	-1	
4	1	470	1	1	0	1714	1511	36	18	-1	
5	1	470	1	1	1	1714	1511	36	18	96.722786	275
2	1	471	0	0	0	1777	1510	11	21	-1	
3	1	471	1	0	0	1777	1510	11	21	-1	
4	1	471	1	1	0	1777	1510	11	21	-1	
5	1	471	1	1	1	1777	1510	11	21	50.938782	$
2	1	472	0	0	0	1817	1511	132	22	-1	
3	1	472	1	0	0	1817	1511	132	22	-1	
4	1	472	1	1	0	1817	1511	132	22	-1	
5	1	472	1	1	1	1817	1511	132	22	92.747925	2,854,718.00
2	1	473	0	0	0	2056	1511	112	18	-1	
3	1	473	1	0	0	2056	1511	112	18	-1	
4	1	473	1	1	0	2056	1511	112	18	-1	
5	1	473	1	1	1	2056	1511	112	18	96.717445	343,344.00
2	1	474	0	0	0	2254	1511	100	22	-1	
3	1	474	1	0	0	2254	1511	100	22	-1	
4	1	474	1	1	0	2254	1511	100	22	-1	
5	1	474	1	1	1	2254	1511	100	22	96.171455	79,047.00
2	1	475	0	0	0	2431	1511	88	21	-1	
3	1	475	1	0	0	2431	1511	88	21	-1	
4	1	475	1	1	0	2431	1511	88	21	-1	
5	1	475	1	1	1	2431	1511	88	21	96.108093	6,000.00
2	1	476	0	0	0	2597	1511	87	18	-1	
3	1	476	1	0	0	2597	1511	87	18	-1	
4	1	476	1	1	0	2597	1511	87	18	-1	
5	1	476	1	1	1	2597	1511	87	18	96.808327	2,750.00
2	1	477	0	0	0	2752	1511	131	22	-1	
3	1	477	1	0	0	2752	1511	131	22	-1	
4	1	477	1	1	0	2752	1511	131	22	-1	
5	1	477	1	1	1	2752	1511	131	22	90.093910	3,285,859.00
2	1	478	0	0	0	2958	1511	111	22	-1	
3	1	478	1	0	0	2958	1511	111	22	-1	
4	1	478	1	1	0	2958	1511	111	22	-1	
5	1	478	1	1	1	2958	1511	111	22	96.840309	108,133.17
2	1	479	0	0	0	2652	1556	7	2	-1	
3	1	479	1	0	0	2652	1556	7	2	-1	
4	1	479	1	1	0	2652	1556	7	2	-1	
5	1	479	1	1	1	2652	1556	7	2	52.294125	-
2	1	480	0	0	0	308	1545	233	19	-1	
3	1	480	1	0	0	308	1545	233	19	-1	
4	1	480	1	1	0	308	1545	233	19	-1	
5	1	480	1	1	1	308	1546	102	18	91.869385	Kashmere
5	1	480	1	1	2	418	1545	86	19	96.679085	Gardens
5	1	480	1	1	3	514	1545	27	19	96.655106	ES
2	1	481	0	0	0	650	1546	36	18	-1	
3	1	481	1	0	0	650	1546	36	18	-1	
4	1	481	1	1	0	650	1546	36	18	-1	
5	1	481	1	1	1	650	1546	36	18	84.311424	185
2	1	482	0	0	0	789	1545	43	19	-1	
3	1	482	1	0	0	789	1545	43	19	-1	
4	1	482	1	1	0	789	1545	43	19	-1	
5	1	482	1	1	1	789	1545	43	19	96.310936	NES
2	1	483	0	0	0	1001	1545	113	24	-1	
3	1	483	1	0	0	1001	1545	113	24	-1	
4	1	483	1	1	0	1001	1545	113	24	-1	
5	1	483	1	1	1	1001	1545	113	24	96.927216	Elementary
2	1	484	0	0	0	1166	1545	78	19	-1	
3	1	484	1	0	0	1166	1545	78	19	-1	
4	1	484	1	1	0	1166	1545	78	19	-1	
5	1	484	1	1	1	1166	1545	78	19	96.817955	NORTH
2	1	485	0	0	0	1308	1545	140	19	-1	
3	1	485	1	0	0	1308	1545	140	19	-1	
4	1	485	1	1	0	1308	1545	140	19	-1	
5	1	485	1	1	1	1308	1546	102	18	92.069122	Kashmere
5	1	485	1	1	2	1419	1545	29	19	96.625229	HS
2	1	486	0	0	0	1714	1546	37	18	-1	
3	1	486	1	0	0	1714	1546	37	18	-1	
4	1	486	1	1	0	1714	1546	37	18	-1	
5	1	486	1	1	1	1714	1546	37	18	96.426186	309
2	1	487	0	0	0	1777	1545	11	21	-1	
3	1	487	1	0	0	1777	1545	11	21	-1	
4	1	487	1	1	0	1777	1545	11	21	-1	
5	1	487	1	1	1	1777	1545	11	21	50.938782	$
2	1	488	0	0	0	1817	1546	132	22	-1	
3	1	488	1	0	0	1817	1546	132	22	-1	
4	1	488	1	1	0	1817	1546	132	22	-1	
5	1	488	1	1	1	1817	1546	132	22	92.291878	3,121,252.00
2	1	489	0	0	0	2057	1546	111	18	-1	
3	1	489	1	0	0	2057	1546	111	18	-1	
4	1	489	1	1	0	2057	1546	111	18	-1	
5	1	489	1	1	1	2057	1546	111	18	96.439369	133,183.00
2	1	490	0	0	0	2243	1546	111	22	-1	
3	1	490	1	0	0	2243	1546	111	22	-1	
4	1	490	1	1	0	2243	1546	111	22	-1	
5	1	490	1	1	1	2243	1546	111	22	96.863182	124,000.00
2	1	491	0	0	0	2431	1546	88	21	-1	
3	1	491	1	0	0	2431	1546	88	21	-1	
4	1	491	1	1	0	2431	1546	88	21	-1	
5	1	491	1	1	1	2431	1546	88	21	95.889450	2,000.00
2	1	492	0	0	0	2752	1546	131	22	-1	
3	1	492	1	0	0	2752	1546	131	22	-1	
4	1	492	1	1	0	2752	1546	131	22	-1	
5	1	492	1	1	1	2752	1546	131	22	92.372795	3,380,435.00
2	1	493	0	0	0	2958	1546	111	22	-1	
3	1	493	1	0	0	2958	1546	111	22	-1	
4	1	493	1	1	0	2958	1546	111	22	-1	
5	1	493	1	1	1	2958	1546	111	22	96.434883	125,739.68
2	1	494	0	0	0	308	1580	140	19	-1	
3	1	494	1	0	0	308	1580	140	19	-1	
4	1	494	1	1	0	308	1580	140	19	-1	
5	1	494	1	1	1	308	1581	102	18	91.673851	Kashmere
5	1	494	1	1	2	419	1580	29	19	96.517853	HS
2	1	495	0	0	0	649	1581	37	18	-1	
3	1	495	1	0	0	649	1581	37	18	-1	
4	1	495	1	1	0	649	1581	37	18	-1	
5	1	495	1	1	1	649	1581	37	18	95.992851	007
2	1	496	0	0	0	789	1580	43	19	-1	
3	1	496	1	0	0	789	1580	43	19	-1	
4	1	496	1	1	0	789	1580	43	19	-1	
5	1	496	1	1	1	789	1580	43	19	96.311249	NES
2	1	497	0	0	0	1001	1580	120	24	-1	
3	1	497	1	0	0	1001	1580	120	24	-1	
4	1	497	1	1	0	1001	1580	120	24	-1	
5	1	497	1	1	1	1001	1581	44	23	96.962891	High
5	1	497	1	1	2	1053	1580	68	19	96.428917	School
2	1	498	0	0	0	1166	1580	78	19	-1	
3	1	498	1	0	0	1166	1580	78	19	-1	
4	1	498	1	1	0	1166	1580	78	19	-1	
5	1	498	1	1	1	1166	1580	78	19	96.923065	NORTH
2	1	499	0	0	0	1308	1580	140	19	-1	
3	1	499	1	0	0	1308	1580	140	19	-1	
4	1	499	1	1	0	1308	1580	140	19	-1	
5	1	499	1	1	1	1308	1581	102	18	91.225922	Kashmere
5	1	499	1	1	2	1419	1580	29	19	96.518303	HS
2	1	500	0	0	0	1713	1581	37	18	-1	
3	1	500	1	0	0	1713	1581	37	18	-1	
4	1	500	1	1	0	1713	1581	37	18	-1	
5	1	500	1	1	1	1713	1581	37	18	96.971466	620
2	1	501	0	0	0	1777	1580	11	21	-1	
3	1	501	1	0	0	1777	1580	11	21	-1	
4	1	501	1	1	0	1777	1580	11	21	-1	
5	1	501	1	1	1	1777	1580	11	21	49.206154	$
2	1	502	0	0	0	1817	1581	132	22	-1	
3	1	502	1	0	0	1817	1581	132	22	-1	
4	1	502	1	1	0	1817	1581	132	22	-1	
5	1	502	1	1	1	1817	1581	132	22	92.394058	8,121,841.00
2	1	503	0	0	0	2055	1581	113	18	-1	
3	1	503	1	0	0	2055	1581	113	18	-1	
4	1	503	1	1	0	2055	1581	113	18	-1	
5	1	503	1	1	1	2055	1581	113	18	96.526077	608,071.00
2	1	504	0	0	0	2241	1581	113	22	-1	
3	1	504	1	0	0	2241	1581	113	22	-1	
4	1	504	1	1	0	2241	1581	113	22	-1	
5	1	504	1	1	1	2241	1581	113	22	96.872742	257,900.00
2	1	505	0	0	0	2421	1581	98	21	-1	
3	1	505	1	0	0	2421	1581	98	21	-1	
4	1	505	1	1	0	2421	1581	98	21	-1	
5	1	505	1	1	1	2421	1581	98	21	96.593002	13,000.00
2	1	506	0	0	0	2597	1581	87	18	-1	
3	1	506	1	0	0	2597	1581	87	18	-1	
4	1	506	1	1	0	2597	1581	87	18	-1	
5	1	506	1	1	1	2597	1581	87	18	96.703140	6,000.00
2	1	507	0	0	0	2751	1581	132	22	-1	
3	1	507	1	0	0	2751	1581	132	22	-1	
4	1	507	1	1	0	2751	1581	132	22	-1	
5	1	507	1	1	1	2751	1581	132	22	92.398506	9,006,812.00
2	1	508	0	0	0	2956	1581	113	22	-1	
3	1	508	1	0	0	2956	1581	113	22	-1	
4	1	508	1	1	0	2956	1581	113	22	-1	
5	1	508	1	1	1	2956	1581	113	22	96.789268	246,069.70
2	1	509	0	0	0	308	1615	91	19	-1	
3	1	509	1	0	0	308	1615	91	19	-1	
4	1	509	1	1	0	308	1615	91	19	-1	
5	1	509	1	1	1	308	1615	54	19	96.084457	Kelso
5	1	509	1	1	2	372	1615	27	19	96.084457	ES
2	1	510	0	0	0	650	1616	36	18	-1	
3	1	510	1	0	0	650	1616	36	18	-1	
4	1	510	1	1	0	650	1616	36	18	-1	
5	1	510	1	1	1	650	1616	36	18	96.964157	187
2	1	511	0	0	0	789	1615	43	19	-1	
3	1	511	1	0	0	789	1615	43	19	-1	
4	1	511	1	1	0	789	1615	43	19	-1	
5	1	511	1	1	1	789	1615	43	19	96.309853	NES
2	1	512	0	0	0	1001	1615	113	24	-1	
3	1	512	1	0	0	1001	1615	113	24	-1	
4	1	512	1	1	0	1001	1615	113	24	-1	
5	1	512	1	1	1	1001	1615	113	24	96.390816	Elementary
2	1	513	0	0	0	1165	1615	78	19	-1	
3	1	513	1	0	0	1165	1615	78	19	-1	
4	1	513	1	1	0	1165	1615	78	19	-1	
5	1	513	1	1	1	1165	1615	78	19	96.113136	SOUTH
2	1	514	0	0	0	1307	1615	114	24	-1	
3	1	514	1	0	0	1307	1615	114	24	-1	
4	1	514	1	1	0	1307	1615	114	24	-1	
5	1	514	1	1	1	1307	1615	75	24	96.162186	Sterling
5	1	514	1	1	2	1392	1616	29	18	96.551186	HS
2	1	515	0	0	0	1714	1616	37	18	-1	
3	1	515	1	0	0	1714	1616	37	18	-1	
4	1	515	1	1	0	1714	1616	37	18	-1	
5	1	515	1	1	1	1714	1616	37	18	96.979897	358
2	1	516	0	0	0	1777	1615	11	21	-1	
3	1	516	1	0	0	1777	1615	11	21	-1	
4	1	516	1	1	0	1777	1615	11	21	-1	
5	1	516	1	1	1	1777	1615	11	21	49.206154	$
2	1	517	0	0	0	1817	1616	132	22	-1	
3	1	517	1	0	0	1817	1616	132	22	-1	
4	1	517	1	1	0	1817	1616	132	22	-1	
5	1	517	1	1	1	1817	1616	132	22	91.900146	3,068,495.00
2	1	518	0	0	0	2057	1616	111	21	-1	
3	1	518	1	0	0	2057	1616	111	21	-1	
4	1	518	1	1	0	2057	1616	111	21	-1	
5	1	518	1	1	1	2057	1616	111	21	96.506157	144,145.00
2	1	519	0	0	0	2243	1616	111	22	-1	
3	1	519	1	0	0	2243	1616	111	22	-1	
4	1	519	1	1	0	2243	1616	111	22	-1	
5	1	519	1	1	1	2243	1616	111	22	96.386536	122,400.00
2	1	520	0	0	0	2431	1616	88	22	-1	
3	1	520	1	0	0	2431	1616	88	22	-1	
4	1	520	1	1	0	2431	1616	88	22	-1	
5	1	520	1	1	1	2431	1616	88	22	96.294731	2,000.00
2	1	521	0	0	0	2752	1616	131	22	-1	
3	1	521	1	0	0	2752	1616	131	22	-1	
4	1	521	1	1	0	2752	1616	131	22	-1	
5	1	521	1	1	1	2752	1616	131	22	92.600754	3,337,040.00
2	1	522	0	0	0	2958	1616	111	22	-1	
3	1	522	1	0	0	2958	1616	111	22	-1	
4	1	522	1	1	0	2958	1616	111	22	-1	
5	1	522	1	1	1	2958	1616	111	22	96.675110	139,834.07
2	1	523	0	0	0	308	1651	123	23	-1	
3	1	523	1	0	0	308	1651	123	23	-1	
4	1	523	1	1	0	308	1651	123	23	-1	
5	1	523	1	1	1	308	1651	86	23	96.366478	Kennedy
5	1	523	1	1	2	403	1651	28	18	96.712288	ES
2	1	524	0	0	0	650	1651	36	18	-1	
3	1	524	1	0	0	650	1651	36	18	-1	
4	1	524	1	1	0	650	1651	36	18	-1	
5	1	524	1	1	1	650	1651	36	18	96.885506	188
2	1	525	0	0	0	789	1650	43	19	-1	
3	1	525	1	0	0	789	1650	43	19	-1	
4	1	525	1	1	0	789	1650	43	19	-1	
5	1	525	1	1	1	789	1650	43	19	96.320724	NES
2	1	526	0	0	0	1001	1650	113	24	-1	
3	1	526	1	0	0	1001	1650	113	24	-1	
4	1	526	1	1	0	1001	1650	113	24	-1	
5	1	526	1	1	1	1001	1650	113	24	96.835190	Elementary
2	1	527	0	0	0	1166	1650	78	19	-1	
3	1	527	1	0	0	1166	1650	78	19	-1	
4	1	527	1	1	0	1166	1650	78	19	-1	
5	1	527	1	1	1	1166	1650	78	19	96.915466	NORTH
2	1	528	0	0	0	1308	1651	236	23	-1	
3	1	528	1	0	0	1308	1651	236	23	-1	
4	1	528	1	1	0	1308	1651	236	23	-1	
5	1	528	1	1	1	1308	1651	71	18	95.333397	Booker
5	1	528	1	1	2	1386	1651	120	23	96.400108	Washington
5	1	528	1	1	3	1515	1651	29	18	95.941032	HS
2	1	529	0	0	0	1714	1651	36	18	-1	
3	1	529	1	0	0	1714	1651	36	18	-1	
4	1	529	1	1	0	1714	1651	36	18	-1	
5	1	529	1	1	1	1714	1651	36	18	96.770073	416
2	1	530	0	0	0	1777	1650	11	21	-1	
3	1	530	1	0	0	1777	1650	11	21	-1	
4	1	530	1	1	0	1777	1650	11	21	-1	
5	1	530	1	1	1	1777	1650	11	21	49.206154	$
2	1	531	0	0	0	1817	1651	132	22	-1	
3	1	531	1	0	0	1817	1651	132	22	-1	
4	1	531	1	1	0	1817	1651	132	22	-1	
5	1	531	1	1	1	1817	1651	132	22	92.328003	3,712,543.00
2	1	532	0	0	0	2057	1651	111	21	-1	
3	1	532	1	0	0	2057	1651	111	21	-1	
4	1	532	1	1	0	2057	1651	111	21	-1	
5	1	532	1	1	1	2057	1651	111	21	96.795265	175,539.00
2	1	533	0	0	0	2243	1651	111	22	-1	
3	1	533	1	0	0	2243	1651	111	22	-1	
4	1	533	1	1	0	2243	1651	111	22	-1	
5	1	533	1	1	1	2243	1651	111	22	96.603271	143,400.00
2	1	534	0	0	0	2431	1651	88	22	-1	
3	1	534	1	0	0	2431	1651	88	22	-1	
4	1	534	1	1	0	2431	1651	88	22	-1	
5	1	534	1	1	1	2431	1651	88	22	96.206528	2,000.00
2	1	535	0	0	0	2751	1651	132	22	-1	
3	1	535	1	0	0	2751	1651	132	22	-1	
4	1	535	1	1	0	2751	1651	132	22	-1	
5	1	535	1	1	1	2751	1651	132	22	92.346794	4,033,482.00
2	1	536	0	0	0	2958	1651	111	22	-1	
3	1	536	1	0	0	2958	1651	111	22	-1	
4	1	536	1	1	0	2958	1651	111	22	-1	
5	1	536	1	1	1	2958	1651	111	22	96.808716	161,338.15
2	1	537	0	0	0	308	1685	123	19	-1	
3	1	537	1	0	0	308	1685	123	19	-1	
4	1	537	1	1	0	308	1685	123	19	-1	
5	1	537	1	1	1	308	1685	86	19	91.070541	Ketelsen
5	1	537	1	1	2	403	1686	28	18	96.884354	ES
2	1	538	0	0	0	649	1686	36	18	-1	
3	1	538	1	0	0	649	1686	36	18	-1	
4	1	538	1	1	0	649	1686	36	18	-1	
5	1	538	1	1	1	649	1686	36	18	96.449509	389
2	1	539	0	0	0	789	1685	43	19	-1	
3	1	539	1	0	0	789	1685	43	19	-1	
4	1	539	1	1	0	789	1685	43	19	-1	
5	1	539	1	1	1	789	1685	43	19	96.320457	NES
2	1	540	0	0	0	1001	1685	113	24	-1	
3	1	540	1	0	0	1001	1685	113	24	-1	
4	1	540	1	1	0	1001	1685	113	24	-1	
5	1	540	1	1	1	1001	1685	113	24	96.810493	Elementary
2	1	541	0	0	0	1165	1685	107	19	-1	
3	1	541	1	0	0	1165	1685	107	19	-1	
4	1	541	1	1	0	1165	1685	107	19	-1	
5	1	541	1	1	1	1165	1685	107	19	96.712364	CENTRAL
2	1	542	0	0	0	1308	1685	133	19	-1	
3	1	542	1	0	0	1308	1685	133	19	-1	
4	1	542	1	1	0	1308	1685	133	19	-1	
5	1	542	1	1	1	1308	1686	95	18	96.175697	Northside
5	1	542	1	1	2	1412	1685	29	19	96.893265	HS
2	1	543	0	0	0	1714	1686	36	18	-1	
3	1	543	1	0	0	1714	1686	36	18	-1	
4	1	543	1	1	0	1714	1686	36	18	-1	
5	1	543	1	1	1	1714	1686	36	18	96.968910	353
2	1	544	0	0	0	1777	1685	11	21	-1	
3	1	544	1	0	0	1777	1685	11	21	-1	
4	1	544	1	1	0	1777	1685	11	21	-1	
5	1	544	1	1	1	1777	1685	11	21	49.206154	$
2	1	545	0	0	0	1817	1686	132	22	-1	
3	1	545	1	0	0	1817	1686	132	22	-1	
4	1	545	1	1	0	1817	1686	132	22	-1	
5	1	545	1	1	1	1817	1686	132	22	92.827118	3,566,294.00
2	1	546	0	0	0	2055	1686	113	21	-1	
3	1	546	1	0	0	2055	1686	113	21	-1	
4	1	546	1	1	0	2055	1686	113	21	-1	
5	1	546	1	1	1	2055	1686	113	21	93.876236	277,486.00
2	1	547	0	0	0	2243	1686	111	22	-1	
3	1	547	1	0	0	2243	1686	111	22	-1	
4	1	547	1	1	0	2243	1686	111	22	-1	
5	1	547	1	1	1	2243	1686	111	22	95.669060	123,300.00
2	1	548	0	0	0	2431	1686	88	22	-1	
3	1	548	1	0	0	2431	1686	88	22	-1	
4	1	548	1	1	0	2431	1686	88	22	-1	
5	1	548	1	1	1	2431	1686	88	22	96.117500	2,000.00
2	1	549	0	0	0	2752	1686	131	22	-1	
3	1	549	1	0	0	2752	1686	131	22	-1	
4	1	549	1	1	0	2752	1686	131	22	-1	
5	1	549	1	1	1	2752	1686	131	22	92.965843	3,969,080.00
2	1	550	0	0	0	2958	1686	111	22	-1	
3	1	550	1	0	0	2958	1686	111	22	-1	
4	1	550	1	1	0	2958	1686	111	22	-1	
5	1	550	1	1	1	2958	1686	111	22	96.387833	142,663.44
2	1	551	0	0	0	308	1720	76	24	-1	
3	1	551	1	0	0	308	1720	76	24	-1	
4	1	551	1	1	0	308	1720	76	24	-1	
5	1	551	1	1	1	308	1721	36	23	96.889534	Key
5	1	551	1	1	2	352	1720	32	19	96.885666	MS
2	1	552	0	0	0	649	1721	36	18	-1	
3	1	552	1	0	0	649	1721	36	18	-1	
4	1	552	1	1	0	649	1721	36	18	-1	
5	1	552	1	1	1	649	1721	36	18	94.374222	079
2	1	553	0	0	0	789	1720	43	19	-1	
3	1	553	1	0	0	789	1720	43	19	-1	
4	1	553	1	1	0	789	1720	43	19	-1	
5	1	553	1	1	1	789	1720	43	19	96.363297	NES
2	1	554	0	0	0	1000	1720	141	19	-1	
3	1	554	1	0	0	1000	1720	141	19	-1	
4	1	554	1	1	0	1000	1720	141	19	-1	
5	1	554	1	1	1	1000	1720	65	19	96.695839	Middle
5	1	554	1	1	2	1073	1720	68	19	96.799690	School
2	1	555	0	0	0	1166	1720	78	19	-1	
3	1	555	1	0	0	1166	1720	78	19	-1	
4	1	555	1	1	0	1166	1720	78	19	-1	
5	1	555	1	1	1	1166	1720	78	19	96.817841	NORTH
2	1	556	0	0	0	1308	1720	140	19	-1	
3	1	556	1	0	0	1308	1720	140	19	-1	
4	1	556	1	1	0	1308	1720	140	19	-1	
5	1	556	1	1	1	1308	1721	102	18	91.175041	Kashmere
5	1	556	1	1	2	1419	1720	29	19	96.266235	HS
2	1	557	0	0	0	1714	1721	36	18	-1	
3	1	557	1	0	0	1714	1721	36	18	-1	
4	1	557	1	1	0	1714	1721	36	18	-1	
5	1	557	1	1	1	1714	1721	36	18	96.740974	466
2	1	558	0	0	0	1777	1720	11	21	-1	
3	1	558	1	0	0	1777	1720	11	21	-1	
4	1	558	1	1	0	1777	1720	11	21	-1	
5	1	558	1	1	1	1777	1720	11	21	52.101944	$
2	1	559	0	0	0	1817	1721	132	22	-1	
3	1	559	1	0	0	1817	1721	132	22	-1	
4	1	559	1	1	0	1817	1721	132	22	-1	
5	1	559	1	1	1	1817	1721	132	22	91.548164	5,222,594.00
2	1	560	0	0	0	2055	1721	113	18	-1	
3	1	560	1	0	0	2055	1721	113	18	-1	
4	1	560	1	1	0	2055	1721	113	18	-1	
5	1	560	1	1	1	2055	1721	113	18	96.650360	430,452.00
2	1	561	0	0	0	2243	1721	111	22	-1	
3	1	561	1	0	0	2243	1721	111	22	-1	
4	1	561	1	1	0	2243	1721	111	22	-1	
5	1	561	1	1	1	2243	1721	111	22	96.665092	166,420.00
2	1	562	0	0	0	2432	1721	87	22	-1	
3	1	562	1	0	0	2432	1721	87	22	-1	
4	1	562	1	1	0	2432	1721	87	22	-1	
5	1	562	1	1	1	2432	1721	87	22	96.730156	5,000.00
2	1	563	0	0	0	2752	1721	131	22	-1	
3	1	563	1	0	0	2752	1721	131	22	-1	
4	1	563	1	1	0	2752	1721	131	22	-1	
5	1	563	1	1	1	2752	1721	131	22	89.393890	5,824,466.00
2	1	564	0	0	0	2958	1721	111	22	-1	
3	1	564	1	0	0	2958	1721	111	22	-1	
4	1	564	1	1	0	2958	1721	111	22	-1	
5	1	564	1	1	1	2958	1721	111	22	96.828491	191,579.05
2	1	565	0	0	0	3037	1766	6	2	-1	
3	1	565	1	0	0	3037	1766	6	2	-1	
4	1	565	1	1	0	3037	1766	6	2	-1	
5	1	565	1	1	1	3037	1766	6	2	65.797829	-
2	1	566	0	0	0	308	1755	94	19	-1	
3	1	566	1	0	0	308	1755	94	19	-1	
4	1	566	1	1	0	308	1755	94	19	-1	
5	1	566	1	1	1	308	1755	57	19	92.930206	Kolter
5	1	566	1	1	2	374	1756	28	18	96.402756	ES
2	1	567	0	0	0	650	1756	35	18	-1	
3	1	567	1	0	0	650	1756	35	18	-1	
4	1	567	1	1	0	650	1756	35	18	-1	
5	1	567	1	1	1	650	1756	35	18	96.958809	189
2	1	568	0	0	0	789	1756	93	18	-1	
3	1	568	1	0	0	789	1756	93	18	-1	
4	1	568	1	1	0	789	1756	93	18	-1	
5	1	568	1	1	1	789	1756	93	18	92.251511	Non-NES
2	1	569	0	0	0	1001	1755	113	24	-1	
3	1	569	1	0	0	1001	1755	113	24	-1	
4	1	569	1	1	0	1001	1755	113	24	-1	
5	1	569	1	1	1	1001	1755	113	24	96.646080	Elementary
2	1	570	0	0	0	1165	1755	67	19	-1	
3	1	570	1	0	0	1165	1755	67	19	-1	
4	1	570	1	1	0	1165	1755	67	19	-1	
5	1	570	1	1	1	1165	1755	67	19	95.712784	WEST
2	1	571	0	0	0	1308	1755	111	19	-1	
3	1	571	1	0	0	1308	1755	111	19	-1	
4	1	571	1	1	0	1308	1755	111	19	-1	
5	1	571	1	1	1	1308	1755	73	19	96.056908	Bellaire
5	1	571	1	1	2	1390	1756	29	18	96.717522	HS
2	1	572	0	0	0	1714	1756	36	18	-1	
3	1	572	1	0	0	1714	1756	36	18	-1	
4	1	572	1	1	0	1714	1756	36	18	-1	
5	1	572	1	1	1	1714	1756	36	18	86.197922	774
2	1	573	0	0	0	1777	1755	11	21	-1	
3	1	573	1	0	0	1777	1755	11	21	-1	
4	1	573	1	1	0	1777	1755	11	21	-1	
5	1	573	1	1	1	1777	1755	11	21	52.101944	$
2	1	574	0	0	0	1817	1756	132	22	-1	
3	1	574	1	0	0	1817	1756	132	22	-1	
4	1	574	1	1	0	1817	1756	132	22	-1	
5	1	574	1	1	1	1817	1756	132	22	92.208496	4,181,946.00
2	1	575	0	0	0	2057	1756	111	21	-1	
3	1	575	1	0	0	2057	1756	111	21	-1	
4	1	575	1	1	0	2057	1756	111	21	-1	
5	1	575	1	1	1	2057	1756	111	21	96.452385	170,038.00
2	1	576	0	0	0	2241	1756	113	22	-1	
3	1	576	1	0	0	2241	1756	113	22	-1	
4	1	576	1	1	0	2241	1756	113	22	-1	
5	1	576	1	1	1	2241	1756	113	22	96.409744	492,712.00
2	1	577	0	0	0	2432	1756	87	22	-1	
3	1	577	1	0	0	2432	1756	87	22	-1	
4	1	577	1	1	0	2432	1756	87	22	-1	
5	1	577	1	1	1	2432	1756	87	22	96.579300	7,000.00
2	1	578	0	0	0	2546	1755	138	21	-1	
3	1	578	1	0	0	2546	1755	138	21	-1	
4	1	578	1	1	0	2546	1755	138	21	-1	
5	1	578	1	1	1	2546	1755	11	21	84.585983	$
5	1	578	1	1	2	2573	1756	111	18	94.290672	117,740.00
2	1	579	0	0	0	2751	1756	132	22	-1	
3	1	579	1	0	0	2751	1756	132	22	-1	
4	1	579	1	1	0	2751	1756	132	22	-1	
5	1	579	1	1	1	2751	1756	132	22	91.653763	4,969,436.00
2	1	580	0	0	0	308	1791	101	18	-1	
3	1	580	1	0	0	308	1791	101	18	-1	
4	1	580	1	1	0	308	1791	101	18	-1	
5	1	580	1	1	1	308	1791	63	18	95.781372	Lamar
5	1	580	1	1	2	380	1791	29	18	96.489151	HS
2	1	581	0	0	0	649	1791	37	18	-1	
3	1	581	1	0	0	649	1791	37	18	-1	
4	1	581	1	1	0	649	1791	37	18	-1	
5	1	581	1	1	1	649	1791	37	18	96.207726	008
2	1	582	0	0	0	789	1791	93	18	-1	
3	1	582	1	0	0	789	1791	93	18	-1	
4	1	582	1	1	0	789	1791	93	18	-1	
5	1	582	1	1	1	789	1791	93	18	92.282784	Non-NES
2	1	583	0	0	0	1001	1790	120	24	-1	
3	1	583	1	0	0	1001	1790	120	24	-1	
4	1	583	1	1	0	1001	1790	120	24	-1	
5	1	583	1	1	1	1001	1791	44	23	97.011002	High
5	1	583	1	1	2	1053	1790	68	19	96.501289	School
2	1	584	0	0	0	1165	1790	106	19	-1	
3	1	584	1	0	0	1165	1790	106	19	-1	
4	1	584	1	1	0	1165	1790	106	19	-1	
5	1	584	1	1	1	1165	1790	106	19	96.556190	CENTRAL
2	1	585	0	0	0	1308	1791	101	18	-1	
3	1	585	1	0	0	1308	1791	101	18	-1	
4	1	585	1	1	0	1308	1791	101	18	-1	
5	1	585	1	1	1	1308	1791	63	18	96.450127	Lamar
5	1	585	1	1	2	1380	1791	29	18	96.594498	HS
2	1	586	0	0	0	1694	1791	56	22	-1	
3	1	586	1	0	0	1694	1791	56	22	-1	
4	1	586	1	1	0	1694	1791	56	22	-1	
5	1	586	1	1	1	1694	1791	56	22	96.032173	2,797
2	1	587	0	0	0	1777	1790	172	23	-1	
3	1	587	1	0	0	1777	1790	172	23	-1	
4	1	587	1	1	0	1777	1790	172	23	-1	
5	1	587	1	1	1	1777	1790	11	21	58.489372	$
5	1	587	1	1	2	1806	1791	143	22	58.489372	16,549,494.00
2	1	588	0	0	0	1976	1790	11	21	-1	
3	1	588	1	0	0	1976	1790	11	21	-1	
4	1	588	1	1	0	1976	1790	11	21	-1	
5	1	588	1	1	1	1976	1790	11	21	52.101944	$
2	1	589	0	0	0	2038	1791	130	22	-1	
3	1	589	1	0	0	2038	1791	130	22	-1	
4	1	589	1	1	0	2038	1791	130	22	-1	
5	1	589	1	1	1	2038	1791	130	22	91.600182	1,171,207.00
2	1	590	0	0	0	2241	1791	113	22	-1	
3	1	590	1	0	0	2241	1791	113	22	-1	
4	1	590	1	1	0	2241	1791	113	22	-1	
5	1	590	1	1	1	2241	1791	113	22	96.224068	749,620.00
2	1	591	0	0	0	2380	1790	11	21	-1	
3	1	591	1	0	0	2380	1790	11	21	-1	
4	1	591	1	1	0	2380	1790	11	21	-1	
5	1	591	1	1	1	2380	1790	11	21	85.365646	$
2	1	592	0	0	0	2408	1791	111	22	-1	
3	1	592	1	0	0	2408	1791	111	22	-1	
4	1	592	1	1	0	2408	1791	111	22	-1	
5	1	592	1	1	1	2408	1791	111	22	96.602615	190,717.00
2	1	593	0	0	0	2546	1790	11	21	-1	
3	1	593	1	0	0	2546	1790	11	21	-1	
4	1	593	1	1	0	2546	1790	11	21	-1	
5	1	593	1	1	1	2546	1790	11	21	50.719246	$
2	1	594	0	0	0	2584	1791	100	18	-1	
3	1	594	1	0	0	2584	1791	100	18	-1	
4	1	594	1	1	0	2584	1791	100	18	-1	
5	1	594	1	1	1	2584	1791	100	18	95.852806	29,200.00
2	1	595	0	0	0	2711	1790	172	23	-1	
3	1	595	1	0	0	2711	1790	172	23	-1	
4	1	595	1	1	0	2711	1790	172	23	-1	
5	1	595	1	1	1	2711	1790	11	21	72.295509	$
5	1	595	1	1	2	2740	1791	143	22	72.295509	18,690,238.00
2	1	596	0	0	0	2956	1791	110	22	-1	
3	1	596	1	0	0	2956	1791	110	22	-1	
4	1	596	1	1	0	2956	1791	110	22	-1	
5	1	596	1	1	1	2956	1791	110	22	95.034882	488,166.81
2	1	597	0	0	0	308	1825	135	23	-1	
3	1	597	1	0	0	308	1825	135	23	-1	
4	1	597	1	1	0	308	1825	135	23	-1	
5	1	597	1	1	1	308	1826	65	22	93.177750	Lanier,
5	1	597	1	1	2	384	1826	18	18	93.177750	B.
5	1	597	1	1	3	411	1825	32	19	96.235466	MS
2	1	598	0	0	0	649	1826	37	18	-1	
3	1	598	1	0	0	649	1826	37	18	-1	
4	1	598	1	1	0	649	1826	37	18	-1	
5	1	598	1	1	1	649	1826	37	18	96.614632	057
2	1	599	0	0	0	789	1826	93	18	-1	
3	1	599	1	0	0	789	1826	93	18	-1	
4	1	599	1	1	0	789	1826	93	18	-1	
5	1	599	1	1	1	789	1826	93	18	92.209732	Non-NES
2	1	600	0	0	0	1000	1825	140	19	-1	
3	1	600	1	0	0	1000	1825	140	19	-1	
4	1	600	1	1	0	1000	1825	140	19	-1	
5	1	600	1	1	1	1000	1825	65	19	96.313484	Middle
5	1	600	1	1	2	1073	1825	67	19	96.580109	School
2	1	601	0	0	0	1165	1825	106	19	-1	
3	1	601	1	0	0	1165	1825	106	19	-1	
4	1	601	1	1	0	1165	1825	106	19	-1	
5	1	601	1	1	1	1165	1825	106	19	96.551971	CENTRAL
2	1	602	0	0	0	1308	1826	101	18	-1	
3	1	602	1	0	0	1308	1826	101	18	-1	
4	1	602	1	1	0	1308	1826	101	18	-1	
5	1	602	1	1	1	1308	1826	63	18	96.402817	Lamar
5	1	602	1	1	2	1380	1826	29	18	96.584290	HS
2	1	603	0	0	0	1696	1826	51	22	-1	
3	1	603	1	0	0	1696	1826	51	22	-1	
4	1	603	1	1	0	1696	1826	51	22	-1	
5	1	603	1	1	1	1696	1826	51	22	96.399460	1,481
2	1	604	0	0	0	1817	1826	132	22	-1	
3	1	604	1	0	0	1817	1826	132	22	-1	
4	1	604	1	1	0	1817	1826	132	22	-1	
5	1	604	1	1	1	1817	1826	132	22	91.868195	8,172,777.00
2	1	605	0	0	0	1976	1825	11	21	-1	
3	1	605	1	0	0	1976	1825	11	21	-1	
4	1	605	1	1	0	1976	1825	11	21	-1	
5	1	605	1	1	1	1976	1825	11	21	53.138386	$
2	1	606	0	0	0	2055	1826	113	21	-1	
3	1	606	1	0	0	2055	1826	113	21	-1	
4	1	606	1	1	0	2055	1826	113	21	-1	
5	1	606	1	1	1	2055	1826	113	21	96.897919	610,625.00
2	1	607	0	0	0	2241	1826	113	22	-1	
3	1	607	1	0	0	2241	1826	113	22	-1	
4	1	607	1	1	0	2241	1826	113	22	-1	
5	1	607	1	1	1	2241	1826	113	22	89.072540	313,783.00
2	1	608	0	0	0	2380	1825	11	21	-1	
3	1	608	1	0	0	2380	1825	11	21	-1	
4	1	608	1	1	0	2380	1825	11	21	-1	
5	1	608	1	1	1	2380	1825	11	21	85.365646	$
2	1	609	0	0	0	2419	1826	100	22	-1	
3	1	609	1	0	0	2419	1826	100	22	-1	
4	1	609	1	1	0	2419	1826	100	22	-1	
5	1	609	1	1	1	2419	1826	100	22	96.865074	43,750.00
2	1	610	0	0	0	2546	1825	138	21	-1	
3	1	610	1	0	0	2546	1825	138	21	-1	
4	1	610	1	1	0	2546	1825	138	21	-1	
5	1	610	1	1	1	2546	1825	11	21	89.665993	$
5	1	610	1	1	2	2573	1826	111	18	95.240036	109,810.00
2	1	611	0	0	0	2751	1826	132	22	-1	
3	1	611	1	0	0	2751	1826	132	22	-1	
4	1	611	1	1	0	2751	1826	132	22	-1	
5	1	611	1	1	1	2751	1826	132	22	92.203583	9,250,745.00
2	1	612	0	0	0	3037	1836	6	2	-1	
3	1	612	1	0	0	3037	1836	6	2	-1	
4	1	612	1	1	0	3037	1836	6	2	-1	
5	1	612	1	1	1	3037	1836	6	2	65.797829	-
2	1	613	0	0	0	650	1861	36	18	-1	
3	1	613	1	0	0	650	1861	36	18	-1	
4	1	613	1	1	0	650	1861	36	18	-1	
5	1	613	1	1	1	650	1861	36	18	96.454292	192
2	1	614	0	0	0	789	1861	93	18	-1	
3	1	614	1	0	0	789	1861	93	18	-1	
4	1	614	1	1	0	789	1861	93	18	-1	
5	1	614	1	1	1	789	1861	93	18	90.988258	Non-NES
2	1	615	0	0	0	1165	1860	107	19	-1	
3	1	615	1	0	0	1165	1860	107	19	-1	
4	1	615	1	1	0	1165	1860	107	19	-1	
5	1	615	1	1	1	1165	1860	107	19	96.550995	CENTRAL
2	1	616	0	0	0	1305	1860	101	19	-1	
3	1	616	1	0	0	1305	1860	101	19	-1	
4	1	616	1	1	0	1305	1860	101	19	-1	
5	1	616	1	1	1	1305	1861	63	18	81.426918	Austin
5	1	616	1	1	2	1377	1860	29	19	95.610153	HS
2	1	617	0	0	0	1714	1861	36	18	-1	
3	1	617	1	0	0	1714	1861	36	18	-1	
4	1	617	1	1	0	1714	1861	36	18	-1	
5	1	617	1	1	1	1714	1861	36	18	96.296112	355
2	1	618	0	0	0	1819	1861	130	22	-1	
3	1	618	1	0	0	1819	1861	130	22	-1	
4	1	618	1	1	0	1819	1861	130	22	-1	
5	1	618	1	1	1	1819	1861	130	22	92.571083	1,928,990.00
2	1	619	0	0	0	1976	1860	11	21	-1	
3	1	619	1	0	0	1976	1860	11	21	-1	
4	1	619	1	1	0	1976	1860	11	21	-1	
5	1	619	1	1	1	1976	1860	11	21	53.138386	$
2	1	620	0	0	0	2055	1861	113	21	-1	
3	1	620	1	0	0	2055	1861	113	21	-1	
4	1	620	1	1	0	2055	1861	113	21	-1	
5	1	620	1	1	1	2055	1861	113	21	96.815315	229,005.00
2	1	621	0	0	0	2254	1861	100	22	-1	
3	1	621	1	0	0	2254	1861	100	22	-1	
4	1	621	1	1	0	2254	1861	100	22	-1	
5	1	621	1	1	1	2254	1861	100	22	96.640976	30,201.00
2	1	622	0	0	0	2431	1861	88	21	-1	
3	1	622	1	0	0	2431	1861	88	21	-1	
4	1	622	1	1	0	2431	1861	88	21	-1	
5	1	622	1	1	1	2431	1861	88	21	95.947052	4,005.00
2	1	623	0	0	0	2597	1861	87	18	-1	
3	1	623	1	0	0	2597	1861	87	18	-1	
4	1	623	1	1	0	2597	1861	87	18	-1	
5	1	623	1	1	1	2597	1861	87	18	96.840973	3,550.00
2	1	624	0	0	0	2751	1861	132	22	-1	
3	1	624	1	0	0	2751	1861	132	22	-1	
4	1	624	1	1	0	2751	1861	132	22	-1	
5	1	624	1	1	1	2751	1861	132	22	91.779831	2,195,751.00
2	1	625	0	0	0	2958	1861	111	22	-1	
3	1	625	1	0	0	2958	1861	111	22	-1	
4	1	625	1	1	0	2958	1861	111	22	-1	
5	1	625	1	1	1	2958	1861	111	22	96.660950	115,016.16
2	1	626	0	0	0	308	1860	103	24	-1	
3	1	626	1	0	0	308	1860	103	24	-1	
4	1	626	1	1	0	308	1860	103	24	-1	
5	1	626	1	1	1	308	1861	66	23	91.539093	Lantrip
5	1	626	1	1	2	384	1860	27	19	96.970619	ES
2	1	627	0	0	0	1001	1860	113	24	-1	
3	1	627	1	0	0	1001	1860	113	24	-1	
4	1	627	1	1	0	1001	1860	113	24	-1	
5	1	627	1	1	1	1001	1860	113	24	96.671684	Elementary
2	1	628	0	0	0	308	1896	178	18	-1	
3	1	628	1	0	0	308	1896	178	18	-1	
4	1	628	1	1	0	308	1896	178	18	-1	
5	1	628	1	1	1	308	1896	33	18	96.279182	Las
5	1	628	1	1	2	349	1896	95	18	96.236877	Americas
5	1	628	1	1	3	454	1896	32	18	96.527794	MS
2	1	629	0	0	0	649	1896	36	18	-1	
3	1	629	1	0	0	649	1896	36	18	-1	
4	1	629	1	1	0	649	1896	36	18	-1	
5	1	629	1	1	1	649	1896	36	18	96.631355	340
2	1	630	0	0	0	789	1895	43	19	-1	
3	1	630	1	0	0	789	1895	43	19	-1	
4	1	630	1	1	0	789	1895	43	19	-1	
5	1	630	1	1	1	789	1895	43	19	96.336632	NES
2	1	631	0	0	0	1000	1895	141	19	-1	
3	1	631	1	0	0	1000	1895	141	19	-1	
4	1	631	1	1	0	1000	1895	141	19	-1	
5	1	631	1	1	1	1000	1896	65	18	96.541595	Middle
5	1	631	1	1	2	1073	1895	68	19	96.775917	School
2	1	632	0	0	0	1165	1895	67	19	-1	
3	1	632	1	0	0	1165	1895	67	19	-1	
4	1	632	1	1	0	1165	1895	67	19	-1	
5	1	632	1	1	1	1165	1895	67	19	95.766800	WEST
2	1	633	0	0	0	1307	1895	156	24	-1	
3	1	633	1	0	0	1307	1895	156	24	-1	
4	1	633	1	1	0	1307	1895	156	24	-1	
5	1	633	1	1	1	1307	1895	118	24	95.991379	Sharpstown
5	1	633	1	1	2	1435	1895	28	19	96.130943	HS
2	1	634	0	0	0	1727	1896	23	18	-1	
3	1	634	1	0	0	1727	1896	23	18	-1	
4	1	634	1	1	0	1727	1896	23	18	-1	
5	1	634	1	1	1	1727	1896	23	18	95.646149	98
2	1	635	0	0	0	1819	1896	130	22	-1	
3	1	635	1	0	0	1819	1896	130	22	-1	
4	1	635	1	1	0	1819	1896	130	22	-1	
5	1	635	1	1	1	1819	1896	130	22	91.889793	1,867,834.00
2	1	636	0	0	0	1976	1895	11	21	-1	
3	1	636	1	0	0	1976	1895	11	21	-1	
4	1	636	1	1	0	1976	1895	11	21	-1	
5	1	636	1	1	1	1976	1895	11	21	53.138386	$
2	1	637	0	0	0	2068	1896	100	21	-1	
3	1	637	1	0	0	2068	1896	100	21	-1	
4	1	637	1	1	0	2068	1896	100	21	-1	
5	1	637	1	1	1	2068	1896	100	21	96.816238	48,768.00
2	1	638	0	0	0	2254	1896	100	22	-1	
3	1	638	1	0	0	2254	1896	100	22	-1	
4	1	638	1	1	0	2254	1896	100	22	-1	
5	1	638	1	1	1	2254	1896	100	22	96.840454	34,360.00
2	1	639	0	0	0	2431	1896	88	21	-1	
3	1	639	1	0	0	2431	1896	88	21	-1	
4	1	639	1	1	0	2431	1896	88	21	-1	
5	1	639	1	1	1	2431	1896	88	21	96.558746	2,000.00
2	1	640	0	0	0	2652	1906	7	2	-1	
3	1	640	1	0	0	2652	1906	7	2	-1	
4	1	640	1	1	0	2652	1906	7	2	-1	
5	1	640	1	1	1	2652	1906	7	2	52.294125	-
2	1	641	0	0	0	2753	1896	130	22	-1	
3	1	641	1	0	0	2753	1896	130	22	-1	
4	1	641	1	1	0	2753	1896	130	22	-1	
5	1	641	1	1	1	2753	1896	130	22	86.625008	1,952,962.00
2	1	642	0	0	0	2968	1896	101	22	-1	
3	1	642	1	0	0	2968	1896	101	22	-1	
4	1	642	1	1	0	2968	1896	101	22	-1	
5	1	642	1	1	1	2968	1896	101	22	94.735703	42,277.55
2	1	643	0	0	0	308	1930	146	19	-1	
3	1	643	1	0	0	308	1930	146	19	-1	
4	1	643	1	1	0	308	1930	146	19	-1	
5	1	643	1	1	1	308	1931	91	18	92.264313	Laurenzo
5	1	643	1	1	2	409	1930	45	19	97.013794	ECC
2	1	644	0	0	0	649	1931	37	18	-1	
3	1	644	1	0	0	649	1931	37	18	-1	
4	1	644	1	1	0	649	1931	37	18	-1	
5	1	644	1	1	1	649	1931	37	18	72.221954	357
2	1	645	0	0	0	789	1931	93	18	-1	
3	1	645	1	0	0	789	1931	93	18	-1	
4	1	645	1	1	0	789	1931	93	18	-1	
5	1	645	1	1	1	789	1931	93	18	91.710670	Non-NES
2	1	646	0	0	0	1165	1930	107	19	-1	
3	1	646	1	0	0	1165	1930	107	19	-1	
4	1	646	1	1	0	1165	1930	107	19	-1	
5	1	646	1	1	1	1165	1930	107	19	96.563843	CENTRAL
2	1	647	0	0	0	1305	1930	101	19	-1	
3	1	647	1	0	0	1305	1930	101	19	-1	
4	1	647	1	1	0	1305	1930	101	19	-1	
5	1	647	1	1	1	1305	1931	63	18	81.504974	Austin
5	1	647	1	1	2	1377	1930	29	19	95.430916	HS
2	1	648	0	0	0	1714	1931	36	18	-1	
3	1	648	1	0	0	1714	1931	36	18	-1	
4	1	648	1	1	0	1714	1931	36	18	-1	
5	1	648	1	1	1	1714	1931	36	18	96.957870	306
2	1	649	0	0	0	2057	1931	111	21	-1	
3	1	649	1	0	0	2057	1931	111	21	-1	
4	1	649	1	1	0	2057	1931	111	21	-1	
5	1	649	1	1	1	2057	1931	111	21	96.104729	123,696.00
2	1	650	0	0	0	2597	1931	87	21	-1	
3	1	650	1	0	0	2597	1931	87	21	-1	
4	1	650	1	1	0	2597	1931	87	21	-1	
5	1	650	1	1	1	2597	1931	87	21	96.704720	3,060.00
2	1	651	0	0	0	1001	1931	113	23	-1	
3	1	651	1	0	0	1001	1931	113	23	-1	
4	1	651	1	1	0	1001	1931	113	23	-1	
5	1	651	1	1	1	1001	1931	113	23	96.246475	Elementary
2	1	652	0	0	0	1817	1931	132	22	-1	
3	1	652	1	0	0	1817	1931	132	22	-1	
4	1	652	1	1	0	1817	1931	132	22	-1	
5	1	652	1	1	1	1817	1931	132	22	92.858543	2,184,005.00
2	1	653	0	0	0	2241	1931	113	22	-1	
3	1	653	1	0	0	2241	1931	113	22	-1	
4	1	653	1	1	0	2241	1931	113	22	-1	
5	1	653	1	1	1	2241	1931	113	22	96.682510	510,983.00
2	1	654	0	0	0	2433	1931	86	22	-1	
3	1	654	1	0	0	2433	1931	86	22	-1	
4	1	654	1	1	0	2433	1931	86	22	-1	
5	1	654	1	1	1	2433	1931	86	22	96.505424	1,500.00
2	1	655	0	0	0	2751	1931	132	22	-1	
3	1	655	1	0	0	2751	1931	132	22	-1	
4	1	655	1	1	0	2751	1931	132	22	-1	
5	1	655	1	1	1	2751	1931	132	22	91.308319	2,823,244.00
2	1	656	0	0	0	2969	1931	99	22	-1	
3	1	656	1	0	0	2969	1931	99	22	-1	
4	1	656	1	1	0	2969	1931	99	22	-1	
5	1	656	1	1	1	2969	1931	99	22	96.641304	83,305.95
2	1	657	0	0	0	308	1965	199	19	-1	
3	1	657	1	0	0	308	1965	199	19	-1	
4	1	657	1	1	0	308	1965	199	19	-1	
5	1	657	1	1	1	308	1966	40	18	96.971558	Law
5	1	657	1	1	2	355	1966	35	18	96.980865	and
5	1	657	1	1	3	399	1966	70	18	96.646172	Justice
5	1	657	1	1	4	478	1965	29	19	96.790009	HS
2	1	658	0	0	0	649	1966	37	18	-1	
3	1	658	1	0	0	649	1966	37	18	-1	
4	1	658	1	1	0	649	1966	37	18	-1	
5	1	658	1	1	1	649	1966	37	18	96.735252	034
2	1	659	0	0	0	788	1966	94	18	-1	
3	1	659	1	0	0	788	1966	94	18	-1	
4	1	659	1	1	0	788	1966	94	18	-1	
5	1	659	1	1	1	788	1966	94	18	91.459290	Non-NES
2	1	660	0	0	0	1001	1965	120	24	-1	
3	1	660	1	0	0	1001	1965	120	24	-1	
4	1	660	1	1	0	1001	1965	120	24	-1	
5	1	660	1	1	1	1001	1966	44	23	97.008446	High
5	1	660	1	1	2	1053	1965	68	19	96.717819	School
2	1	661	0	0	0	1165	1965	107	19	-1	
3	1	661	1	0	0	1165	1965	107	19	-1	
4	1	661	1	1	0	1165	1965	107	19	-1	
5	1	661	1	1	1	1165	1965	107	19	96.504875	CENTRAL
2	1	662	0	0	0	1305	1965	101	19	-1	
3	1	662	1	0	0	1305	1965	101	19	-1	
4	1	662	1	1	0	1305	1965	101	19	-1	
5	1	662	1	1	1	1305	1966	63	18	81.155533	Austin
5	1	662	1	1	2	1377	1965	29	19	95.401375	HS
2	1	663	0	0	0	1714	1966	36	18	-1	
3	1	663	1	0	0	1714	1966	36	18	-1	
4	1	663	1	1	0	1714	1966	36	18	-1	
5	1	663	1	1	1	1714	1966	36	18	96.783607	370
2	1	664	0	0	0	1817	1966	132	22	-1	
3	1	664	1	0	0	1817	1966	132	22	-1	
4	1	664	1	1	0	1817	1966	132	22	-1	
5	1	664	1	1	1	1817	1966	132	22	91.642265	2,906,261.00
2	1	665	0	0	0	2057	1966	111	21	-1	
3	1	665	1	0	0	2057	1966	111	21	-1	
4	1	665	1	1	0	2057	1966	111	21	-1	
5	1	665	1	1	1	2057	1966	111	21	96.279617	182,002.00
2	1	666	0	0	0	2243	1966	111	22	-1	
3	1	666	1	0	0	2243	1966	111	22	-1	
4	1	666	1	1	0	2243	1966	111	22	-1	
5	1	666	1	1	1	2243	1966	111	22	96.851044	176,150.00
2	1	667	0	0	0	2433	1966	86	22	-1	
3	1	667	1	0	0	2433	1966	86	22	-1	
4	1	667	1	1	0	2433	1966	86	22	-1	
5	1	667	1	1	1	2433	1966	86	22	96.651611	1,000.00
2	1	668	0	0	0	2597	1966	87	21	-1	
3	1	668	1	0	0	2597	1966	87	21	-1	
4	1	668	1	1	0	2597	1966	87	21	-1	
5	1	668	1	1	1	2597	1966	87	21	96.920601	3,950.00
2	1	669	0	0	0	2751	1966	132	22	-1	
3	1	669	1	0	0	2751	1966	132	22	-1	
4	1	669	1	1	0	2751	1966	132	22	-1	
5	1	669	1	1	1	2751	1966	132	22	92.286850	3,269,363.00
2	1	670	0	0	0	2958	1966	111	22	-1	
3	1	670	1	0	0	2958	1966	111	22	-1	
4	1	670	1	1	0	2958	1966	111	22	-1	
5	1	670	1	1	1	2958	1966	111	22	96.863663	120,476.89
2	1	671	0	0	0	308	2000	75	19	-1	
3	1	671	1	0	0	308	2000	75	19	-1	
4	1	671	1	1	0	308	2000	75	19	-1	
5	1	671	1	1	1	308	2001	40	18	96.750092	Law
5	1	671	1	1	2	356	2000	27	19	96.810608	ES
2	1	672	0	0	0	649	2001	37	18	-1	
3	1	672	1	0	0	649	2001	37	18	-1	
4	1	672	1	1	0	649	2001	37	18	-1	
5	1	672	1	1	1	649	2001	37	18	96.820801	263
2	1	673	0	0	0	788	2001	94	18	-1	
3	1	673	1	0	0	788	2001	94	18	-1	
4	1	673	1	1	0	788	2001	94	18	-1	
5	1	673	1	1	1	788	2001	94	18	91.669281	Non-NES
2	1	674	0	0	0	1165	2000	78	19	-1	
3	1	674	1	0	0	1165	2000	78	19	-1	
4	1	674	1	1	0	1165	2000	78	19	-1	
5	1	674	1	1	1	1165	2000	78	19	96.172653	SOUTH
2	1	675	0	0	0	1714	2001	36	18	-1	
3	1	675	1	0	0	1714	2001	36	18	-1	
4	1	675	1	1	0	1714	2001	36	18	-1	
5	1	675	1	1	1	1714	2001	36	18	95.279243	393
2	1	676	0	0	0	1001	2001	113	23	-1	
3	1	676	1	0	0	1001	2001	113	23	-1	
4	1	676	1	1	0	1001	2001	113	23	-1	
5	1	676	1	1	1	1001	2001	113	23	96.113297	Elementary
2	1	677	0	0	0	1306	2000	129	24	-1	
3	1	677	1	0	0	1306	2000	129	24	-1	
4	1	677	1	1	0	1306	2000	129	24	-1	
5	1	677	1	1	1	1306	2001	91	23	93.990921	Worthing
5	1	677	1	1	2	1407	2000	28	19	96.008362	HS
2	1	678	0	0	0	1817	2001	132	22	-1	
3	1	678	1	0	0	1817	2001	132	22	-1	
4	1	678	1	1	0	1817	2001	132	22	-1	
5	1	678	1	1	1	1817	2001	132	22	92.615097	2,473,350.00
2	1	679	0	0	0	2057	2001	111	21	-1	
3	1	679	1	0	0	2057	2001	111	21	-1	
4	1	679	1	1	0	2057	2001	111	21	-1	
5	1	679	1	1	1	2057	2001	111	21	96.511803	158,637.00
2	1	680	0	0	0	2254	2001	100	22	-1	
3	1	680	1	0	0	2254	2001	100	22	-1	
4	1	680	1	1	0	2254	2001	100	22	-1	
5	1	680	1	1	1	2254	2001	100	22	96.114464	84,442.00
2	1	681	0	0	0	2433	2001	86	22	-1	
3	1	681	1	0	0	2433	2001	86	22	-1	
4	1	681	1	1	0	2433	2001	86	22	-1	
5	1	681	1	1	1	2433	2001	86	22	95.986542	1,500.00
2	1	682	0	0	0	2597	2001	87	21	-1	
3	1	682	1	0	0	2597	2001	87	21	-1	
4	1	682	1	1	0	2597	2001	87	21	-1	
5	1	682	1	1	1	2597	2001	87	21	96.944374	3,930.00
2	1	683	0	0	0	2751	2001	132	22	-1	
3	1	683	1	0	0	2751	2001	132	22	-1	
4	1	683	1	1	0	2751	2001	132	22	-1	
5	1	683	1	1	1	2751	2001	132	22	92.077789	2,721,859.00
2	1	684	0	0	0	2958	2001	111	22	-1	
3	1	684	1	0	0	2958	2001	111	22	-1	
4	1	684	1	1	0	2958	2001	111	22	-1	
5	1	684	1	1	1	2958	2001	111	22	96.053398	157,873.57
2	1	685	0	0	0	308	2036	174	22	-1	
3	1	685	1	0	0	308	2036	174	22	-1	
4	1	685	1	1	0	308	2036	174	22	-1	
5	1	685	1	1	1	308	2036	80	22	93.107758	Lawson,
5	1	685	1	1	2	397	2036	43	18	90.947441	A.H.
5	1	685	1	1	3	450	2036	32	18	96.962730	MS
2	1	686	0	0	0	649	2036	36	18	-1	
3	1	686	1	0	0	649	2036	36	18	-1	
4	1	686	1	1	0	649	2036	36	18	-1	
5	1	686	1	1	1	649	2036	36	18	96.162827	075
2	1	687	0	0	0	788	2035	44	19	-1	
3	1	687	1	0	0	788	2035	44	19	-1	
4	1	687	1	1	0	788	2035	44	19	-1	
5	1	687	1	1	1	788	2035	44	19	95.104759	NES
2	1	688	0	0	0	1000	2035	141	19	-1	
3	1	688	1	0	0	1000	2035	141	19	-1	
4	1	688	1	1	0	1000	2035	141	19	-1	
5	1	688	1	1	1	1000	2036	65	18	96.451340	Middle
5	1	688	1	1	2	1073	2035	68	19	96.671906	School
2	1	689	0	0	0	1165	2035	78	19	-1	
3	1	689	1	0	0	1165	2035	78	19	-1	
4	1	689	1	1	0	1165	2035	78	19	-1	
5	1	689	1	1	1	1165	2035	78	19	95.885208	SOUTH
2	1	690	0	0	0	1307	2036	122	18	-1	
3	1	690	1	0	0	1307	2036	122	18	-1	
4	1	690	1	1	0	1307	2036	122	18	-1	
5	1	690	1	1	1	1307	2036	84	18	96.612396	Madison
5	1	690	1	1	2	1400	2036	29	18	96.262718	HS
2	1	691	0	0	0	1714	2036	33	18	-1	
3	1	691	1	0	0	1714	2036	33	18	-1	
4	1	691	1	1	0	1714	2036	33	18	-1	
5	1	691	1	1	1	1714	2036	33	18	96.561363	981
2	1	692	0	0	0	1817	2036	132	22	-1	
3	1	692	1	0	0	1817	2036	132	22	-1	
4	1	692	1	1	0	1817	2036	132	22	-1	
5	1	692	1	1	1	1817	2036	132	22	92.255775	8,774,723.00
2	1	693	0	0	0	2055	2036	113	21	-1	
3	1	693	1	0	0	2055	2036	113	21	-1	
4	1	693	1	1	0	2055	2036	113	21	-1	
5	1	693	1	1	1	2055	2036	113	21	96.379204	693,141.00
2	1	694	0	0	0	2241	2036	113	22	-1	
3	1	694	1	0	0	2241	2036	113	22	-1	
4	1	694	1	1	0	2241	2036	113	22	-1	
5	1	694	1	1	1	2241	2036	113	22	96.595505	340,620.00
2	1	695	0	0	0	2432	2036	87	22	-1	
3	1	695	1	0	0	2432	2036	87	22	-1	
4	1	695	1	1	0	2432	2036	87	22	-1	
5	1	695	1	1	1	2432	2036	87	22	96.729729	3,700.00
2	1	696	0	0	0	2652	2046	7	3	-1	
3	1	696	1	0	0	2652	2046	7	3	-1	
4	1	696	1	1	0	2652	2046	7	3	-1	
5	1	696	1	1	1	2652	2046	7	3	87.519112	-
2	1	697	0	0	0	2752	2036	131	22	-1	
3	1	697	1	0	0	2752	2036	131	22	-1	
4	1	697	1	1	0	2752	2036	131	22	-1	
5	1	697	1	1	1	2752	2036	131	22	84.564270	9,812,184.00
2	1	698	0	0	0	2956	2036	113	22	-1	
3	1	698	1	0	0	2956	2036	113	22	-1	
4	1	698	1	1	0	2956	2036	113	22	-1	
5	1	698	1	1	1	2956	2036	113	22	95.794754	380,148.64
2	1	699	0	0	0	308	2071	92	18	-1	
3	1	699	1	0	0	308	2071	92	18	-1	
4	1	699	1	1	0	308	2071	92	18	-1	
5	1	699	1	1	1	308	2071	54	18	96.632576	Lewis
5	1	699	1	1	2	373	2071	27	18	96.130608	ES
2	1	700	0	0	0	650	2071	36	18	-1	
3	1	700	1	0	0	650	2071	36	18	-1	
4	1	700	1	1	0	650	2071	36	18	-1	
5	1	700	1	1	1	650	2071	36	18	96.876549	194
2	1	701	0	0	0	789	2070	43	19	-1	
3	1	701	1	0	0	789	2070	43	19	-1	
4	1	701	1	1	0	789	2070	43	19	-1	
5	1	701	1	1	1	789	2070	43	19	96.247635	NES
2	1	702	0	0	0	1165	2070	78	19	-1	
3	1	702	1	0	0	1165	2070	78	19	-1	
4	1	702	1	1	0	1165	2070	78	19	-1	
5	1	702	1	1	1	1165	2070	78	19	96.172653	SOUTH
2	1	703	0	0	0	1307	2070	113	19	-1	
3	1	703	1	0	0	1307	2070	113	19	-1	
4	1	703	1	1	0	1307	2070	113	19	-1	
5	1	703	1	1	1	1307	2070	76	19	96.265030	Chavez
5	1	703	1	1	2	1392	2071	28	18	95.806946	HS
2	1	704	0	0	0	1714	2071	36	18	-1	
3	1	704	1	0	0	1714	2071	36	18	-1	
4	1	704	1	1	0	1714	2071	36	18	-1	
5	1	704	1	1	1	1714	2071	36	18	96.884857	598
2	1	705	0	0	0	2652	2081	7	3	-1	
3	1	705	1	0	0	2652	2081	7	3	-1	
4	1	705	1	1	0	2652	2081	7	3	-1	
5	1	705	1	1	1	2652	2081	7	3	87.519112	-
2	1	706	0	0	0	1001	2071	113	23	-1	
3	1	706	1	0	0	1001	2071	113	23	-1	
4	1	706	1	1	0	1001	2071	113	23	-1	
5	1	706	1	1	1	1001	2071	113	23	96.306023	Elementary
2	1	707	0	0	0	1817	2071	132	22	-1	
3	1	707	1	0	0	1817	2071	132	22	-1	
4	1	707	1	1	0	1817	2071	132	22	-1	
5	1	707	1	1	1	1817	2071	132	22	91.740417	4,300,239.00
2	1	708	0	0	0	2055	2071	113	21	-1	
3	1	708	1	0	0	2055	2071	113	21	-1	
4	1	708	1	1	0	2055	2071	113	21	-1	
5	1	708	1	1	1	2055	2071	113	21	95.471130	277,497.00
2	1	709	0	0	0	2241	2071	113	22	-1	
3	1	709	1	0	0	2241	2071	113	22	-1	
4	1	709	1	1	0	2241	2071	113	22	-1	
5	1	709	1	1	1	2241	2071	113	22	96.580109	202,800.00
2	1	710	0	0	0	2431	2071	88	22	-1	
3	1	710	1	0	0	2431	2071	88	22	-1	
4	1	710	1	1	0	2431	2071	88	22	-1	
5	1	710	1	1	1	2431	2071	88	22	96.604683	2,000.00
2	1	711	0	0	0	2751	2071	132	22	-1	
3	1	711	1	0	0	2751	2071	132	22	-1	
4	1	711	1	1	0	2751	2071	132	22	-1	
5	1	711	1	1	1	2751	2071	132	22	92.401566	4,782,536.00
2	1	712	0	0	0	2956	2071	113	22	-1	
3	1	712	1	0	0	2956	2071	113	22	-1	
4	1	712	1	1	0	2956	2071	113	22	-1	
5	1	712	1	1	1	2956	2071	113	22	96.863312	261,358.44
2	1	713	0	0	0	308	2105	103	24	-1	
3	1	713	1	0	0	308	2105	103	24	-1	
4	1	713	1	1	0	308	2105	103	24	-1	
5	1	713	1	1	1	308	2106	66	23	96.464188	Liberty
5	1	713	1	1	2	383	2105	28	19	96.478500	HS
2	1	714	0	0	0	649	2106	37	18	-1	
3	1	714	1	0	0	649	2106	37	18	-1	
4	1	714	1	1	0	649	2106	37	18	-1	
5	1	714	1	1	1	649	2106	37	18	96.797417	324
2	1	715	0	0	0	789	2106	93	18	-1	
3	1	715	1	0	0	789	2106	93	18	-1	
4	1	715	1	1	0	789	2106	93	18	-1	
5	1	715	1	1	1	789	2106	93	18	92.376755	Non-NES
2	1	716	0	0	0	1001	2105	120	24	-1	
3	1	716	1	0	0	1001	2105	120	24	-1	
4	1	716	1	1	0	1001	2105	120	24	-1	
5	1	716	1	1	1	1001	2106	44	23	97.013565	High
5	1	716	1	1	2	1053	2105	68	19	96.492943	School
2	1	717	0	0	0	1165	2105	67	19	-1	
3	1	717	1	0	0	1165	2105	67	19	-1	
4	1	717	1	1	0	1165	2105	67	19	-1	
5	1	717	1	1	1	1165	2105	67	19	95.469254	WEST
2	1	718	0	0	0	1308	2106	111	18	-1	
3	1	718	1	0	0	1308	2106	111	18	-1	
4	1	718	1	1	0	1308	2106	111	18	-1	
5	1	718	1	1	1	1308	2106	73	18	95.902908	Bellaire
5	1	718	1	1	2	1390	2106	29	18	96.219650	HS
2	1	719	0	0	0	1714	2106	36	18	-1	
3	1	719	1	0	0	1714	2106	36	18	-1	
4	1	719	1	1	0	1714	2106	36	18	-1	
5	1	719	1	1	1	1714	2106	36	18	96.938919	352
2	1	720	0	0	0	1819	2106	130	22	-1	
3	1	720	1	0	0	1819	2106	130	22	-1	
4	1	720	1	1	0	1819	2106	130	22	-1	
5	1	720	1	1	1	1819	2106	130	22	92.604469	1,880,585.00
2	1	721	0	0	0	2055	2106	113	21	-1	
3	1	721	1	0	0	2055	2106	113	21	-1	
4	1	721	1	1	0	2055	2106	113	21	-1	
5	1	721	1	1	1	2055	2106	113	21	96.448395	476,355.00
2	1	722	0	0	0	2243	2106	111	22	-1	
3	1	722	1	0	0	2243	2106	111	22	-1	
4	1	722	1	1	0	2243	2106	111	22	-1	
5	1	722	1	1	1	2243	2106	111	22	96.198509	153,877.00
2	1	723	0	0	0	2432	2106	87	22	-1	
3	1	723	1	0	0	2432	2106	87	22	-1	
4	1	723	1	1	0	2432	2106	87	22	-1	
5	1	723	1	1	1	2432	2106	87	22	96.671471	7,000.00
2	1	724	0	0	0	2597	2106	87	18	-1	
3	1	724	1	0	0	2597	2106	87	18	-1	
4	1	724	1	1	0	2597	2106	87	18	-1	
5	1	724	1	1	1	2597	2106	87	18	96.882996	3,520.00
2	1	725	0	0	0	2751	2106	132	22	-1	
3	1	725	1	0	0	2751	2106	132	22	-1	
4	1	725	1	1	0	2751	2106	132	22	-1	
5	1	725	1	1	1	2751	2106	132	22	92.427605	2,521,337.00
2	1	726	0	0	0	2958	2106	110	22	-1	
3	1	726	1	0	0	2958	2106	110	22	-1	
4	1	726	1	1	0	2958	2106	110	22	-1	
5	1	726	1	1	1	2958	2106	110	22	94.940292	137,022.62
2	1	727	0	0	0	308	2140	122	19	-1	
3	1	727	1	0	0	308	2140	122	19	-1	
4	1	727	1	1	0	308	2140	122	19	-1	
5	1	727	1	1	1	308	2141	86	18	96.603905	Lockhart
5	1	727	1	1	2	403	2140	27	19	96.754051	ES
2	1	728	0	0	0	650	2141	35	18	-1	
3	1	728	1	0	0	650	2141	35	18	-1	
4	1	728	1	1	0	650	2141	35	18	-1	
5	1	728	1	1	1	650	2141	35	18	94.490067	195
2	1	729	0	0	0	788	2140	44	19	-1	
3	1	729	1	0	0	788	2140	44	19	-1	
4	1	729	1	1	0	788	2140	44	19	-1	
5	1	729	1	1	1	788	2140	44	19	96.279938	NES
2	1	730	0	0	0	1165	2140	78	19	-1	
3	1	730	1	0	0	1165	2140	78	19	-1	
4	1	730	1	1	0	1165	2140	78	19	-1	
5	1	730	1	1	1	1165	2140	78	19	96.227371	SOUTH
2	1	731	0	0	0	1306	2140	96	19	-1	
3	1	731	1	0	0	1306	2140	96	19	-1	
4	1	731	1	1	0	1306	2140	96	19	-1	
5	1	731	1	1	1	1306	2141	57	18	96.002365	Yates
5	1	731	1	1	2	1374	2140	28	19	96.372375	HS
2	1	732	0	0	0	1714	2141	36	18	-1	
3	1	732	1	0	0	1714	2141	36	18	-1	
4	1	732	1	1	0	1714	2141	36	18	-1	
5	1	732	1	1	1	1714	2141	36	18	96.679329	275
2	1	733	0	0	0	2652	2151	7	3	-1	
3	1	733	1	0	0	2652	2151	7	3	-1	
4	1	733	1	1	0	2652	2151	7	3	-1	
5	1	733	1	1	1	2652	2151	7	3	87.519112	-
2	1	734	0	0	0	1001	2141	113	23	-1	
3	1	734	1	0	0	1001	2141	113	23	-1	
4	1	734	1	1	0	1001	2141	113	23	-1	
5	1	734	1	1	1	1001	2141	113	23	96.259941	Elementary
2	1	735	0	0	0	1817	2141	132	22	-1	
3	1	735	1	0	0	1817	2141	132	22	-1	
4	1	735	1	1	0	1817	2141	132	22	-1	
5	1	735	1	1	1	1817	2141	132	22	92.087303	3,145,247.00
2	1	736	0	0	0	2057	2141	111	21	-1	
3	1	736	1	0	0	2057	2141	111	21	-1	
4	1	736	1	1	0	2057	2141	111	21	-1	
5	1	736	1	1	1	2057	2141	111	21	96.114471	158,924.00
2	1	737	0	0	0	2243	2141	111	22	-1	
3	1	737	1	0	0	2243	2141	111	22	-1	
4	1	737	1	1	0	2243	2141	111	22	-1	
5	1	737	1	1	1	2243	2141	111	22	94.582993	103,360.00
2	1	738	0	0	0	2431	2141	88	22	-1	
3	1	738	1	0	0	2431	2141	88	22	-1	
4	1	738	1	1	0	2431	2141	88	22	-1	
5	1	738	1	1	1	2431	2141	88	22	96.525818	2,000.00
2	1	739	0	0	0	2751	2141	132	22	-1	
3	1	739	1	0	0	2751	2141	132	22	-1	
4	1	739	1	1	0	2751	2141	132	22	-1	
5	1	739	1	1	1	2751	2141	132	22	92.460831	3,409,531.00
2	1	740	0	0	0	2958	2141	110	22	-1	
3	1	740	1	0	0	2958	2141	110	22	-1	
4	1	740	1	1	0	2958	2141	110	22	-1	
5	1	740	1	1	1	2958	2141	110	22	96.719612	110,334.82
2	1	741	0	0	0	308	2176	151	23	-1	
3	1	741	1	0	0	308	2176	151	23	-1	
4	1	741	1	1	0	308	2176	151	23	-1	
5	1	741	1	1	1	308	2176	47	23	96.409050	Long
5	1	741	1	1	2	363	2176	96	23	96.448845	Academy
2	1	742	0	0	0	649	2176	36	18	-1	
3	1	742	1	0	0	649	2176	36	18	-1	
4	1	742	1	1	0	649	2176	36	18	-1	
5	1	742	1	1	1	649	2176	36	18	75.134384	059
2	1	743	0	0	0	788	2175	44	19	-1	
3	1	743	1	0	0	788	2175	44	19	-1	
4	1	743	1	1	0	788	2175	44	19	-1	
5	1	743	1	1	1	788	2175	44	19	95.274948	NES
2	1	744	0	0	0	1000	2175	141	19	-1	
3	1	744	1	0	0	1000	2175	141	19	-1	
4	1	744	1	1	0	1000	2175	141	19	-1	
5	1	744	1	1	1	1000	2176	65	18	96.516449	Middle
5	1	744	1	1	2	1073	2175	68	19	96.615265	School
2	1	745	0	0	0	1165	2175	67	19	-1	
3	1	745	1	0	0	1165	2175	67	19	-1	
4	1	745	1	1	0	1165	2175	67	19	-1	
5	1	745	1	1	1	1165	2175	67	19	95.663933	WEST
2	1	746	0	0	0	1307	2175	156	24	-1	
3	1	746	1	0	0	1307	2175	156	24	-1	
4	1	746	1	1	0	1307	2175	156	24	-1	
5	1	746	1	1	1	1307	2175	118	24	96.480911	Sharpstown
5	1	746	1	1	2	1435	2175	28	19	96.398361	HS
2	1	747	0	0	0	1714	2176	36	18	-1	
3	1	747	1	0	0	1714	2176	36	18	-1	
4	1	747	1	1	0	1714	2176	36	18	-1	
5	1	747	1	1	1	1714	2176	36	18	96.847710	650
2	1	748	0	0	0	1817	2176	132	22	-1	
3	1	748	1	0	0	1817	2176	132	22	-1	
4	1	748	1	1	0	1817	2176	132	22	-1	
5	1	748	1	1	1	1817	2176	132	22	92.463638	6,630,549.00
2	1	749	0	0	0	2055	2176	113	21	-1	
3	1	749	1	0	0	2055	2176	113	21	-1	
4	1	749	1	1	0	2055	2176	113	21	-1	
5	1	749	1	1	1	2055	2176	113	21	96.476967	632,984.00
2	1	750	0	0	0	2241	2176	113	22	-1	
3	1	750	1	0	0	2241	2176	113	22	-1	
4	1	750	1	1	0	2241	2176	113	22	-1	
5	1	750	1	1	1	2241	2176	113	22	96.267921	228,700.00
2	1	751	0	0	0	2432	2176	87	22	-1	
3	1	751	1	0	0	2432	2176	87	22	-1	
4	1	751	1	1	0	2432	2176	87	22	-1	
5	1	751	1	1	1	2432	2176	87	22	96.576004	5,000.00
2	1	752	0	0	0	2652	2186	7	3	-1	
3	1	752	1	0	0	2652	2186	7	3	-1	
4	1	752	1	1	0	2652	2186	7	3	-1	
5	1	752	1	1	1	2652	2186	7	3	87.519112	-
2	1	753	0	0	0	2751	2176	132	22	-1	
3	1	753	1	0	0	2751	2176	132	22	-1	
4	1	753	1	1	0	2751	2176	132	22	-1	
5	1	753	1	1	1	2751	2176	132	22	92.071594	7,497,233.00
2	1	754	0	0	0	2956	2176	112	22	-1	
3	1	754	1	0	0	2956	2176	112	22	-1	
4	1	754	1	1	0	2956	2176	112	22	-1	
5	1	754	1	1	1	2956	2176	112	22	96.886032	260,981.75
2	1	755	0	0	0	2652	2221	7	3	-1	
3	1	755	1	0	0	2652	2221	7	3	-1	
4	1	755	1	1	0	2652	2221	7	3	-1	
5	1	755	1	1	1	2652	2221	7	3	87.519112	-
2	1	756	0	0	0	308	2210	142	24	-1	
3	1	756	1	0	0	308	2210	142	24	-1	
4	1	756	1	1	0	308	2210	142	24	-1	
5	1	756	1	1	1	308	2211	107	23	96.571922	Longfellow
5	1	756	1	1	2	423	2210	27	19	96.731033	ES
2	1	757	0	0	0	650	2211	36	18	-1	
3	1	757	1	0	0	650	2211	36	18	-1	
4	1	757	1	1	0	650	2211	36	18	-1	
5	1	757	1	1	1	650	2211	36	18	96.929085	196
2	1	758	0	0	0	788	2210	44	19	-1	
3	1	758	1	0	0	788	2210	44	19	-1	
4	1	758	1	1	0	788	2210	44	19	-1	
5	1	758	1	1	1	788	2210	44	19	95.698257	NES
2	1	759	0	0	0	1001	2211	113	23	-1	
3	1	759	1	0	0	1001	2211	113	23	-1	
4	1	759	1	1	0	1001	2211	113	23	-1	
5	1	759	1	1	1	1001	2211	113	23	96.052078	Elementary
2	1	760	0	0	0	1165	2210	67	19	-1	
3	1	760	1	0	0	1165	2210	67	19	-1	
4	1	760	1	1	0	1165	2210	67	19	-1	
5	1	760	1	1	1	1165	2210	67	19	95.365646	WEST
2	1	761	0	0	0	1308	2211	111	18	-1	
3	1	761	1	0	0	1308	2211	111	18	-1	
4	1	761	1	1	0	1308	2211	111	18	-1	
5	1	761	1	1	1	1308	2211	73	18	96.413559	Bellaire
5	1	761	1	1	2	1390	2211	29	18	96.196716	HS
2	1	762	0	0	0	1714	2211	36	18	-1	
3	1	762	1	0	0	1714	2211	36	18	-1	
4	1	762	1	1	0	1714	2211	36	18	-1	
5	1	762	1	1	1	1714	2211	36	18	94.719620	524
2	1	763	0	0	0	1817	2211	132	22	-1	
3	1	763	1	0	0	1817	2211	132	22	-1	
4	1	763	1	1	0	1817	2211	132	22	-1	
5	1	763	1	1	1	1817	2211	132	22	92.853096	4,782,351.00
2	1	764	0	0	0	2055	2211	113	21	-1	
3	1	764	1	0	0	2055	2211	113	21	-1	
4	1	764	1	1	0	2055	2211	113	21	-1	
5	1	764	1	1	1	2055	2211	113	21	96.698517	222,001.00
2	1	765	0	0	0	2241	2211	113	22	-1	
3	1	765	1	0	0	2241	2211	113	22	-1	
4	1	765	1	1	0	2241	2211	113	22	-1	
5	1	765	1	1	1	2241	2211	113	22	96.564590	208,800.00
2	1	766	0	0	0	2431	2211	88	22	-1	
3	1	766	1	0	0	2431	2211	88	22	-1	
4	1	766	1	1	0	2431	2211	88	22	-1	
5	1	766	1	1	1	2431	2211	88	22	96.043381	2,000.00
2	1	767	0	0	0	2752	2211	131	22	-1	
3	1	767	1	0	0	2752	2211	131	22	-1	
4	1	767	1	1	0	2752	2211	131	22	-1	
5	1	767	1	1	1	2752	2211	131	22	92.551926	5,215,152.00
2	1	768	0	0	0	2958	2211	110	22	-1	
3	1	768	1	0	0	2958	2211	110	22	-1	
4	1	768	1	1	0	2958	2211	110	22	-1	
5	1	768	1	1	1	2958	2211	110	22	96.700417	186,382.53
