level	page_num	block_num	par_num	line_num	word_num	left	top	width	height	conf	text
1	1	0	0	0	0	0	0	3300	2550	-1	
2	1	1	0	0	0	1577	135	173	28	-1	
3	1	1	1	0	0	1577	135	173	28	-1	
4	1	1	1	1	0	1577	135	173	28	-1	
5	1	1	1	1	1	1577	135	90	22	95.800316	School
5	1	1	1	1	2	1675	135	75	28	96.630386	Pages
2	1	2	0	0	0	922	260	91	24	-1	
3	1	2	1	0	0	922	260	91	24	-1	
4	1	2	1	1	0	922	260	91	24	-1	
5	1	2	1	1	1	922	260	91	24	96.375763	Campus
2	1	3	0	0	0	2227	261	150	20	-1	
3	1	3	1	0	0	2227	261	150	20	-1	
4	1	3	1	1	0	2227	261	150	20	-1	
5	1	3	1	1	1	2227	261	85	20	96.486214	General
5	1	3	1	1	2	2322	262	55	18	96.206200	Fund
2	1	4	0	0	0	2948	261	61	20	-1	
3	1	4	1	0	0	2948	261	61	20	-1	
4	1	4	1	1	0	2948	261	61	20	-1	
5	1	4	1	1	1	2948	261	48	20	92.034042	Title
5	1	4	1	1	2	3005	261	4	19	73.918518	|
2	1	5	0	0	0	934	296	133	19	-1	
3	1	5	1	0	0	934	296	133	19	-1	
4	1	5	1	1	0	934	296	133	19	-1	
5	1	5	1	1	1	934	296	66	19	95.610909	Grade
5	1	5	1	1	2	1010	296	57	19	95.735466	Level
2	1	6	0	0	0	1105	296	89	19	-1	
3	1	6	1	0	0	1105	296	89	19	-1	
4	1	6	1	1	0	1105	296	89	19	-1	
5	1	6	1	1	1	1105	296	89	19	96.779495	Division
2	1	7	0	0	0	1251	296	162	19	-1	
3	1	7	1	0	0	1251	296	162	19	-1	
4	1	7	1	1	0	1251	296	162	19	-1	
5	1	7	1	1	1	1251	296	75	19	96.762680	Feeder
5	1	7	1	1	2	1335	296	78	19	96.754364	Pattern
2	1	8	0	0	0	2006	297	66	18	-1	
3	1	8	1	0	0	2006	297	66	18	-1	
4	1	8	1	1	0	2006	297	66	18	-1	
5	1	8	1	1	1	2006	297	51	18	93.019073	6200
5	1	8	1	1	2	2065	306	7	4	88.435898	-
2	1	9	0	0	0	2360	296	136	19	-1	
3	1	9	1	0	0	2360	296	136	19	-1	
4	1	9	1	1	0	2360	296	136	19	-1	
5	1	9	1	1	1	2360	296	50	19	93.241226	6400
5	1	9	1	1	2	2418	306	7	4	92.395721	-
5	1	9	1	1	3	2433	296	63	19	95.905365	Other
2	1	10	0	0	0	2719	296	130	19	-1	
3	1	10	1	0	0	2719	296	130	19	-1	
4	1	10	1	1	0	2719	296	130	19	-1	
5	1	10	1	1	1	2719	296	67	19	96.181023	Grand
5	1	10	1	1	2	2795	296	54	19	96.328934	Total
2	1	11	0	0	0	2924	296	113	19	-1	
3	1	11	1	0	0	2924	296	113	19	-1	
4	1	11	1	1	0	2924	296	113	19	-1	
5	1	11	1	1	1	2924	296	113	19	96.325058	Allocation
2	1	12	0	0	0	223	296	193	24	-1	
3	1	12	1	0	0	223	296	193	24	-1	
4	1	12	1	1	0	223	296	193	24	-1	
5	1	12	1	1	1	223	296	71	19	92.382439	PEIMS
5	1	12	1	1	2	303	296	40	24	93.206673	Org
5	1	12	1	1	3	353	296	63	19	92.207268	Descr
2	1	13	0	0	0	575	296	293	24	-1	
3	1	13	1	0	0	575	296	293	24	-1	
4	1	13	1	1	0	575	296	293	24	-1	
5	1	13	1	1	1	575	296	71	19	91.047737	PEIMS
5	1	13	1	1	2	655	296	39	24	93.102234	Org
5	1	13	1	1	3	716	296	91	24	87.952606	|Campus
5	1	13	1	1	4	816	296	52	24	96.589737	Type
2	1	14	0	0	0	1594	296	104	24	-1	
3	1	14	1	0	0	1594	296	104	24	-1	
4	1	14	1	1	0	1594	296	104	24	-1	
5	1	14	1	1	1	1594	296	104	24	96.366936	Projected
2	1	15	0	0	0	1749	296	150	24	-1	
3	1	15	1	0	0	1749	296	150	24	-1	
4	1	15	1	1	0	1749	296	150	24	-1	
5	1	15	1	1	1	1749	296	51	19	92.532738	6100
5	1	15	1	1	2	1808	306	7	4	89.138290	-
5	1	15	1	1	3	1824	296	75	24	94.249626	Payroll
2	1	16	0	0	0	2165	296	164	24	-1	
3	1	16	1	0	0	2165	296	164	24	-1	
4	1	16	1	1	0	2165	296	164	24	-1	
5	1	16	1	1	1	2165	296	51	19	93.292473	6300
5	1	16	1	1	2	2224	296	105	24	89.199738	-Supplies
2	1	17	0	0	0	2521	296	151	24	-1	
3	1	17	1	0	0	2521	296	151	24	-1	
4	1	17	1	1	0	2521	296	151	24	-1	
5	1	17	1	1	1	2521	297	51	18	92.946587	6600
5	1	17	1	1	2	2580	306	7	4	89.971985	-
5	1	17	1	1	3	2595	296	77	24	96.677681	Capital
2	1	18	0	0	0	1582	329	122	19	-1	
3	1	18	1	0	0	1582	329	122	19	-1	
4	1	18	1	1	0	1582	329	122	19	-1	
5	1	18	1	1	1	1582	329	122	19	86.092949	Enrollment
2	1	19	0	0	0	1796	329	51	19	-1	
3	1	19	1	0	0	1796	329	51	19	-1	
4	1	19	1	1	0	1796	329	51	19	-1	
5	1	19	1	1	1	1796	329	51	19	96.930176	Cost
2	1	20	0	0	0	1942	329	187	19	-1	
3	1	20	1	0	0	1942	329	187	19	-1	
4	1	20	1	1	0	1942	329	187	19	-1	
5	1	20	1	1	1	1942	329	139	19	96.559029	Professional
5	1	20	1	1	2	2090	329	39	19	96.614967	and
2	1	21	0	0	0	2169	329	150	19	-1	
3	1	21	1	0	0	2169	329	150	19	-1	
4	1	21	1	1	0	2169	329	150	19	-1	
5	1	21	1	1	1	2169	329	39	19	95.515991	and
5	1	21	1	1	2	2218	329	101	19	96.391632	Materials
2	1	22	0	0	0	2369	329	110	24	-1	
3	1	22	1	0	0	2369	329	110	24	-1	
4	1	22	1	1	0	2369	329	110	24	-1	
5	1	22	1	1	1	2369	329	110	24	96.285637	Operating
2	1	23	0	0	0	2558	329	72	24	-1	
3	1	23	1	0	0	2558	329	72	24	-1	
4	1	23	1	1	0	2558	329	72	24	-1	
5	1	23	1	1	1	2558	329	72	24	96.201599	Outlay
2	1	24	0	0	0	1974	362	123	19	-1	
3	1	24	1	0	0	1974	362	123	19	-1	
4	1	24	1	1	0	1974	362	123	19	-1	
5	1	24	1	1	1	1974	362	123	19	96.827263	Contracted
2	1	25	0	0	0	2392	362	64	19	-1	
3	1	25	1	0	0	2392	362	64	19	-1	
4	1	25	1	1	0	2392	362	64	19	-1	
5	1	25	1	1	1	2392	362	64	19	96.870316	Costs
2	1	26	0	0	0	1988	395	95	19	-1	
3	1	26	1	0	0	1988	395	95	19	-1	
4	1	26	1	1	0	1988	395	95	19	-1	
5	1	26	1	1	1	1988	395	95	19	96.482094	Services
2	1	27	0	0	0	223	441	123	19	-1	
3	1	27	1	0	0	223	441	123	19	-1	
4	1	27	1	1	0	223	441	123	19	-1	
5	1	27	1	1	1	223	441	86	19	92.715942	Looscan
5	1	27	1	1	2	319	441	27	19	96.741402	ES
2	1	28	0	0	0	575	441	36	19	-1	
3	1	28	1	0	0	575	441	36	19	-1	
4	1	28	1	1	0	575	441	36	19	-1	
5	1	28	1	1	1	575	441	36	19	96.976723	197
2	1	29	0	0	0	717	441	44	19	-1	
3	1	29	1	0	0	717	441	44	19	-1	
4	1	29	1	1	0	717	441	44	19	-1	
5	1	29	1	1	1	717	441	44	19	95.871399	NES
2	1	30	0	0	0	1104	441	109	19	-1	
3	1	30	1	0	0	1104	441	109	19	-1	
4	1	30	1	1	0	1104	441	109	19	-1	
5	1	30	1	1	1	1104	441	109	19	96.320625	CENTRAL
2	1	31	0	0	0	1250	441	137	19	-1	
3	1	31	1	0	0	1250	441	137	19	-1	
4	1	31	1	1	0	1250	441	137	19	-1	
5	1	31	1	1	1	1250	441	98	19	96.501053	Northside
5	1	31	1	1	2	1358	441	29	19	95.905113	HS
2	1	32	0	0	0	1667	441	38	19	-1	
3	1	32	1	0	0	1667	441	38	19	-1	
4	1	32	1	1	0	1667	441	38	19	-1	
5	1	32	1	1	1	1667	441	38	19	96.771454	226
2	1	33	0	0	0	2633	452	7	3	-1	
3	1	33	1	0	0	2633	452	7	3	-1	
4	1	33	1	1	0	2633	452	7	3	-1	
5	1	33	1	1	1	2633	452	7	3	87.519112	-
2	1	34	0	0	0	935	441	116	24	-1	
3	1	34	1	0	0	935	441	116	24	-1	
4	1	34	1	1	0	935	441	116	24	-1	
5	1	34	1	1	1	935	441	116	24	96.340607	Elementary
2	1	35	0	0	0	1774	441	136	22	-1	
3	1	35	1	0	0	1774	441	136	22	-1	
4	1	35	1	1	0	1774	441	136	22	-1	
5	1	35	1	1	1	1774	441	136	22	91.917816	2,437,673.00
2	1	36	0	0	0	2021	441	114	22	-1	
3	1	36	1	0	0	2021	441	114	22	-1	
4	1	36	1	1	0	2021	441	114	22	-1	
5	1	36	1	1	1	2021	441	114	22	95.967583	147,372.00
2	1	37	0	0	0	2223	441	102	22	-1	
3	1	37	1	0	0	2223	441	102	22	-1	
4	1	37	1	1	0	2223	441	102	22	-1	
5	1	37	1	1	1	2223	441	102	22	96.736359	78,600.00
2	1	38	0	0	0	2405	441	90	22	-1	
3	1	38	1	0	0	2405	441	90	22	-1	
4	1	38	1	1	0	2405	441	90	22	-1	
5	1	38	1	1	1	2405	441	90	22	96.918831	2,000.00
2	1	39	0	0	0	2734	441	136	22	-1	
3	1	39	1	0	0	2734	441	136	22	-1	
4	1	39	1	1	0	2734	441	136	22	-1	
5	1	39	1	1	1	2734	441	136	22	92.078926	2,665,645.00
2	1	40	0	0	0	2957	441	103	22	-1	
3	1	40	1	0	0	2957	441	103	22	-1	
4	1	40	1	1	0	2957	441	103	22	-1	
5	1	40	1	1	1	2957	441	103	22	96.493973	88,675.18
2	1	41	0	0	0	223	477	86	19	-1	
3	1	41	1	0	0	223	477	86	19	-1	
4	1	41	1	1	0	223	477	86	19	-1	
5	1	41	1	1	1	223	477	48	19	96.944351	Love
5	1	41	1	1	2	281	477	28	19	96.584816	ES
2	1	42	0	0	0	575	477	36	19	-1	
3	1	42	1	0	0	575	477	36	19	-1	
4	1	42	1	1	0	575	477	36	19	-1	
5	1	42	1	1	1	575	477	36	19	96.938972	198
2	1	43	0	0	0	717	477	95	19	-1	
3	1	43	1	0	0	717	477	95	19	-1	
4	1	43	1	1	0	717	477	95	19	-1	
5	1	43	1	1	1	717	477	95	19	91.115578	Non-NES
2	1	44	0	0	0	935	477	116	24	-1	
3	1	44	1	0	0	935	477	116	24	-1	
4	1	44	1	1	0	935	477	116	24	-1	
5	1	44	1	1	1	935	477	116	24	96.677490	Elementary
2	1	45	0	0	0	1104	477	109	19	-1	
3	1	45	1	0	0	1104	477	109	19	-1	
4	1	45	1	1	0	1104	477	109	19	-1	
5	1	45	1	1	1	1104	477	109	19	96.320969	CENTRAL
2	1	46	0	0	0	1251	477	115	24	-1	
3	1	46	1	0	0	1251	477	115	24	-1	
4	1	46	1	1	0	1251	477	115	24	-1	
5	1	46	1	1	1	1251	477	76	24	96.496170	Heights
5	1	46	1	1	2	1337	477	29	19	96.253639	HS
2	1	47	0	0	0	1668	477	38	19	-1	
3	1	47	1	0	0	1668	477	38	19	-1	
4	1	47	1	1	0	1668	477	38	19	-1	
5	1	47	1	1	1	1668	477	38	19	96.938835	345
2	1	48	0	0	0	1774	477	136	22	-1	
3	1	48	1	0	0	1774	477	136	22	-1	
4	1	48	1	1	0	1774	477	136	22	-1	
5	1	48	1	1	1	1774	477	136	22	92.931625	2,615,783.00
2	1	49	0	0	0	2021	477	114	22	-1	
3	1	49	1	0	0	2021	477	114	22	-1	
4	1	49	1	1	0	2021	477	114	22	-1	
5	1	49	1	1	1	2021	477	114	22	96.846992	116,318.00
2	1	50	0	0	0	2223	477	103	22	-1	
3	1	50	1	0	0	2223	477	103	22	-1	
4	1	50	1	1	0	2223	477	103	22	-1	
5	1	50	1	1	1	2223	477	103	22	96.497406	82,291.00
2	1	51	0	0	0	2407	477	89	22	-1	
3	1	51	1	0	0	2407	477	89	22	-1	
4	1	51	1	1	0	2407	477	89	22	-1	
5	1	51	1	1	1	2407	477	89	22	96.292381	1,350.00
2	1	52	0	0	0	2575	477	90	22	-1	
3	1	52	1	0	0	2575	477	90	22	-1	
4	1	52	1	1	0	2575	477	90	22	-1	
5	1	52	1	1	1	2575	477	90	22	96.921089	3,450.00
2	1	53	0	0	0	2734	477	136	22	-1	
3	1	53	1	0	0	2734	477	136	22	-1	
4	1	53	1	1	0	2734	477	136	22	-1	
5	1	53	1	1	1	2734	477	136	22	92.869286	2,819,192.00
2	1	54	0	0	0	2957	477	103	22	-1	
3	1	54	1	0	0	2957	477	103	22	-1	
4	1	54	1	1	0	2957	477	103	22	-1	
5	1	54	1	1	1	2957	477	103	22	96.784828	79,180.08
2	1	55	0	0	0	223	513	100	19	-1	
3	1	55	1	0	0	223	513	100	19	-1	
4	1	55	1	1	0	223	513	100	19	-1	
5	1	55	1	1	1	223	513	62	19	96.640923	Lovett
5	1	55	1	1	2	294	513	29	19	96.842270	ES
2	1	56	0	0	0	575	513	36	19	-1	
3	1	56	1	0	0	575	513	36	19	-1	
4	1	56	1	1	0	575	513	36	19	-1	
5	1	56	1	1	1	575	513	36	19	96.997330	199
2	1	57	0	0	0	717	513	96	19	-1	
3	1	57	1	0	0	717	513	96	19	-1	
4	1	57	1	1	0	717	513	96	19	-1	
5	1	57	1	1	1	717	513	96	19	91.774750	Non-NES
2	1	58	0	0	0	1103	513	68	19	-1	
3	1	58	1	0	0	1103	513	68	19	-1	
4	1	58	1	1	0	1103	513	68	19	-1	
5	1	58	1	1	1	1103	513	68	19	96.438103	WEST
2	1	59	0	0	0	1251	513	114	19	-1	
3	1	59	1	0	0	1251	513	114	19	-1	
4	1	59	1	1	0	1251	513	114	19	-1	
5	1	59	1	1	1	1251	513	75	19	94.636078	Bellaire
5	1	59	1	1	2	1335	513	30	19	96.227722	HS
2	1	60	0	0	0	1668	513	34	19	-1	
3	1	60	1	0	0	1668	513	34	19	-1	
4	1	60	1	1	0	1668	513	34	19	-1	
5	1	60	1	1	1	1668	513	34	19	96.904175	701
2	1	61	0	0	0	935	513	116	24	-1	
3	1	61	1	0	0	935	513	116	24	-1	
4	1	61	1	1	0	935	513	116	24	-1	
5	1	61	1	1	1	935	513	116	24	96.138100	Elementary
2	1	62	0	0	0	1774	513	136	22	-1	
3	1	62	1	0	0	1774	513	136	22	-1	
4	1	62	1	1	0	1774	513	136	22	-1	
5	1	62	1	1	1	1774	513	136	22	91.350372	4,617,261.00
2	1	63	0	0	0	2021	513	114	22	-1	
3	1	63	1	0	0	2021	513	114	22	-1	
4	1	63	1	1	0	2021	513	114	22	-1	
5	1	63	1	1	1	2021	513	114	22	96.497177	178,611.00
2	1	64	0	0	0	2209	513	117	22	-1	
3	1	64	1	0	0	2209	513	117	22	-1	
4	1	64	1	1	0	2209	513	117	22	-1	
5	1	64	1	1	1	2209	513	117	22	96.412041	264,470.00
2	1	65	0	0	0	2406	513	90	22	-1	
3	1	65	1	0	0	2406	513	90	22	-1	
4	1	65	1	1	0	2406	513	90	22	-1	
5	1	65	1	1	1	2406	513	90	22	96.531166	7,600.00
2	1	66	0	0	0	2562	513	103	22	-1	
3	1	66	1	0	0	2562	513	103	22	-1	
4	1	66	1	1	0	2562	513	103	22	-1	
5	1	66	1	1	1	2562	513	103	22	96.507896	58,210.00
2	1	67	0	0	0	2734	513	136	22	-1	
3	1	67	1	0	0	2734	513	136	22	-1	
4	1	67	1	1	0	2734	513	136	22	-1	
5	1	67	1	1	1	2734	513	136	22	92.752068	5,126,152.00
2	1	68	0	0	0	2957	513	103	22	-1	
3	1	68	1	0	0	2957	513	103	22	-1	
4	1	68	1	1	0	2957	513	103	22	-1	
5	1	68	1	1	1	2957	513	103	22	96.083145	97,040.45
2	1	69	0	0	0	223	548	97	24	-1	
3	1	69	1	0	0	223	548	97	24	-1	
4	1	69	1	1	0	223	548	97	24	-1	
5	1	69	1	1	1	223	549	59	23	96.587677	Lyons
5	1	69	1	1	2	292	548	28	20	96.776154	ES
2	1	70	0	0	0	575	549	36	18	-1	
3	1	70	1	0	0	575	549	36	18	-1	
4	1	70	1	1	0	575	549	36	18	-1	
5	1	70	1	1	1	575	549	36	18	96.664215	128
2	1	71	0	0	0	717	548	96	20	-1	
3	1	71	1	0	0	717	548	96	20	-1	
4	1	71	1	1	0	717	548	96	20	-1	
5	1	71	1	1	1	717	548	96	20	90.796555	Non-NES
2	1	72	0	0	0	935	549	116	23	-1	
3	1	72	1	0	0	935	549	116	23	-1	
4	1	72	1	1	0	935	549	116	23	-1	
5	1	72	1	1	1	935	549	116	23	96.665543	Elementary
2	1	73	0	0	0	1105	549	81	19	-1	
3	1	73	1	0	0	1105	549	81	19	-1	
4	1	73	1	1	0	1105	549	81	19	-1	
5	1	73	1	1	1	1105	549	81	19	96.095184	NORTH
2	1	74	0	0	0	1251	548	197	20	-1	
3	1	74	1	0	0	1251	548	197	20	-1	
4	1	74	1	1	0	1251	548	197	20	-1	
5	1	74	1	1	1	1251	549	84	18	93.019508	Houston
5	1	74	1	1	2	1344	548	64	20	93.019508	MSTC
5	1	74	1	1	3	1418	548	30	20	96.678940	HS
2	1	75	0	0	0	1668	549	38	18	-1	
3	1	75	1	0	0	1668	549	38	18	-1	
4	1	75	1	1	0	1668	549	38	18	-1	
5	1	75	1	1	1	1668	549	38	18	96.725922	724
2	1	76	0	0	0	1774	549	136	22	-1	
3	1	76	1	0	0	1774	549	136	22	-1	
4	1	76	1	1	0	1774	549	136	22	-1	
5	1	76	1	1	1	1774	549	136	22	89.529877	4,185,667.00
2	1	77	0	0	0	2021	549	114	22	-1	
3	1	77	1	0	0	2021	549	114	22	-1	
4	1	77	1	1	0	2021	549	114	22	-1	
5	1	77	1	1	1	2021	549	114	22	96.307648	167,512.00
2	1	78	0	0	0	2223	549	103	22	-1	
3	1	78	1	0	0	2223	549	103	22	-1	
4	1	78	1	1	0	2223	549	103	22	-1	
5	1	78	1	1	1	2223	549	103	22	96.681602	73,286.00
2	1	79	0	0	0	2406	549	90	22	-1	
3	1	79	1	0	0	2406	549	90	22	-1	
4	1	79	1	1	0	2406	549	90	22	-1	
5	1	79	1	1	1	2406	549	90	22	96.349907	8,000.00
2	1	80	0	0	0	2575	549	90	22	-1	
3	1	80	1	0	0	2575	549	90	22	-1	
4	1	80	1	1	0	2575	549	90	22	-1	
5	1	80	1	1	1	2575	549	90	22	96.201866	7,240.00
2	1	81	0	0	0	2734	549	136	22	-1	
3	1	81	1	0	0	2734	549	136	22	-1	
4	1	81	1	1	0	2734	549	136	22	-1	
5	1	81	1	1	1	2734	549	136	22	91.965721	4,441,705.00
2	1	82	0	0	0	2944	549	116	22	-1	
3	1	82	1	0	0	2944	549	116	22	-1	
4	1	82	1	1	0	2944	549	116	22	-1	
5	1	82	1	1	1	2944	549	116	22	95.371223	292,980.99
2	1	83	0	0	0	573	585	38	18	-1	
3	1	83	1	0	0	573	585	38	18	-1	
4	1	83	1	1	0	573	585	38	18	-1	
5	1	83	1	1	1	573	585	38	18	96.625732	458
2	1	84	0	0	0	717	584	96	20	-1	
3	1	84	1	0	0	717	584	96	20	-1	
4	1	84	1	1	0	717	584	96	20	-1	
5	1	84	1	1	1	717	584	96	20	91.024727	Non-NES
2	1	85	0	0	0	935	584	143	20	-1	
3	1	85	1	0	0	935	584	143	20	-1	
4	1	85	1	1	0	935	584	143	20	-1	
5	1	85	1	1	1	935	585	66	19	96.505142	Middle
5	1	85	1	1	2	1009	584	69	20	96.495628	School
2	1	86	0	0	0	1104	585	109	19	-1	
3	1	86	1	0	0	1104	585	109	19	-1	
4	1	86	1	1	0	1104	585	109	19	-1	
5	1	86	1	1	1	1104	585	109	19	96.626938	CENTRAL
2	1	87	0	0	0	1667	585	38	18	-1	
3	1	87	1	0	0	1667	585	38	18	-1	
4	1	87	1	1	0	1667	585	38	18	-1	
5	1	87	1	1	1	1667	585	38	18	96.185539	249
2	1	88	0	0	0	223	585	210	23	-1	
3	1	88	1	0	0	223	585	210	23	-1	
4	1	88	1	1	0	223	585	210	23	-1	
5	1	88	1	1	1	223	585	21	19	93.032921	M.
5	1	88	1	1	2	256	585	66	19	95.540161	Leland
5	1	88	1	1	3	331	585	43	19	96.701897	Coll.
5	1	88	1	1	4	385	585	48	23	96.854218	Prep
2	1	89	0	0	0	1249	584	136	24	-1	
3	1	89	1	0	0	1249	584	136	24	-1	
4	1	89	1	1	0	1249	584	136	24	-1	
5	1	89	1	1	1	1249	585	97	23	95.857574	Wheatley
5	1	89	1	1	2	1355	584	30	20	96.452164	HS
2	1	90	0	0	0	1774	585	136	22	-1	
3	1	90	1	0	0	1774	585	136	22	-1	
4	1	90	1	1	0	1774	585	136	22	-1	
5	1	90	1	1	1	1774	585	136	22	92.065033	2,139,779.00
2	1	91	0	0	0	2019	585	116	22	-1	
3	1	91	1	0	0	2019	585	116	22	-1	
4	1	91	1	1	0	2019	585	116	22	-1	
5	1	91	1	1	1	2019	585	116	22	96.215393	249,325.00
2	1	92	0	0	0	2223	585	103	22	-1	
3	1	92	1	0	0	2223	585	103	22	-1	
4	1	92	1	1	0	2223	585	103	22	-1	
5	1	92	1	1	1	2223	585	103	22	95.913567	85,337.00
2	1	93	0	0	0	2406	585	90	22	-1	
3	1	93	1	0	0	2406	585	90	22	-1	
4	1	93	1	1	0	2406	585	90	22	-1	
5	1	93	1	1	1	2406	585	90	22	96.737679	3,000.00
2	1	94	0	0	0	2575	585	90	22	-1	
3	1	94	1	0	0	2575	585	90	22	-1	
4	1	94	1	1	0	2575	585	90	22	-1	
5	1	94	1	1	1	2575	585	90	22	96.446533	2,490.00
2	1	95	0	0	0	2734	585	136	22	-1	
3	1	95	1	0	0	2734	585	136	22	-1	
4	1	95	1	1	0	2734	585	136	22	-1	
5	1	95	1	1	1	2734	585	136	22	92.376740	2,479,931.00
2	1	96	0	0	0	2957	585	103	22	-1	
3	1	96	1	0	0	2957	585	103	22	-1	
4	1	96	1	1	0	2957	585	103	22	-1	
5	1	96	1	1	1	2957	585	103	22	96.712868	71,223.86
2	1	97	0	0	0	223	620	153	24	-1	
3	1	97	1	0	0	223	620	153	24	-1	
4	1	97	1	1	0	223	620	153	24	-1	
5	1	97	1	1	1	223	620	116	24	96.081833	MacGregor
5	1	97	1	1	2	348	621	28	19	96.828987	ES
2	1	98	0	0	0	574	621	35	18	-1	
3	1	98	1	0	0	574	621	35	18	-1	
4	1	98	1	1	0	574	621	35	18	-1	
5	1	98	1	1	1	574	621	35	18	96.573402	201
2	1	99	0	0	0	717	620	96	20	-1	
3	1	99	1	0	0	717	620	96	20	-1	
4	1	99	1	1	0	717	620	96	20	-1	
5	1	99	1	1	1	717	620	96	20	90.974525	Non-NES
2	1	100	0	0	0	935	621	116	23	-1	
3	1	100	1	0	0	935	621	116	23	-1	
4	1	100	1	1	0	935	621	116	23	-1	
5	1	100	1	1	1	935	621	116	23	96.254951	Elementary
2	1	101	0	0	0	1104	621	109	19	-1	
3	1	101	1	0	0	1104	621	109	19	-1	
4	1	101	1	1	0	1104	621	109	19	-1	
5	1	101	1	1	1	1104	621	109	19	96.153023	CENTRAL
2	1	102	0	0	0	1250	621	104	19	-1	
3	1	102	1	0	0	1250	621	104	19	-1	
4	1	102	1	1	0	1250	621	104	19	-1	
5	1	102	1	1	1	1250	621	66	18	96.133270	Lamar
5	1	102	1	1	2	1325	621	29	19	96.364647	HS
2	1	103	0	0	0	1668	621	37	18	-1	
3	1	103	1	0	0	1668	621	37	18	-1	
4	1	103	1	1	0	1668	621	37	18	-1	
5	1	103	1	1	1	1668	621	37	18	96.940628	385
2	1	104	0	0	0	1774	621	136	22	-1	
3	1	104	1	0	0	1774	621	136	22	-1	
4	1	104	1	1	0	1774	621	136	22	-1	
5	1	104	1	1	1	1774	621	136	22	90.850327	2,681,747.00
2	1	105	0	0	0	2021	621	114	22	-1	
3	1	105	1	0	0	2021	621	114	22	-1	
4	1	105	1	1	0	2021	621	114	22	-1	
5	1	105	1	1	1	2021	621	114	22	96.486534	175,303.00
2	1	106	0	0	0	2223	621	103	22	-1	
3	1	106	1	0	0	2223	621	103	22	-1	
4	1	106	1	1	0	2223	621	103	22	-1	
5	1	106	1	1	1	2223	621	103	22	95.062675	39,542.00
2	1	107	0	0	0	2463	632	7	2	-1	
3	1	107	1	0	0	2463	632	7	2	-1	
4	1	107	1	1	0	2463	632	7	2	-1	
5	1	107	1	1	1	2463	632	7	2	52.294125	-
2	1	108	0	0	0	2575	621	91	22	-1	
3	1	108	1	0	0	2575	621	91	22	-1	
4	1	108	1	1	0	2575	621	91	22	-1	
5	1	108	1	1	1	2575	621	91	22	96.230408	3,850.00
2	1	109	0	0	0	2734	621	136	22	-1	
3	1	109	1	0	0	2734	621	136	22	-1	
4	1	109	1	1	0	2734	621	136	22	-1	
5	1	109	1	1	1	2734	621	136	22	93.037308	2,900,442.00
2	1	110	0	0	0	2946	621	114	22	-1	
3	1	110	1	0	0	2946	621	114	22	-1	
4	1	110	1	1	0	2946	621	114	22	-1	
5	1	110	1	1	1	2946	621	114	22	96.654633	116,350.89
2	1	111	0	0	0	574	657	37	18	-1	
3	1	111	1	0	0	574	657	37	18	-1	
4	1	111	1	1	0	574	657	37	18	-1	
5	1	111	1	1	1	574	657	37	18	96.397141	203
2	1	112	0	0	0	717	656	96	20	-1	
3	1	112	1	0	0	717	656	96	20	-1	
4	1	112	1	1	0	717	656	96	20	-1	
5	1	112	1	1	1	717	656	96	20	90.968140	Non-NES
2	1	113	0	0	0	1104	656	81	20	-1	
3	1	113	1	0	0	1104	656	81	20	-1	
4	1	113	1	1	0	1104	656	81	20	-1	
5	1	113	1	1	1	1104	656	81	20	95.685432	SOUTH
2	1	114	0	0	0	1667	657	38	18	-1	
3	1	114	1	0	0	1667	657	38	18	-1	
4	1	114	1	1	0	1667	657	38	18	-1	
5	1	114	1	1	1	1667	657	38	18	96.902008	285
2	1	115	0	0	0	2222	657	103	21	-1	
3	1	115	1	0	0	2222	657	103	21	-1	
4	1	115	1	1	0	2222	657	103	21	-1	
5	1	115	1	1	1	2222	657	103	21	96.907852	60,317.00
2	1	116	0	0	0	2406	657	89	21	-1	
3	1	116	1	0	0	2406	657	89	21	-1	
4	1	116	1	1	0	2406	657	89	21	-1	
5	1	116	1	1	1	2406	657	89	21	95.563683	7,484.00
2	1	117	0	0	0	223	657	111	23	-1	
3	1	117	1	0	0	223	657	111	23	-1	
4	1	117	1	1	0	223	657	111	23	-1	
5	1	117	1	1	1	223	657	73	23	92.371880	Mading
5	1	117	1	1	2	306	657	28	19	96.451332	ES
2	1	118	0	0	0	935	656	116	24	-1	
3	1	118	1	0	0	935	656	116	24	-1	
4	1	118	1	1	0	935	656	116	24	-1	
5	1	118	1	1	1	935	656	116	24	95.986137	Elementary
2	1	119	0	0	0	1250	656	116	24	-1	
3	1	119	1	0	0	1250	656	116	24	-1	
4	1	119	1	1	0	1250	656	116	24	-1	
5	1	119	1	1	1	1250	656	77	24	95.920418	Sterling
5	1	119	1	1	2	1337	657	29	19	96.540718	HS
2	1	120	0	0	0	1776	657	134	22	-1	
3	1	120	1	0	0	1776	657	134	22	-1	
4	1	120	1	1	0	1776	657	134	22	-1	
5	1	120	1	1	1	1776	657	134	22	91.985039	1,974,475.00
2	1	121	0	0	0	2021	657	114	22	-1	
3	1	121	1	0	0	2021	657	114	22	-1	
4	1	121	1	1	0	2021	657	114	22	-1	
5	1	121	1	1	1	2021	657	114	22	96.584923	197,897.00
2	1	122	0	0	0	2575	657	90	22	-1	
3	1	122	1	0	0	2575	657	90	22	-1	
4	1	122	1	1	0	2575	657	90	22	-1	
5	1	122	1	1	1	2575	657	90	22	96.754608	2,850.00
2	1	123	0	0	0	2734	657	136	22	-1	
3	1	123	1	0	0	2734	657	136	22	-1	
4	1	123	1	1	0	2734	657	136	22	-1	
5	1	123	1	1	1	2734	657	136	22	91.369644	2,243,023.00
2	1	124	0	0	0	2946	657	114	22	-1	
3	1	124	1	0	0	2946	657	114	22	-1	
4	1	124	1	1	0	2946	657	114	22	-1	
5	1	124	1	1	1	2946	657	114	22	96.636421	110,897.89
2	1	125	0	0	0	223	693	124	19	-1	
3	1	125	1	0	0	223	693	124	19	-1	
4	1	125	1	1	0	223	693	124	19	-1	
5	1	125	1	1	1	223	693	85	18	96.324524	Madison
5	1	125	1	1	2	318	693	29	19	96.828529	HS
2	1	126	0	0	0	574	693	37	18	-1	
3	1	126	1	0	0	574	693	37	18	-1	
4	1	126	1	1	0	574	693	37	18	-1	
5	1	126	1	1	1	574	693	37	18	96.734001	010
2	1	127	0	0	0	717	692	44	20	-1	
3	1	127	1	0	0	717	692	44	20	-1	
4	1	127	1	1	0	717	692	44	20	-1	
5	1	127	1	1	1	717	692	44	20	96.210571	NES
2	1	128	0	0	0	935	692	123	24	-1	
3	1	128	1	0	0	935	692	123	24	-1	
4	1	128	1	1	0	935	692	123	24	-1	
5	1	128	1	1	1	935	693	46	23	96.901718	High
5	1	128	1	1	2	989	692	69	20	95.326523	School
2	1	129	0	0	0	1104	692	80	20	-1	
3	1	129	1	0	0	1104	692	80	20	-1	
4	1	129	1	1	0	1104	692	80	20	-1	
5	1	129	1	1	1	1104	692	80	20	95.908752	SOUTH
2	1	130	0	0	0	1250	692	124	20	-1	
3	1	130	1	0	0	1250	692	124	20	-1	
4	1	130	1	1	0	1250	692	124	20	-1	
5	1	130	1	1	1	1250	693	86	18	95.848053	Madison
5	1	130	1	1	2	1345	692	29	20	95.725853	HS
2	1	131	0	0	0	1650	693	55	22	-1	
3	1	131	1	0	0	1650	693	55	22	-1	
4	1	131	1	1	0	1650	693	55	22	-1	
5	1	131	1	1	1	1650	693	55	22	96.689003	1,384
2	1	132	0	0	0	1732	692	11	21	-1	
3	1	132	1	0	0	1732	692	11	21	-1	
4	1	132	1	1	0	1732	692	11	21	-1	
5	1	132	1	1	1	1732	692	11	21	84.224182	$
2	1	133	0	0	0	1763	693	147	22	-1	
3	1	133	1	0	0	1763	693	147	22	-1	
4	1	133	1	1	0	1763	693	147	22	-1	
5	1	133	1	1	1	1763	693	147	22	92.135757	13,264,456.00
2	1	134	0	0	0	2019	693	116	22	-1	
3	1	134	1	0	0	2019	693	116	22	-1	
4	1	134	1	1	0	2019	693	116	22	-1	
5	1	134	1	1	1	2019	693	116	22	96.299629	879,941.00
2	1	135	0	0	0	2210	693	115	21	-1	
3	1	135	1	0	0	2210	693	115	21	-1	
4	1	135	1	1	0	2210	693	115	21	-1	
5	1	135	1	1	1	2210	693	115	21	96.623970	564,660.00
2	1	136	0	0	0	2352	692	11	21	-1	
3	1	136	1	0	0	2352	692	11	21	-1	
4	1	136	1	1	0	2352	692	11	21	-1	
5	1	136	1	1	1	2352	692	11	21	85.909981	$
2	1	137	0	0	0	2392	693	103	21	-1	
3	1	137	1	0	0	2392	693	103	21	-1	
4	1	137	1	1	0	2392	693	103	21	-1	
5	1	137	1	1	1	2392	693	103	21	96.624336	24,000.00
2	1	138	0	0	0	2575	693	90	22	-1	
3	1	138	1	0	0	2575	693	90	22	-1	
4	1	138	1	1	0	2575	693	90	22	-1	
5	1	138	1	1	1	2575	693	90	22	96.787697	6,000.00
2	1	139	0	0	0	2722	693	148	22	-1	
3	1	139	1	0	0	2722	693	148	22	-1	
4	1	139	1	1	0	2722	693	148	22	-1	
5	1	139	1	1	1	2722	693	148	22	92.265579	14,739,057.00
2	1	140	0	0	0	2944	693	116	22	-1	
3	1	140	1	0	0	2944	693	116	22	-1	
4	1	140	1	1	0	2944	693	116	22	-1	
5	1	140	1	1	1	2944	693	116	22	95.975357	544,624.92
2	1	141	0	0	0	223	728	233	20	-1	
3	1	141	1	0	0	223	728	233	20	-1	
4	1	141	1	1	0	223	728	233	20	-1	
5	1	141	1	1	1	223	729	94	18	95.862122	Mandarin
5	1	141	1	1	2	325	729	84	19	96.354004	Chinese
5	1	141	1	1	3	417	728	39	20	96.354004	Sch
2	1	142	0	0	0	573	729	38	18	-1	
3	1	142	1	0	0	573	729	38	18	-1	
4	1	142	1	1	0	573	729	38	18	-1	
5	1	142	1	1	1	573	729	38	18	96.921700	460
2	1	143	0	0	0	717	728	95	20	-1	
3	1	143	1	0	0	717	728	95	20	-1	
4	1	143	1	1	0	717	728	95	20	-1	
5	1	143	1	1	1	717	728	95	20	90.394287	Non-NES
2	1	144	0	0	0	935	729	34	18	-1	
3	1	144	1	0	0	935	729	34	18	-1	
4	1	144	1	1	0	935	729	34	18	-1	
5	1	144	1	1	1	935	729	34	18	92.844284	K-8
2	1	145	0	0	0	1103	728	68	20	-1	
3	1	145	1	0	0	1103	728	68	20	-1	
4	1	145	1	1	0	1103	728	68	20	-1	
5	1	145	1	1	1	1103	728	68	20	95.988640	WEST
2	1	146	0	0	0	1668	729	38	18	-1	
3	1	146	1	0	0	1668	729	38	18	-1	
4	1	146	1	1	0	1668	729	38	18	-1	
5	1	146	1	1	1	1668	729	38	18	96.597412	829
2	1	147	0	0	0	2211	729	114	21	-1	
3	1	147	1	0	0	2211	729	114	21	-1	
4	1	147	1	1	0	2211	729	114	21	-1	
5	1	147	1	1	1	2211	729	114	21	96.561203	179,122.00
2	1	148	0	0	0	2352	728	11	21	-1	
3	1	148	1	0	0	2352	728	11	21	-1	
4	1	148	1	1	0	2352	728	11	21	-1	
5	1	148	1	1	1	2352	728	11	21	84.570778	$
2	1	149	0	0	0	3028	739	7	3	-1	
3	1	149	1	0	0	3028	739	7	3	-1	
4	1	149	1	1	0	3028	739	7	3	-1	
5	1	149	1	1	1	3028	739	7	3	87.519112	-
2	1	150	0	0	0	1249	728	183	23	-1	
3	1	150	1	0	0	1249	728	183	23	-1	
4	1	150	1	1	0	1249	728	183	23	-1	
5	1	150	1	1	1	1249	729	90	22	93.294220	Wisdom,
5	1	150	1	1	2	1351	729	41	18	91.501625	M.L.
5	1	150	1	1	3	1403	728	29	20	95.657310	HS
2	1	151	0	0	0	1774	729	136	22	-1	
3	1	151	1	0	0	1774	729	136	22	-1	
4	1	151	1	1	0	1774	729	136	22	-1	
5	1	151	1	1	1	1774	729	136	22	92.420380	5,333,040.00
2	1	152	0	0	0	2018	729	117	22	-1	
3	1	152	1	0	0	2018	729	117	22	-1	
4	1	152	1	1	0	2018	729	117	22	-1	
5	1	152	1	1	1	2018	729	117	22	96.900642	233,017.00
2	1	153	0	0	0	2394	729	101	22	-1	
3	1	153	1	0	0	2394	729	101	22	-1	
4	1	153	1	1	0	2394	729	101	22	-1	
5	1	153	1	1	1	2394	729	101	22	96.841652	10,500.00
2	1	154	0	0	0	2575	729	90	22	-1	
3	1	154	1	0	0	2575	729	90	22	-1	
4	1	154	1	1	0	2575	729	90	22	-1	
5	1	154	1	1	1	2575	729	90	22	96.259521	8,290.00
2	1	155	0	0	0	2734	729	136	22	-1	
3	1	155	1	0	0	2734	729	136	22	-1	
4	1	155	1	1	0	2734	729	136	22	-1	
5	1	155	1	1	1	2734	729	136	22	92.618027	5,763,969.00
2	1	156	0	0	0	223	764	122	19	-1	
3	1	156	1	0	0	223	764	122	19	-1	
4	1	156	1	1	0	223	764	122	19	-1	
5	1	156	1	1	1	223	764	85	19	96.344353	Marshall
5	1	156	1	1	2	318	764	27	19	96.344353	ES
2	1	157	0	0	0	573	764	38	19	-1	
3	1	157	1	0	0	573	764	38	19	-1	
4	1	157	1	1	0	573	764	38	19	-1	
5	1	157	1	1	1	573	764	38	19	96.674278	480
2	1	158	0	0	0	717	764	44	19	-1	
3	1	158	1	0	0	717	764	44	19	-1	
4	1	158	1	1	0	717	764	44	19	-1	
5	1	158	1	1	1	717	764	44	19	95.897026	NES
2	1	159	0	0	0	935	764	116	24	-1	
3	1	159	1	0	0	935	764	116	24	-1	
4	1	159	1	1	0	935	764	116	24	-1	
5	1	159	1	1	1	935	764	116	24	96.099236	Elementary
2	1	160	0	0	0	1105	764	81	19	-1	
3	1	160	1	0	0	1105	764	81	19	-1	
4	1	160	1	1	0	1105	764	81	19	-1	
5	1	160	1	1	1	1105	764	81	19	95.302612	NORTH
2	1	161	0	0	0	1250	764	168	19	-1	
3	1	161	1	0	0	1250	764	168	19	-1	
4	1	161	1	1	0	1250	764	168	19	-1	
5	1	161	1	1	1	1250	764	55	19	96.502670	North
5	1	161	1	1	2	1315	764	64	19	96.764580	Forest
5	1	161	1	1	3	1389	764	29	19	96.431511	HS
2	1	162	0	0	0	1668	764	38	19	-1	
3	1	162	1	0	0	1668	764	38	19	-1	
4	1	162	1	1	0	1668	764	38	19	-1	
5	1	162	1	1	1	1668	764	38	19	96.968864	369
2	1	163	0	0	0	1774	764	136	22	-1	
3	1	163	1	0	0	1774	764	136	22	-1	
4	1	163	1	1	0	1774	764	136	22	-1	
5	1	163	1	1	1	1774	764	136	22	92.165100	3,513,956.00
2	1	164	0	0	0	2019	764	116	22	-1	
3	1	164	1	0	0	2019	764	116	22	-1	
4	1	164	1	1	0	2019	764	116	22	-1	
5	1	164	1	1	1	2019	764	116	22	96.510239	298,105.00
2	1	165	0	0	0	2211	764	114	22	-1	
3	1	165	1	0	0	2211	764	114	22	-1	
4	1	165	1	1	0	2211	764	114	22	-1	
5	1	165	1	1	1	2211	764	114	22	96.554726	128,700.00
2	1	166	0	0	0	2405	764	90	22	-1	
3	1	166	1	0	0	2405	764	90	22	-1	
4	1	166	1	1	0	2405	764	90	22	-1	
5	1	166	1	1	1	2405	764	90	22	96.870537	2,000.00
2	1	167	0	0	0	2633	775	7	3	-1	
3	1	167	1	0	0	2633	775	7	3	-1	
4	1	167	1	1	0	2633	775	7	3	-1	
5	1	167	1	1	1	2633	775	7	3	87.519112	-
2	1	168	0	0	0	2734	764	136	22	-1	
3	1	168	1	0	0	2734	764	136	22	-1	
4	1	168	1	1	0	2734	764	136	22	-1	
5	1	168	1	1	1	2734	764	136	22	48.110809	3,942,761.00
2	1	169	0	0	0	2946	764	114	22	-1	
3	1	169	1	0	0	2946	764	114	22	-1	
4	1	169	1	1	0	2946	764	114	22	-1	
5	1	169	1	1	1	2946	764	114	22	96.630508	171,687.32
2	1	170	0	0	0	223	800	126	19	-1	
3	1	170	1	0	0	223	800	126	19	-1	
4	1	170	1	1	0	223	800	126	19	-1	
5	1	170	1	1	1	223	800	85	19	96.810120	Marshall
5	1	170	1	1	2	318	800	31	19	96.533646	MS
2	1	171	0	0	0	574	800	35	19	-1	
3	1	171	1	0	0	574	800	35	19	-1	
4	1	171	1	1	0	574	800	35	19	-1	
5	1	171	1	1	1	574	800	35	19	96.738075	061
2	1	172	0	0	0	717	800	44	19	-1	
3	1	172	1	0	0	717	800	44	19	-1	
4	1	172	1	1	0	717	800	44	19	-1	
5	1	172	1	1	1	717	800	44	19	95.758240	NES
2	1	173	0	0	0	935	800	143	19	-1	
3	1	173	1	0	0	935	800	143	19	-1	
4	1	173	1	1	0	935	800	143	19	-1	
5	1	173	1	1	1	935	800	65	19	96.515236	Middle
5	1	173	1	1	2	1009	800	69	19	96.564323	School
2	1	174	0	0	0	1104	800	109	19	-1	
3	1	174	1	0	0	1104	800	109	19	-1	
4	1	174	1	1	0	1104	800	109	19	-1	
5	1	174	1	1	1	1104	800	109	19	96.228653	CENTRAL
2	1	175	0	0	0	1250	800	137	19	-1	
3	1	175	1	0	0	1250	800	137	19	-1	
4	1	175	1	1	0	1250	800	137	19	-1	
5	1	175	1	1	1	1250	800	98	19	96.475960	Northside
5	1	175	1	1	2	1358	800	29	19	95.899979	HS
2	1	176	0	0	0	1668	800	37	19	-1	
3	1	176	1	0	0	1668	800	37	19	-1	
4	1	176	1	1	0	1668	800	37	19	-1	
5	1	176	1	1	1	1668	800	37	19	96.848213	374
2	1	177	0	0	0	1774	800	136	22	-1	
3	1	177	1	0	0	1774	800	136	22	-1	
4	1	177	1	1	0	1774	800	136	22	-1	
5	1	177	1	1	1	1774	800	136	22	91.926453	4,488,792.00
2	1	178	0	0	0	2019	800	116	22	-1	
3	1	178	1	0	0	2019	800	116	22	-1	
4	1	178	1	1	0	2019	800	116	22	-1	
5	1	178	1	1	1	2019	800	116	22	96.836426	486,545.00
2	1	179	0	0	0	2211	800	114	22	-1	
3	1	179	1	0	0	2211	800	114	22	-1	
4	1	179	1	1	0	2211	800	114	22	-1	
5	1	179	1	1	1	2211	800	114	22	92.980217	136,880.00
2	1	180	0	0	0	2405	800	90	22	-1	
3	1	180	1	0	0	2405	800	90	22	-1	
4	1	180	1	1	0	2405	800	90	22	-1	
5	1	180	1	1	1	2405	800	90	22	96.598755	4,000.00
2	1	181	0	0	0	2633	811	7	3	-1	
3	1	181	1	0	0	2633	811	7	3	-1	
4	1	181	1	1	0	2633	811	7	3	-1	
5	1	181	1	1	1	2633	811	7	3	87.519112	-
2	1	182	0	0	0	2734	800	136	22	-1	
3	1	182	1	0	0	2734	800	136	22	-1	
4	1	182	1	1	0	2734	800	136	22	-1	
5	1	182	1	1	1	2734	800	136	22	88.157707	5,116,217.00
2	1	183	0	0	0	2946	800	114	22	-1	
3	1	183	1	0	0	2946	800	114	22	-1	
4	1	183	1	1	0	2946	800	114	22	-1	
5	1	183	1	1	1	2946	800	114	22	96.482971	165,470.69
2	1	184	0	0	0	223	836	161	22	-1	
3	1	184	1	0	0	223	836	161	22	-1	
4	1	184	1	1	0	223	836	161	22	-1	
5	1	184	1	1	1	223	836	91	22	93.304886	Martinez,
5	1	184	1	1	2	325	836	20	19	93.148376	C.
5	1	184	1	1	3	356	836	28	19	96.839325	ES
2	1	185	0	0	0	574	836	37	19	-1	
3	1	185	1	0	0	574	836	37	19	-1	
4	1	185	1	1	0	574	836	37	19	-1	
5	1	185	1	1	1	574	836	37	19	96.929955	289
2	1	186	0	0	0	717	836	95	19	-1	
3	1	186	1	0	0	717	836	95	19	-1	
4	1	186	1	1	0	717	836	95	19	-1	
5	1	186	1	1	1	717	836	95	19	91.317741	Non-NES
2	1	187	0	0	0	935	836	116	24	-1	
3	1	187	1	0	0	935	836	116	24	-1	
4	1	187	1	1	0	935	836	116	24	-1	
5	1	187	1	1	1	935	836	116	24	96.212677	Elementary
2	1	188	0	0	0	1104	836	109	19	-1	
3	1	188	1	0	0	1104	836	109	19	-1	
4	1	188	1	1	0	1104	836	109	19	-1	
5	1	188	1	1	1	1104	836	109	19	96.565414	CENTRAL
2	1	189	0	0	0	1250	836	137	19	-1	
3	1	189	1	0	0	1250	836	137	19	-1	
4	1	189	1	1	0	1250	836	137	19	-1	
5	1	189	1	1	1	1250	836	98	19	96.402161	Northside
5	1	189	1	1	2	1358	836	29	19	96.107231	HS
2	1	190	0	0	0	1667	836	38	19	-1	
3	1	190	1	0	0	1667	836	38	19	-1	
4	1	190	1	1	0	1667	836	38	19	-1	
5	1	190	1	1	1	1667	836	38	19	96.792511	290
2	1	191	0	0	0	1774	836	136	22	-1	
3	1	191	1	0	0	1774	836	136	22	-1	
4	1	191	1	1	0	1774	836	136	22	-1	
5	1	191	1	1	1	1774	836	136	22	91.929031	2,106,649.00
2	1	192	0	0	0	2021	836	114	22	-1	
3	1	192	1	0	0	2021	836	114	22	-1	
4	1	192	1	1	0	2021	836	114	22	-1	
5	1	192	1	1	1	2021	836	114	22	96.565445	128,958.00
2	1	193	0	0	0	2223	836	102	22	-1	
3	1	193	1	0	0	2223	836	102	22	-1	
4	1	193	1	1	0	2223	836	102	22	-1	
5	1	193	1	1	1	2223	836	102	22	96.930145	75,404.00
2	1	194	0	0	0	2405	836	90	22	-1	
3	1	194	1	0	0	2405	836	90	22	-1	
4	1	194	1	1	0	2405	836	90	22	-1	
5	1	194	1	1	1	2405	836	90	22	96.963615	3,500.00
2	1	195	0	0	0	2564	836	101	22	-1	
3	1	195	1	0	0	2564	836	101	22	-1	
4	1	195	1	1	0	2564	836	101	22	-1	
5	1	195	1	1	1	2564	836	101	22	96.643677	16,450.00
2	1	196	0	0	0	2734	836	136	22	-1	
3	1	196	1	0	0	2734	836	136	22	-1	
4	1	196	1	1	0	2734	836	136	22	-1	
5	1	196	1	1	1	2734	836	136	22	92.567268	2,330,961.00
2	1	197	0	0	0	2946	836	114	22	-1	
3	1	197	1	0	0	2946	836	114	22	-1	
4	1	197	1	1	0	2946	836	114	22	-1	
5	1	197	1	1	1	2946	836	114	22	96.871384	102,702.35
2	1	198	0	0	0	223	872	161	22	-1	
3	1	198	1	0	0	223	872	161	22	-1	
4	1	198	1	1	0	223	872	161	22	-1	
5	1	198	1	1	1	223	872	91	22	93.010887	Martinez,
5	1	198	1	1	2	326	872	19	19	90.955444	R.
5	1	198	1	1	3	356	872	28	19	96.706482	ES
2	1	199	0	0	0	574	872	37	19	-1	
3	1	199	1	0	0	574	872	37	19	-1	
4	1	199	1	1	0	574	872	37	19	-1	
5	1	199	1	1	1	574	872	37	19	94.853249	298
2	1	200	0	0	0	717	872	44	19	-1	
3	1	200	1	0	0	717	872	44	19	-1	
4	1	200	1	1	0	717	872	44	19	-1	
5	1	200	1	1	1	717	872	44	19	95.729103	NES
2	1	201	0	0	0	1104	872	109	19	-1	
3	1	201	1	0	0	1104	872	109	19	-1	
4	1	201	1	1	0	1104	872	109	19	-1	
5	1	201	1	1	1	1104	872	109	19	96.308022	CENTRAL
2	1	202	0	0	0	1668	872	37	19	-1	
3	1	202	1	0	0	1668	872	37	19	-1	
4	1	202	1	1	0	1668	872	37	19	-1	
5	1	202	1	1	1	1668	872	37	19	96.936066	357
2	1	203	0	0	0	1774	872	136	22	-1	
3	1	203	1	0	0	1774	872	136	22	-1	
4	1	203	1	1	0	1774	872	136	22	-1	
5	1	203	1	1	1	1774	872	136	22	81.955315	3,264,829.00
2	1	204	0	0	0	2021	872	114	22	-1	
3	1	204	1	0	0	2021	872	114	22	-1	
4	1	204	1	1	0	2021	872	114	22	-1	
5	1	204	1	1	1	2021	872	114	22	96.782555	181,179.00
2	1	205	0	0	0	2211	872	115	22	-1	
3	1	205	1	0	0	2211	872	115	22	-1	
4	1	205	1	1	0	2211	872	115	22	-1	
5	1	205	1	1	1	2211	872	115	22	95.987709	123,900.00
2	1	206	0	0	0	2405	872	91	22	-1	
3	1	206	1	0	0	2405	872	91	22	-1	
4	1	206	1	1	0	2405	872	91	22	-1	
5	1	206	1	1	1	2405	872	91	22	95.807861	2,000.00
2	1	207	0	0	0	2633	883	7	2	-1	
3	1	207	1	0	0	2633	883	7	2	-1	
4	1	207	1	1	0	2633	883	7	2	-1	
5	1	207	1	1	1	2633	883	7	2	52.294125	-
2	1	208	0	0	0	2734	872	136	22	-1	
3	1	208	1	0	0	2734	872	136	22	-1	
4	1	208	1	1	0	2734	872	136	22	-1	
5	1	208	1	1	1	2734	872	136	22	91.339226	3,571,908.00
2	1	209	0	0	0	2946	872	114	22	-1	
3	1	209	1	0	0	2946	872	114	22	-1	
4	1	209	1	1	0	2946	872	114	22	-1	
5	1	209	1	1	1	2946	872	114	22	96.419167	142,345.57
2	1	210	0	0	0	935	872	116	24	-1	
3	1	210	1	0	0	935	872	116	24	-1	
4	1	210	1	1	0	935	872	116	24	-1	
5	1	210	1	1	1	935	872	116	24	96.175476	Elementary
2	1	211	0	0	0	1249	872	135	24	-1	
3	1	211	1	0	0	1249	872	135	24	-1	
4	1	211	1	1	0	1249	872	135	24	-1	
5	1	211	1	1	1	1249	872	97	24	96.625748	Wheatley
5	1	211	1	1	2	1355	872	29	19	95.496162	HS
2	1	212	0	0	0	223	908	140	19	-1	
3	1	212	1	0	0	223	908	140	19	-1	
4	1	212	1	1	0	223	908	140	19	-1	
5	1	212	1	1	1	223	908	102	19	92.520454	McGowen
5	1	212	1	1	2	335	908	28	19	96.487297	ES
2	1	213	0	0	0	575	908	36	19	-1	
3	1	213	1	0	0	575	908	36	19	-1	
4	1	213	1	1	0	575	908	36	19	-1	
5	1	213	1	1	1	575	908	36	19	96.966301	179
2	1	214	0	0	0	717	908	45	19	-1	
3	1	214	1	0	0	717	908	45	19	-1	
4	1	214	1	1	0	717	908	45	19	-1	
5	1	214	1	1	1	717	908	45	19	96.039665	NES
2	1	215	0	0	0	935	908	116	24	-1	
3	1	215	1	0	0	935	908	116	24	-1	
4	1	215	1	1	0	935	908	116	24	-1	
5	1	215	1	1	1	935	908	116	24	96.617584	Elementary
2	1	216	0	0	0	1105	908	81	19	-1	
3	1	216	1	0	0	1105	908	81	19	-1	
4	1	216	1	1	0	1105	908	81	19	-1	
5	1	216	1	1	1	1105	908	81	19	95.217583	NORTH
2	1	217	0	0	0	1250	908	145	19	-1	
3	1	217	1	0	0	1250	908	145	19	-1	
4	1	217	1	1	0	1250	908	145	19	-1	
5	1	217	1	1	1	1250	908	105	19	91.447144	Kashmere
5	1	217	1	1	2	1365	908	30	19	95.687645	HS
2	1	218	0	0	0	1668	908	38	19	-1	
3	1	218	1	0	0	1668	908	38	19	-1	
4	1	218	1	1	0	1668	908	38	19	-1	
5	1	218	1	1	1	1668	908	38	19	96.826866	385
2	1	219	0	0	0	1774	908	136	22	-1	
3	1	219	1	0	0	1774	908	136	22	-1	
4	1	219	1	1	0	1774	908	136	22	-1	
5	1	219	1	1	1	1774	908	136	22	92.534317	3,456,885.00
2	1	220	0	0	0	2021	908	114	22	-1	
3	1	220	1	0	0	2021	908	114	22	-1	
4	1	220	1	1	0	2021	908	114	22	-1	
5	1	220	1	1	1	2021	908	114	22	96.559097	178,296.00
2	1	221	0	0	0	2211	908	115	22	-1	
3	1	221	1	0	0	2211	908	115	22	-1	
4	1	221	1	1	0	2211	908	115	22	-1	
5	1	221	1	1	1	2211	908	115	22	96.776024	132,300.00
2	1	222	0	0	0	2405	908	91	22	-1	
3	1	222	1	0	0	2405	908	91	22	-1	
4	1	222	1	1	0	2405	908	91	22	-1	
5	1	222	1	1	1	2405	908	91	22	95.847267	2,000.00
2	1	223	0	0	0	2633	919	7	2	-1	
3	1	223	1	0	0	2633	919	7	2	-1	
4	1	223	1	1	0	2633	919	7	2	-1	
5	1	223	1	1	1	2633	919	7	2	52.294125	-
2	1	224	0	0	0	2734	908	136	22	-1	
3	1	224	1	0	0	2734	908	136	22	-1	
4	1	224	1	1	0	2734	908	136	22	-1	
5	1	224	1	1	1	2734	908	136	22	91.521065	3,769,481.00
2	1	225	0	0	0	2946	908	114	22	-1	
3	1	225	1	0	0	2946	908	114	22	-1	
4	1	225	1	1	0	2946	908	114	22	-1	
5	1	225	1	1	1	2946	908	114	22	96.453995	144,678.07
2	1	226	0	0	0	223	944	151	19	-1	
3	1	226	1	0	0	223	944	151	19	-1	
4	1	226	1	1	0	223	944	151	19	-1	
5	1	226	1	1	1	223	944	113	19	96.657356	McNamara
5	1	226	1	1	2	345	944	29	19	96.349937	ES
2	1	227	0	0	0	574	944	37	19	-1	
3	1	227	1	0	0	574	944	37	19	-1	
4	1	227	1	1	0	574	944	37	19	-1	
5	1	227	1	1	1	574	944	37	19	95.612755	227
2	1	228	0	0	0	717	944	96	19	-1	
3	1	228	1	0	0	717	944	96	19	-1	
4	1	228	1	1	0	717	944	96	19	-1	
5	1	228	1	1	1	717	944	96	19	91.844360	Non-NES
2	1	229	0	0	0	1103	944	68	19	-1	
3	1	229	1	0	0	1103	944	68	19	-1	
4	1	229	1	1	0	1103	944	68	19	-1	
5	1	229	1	1	1	1103	944	68	19	96.451431	WEST
2	1	230	0	0	0	1668	944	37	19	-1	
3	1	230	1	0	0	1668	944	37	19	-1	
4	1	230	1	1	0	1668	944	37	19	-1	
5	1	230	1	1	1	1668	944	37	19	96.801323	878
2	1	231	0	0	0	1774	944	136	22	-1	
3	1	231	1	0	0	1774	944	136	22	-1	
4	1	231	1	1	0	1774	944	136	22	-1	
5	1	231	1	1	1	1774	944	136	22	92.753563	5,248,806.00
2	1	232	0	0	0	2021	944	114	22	-1	
3	1	232	1	0	0	2021	944	114	22	-1	
4	1	232	1	1	0	2021	944	114	22	-1	
5	1	232	1	1	1	2021	944	114	22	96.642471	163,019.00
2	1	233	0	0	0	2223	944	103	22	-1	
3	1	233	1	0	0	2223	944	103	22	-1	
4	1	233	1	1	0	2223	944	103	22	-1	
5	1	233	1	1	1	2223	944	103	22	95.725510	87,543.00
2	1	234	0	0	0	2406	944	90	22	-1	
3	1	234	1	0	0	2406	944	90	22	-1	
4	1	234	1	1	0	2406	944	90	22	-1	
5	1	234	1	1	1	2406	944	90	22	96.477684	9,900.00
2	1	235	0	0	0	2564	944	101	22	-1	
3	1	235	1	0	0	2564	944	101	22	-1	
4	1	235	1	1	0	2564	944	101	22	-1	
5	1	235	1	1	1	2564	944	101	22	96.681755	12,000.00
2	1	236	0	0	0	2734	944	136	22	-1	
3	1	236	1	0	0	2734	944	136	22	-1	
4	1	236	1	1	0	2734	944	136	22	-1	
5	1	236	1	1	1	2734	944	136	22	90.224487	5,521,268.00
2	1	237	0	0	0	2944	944	116	22	-1	
3	1	237	1	0	0	2944	944	116	22	-1	
4	1	237	1	1	0	2944	944	116	22	-1	
5	1	237	1	1	1	2944	944	116	22	96.766327	348,664.83
2	1	238	0	0	0	935	944	116	24	-1	
3	1	238	1	0	0	935	944	116	24	-1	
4	1	238	1	1	0	935	944	116	24	-1	
5	1	238	1	1	1	935	944	116	24	96.144592	Elementary
2	1	239	0	0	0	1249	944	161	24	-1	
3	1	239	1	0	0	1249	944	161	24	-1	
4	1	239	1	1	0	1249	944	161	24	-1	
5	1	239	1	1	1	1249	944	123	24	96.738480	Sharpstown
5	1	239	1	1	2	1381	944	29	19	95.785393	HS
2	1	240	0	0	0	223	979	167	24	-1	
3	1	240	1	0	0	223	979	167	24	-1	
4	1	240	1	1	0	223	979	167	24	-1	
5	1	240	1	1	1	223	980	125	23	95.639992	McReynolds
5	1	240	1	1	2	358	979	32	20	96.979691	MS
2	1	241	0	0	0	574	980	37	18	-1	
3	1	241	1	0	0	574	980	37	18	-1	
4	1	241	1	1	0	574	980	37	18	-1	
5	1	241	1	1	1	574	980	37	18	96.816666	062
2	1	242	0	0	0	717	979	45	20	-1	
3	1	242	1	0	0	717	979	45	20	-1	
4	1	242	1	1	0	717	979	45	20	-1	
5	1	242	1	1	1	717	979	45	20	96.134651	NES
2	1	243	0	0	0	935	979	143	20	-1	
3	1	243	1	0	0	935	979	143	20	-1	
4	1	243	1	1	0	935	979	143	20	-1	
5	1	243	1	1	1	935	980	66	19	96.551140	Middle
5	1	243	1	1	2	1009	979	69	20	96.059830	School
2	1	244	0	0	0	1104	980	109	19	-1	
3	1	244	1	0	0	1104	980	109	19	-1	
4	1	244	1	1	0	1104	980	109	19	-1	
5	1	244	1	1	1	1104	980	109	19	96.725929	CENTRAL
2	1	245	0	0	0	1249	979	136	24	-1	
3	1	245	1	0	0	1249	979	136	24	-1	
4	1	245	1	1	0	1249	979	136	24	-1	
5	1	245	1	1	1	1249	980	97	23	95.961723	Wheatley
5	1	245	1	1	2	1355	979	30	20	96.328453	HS
2	1	246	0	0	0	1667	980	38	18	-1	
3	1	246	1	0	0	1667	980	38	18	-1	
4	1	246	1	1	0	1667	980	38	18	-1	
5	1	246	1	1	1	1667	980	38	18	96.304016	274
2	1	247	0	0	0	1774	980	136	22	-1	
3	1	247	1	0	0	1774	980	136	22	-1	
4	1	247	1	1	0	1774	980	136	22	-1	
5	1	247	1	1	1	1774	980	136	22	91.817032	3,737,597.00
2	1	248	0	0	0	2018	980	117	22	-1	
3	1	248	1	0	0	2018	980	117	22	-1	
4	1	248	1	1	0	2018	980	117	22	-1	
5	1	248	1	1	1	2018	980	117	22	92.990425	432,595.00
2	1	249	0	0	0	2211	980	115	22	-1	
3	1	249	1	0	0	2211	980	115	22	-1	
4	1	249	1	1	0	2211	980	115	22	-1	
5	1	249	1	1	1	2211	980	115	22	96.624741	121,580.00
2	1	250	0	0	0	2405	980	91	22	-1	
3	1	250	1	0	0	2405	980	91	22	-1	
4	1	250	1	1	0	2405	980	91	22	-1	
5	1	250	1	1	1	2405	980	91	22	96.550430	5,000.00
2	1	251	0	0	0	2633	991	7	2	-1	
3	1	251	1	0	0	2633	991	7	2	-1	
4	1	251	1	1	0	2633	991	7	2	-1	
5	1	251	1	1	1	2633	991	7	2	52.294125	-
2	1	252	0	0	0	2734	980	136	22	-1	
3	1	252	1	0	0	2734	980	136	22	-1	
4	1	252	1	1	0	2734	980	136	22	-1	
5	1	252	1	1	1	2734	980	136	22	92.080612	4,296,772.00
2	1	253	0	0	0	2946	980	114	22	-1	
3	1	253	1	0	0	2946	980	114	22	-1	
4	1	253	1	1	0	2946	980	114	22	-1	
5	1	253	1	1	1	2946	980	114	22	94.772034	112,815.06
2	1	254	0	0	0	223	1016	131	19	-1	
3	1	254	1	0	0	223	1016	131	19	-1	
4	1	254	1	1	0	223	1016	131	19	-1	
5	1	254	1	1	1	223	1016	93	19	96.544685	Memorial
5	1	254	1	1	2	326	1016	28	19	96.544685	ES
2	1	255	0	0	0	574	1016	38	18	-1	
3	1	255	1	0	0	574	1016	38	18	-1	
4	1	255	1	1	0	574	1016	38	18	-1	
5	1	255	1	1	1	574	1016	38	18	96.967598	204
2	1	256	0	0	0	717	1015	96	20	-1	
3	1	256	1	0	0	717	1015	96	20	-1	
4	1	256	1	1	0	717	1015	96	20	-1	
5	1	256	1	1	1	717	1015	96	20	91.192520	Non-NES
2	1	257	0	0	0	1104	1016	109	19	-1	
3	1	257	1	0	0	1104	1016	109	19	-1	
4	1	257	1	1	0	1104	1016	109	19	-1	
5	1	257	1	1	1	1104	1016	109	19	96.137245	CENTRAL
2	1	258	0	0	0	1250	1016	104	19	-1	
3	1	258	1	0	0	1250	1016	104	19	-1	
4	1	258	1	1	0	1250	1016	104	19	-1	
5	1	258	1	1	1	1250	1016	66	18	95.804680	Lamar
5	1	258	1	1	2	1325	1016	29	19	95.804680	HS
2	1	259	0	0	0	1667	1016	38	18	-1	
3	1	259	1	0	0	1667	1016	38	18	-1	
4	1	259	1	1	0	1667	1016	38	18	-1	
5	1	259	1	1	1	1667	1016	38	18	96.700119	469
2	1	260	0	0	0	1774	1016	136	22	-1	
3	1	260	1	0	0	1774	1016	136	22	-1	
4	1	260	1	1	0	1774	1016	136	22	-1	
5	1	260	1	1	1	1774	1016	136	22	92.761848	3,145,091.00
2	1	261	0	0	0	2020	1016	115	22	-1	
3	1	261	1	0	0	2020	1016	115	22	-1	
4	1	261	1	1	0	2020	1016	115	22	-1	
5	1	261	1	1	1	2020	1016	115	22	96.490990	164,926.00
2	1	262	0	0	0	2211	1016	115	22	-1	
3	1	262	1	0	0	2211	1016	115	22	-1	
4	1	262	1	1	0	2211	1016	115	22	-1	
5	1	262	1	1	1	2211	1016	115	22	96.426758	114,031.00
2	1	263	0	0	0	2405	1016	91	22	-1	
3	1	263	1	0	0	2405	1016	91	22	-1	
4	1	263	1	1	0	2405	1016	91	22	-1	
5	1	263	1	1	1	2405	1016	91	22	96.631599	8,000.00
2	1	264	0	0	0	2575	1016	90	22	-1	
3	1	264	1	0	0	2575	1016	90	22	-1	
4	1	264	1	1	0	2575	1016	90	22	-1	
5	1	264	1	1	1	2575	1016	90	22	96.223541	4,690.00
2	1	265	0	0	0	2734	1016	136	22	-1	
3	1	265	1	0	0	2734	1016	136	22	-1	
4	1	265	1	1	0	2734	1016	136	22	-1	
5	1	265	1	1	1	2734	1016	136	22	92.635513	3,436,738.00
2	1	266	0	0	0	2957	1016	103	22	-1	
3	1	266	1	0	0	2957	1016	103	22	-1	
4	1	266	1	1	0	2957	1016	103	22	-1	
5	1	266	1	1	1	2957	1016	103	22	96.902107	56,588.07
2	1	267	0	0	0	935	1016	116	23	-1	
3	1	267	1	0	0	935	1016	116	23	-1	
4	1	267	1	1	0	935	1016	116	23	-1	
5	1	267	1	1	1	935	1016	116	23	95.741539	Elementary
2	1	268	0	0	0	223	1051	201	24	-1	
3	1	268	1	0	0	223	1051	201	24	-1	
4	1	268	1	1	0	223	1051	201	24	-1	
5	1	268	1	1	1	223	1052	105	23	92.220818	Meyerland
5	1	268	1	1	2	338	1052	44	18	96.757538	PVA
5	1	268	1	1	3	392	1051	32	20	96.317589	MS
2	1	269	0	0	0	574	1052	37	18	-1	
3	1	269	1	0	0	574	1052	37	18	-1	
4	1	269	1	1	0	574	1052	37	18	-1	
5	1	269	1	1	1	574	1052	37	18	93.685135	055
2	1	270	0	0	0	717	1051	96	20	-1	
3	1	270	1	0	0	717	1051	96	20	-1	
4	1	270	1	1	0	717	1051	96	20	-1	
5	1	270	1	1	1	717	1051	96	20	91.115829	Non-NES
2	1	271	0	0	0	935	1051	143	20	-1	
3	1	271	1	0	0	935	1051	143	20	-1	
4	1	271	1	1	0	935	1051	143	20	-1	
5	1	271	1	1	1	935	1052	66	19	96.387955	Middle
5	1	271	1	1	2	1009	1051	69	20	96.507637	School
2	1	272	0	0	0	1103	1052	68	19	-1	
3	1	272	1	0	0	1103	1052	68	19	-1	
4	1	272	1	1	0	1103	1052	68	19	-1	
5	1	272	1	1	1	1103	1052	68	19	96.370377	WEST
2	1	273	0	0	0	1250	1052	114	19	-1	
3	1	273	1	0	0	1250	1052	114	19	-1	
4	1	273	1	1	0	1250	1052	114	19	-1	
5	1	273	1	1	1	1250	1052	76	19	95.891220	Bellaire
5	1	273	1	1	2	1335	1052	29	19	96.650444	HS
2	1	274	0	0	0	1649	1052	56	22	-1	
3	1	274	1	0	0	1649	1052	56	22	-1	
4	1	274	1	1	0	1649	1052	56	22	-1	
5	1	274	1	1	1	1649	1052	56	22	96.308510	1,154
2	1	275	0	0	0	1774	1052	136	22	-1	
3	1	275	1	0	0	1774	1052	136	22	-1	
4	1	275	1	1	0	1774	1052	136	22	-1	
5	1	275	1	1	1	1774	1052	136	22	91.330345	7,600,499.00
2	1	276	0	0	0	2019	1052	116	22	-1	
3	1	276	1	0	0	2019	1052	116	22	-1	
4	1	276	1	1	0	2019	1052	116	22	-1	
5	1	276	1	1	1	2019	1052	116	22	96.624062	722,204.00
2	1	277	0	0	0	2209	1052	117	22	-1	
3	1	277	1	0	0	2209	1052	117	22	-1	
4	1	277	1	1	0	2209	1052	117	22	-1	
5	1	277	1	1	1	2209	1052	117	22	96.442902	236,812.00
2	1	278	0	0	0	2405	1052	91	22	-1	
3	1	278	1	0	0	2405	1052	91	22	-1	
4	1	278	1	1	0	2405	1052	91	22	-1	
5	1	278	1	1	1	2405	1052	91	22	96.108902	2,550.00
2	1	279	0	0	0	2564	1052	101	22	-1	
3	1	279	1	0	0	2564	1052	101	22	-1	
4	1	279	1	1	0	2564	1052	101	22	-1	
5	1	279	1	1	1	2564	1052	101	22	96.477211	11,540.00
2	1	280	0	0	0	2734	1052	136	22	-1	
3	1	280	1	0	0	2734	1052	136	22	-1	
4	1	280	1	1	0	2734	1052	136	22	-1	
5	1	280	1	1	1	2734	1052	136	22	91.544479	8,573,605.00
2	1	281	0	0	0	2944	1052	116	22	-1	
3	1	281	1	0	0	2944	1052	116	22	-1	
4	1	281	1	1	0	2944	1052	116	22	-1	
5	1	281	1	1	1	2944	1052	116	22	96.790176	212,452.95
2	1	282	0	0	0	574	1088	35	18	-1	
3	1	282	1	0	0	574	1088	35	18	-1	
4	1	282	1	1	0	574	1088	35	18	-1	
5	1	282	1	1	1	574	1088	35	18	96.114021	011
2	1	283	0	0	0	717	1087	96	20	-1	
3	1	283	1	0	0	717	1087	96	20	-1	
4	1	283	1	1	0	717	1087	96	20	-1	
5	1	283	1	1	1	717	1087	96	20	91.775627	Non-NES
2	1	284	0	0	0	1104	1087	80	20	-1	
3	1	284	1	0	0	1104	1087	80	20	-1	
4	1	284	1	1	0	1104	1087	80	20	-1	
5	1	284	1	1	1	1104	1087	80	20	96.050797	SOUTH
2	1	285	0	0	0	1647	1088	58	22	-1	
3	1	285	1	0	0	1647	1088	58	22	-1	
4	1	285	1	1	0	1647	1088	58	22	-1	
5	1	285	1	1	1	1647	1088	58	22	94.628639	2,113
2	1	286	0	0	0	1763	1088	147	22	-1	
3	1	286	1	0	0	1763	1088	147	22	-1	
4	1	286	1	1	0	1763	1088	147	22	-1	
5	1	286	1	1	1	1763	1088	147	22	92.213753	13,426,431.00
2	1	287	0	0	0	2019	1088	116	22	-1	
3	1	287	1	0	0	2019	1088	116	22	-1	
4	1	287	1	1	0	2019	1088	116	22	-1	
5	1	287	1	1	1	2019	1088	116	22	96.338097	954,136.00
2	1	288	0	0	0	2210	1088	115	21	-1	
3	1	288	1	0	0	2210	1088	115	21	-1	
4	1	288	1	1	0	2210	1088	115	21	-1	
5	1	288	1	1	1	2210	1088	115	21	96.623131	714,243.00
2	1	289	0	0	0	2379	1088	116	22	-1	
3	1	289	1	0	0	2379	1088	116	22	-1	
4	1	289	1	1	0	2379	1088	116	22	-1	
5	1	289	1	1	1	2379	1088	116	22	96.085312	329,129.00
2	1	290	0	0	0	2562	1088	103	22	-1	
3	1	290	1	0	0	2562	1088	103	22	-1	
4	1	290	1	1	0	2562	1088	103	22	-1	
5	1	290	1	1	1	2562	1088	103	22	96.434540	21,130.00
2	1	291	0	0	0	2722	1088	148	22	-1	
3	1	291	1	0	0	2722	1088	148	22	-1	
4	1	291	1	1	0	2722	1088	148	22	-1	
5	1	291	1	1	1	2722	1088	148	22	91.091301	15,445,069.00
2	1	292	0	0	0	2944	1088	116	22	-1	
3	1	292	1	0	0	2944	1088	116	22	-1	
4	1	292	1	1	0	2944	1088	116	22	-1	
5	1	292	1	1	1	2944	1088	116	22	96.524887	767,916.98
2	1	293	0	0	0	223	1087	90	24	-1	
3	1	293	1	0	0	223	1087	90	24	-1	
4	1	293	1	1	0	223	1087	90	24	-1	
5	1	293	1	1	1	223	1087	51	24	76.995560	Milby
5	1	293	1	1	2	283	1087	30	20	96.851379	HS
2	1	294	0	0	0	935	1087	123	24	-1	
3	1	294	1	0	0	935	1087	123	24	-1	
4	1	294	1	1	0	935	1087	123	24	-1	
5	1	294	1	1	1	935	1088	45	23	96.996048	High
5	1	294	1	1	2	989	1087	69	20	95.124786	School
2	1	295	0	0	0	1250	1087	90	24	-1	
3	1	295	1	0	0	1250	1087	90	24	-1	
4	1	295	1	1	0	1250	1087	90	24	-1	
5	1	295	1	1	1	1250	1087	51	24	92.711395	Milby
5	1	295	1	1	2	1311	1088	29	19	96.953491	HS
2	1	296	0	0	0	223	1123	89	20	-1	
3	1	296	1	0	0	223	1123	89	20	-1	
4	1	296	1	1	0	223	1123	89	20	-1	
5	1	296	1	1	1	223	1123	52	19	96.855515	Milne
5	1	296	1	1	2	284	1123	28	20	96.916656	ES
2	1	297	0	0	0	574	1124	37	18	-1	
3	1	297	1	0	0	574	1124	37	18	-1	
4	1	297	1	1	0	574	1124	37	18	-1	
5	1	297	1	1	1	574	1124	37	18	96.477776	299
2	1	298	0	0	0	717	1123	44	20	-1	
3	1	298	1	0	0	717	1123	44	20	-1	
4	1	298	1	1	0	717	1123	44	20	-1	
5	1	298	1	1	1	717	1123	44	20	96.188759	NES
2	1	299	0	0	0	935	1123	116	24	-1	
3	1	299	1	0	0	935	1123	116	24	-1	
4	1	299	1	1	0	935	1123	116	24	-1	
5	1	299	1	1	1	935	1123	116	24	96.190659	Elementary
2	1	300	0	0	0	1103	1123	68	20	-1	
3	1	300	1	0	0	1103	1123	68	20	-1	
4	1	300	1	1	0	1103	1123	68	20	-1	
5	1	300	1	1	1	1103	1123	68	20	96.340050	WEST
2	1	301	0	0	0	1249	1124	161	23	-1	
3	1	301	1	0	0	1249	1124	161	23	-1	
4	1	301	1	1	0	1249	1124	161	23	-1	
5	1	301	1	1	1	1249	1124	123	23	96.392662	Sharpstown
5	1	301	1	1	2	1381	1124	29	19	96.392662	HS
2	1	302	0	0	0	1667	1124	38	18	-1	
3	1	302	1	0	0	1667	1124	38	18	-1	
4	1	302	1	1	0	1667	1124	38	18	-1	
5	1	302	1	1	1	1667	1124	38	18	96.482025	457
2	1	303	0	0	0	1774	1124	136	22	-1	
3	1	303	1	0	0	1774	1124	136	22	-1	
4	1	303	1	1	0	1774	1124	136	22	-1	
5	1	303	1	1	1	1774	1124	136	22	92.195862	4,312,801.00
2	1	304	0	0	0	2020	1124	115	22	-1	
3	1	304	1	0	0	2020	1124	115	22	-1	
4	1	304	1	1	0	2020	1124	115	22	-1	
5	1	304	1	1	1	2020	1124	115	22	96.642021	162,827.00
2	1	305	0	0	0	2211	1124	114	21	-1	
3	1	305	1	0	0	2211	1124	114	21	-1	
4	1	305	1	1	0	2211	1124	114	21	-1	
5	1	305	1	1	1	2211	1124	114	21	94.659065	158,100.00
2	1	306	0	0	0	2405	1124	90	22	-1	
3	1	306	1	0	0	2405	1124	90	22	-1	
4	1	306	1	1	0	2405	1124	90	22	-1	
5	1	306	1	1	1	2405	1124	90	22	96.775131	2,000.00
2	1	307	0	0	0	2633	1134	7	3	-1	
3	1	307	1	0	0	2633	1134	7	3	-1	
4	1	307	1	1	0	2633	1134	7	3	-1	
5	1	307	1	1	1	2633	1134	7	3	87.519112	-
2	1	308	0	0	0	2734	1124	136	22	-1	
3	1	308	1	0	0	2734	1124	136	22	-1	
4	1	308	1	1	0	2734	1124	136	22	-1	
5	1	308	1	1	1	2734	1124	136	22	92.137703	4,635,728.00
2	1	309	0	0	0	2946	1124	114	22	-1	
3	1	309	1	0	0	2946	1124	114	22	-1	
4	1	309	1	1	0	2946	1124	114	22	-1	
5	1	309	1	1	1	2946	1124	114	22	96.324417	183,661.38
2	1	310	0	0	0	223	1159	123	20	-1	
3	1	310	1	0	0	223	1159	123	20	-1	
4	1	310	1	1	0	223	1159	123	20	-1	
5	1	310	1	1	1	223	1159	66	19	96.816162	Mistral
5	1	310	1	1	2	299	1159	47	20	96.633514	ECC
2	1	311	0	0	0	574	1160	38	18	-1	
3	1	311	1	0	0	574	1160	38	18	-1	
4	1	311	1	1	0	574	1160	38	18	-1	
5	1	311	1	1	1	574	1160	38	18	76.194778	3564
2	1	312	0	0	0	717	1159	95	20	-1	
3	1	312	1	0	0	717	1159	95	20	-1	
4	1	312	1	1	0	717	1159	95	20	-1	
5	1	312	1	1	1	717	1159	95	20	91.521530	Non-NES
2	1	313	0	0	0	1103	1159	68	20	-1	
3	1	313	1	0	0	1103	1159	68	20	-1	
4	1	313	1	1	0	1103	1159	68	20	-1	
5	1	313	1	1	1	1103	1159	68	20	96.121391	WEST
2	1	314	0	0	0	1250	1159	114	20	-1	
3	1	314	1	0	0	1250	1159	114	20	-1	
4	1	314	1	1	0	1250	1159	114	20	-1	
5	1	314	1	1	1	1250	1159	76	19	96.614555	Bellaire
5	1	314	1	1	2	1335	1159	29	20	96.798676	HS
2	1	315	0	0	0	1668	1160	37	18	-1	
3	1	315	1	0	0	1668	1160	37	18	-1	
4	1	315	1	1	0	1668	1160	37	18	-1	
5	1	315	1	1	1	1668	1160	37	18	96.840897	373
2	1	316	0	0	0	1774	1160	136	22	-1	
3	1	316	1	0	0	1774	1160	136	22	-1	
4	1	316	1	1	0	1774	1160	136	22	-1	
5	1	316	1	1	1	1774	1160	136	22	92.301933	2,671,509.00
2	1	317	0	0	0	2020	1160	115	22	-1	
3	1	317	1	0	0	2020	1160	115	22	-1	
4	1	317	1	1	0	2020	1160	115	22	-1	
5	1	317	1	1	1	2020	1160	115	22	93.798180	158,716.00
2	1	318	0	0	0	2211	1160	114	21	-1	
3	1	318	1	0	0	2211	1160	114	21	-1	
4	1	318	1	1	0	2211	1160	114	21	-1	
5	1	318	1	1	1	2211	1160	114	21	96.950600	126,241.00
2	1	319	0	0	0	2405	1160	90	22	-1	
3	1	319	1	0	0	2405	1160	90	22	-1	
4	1	319	1	1	0	2405	1160	90	22	-1	
5	1	319	1	1	1	2405	1160	90	22	96.582970	6,501.00
2	1	320	0	0	0	2575	1160	90	22	-1	
3	1	320	1	0	0	2575	1160	90	22	-1	
4	1	320	1	1	0	2575	1160	90	22	-1	
5	1	320	1	1	1	2575	1160	90	22	96.801682	3,730.00
2	1	321	0	0	0	2733	1160	137	22	-1	
3	1	321	1	0	0	2733	1160	137	22	-1	
4	1	321	1	1	0	2733	1160	137	22	-1	
5	1	321	1	1	1	2733	1160	137	22	92.561111	2,966,697.00
2	1	322	0	0	0	2946	1160	114	22	-1	
3	1	322	1	0	0	2946	1160	114	22	-1	
4	1	322	1	1	0	2946	1160	114	22	-1	
5	1	322	1	1	1	2946	1160	114	22	96.840775	116,538.98
2	1	323	0	0	0	935	1159	116	24	-1	
3	1	323	1	0	0	935	1159	116	24	-1	
4	1	323	1	1	0	935	1159	116	24	-1	
5	1	323	1	1	1	935	1159	116	24	96.410141	Elementary
2	1	324	0	0	0	223	1195	113	19	-1	
3	1	324	1	0	0	223	1195	113	19	-1	
4	1	324	1	1	0	223	1195	113	19	-1	
5	1	324	1	1	1	223	1195	75	19	96.788757	Mitchell
5	1	324	1	1	2	308	1195	28	19	96.967316	ES
2	1	325	0	0	0	574	1195	38	19	-1	
3	1	325	1	0	0	574	1195	38	19	-1	
4	1	325	1	1	0	574	1195	38	19	-1	
5	1	325	1	1	1	574	1195	38	19	96.753319	264
2	1	326	0	0	0	717	1195	44	19	-1	
3	1	326	1	0	0	717	1195	44	19	-1	
4	1	326	1	1	0	717	1195	44	19	-1	
5	1	326	1	1	1	717	1195	44	19	95.506149	NES
2	1	327	0	0	0	935	1195	116	24	-1	
3	1	327	1	0	0	935	1195	116	24	-1	
4	1	327	1	1	0	935	1195	116	24	-1	
5	1	327	1	1	1	935	1195	116	24	96.375893	Elementary
2	1	328	0	0	0	1104	1195	81	19	-1	
3	1	328	1	0	0	1104	1195	81	19	-1	
4	1	328	1	1	0	1104	1195	81	19	-1	
5	1	328	1	1	1	1104	1195	81	19	94.909470	SOUTH
2	1	329	0	0	0	1250	1195	116	24	-1	
3	1	329	1	0	0	1250	1195	116	24	-1	
4	1	329	1	1	0	1250	1195	116	24	-1	
5	1	329	1	1	1	1250	1195	77	24	96.369148	Sterling
5	1	329	1	1	2	1337	1195	29	19	96.543800	HS
2	1	330	0	0	0	1668	1195	37	19	-1	
3	1	330	1	0	0	1668	1195	37	19	-1	
4	1	330	1	1	0	1668	1195	37	19	-1	
5	1	330	1	1	1	1668	1195	37	19	96.914566	507
2	1	331	0	0	0	1774	1195	136	22	-1	
3	1	331	1	0	0	1774	1195	136	22	-1	
4	1	331	1	1	0	1774	1195	136	22	-1	
5	1	331	1	1	1	1774	1195	136	22	92.297409	4,492,097.00
2	1	332	0	0	0	2020	1195	115	22	-1	
3	1	332	1	0	0	2020	1195	115	22	-1	
4	1	332	1	1	0	2020	1195	115	22	-1	
5	1	332	1	1	1	2020	1195	115	22	96.848328	153,776.00
2	1	333	0	0	0	2211	1195	114	22	-1	
3	1	333	1	0	0	2211	1195	114	22	-1	
4	1	333	1	1	0	2211	1195	114	22	-1	
5	1	333	1	1	1	2211	1195	114	22	96.529793	174,300.00
2	1	334	0	0	0	2405	1195	90	22	-1	
3	1	334	1	0	0	2405	1195	90	22	-1	
4	1	334	1	1	0	2405	1195	90	22	-1	
5	1	334	1	1	1	2405	1195	90	22	96.794037	2,000.00
2	1	335	0	0	0	2633	1206	7	3	-1	
3	1	335	1	0	0	2633	1206	7	3	-1	
4	1	335	1	1	0	2633	1206	7	3	-1	
5	1	335	1	1	1	2633	1206	7	3	87.519112	-
2	1	336	0	0	0	2733	1196	137	22	-1	
3	1	336	1	0	0	2733	1196	137	22	-1	
4	1	336	1	1	0	2733	1196	137	22	-1	
5	1	336	1	1	1	2733	1196	137	22	91.243607	4,822,173.00
2	1	337	0	0	0	2946	1196	114	22	-1	
3	1	337	1	0	0	2946	1196	114	22	-1	
4	1	337	1	1	0	2946	1196	114	22	-1	
5	1	337	1	1	1	2946	1196	114	22	96.756348	193,855.86
2	1	338	0	0	0	223	1231	101	19	-1	
3	1	338	1	0	0	223	1231	101	19	-1	
4	1	338	1	1	0	223	1231	101	19	-1	
5	1	338	1	1	1	223	1231	46	19	95.970757	MLK
5	1	338	1	1	2	278	1231	46	19	95.970757	ECC
2	1	339	0	0	0	574	1231	37	19	-1	
3	1	339	1	0	0	574	1231	37	19	-1	
4	1	339	1	1	0	574	1231	37	19	-1	
5	1	339	1	1	1	574	1231	37	19	96.805923	355
2	1	340	0	0	0	717	1231	95	19	-1	
3	1	340	1	0	0	717	1231	95	19	-1	
4	1	340	1	1	0	717	1231	95	19	-1	
5	1	340	1	1	1	717	1231	95	19	90.684471	Non-NES
2	1	341	0	0	0	1104	1231	80	19	-1	
3	1	341	1	0	0	1104	1231	80	19	-1	
4	1	341	1	1	0	1104	1231	80	19	-1	
5	1	341	1	1	1	1104	1231	80	19	95.603081	SOUTH
2	1	342	0	0	0	1250	1231	124	19	-1	
3	1	342	1	0	0	1250	1231	124	19	-1	
4	1	342	1	1	0	1250	1231	124	19	-1	
5	1	342	1	1	1	1250	1231	86	19	96.187523	Madison
5	1	342	1	1	2	1345	1231	29	19	95.796631	HS
2	1	343	0	0	0	1667	1232	38	18	-1	
3	1	343	1	0	0	1667	1232	38	18	-1	
4	1	343	1	1	0	1667	1232	38	18	-1	
5	1	343	1	1	1	1667	1232	38	18	96.432724	299
2	1	344	0	0	0	1774	1231	136	22	-1	
3	1	344	1	0	0	1774	1231	136	22	-1	
4	1	344	1	1	0	1774	1231	136	22	-1	
5	1	344	1	1	1	1774	1231	136	22	93.042526	2,176,739.00
2	1	345	0	0	0	2020	1231	115	22	-1	
3	1	345	1	0	0	2020	1231	115	22	-1	
4	1	345	1	1	0	2020	1231	115	22	-1	
5	1	345	1	1	1	2020	1231	115	22	96.551239	122,192.00
2	1	346	0	0	0	2222	1231	103	22	-1	
3	1	346	1	0	0	2222	1231	103	22	-1	
4	1	346	1	1	0	2222	1231	103	22	-1	
5	1	346	1	1	1	2222	1231	103	22	96.360840	45,608.00
2	1	347	0	0	0	2394	1231	101	22	-1	
3	1	347	1	0	0	2394	1231	101	22	-1	
4	1	347	1	1	0	2394	1231	101	22	-1	
5	1	347	1	1	1	2394	1231	101	22	96.819618	10,000.00
2	1	348	0	0	0	2575	1231	90	22	-1	
3	1	348	1	0	0	2575	1231	90	22	-1	
4	1	348	1	1	0	2575	1231	90	22	-1	
5	1	348	1	1	1	2575	1231	90	22	96.911919	2,990.00
2	1	349	0	0	0	2733	1231	136	22	-1	
3	1	349	1	0	0	2733	1231	136	22	-1	
4	1	349	1	1	0	2733	1231	136	22	-1	
5	1	349	1	1	1	2733	1231	136	22	88.758568	2,357,529.00
2	1	350	0	0	0	2946	1231	114	22	-1	
3	1	350	1	0	0	2946	1231	114	22	-1	
4	1	350	1	1	0	2946	1231	114	22	-1	
5	1	350	1	1	1	2946	1231	114	22	96.713120	115,455.60
2	1	351	0	0	0	935	1231	116	24	-1	
3	1	351	1	0	0	935	1231	116	24	-1	
4	1	351	1	1	0	935	1231	116	24	-1	
5	1	351	1	1	1	935	1231	116	24	95.898018	Elementary
2	1	352	0	0	0	223	1267	165	24	-1	
3	1	352	1	0	0	223	1267	165	24	-1	
4	1	352	1	1	0	223	1267	165	24	-1	
5	1	352	1	1	1	223	1267	128	24	95.558502	Montgomery
5	1	352	1	1	2	360	1267	28	19	96.331100	ES
2	1	353	0	0	0	574	1267	37	19	-1	
3	1	353	1	0	0	574	1267	37	19	-1	
4	1	353	1	1	0	574	1267	37	19	-1	
5	1	353	1	1	1	574	1267	37	19	95.922165	207
2	1	354	0	0	0	717	1267	44	19	-1	
3	1	354	1	0	0	717	1267	44	19	-1	
4	1	354	1	1	0	717	1267	44	19	-1	
5	1	354	1	1	1	717	1267	44	19	95.679344	NES
2	1	355	0	0	0	935	1267	116	24	-1	
3	1	355	1	0	0	935	1267	116	24	-1	
4	1	355	1	1	0	935	1267	116	24	-1	
5	1	355	1	1	1	935	1267	116	24	96.427811	Elementary
2	1	356	0	0	0	1104	1267	80	19	-1	
3	1	356	1	0	0	1104	1267	80	19	-1	
4	1	356	1	1	0	1104	1267	80	19	-1	
5	1	356	1	1	1	1104	1267	80	19	96.006081	SOUTH
2	1	357	0	0	0	1250	1267	124	19	-1	
3	1	357	1	0	0	1250	1267	124	19	-1	
4	1	357	1	1	0	1250	1267	124	19	-1	
5	1	357	1	1	1	1250	1267	86	19	96.252815	Madison
5	1	357	1	1	2	1345	1267	29	19	96.081062	HS
2	1	358	0	0	0	1668	1267	37	19	-1	
3	1	358	1	0	0	1668	1267	37	19	-1	
4	1	358	1	1	0	1668	1267	37	19	-1	
5	1	358	1	1	1	1668	1267	37	19	96.838654	337
2	1	359	0	0	0	1774	1267	136	22	-1	
3	1	359	1	0	0	1774	1267	136	22	-1	
4	1	359	1	1	0	1774	1267	136	22	-1	
5	1	359	1	1	1	1774	1267	136	22	92.381836	3,370,604.00
2	1	360	0	0	0	2020	1267	115	22	-1	
3	1	360	1	0	0	2020	1267	115	22	-1	
4	1	360	1	1	0	2020	1267	115	22	-1	
5	1	360	1	1	1	2020	1267	115	22	96.264328	163,340.00
2	1	361	0	0	0	2211	1267	114	22	-1	
3	1	361	1	0	0	2211	1267	114	22	-1	
4	1	361	1	1	0	2211	1267	114	22	-1	
5	1	361	1	1	1	2211	1267	114	22	96.514824	117,300.00
2	1	362	0	0	0	2405	1267	90	22	-1	
3	1	362	1	0	0	2405	1267	90	22	-1	
4	1	362	1	1	0	2405	1267	90	22	-1	
5	1	362	1	1	1	2405	1267	90	22	96.733978	2,000.00
2	1	363	0	0	0	2633	1278	7	3	-1	
3	1	363	1	0	0	2633	1278	7	3	-1	
4	1	363	1	1	0	2633	1278	7	3	-1	
5	1	363	1	1	1	2633	1278	7	3	87.519112	-
2	1	364	0	0	0	2734	1267	136	22	-1	
3	1	364	1	0	0	2734	1267	136	22	-1	
4	1	364	1	1	0	2734	1267	136	22	-1	
5	1	364	1	1	1	2734	1267	136	22	92.126190	3,653,244.00
2	1	365	0	0	0	2946	1267	111	22	-1	
3	1	365	1	0	0	2946	1267	111	22	-1	
4	1	365	1	1	0	2946	1267	111	22	-1	
5	1	365	1	1	1	2946	1267	111	22	96.679115	132,353.11
2	1	366	0	0	0	223	1303	113	19	-1	
3	1	366	1	0	0	223	1303	113	19	-1	
4	1	366	1	1	0	223	1303	113	19	-1	
5	1	366	1	1	1	223	1303	76	19	95.923187	Moreno
5	1	366	1	1	2	309	1303	27	19	95.923187	ES
2	1	367	0	0	0	574	1303	37	19	-1	
3	1	367	1	0	0	574	1303	37	19	-1	
4	1	367	1	1	0	574	1303	37	19	-1	
5	1	367	1	1	1	574	1303	37	19	96.862740	359
2	1	368	0	0	0	717	1303	95	19	-1	
3	1	368	1	0	0	717	1303	95	19	-1	
4	1	368	1	1	0	717	1303	95	19	-1	
5	1	368	1	1	1	717	1303	95	19	91.946182	Non-NES
2	1	369	0	0	0	1105	1303	81	19	-1	
3	1	369	1	0	0	1105	1303	81	19	-1	
4	1	369	1	1	0	1105	1303	81	19	-1	
5	1	369	1	1	1	1105	1303	81	19	95.240402	NORTH
2	1	370	0	0	0	1250	1303	197	19	-1	
3	1	370	1	0	0	1250	1303	197	19	-1	
4	1	370	1	1	0	1250	1303	197	19	-1	
5	1	370	1	1	1	1250	1303	85	19	93.250145	Houston
5	1	370	1	1	2	1344	1303	64	19	91.151192	MSTC
5	1	370	1	1	3	1418	1303	29	19	96.883614	HS
2	1	371	0	0	0	1667	1303	38	19	-1	
3	1	371	1	0	0	1667	1303	38	19	-1	
4	1	371	1	1	0	1667	1303	38	19	-1	
5	1	371	1	1	1	1667	1303	38	19	96.909210	670
2	1	372	0	0	0	1774	1303	136	22	-1	
3	1	372	1	0	0	1774	1303	136	22	-1	
4	1	372	1	1	0	1774	1303	136	22	-1	
5	1	372	1	1	1	1774	1303	136	22	92.159340	3,914,241.00
2	1	373	0	0	0	2018	1303	117	22	-1	
3	1	373	1	0	0	2018	1303	117	22	-1	
4	1	373	1	1	0	2018	1303	117	22	-1	
5	1	373	1	1	1	2018	1303	117	22	96.468719	267,970.00
2	1	374	0	0	0	2211	1303	115	22	-1	
3	1	374	1	0	0	2211	1303	115	22	-1	
4	1	374	1	1	0	2211	1303	115	22	-1	
5	1	374	1	1	1	2211	1303	115	22	96.609589	134,893.00
2	1	375	0	0	0	2405	1303	91	22	-1	
3	1	375	1	0	0	2405	1303	91	22	-1	
4	1	375	1	1	0	2405	1303	91	22	-1	
5	1	375	1	1	1	2405	1303	91	22	95.894676	7,000.00
2	1	376	0	0	0	2575	1303	90	22	-1	
3	1	376	1	0	0	2575	1303	90	22	-1	
4	1	376	1	1	0	2575	1303	90	22	-1	
5	1	376	1	1	1	2575	1303	90	22	96.936401	6,700.00
2	1	377	0	0	0	2733	1303	137	22	-1	
3	1	377	1	0	0	2733	1303	137	22	-1	
4	1	377	1	1	0	2733	1303	137	22	-1	
5	1	377	1	1	1	2733	1303	137	22	92.245728	4,330,804.00
2	1	378	0	0	0	2944	1303	116	22	-1	
3	1	378	1	0	0	2944	1303	116	22	-1	
4	1	378	1	1	0	2944	1303	116	22	-1	
5	1	378	1	1	1	2944	1303	116	22	96.375343	260,646.04
2	1	379	0	0	0	935	1303	116	24	-1	
3	1	379	1	0	0	935	1303	116	24	-1	
4	1	379	1	1	0	935	1303	116	24	-1	
5	1	379	1	1	1	935	1303	116	24	96.388489	Elementary
2	1	380	0	0	0	223	1339	181	22	-1	
3	1	380	1	0	0	223	1339	181	22	-1	
4	1	380	1	1	0	223	1339	181	22	-1	
5	1	380	1	1	1	223	1339	86	22	93.182251	Navarro,
5	1	380	1	1	2	319	1339	42	19	92.095947	Y.B.
5	1	380	1	1	3	372	1339	32	19	96.223045	MS
2	1	381	0	0	0	574	1339	38	19	-1	
3	1	381	1	0	0	574	1339	38	19	-1	
4	1	381	1	1	0	574	1339	38	19	-1	
5	1	381	1	1	1	574	1339	38	19	96.983810	054
2	1	382	0	0	0	717	1339	45	19	-1	
3	1	382	1	0	0	717	1339	45	19	-1	
4	1	382	1	1	0	717	1339	45	19	-1	
5	1	382	1	1	1	717	1339	45	19	96.190254	NES
2	1	383	0	0	0	935	1339	143	19	-1	
3	1	383	1	0	0	935	1339	143	19	-1	
4	1	383	1	1	0	935	1339	143	19	-1	
5	1	383	1	1	1	935	1339	65	19	96.372559	Middle
5	1	383	1	1	2	1009	1339	69	19	96.774048	School
2	1	384	0	0	0	1104	1339	109	19	-1	
3	1	384	1	0	0	1104	1339	109	19	-1	
4	1	384	1	1	0	1104	1339	109	19	-1	
5	1	384	1	1	1	1104	1339	109	19	96.160019	CENTRAL
2	1	385	0	0	0	1248	1339	103	19	-1	
3	1	385	1	0	0	1248	1339	103	19	-1	
4	1	385	1	1	0	1248	1339	103	19	-1	
5	1	385	1	1	1	1248	1339	65	19	96.809387	Austin
5	1	385	1	1	2	1322	1339	29	19	96.587814	HS
2	1	386	0	0	0	1668	1339	37	19	-1	
3	1	386	1	0	0	1668	1339	37	19	-1	
4	1	386	1	1	0	1668	1339	37	19	-1	
5	1	386	1	1	1	1668	1339	37	19	96.739441	322
2	1	387	0	0	0	1774	1339	136	22	-1	
3	1	387	1	0	0	1774	1339	136	22	-1	
4	1	387	1	1	0	1774	1339	136	22	-1	
5	1	387	1	1	1	1774	1339	136	22	92.268181	3,991,072.00
2	1	388	0	0	0	2019	1339	116	22	-1	
3	1	388	1	0	0	2019	1339	116	22	-1	
4	1	388	1	1	0	2019	1339	116	22	-1	
5	1	388	1	1	1	2019	1339	116	22	93.528564	539,733.00
2	1	389	0	0	0	2211	1339	115	22	-1	
3	1	389	1	0	0	2211	1339	115	22	-1	
4	1	389	1	1	0	2211	1339	115	22	-1	
5	1	389	1	1	1	2211	1339	115	22	96.411293	115,140.00
2	1	390	0	0	0	2405	1339	91	22	-1	
3	1	390	1	0	0	2405	1339	91	22	-1	
4	1	390	1	1	0	2405	1339	91	22	-1	
5	1	390	1	1	1	2405	1339	91	22	96.003052	3,000.00
2	1	391	0	0	0	2633	1350	7	2	-1	
3	1	391	1	0	0	2633	1350	7	2	-1	
4	1	391	1	1	0	2633	1350	7	2	-1	
5	1	391	1	1	1	2633	1350	7	2	52.294125	-
2	1	392	0	0	0	2733	1339	137	22	-1	
3	1	392	1	0	0	2733	1339	137	22	-1	
4	1	392	1	1	0	2733	1339	137	22	-1	
5	1	392	1	1	1	2733	1339	137	22	91.071266	4,648,945.00
2	1	393	0	0	0	2946	1339	114	22	-1	
3	1	393	1	0	0	2946	1339	114	22	-1	
4	1	393	1	1	0	2946	1339	114	22	-1	
5	1	393	1	1	1	2946	1339	114	22	94.444923	151,522.23
2	1	394	0	0	0	223	1375	97	19	-1	
3	1	394	1	0	0	223	1375	97	19	-1	
4	1	394	1	1	0	223	1375	97	19	-1	
5	1	394	1	1	1	223	1375	42	19	96.299171	Neff
5	1	394	1	1	2	273	1375	47	19	96.508385	ECC
2	1	395	0	0	0	574	1375	37	19	-1	
3	1	395	1	0	0	574	1375	37	19	-1	
4	1	395	1	1	0	574	1375	37	19	-1	
5	1	395	1	1	1	574	1375	37	19	96.528542	209
2	1	396	0	0	0	717	1375	96	19	-1	
3	1	396	1	0	0	717	1375	96	19	-1	
4	1	396	1	1	0	717	1375	96	19	-1	
5	1	396	1	1	1	717	1375	96	19	91.961662	Non-NES
2	1	397	0	0	0	1103	1375	68	19	-1	
3	1	397	1	0	0	1103	1375	68	19	-1	
4	1	397	1	1	0	1103	1375	68	19	-1	
5	1	397	1	1	1	1103	1375	68	19	95.815384	WEST
2	1	398	0	0	0	1668	1375	37	19	-1	
3	1	398	1	0	0	1668	1375	37	19	-1	
4	1	398	1	1	0	1668	1375	37	19	-1	
5	1	398	1	1	1	1668	1375	37	19	96.830040	552
2	1	399	0	0	0	1774	1375	136	22	-1	
3	1	399	1	0	0	1774	1375	136	22	-1	
4	1	399	1	1	0	1774	1375	136	22	-1	
5	1	399	1	1	1	1774	1375	136	22	86.154625	3,533,557.00
2	1	400	0	0	0	2018	1375	117	22	-1	
3	1	400	1	0	0	2018	1375	117	22	-1	
4	1	400	1	1	0	2018	1375	117	22	-1	
5	1	400	1	1	1	2018	1375	117	22	96.651291	212,642.00
2	1	401	0	0	0	2223	1375	103	22	-1	
3	1	401	1	0	0	2223	1375	103	22	-1	
4	1	401	1	1	0	2223	1375	103	22	-1	
5	1	401	1	1	1	2223	1375	103	22	96.801758	95,007.00
2	1	402	0	0	0	2392	1375	104	22	-1	
3	1	402	1	0	0	2392	1375	104	22	-1	
4	1	402	1	1	0	2392	1375	104	22	-1	
5	1	402	1	1	1	2392	1375	104	22	96.929306	21,775.00
2	1	403	0	0	0	2564	1375	101	22	-1	
3	1	403	1	0	0	2564	1375	101	22	-1	
4	1	403	1	1	0	2564	1375	101	22	-1	
5	1	403	1	1	1	2564	1375	101	22	95.160637	18,520.00
2	1	404	0	0	0	2734	1375	136	22	-1	
3	1	404	1	0	0	2734	1375	136	22	-1	
4	1	404	1	1	0	2734	1375	136	22	-1	
5	1	404	1	1	1	2734	1375	136	22	92.326805	3,881,501.00
2	1	405	0	0	0	2944	1375	116	22	-1	
3	1	405	1	0	0	2944	1375	116	22	-1	
4	1	405	1	1	0	2944	1375	116	22	-1	
5	1	405	1	1	1	2944	1375	116	22	96.505028	210,831.85
2	1	406	0	0	0	935	1375	116	24	-1	
3	1	406	1	0	0	935	1375	116	24	-1	
4	1	406	1	1	0	935	1375	116	24	-1	
5	1	406	1	1	1	935	1375	116	24	95.933716	Elementary
2	1	407	0	0	0	1249	1375	161	24	-1	
3	1	407	1	0	0	1249	1375	161	24	-1	
4	1	407	1	1	0	1249	1375	161	24	-1	
5	1	407	1	1	1	1249	1375	122	24	96.367584	Sharpstown
5	1	407	1	1	2	1381	1375	29	19	96.456841	HS
2	1	408	0	0	0	223	1411	78	19	-1	
3	1	408	1	0	0	223	1411	78	19	-1	
4	1	408	1	1	0	223	1411	78	19	-1	
5	1	408	1	1	1	223	1411	42	18	96.613159	Neff
5	1	408	1	1	2	273	1411	28	19	96.883301	ES
2	1	409	0	0	0	574	1411	38	18	-1	
3	1	409	1	0	0	574	1411	38	18	-1	
4	1	409	1	1	0	574	1411	38	18	-1	
5	1	409	1	1	1	574	1411	38	18	96.128265	394
2	1	410	0	0	0	717	1410	45	20	-1	
3	1	410	1	0	0	717	1410	45	20	-1	
4	1	410	1	1	0	717	1410	45	20	-1	
5	1	410	1	1	1	717	1410	45	20	96.050835	NES
2	1	411	0	0	0	935	1411	116	23	-1	
3	1	411	1	0	0	935	1411	116	23	-1	
4	1	411	1	1	0	935	1411	116	23	-1	
5	1	411	1	1	1	935	1411	116	23	95.758331	Elementary
2	1	412	0	0	0	1103	1410	68	20	-1	
3	1	412	1	0	0	1103	1410	68	20	-1	
4	1	412	1	1	0	1103	1410	68	20	-1	
5	1	412	1	1	1	1103	1410	68	20	95.810150	WEST
2	1	413	0	0	0	1249	1411	161	23	-1	
3	1	413	1	0	0	1249	1411	161	23	-1	
4	1	413	1	1	0	1249	1411	161	23	-1	
5	1	413	1	1	1	1249	1411	122	23	96.533905	Sharpstown
5	1	413	1	1	2	1381	1411	29	19	96.533905	HS
2	1	414	0	0	0	1667	1411	38	18	-1	
3	1	414	1	0	0	1667	1411	38	18	-1	
4	1	414	1	1	0	1667	1411	38	18	-1	
5	1	414	1	1	1	1667	1411	38	18	95.524063	698
2	1	415	0	0	0	1774	1411	136	22	-1	
3	1	415	1	0	0	1774	1411	136	22	-1	
4	1	415	1	1	0	1774	1411	136	22	-1	
5	1	415	1	1	1	1774	1411	136	22	92.937531	5,407,725.00
2	1	416	0	0	0	2020	1411	115	22	-1	
3	1	416	1	0	0	2020	1411	115	22	-1	
4	1	416	1	1	0	2020	1411	115	22	-1	
5	1	416	1	1	1	2020	1411	115	22	96.151604	174,680.00
2	1	417	0	0	0	2209	1411	117	22	-1	
3	1	417	1	0	0	2209	1411	117	22	-1	
4	1	417	1	1	0	2209	1411	117	22	-1	
5	1	417	1	1	1	2209	1411	117	22	96.598923	235,800.00
2	1	418	0	0	0	2405	1411	91	22	-1	
3	1	418	1	0	0	2405	1411	91	22	-1	
4	1	418	1	1	0	2405	1411	91	22	-1	
5	1	418	1	1	1	2405	1411	91	22	96.623657	2,000.00
2	1	419	0	0	0	2633	1422	7	2	-1	
3	1	419	1	0	0	2633	1422	7	2	-1	
4	1	419	1	1	0	2633	1422	7	2	-1	
5	1	419	1	1	1	2633	1422	7	2	52.294125	-
2	1	420	0	0	0	2734	1411	136	22	-1	
3	1	420	1	0	0	2734	1411	136	22	-1	
4	1	420	1	1	0	2734	1411	136	22	-1	
5	1	420	1	1	1	2734	1411	136	22	91.914146	5,820,205.00
2	1	421	0	0	0	2944	1411	116	22	-1	
3	1	421	1	0	0	2944	1411	116	22	-1	
4	1	421	1	1	0	2944	1411	116	22	-1	
5	1	421	1	1	1	2944	1411	116	22	96.572266	262,992.53
2	1	422	0	0	0	223	1446	168	20	-1	
3	1	422	1	0	0	223	1446	168	20	-1	
4	1	422	1	1	0	223	1446	168	20	-1	
5	1	422	1	1	1	223	1447	55	18	96.940170	North
5	1	422	1	1	2	287	1447	65	18	96.554092	Forest
5	1	422	1	1	3	361	1446	30	20	96.734940	HS
2	1	423	0	0	0	573	1447	38	18	-1	
3	1	423	1	0	0	573	1447	38	18	-1	
4	1	423	1	1	0	573	1447	38	18	-1	
5	1	423	1	1	1	573	1447	38	18	95.321541	477
2	1	424	0	0	0	717	1446	45	20	-1	
3	1	424	1	0	0	717	1446	45	20	-1	
4	1	424	1	1	0	717	1446	45	20	-1	
5	1	424	1	1	1	717	1446	45	20	96.082268	NES
2	1	425	0	0	0	935	1447	123	23	-1	
3	1	425	1	0	0	935	1447	123	23	-1	
4	1	425	1	1	0	935	1447	123	23	-1	
5	1	425	1	1	1	935	1447	46	23	96.698784	High
5	1	425	1	1	2	989	1447	69	19	96.743996	School
2	1	426	0	0	0	1105	1447	81	19	-1	
3	1	426	1	0	0	1105	1447	81	19	-1	
4	1	426	1	1	0	1105	1447	81	19	-1	
5	1	426	1	1	1	1105	1447	81	19	96.245140	NORTH
2	1	427	0	0	0	1250	1447	168	19	-1	
3	1	427	1	0	0	1250	1447	168	19	-1	
4	1	427	1	1	0	1250	1447	168	19	-1	
5	1	427	1	1	1	1250	1447	55	18	96.887108	North
5	1	427	1	1	2	1315	1447	64	18	96.082733	Forest
5	1	427	1	1	3	1389	1447	29	19	96.082733	HS
2	1	428	0	0	0	1668	1447	37	18	-1	
3	1	428	1	0	0	1668	1447	37	18	-1	
4	1	428	1	1	0	1668	1447	37	18	-1	
5	1	428	1	1	1	1668	1447	37	18	96.715439	828
2	1	429	0	0	0	1774	1447	136	22	-1	
3	1	429	1	0	0	1774	1447	136	22	-1	
4	1	429	1	1	0	1774	1447	136	22	-1	
5	1	429	1	1	1	1774	1447	136	22	92.274818	8,612,969.00
2	1	430	0	0	0	2019	1447	116	22	-1	
3	1	430	1	0	0	2019	1447	116	22	-1	
4	1	430	1	1	0	2019	1447	116	22	-1	
5	1	430	1	1	1	2019	1447	116	22	96.042465	823,266.00
2	1	431	0	0	0	2210	1447	116	22	-1	
3	1	431	1	0	0	2210	1447	116	22	-1	
4	1	431	1	1	0	2210	1447	116	22	-1	
5	1	431	1	1	1	2210	1447	116	22	96.834679	340,320.00
2	1	432	0	0	0	2394	1447	102	22	-1	
3	1	432	1	0	0	2394	1447	102	22	-1	
4	1	432	1	1	0	2394	1447	102	22	-1	
5	1	432	1	1	1	2394	1447	102	22	96.623245	14,000.00
2	1	433	0	0	0	2522	1446	11	21	-1	
3	1	433	1	0	0	2522	1446	11	21	-1	
4	1	433	1	1	0	2522	1446	11	21	-1	
5	1	433	1	1	1	2522	1446	11	21	74.829674	$
2	1	434	0	0	0	2575	1447	90	22	-1	
3	1	434	1	0	0	2575	1447	90	22	-1	
4	1	434	1	1	0	2575	1447	90	22	-1	
5	1	434	1	1	1	2575	1447	90	22	96.685867	6,000.00
2	1	435	0	0	0	2734	1447	136	22	-1	
3	1	435	1	0	0	2734	1447	136	22	-1	
4	1	435	1	1	0	2734	1447	136	22	-1	
5	1	435	1	1	1	2734	1447	136	22	92.273743	9,796,555.00
2	1	436	0	0	0	2944	1447	116	22	-1	
3	1	436	1	0	0	2944	1447	116	22	-1	
4	1	436	1	1	0	2944	1447	116	22	-1	
5	1	436	1	1	1	2944	1447	116	22	96.771408	336,889.79
2	1	437	0	0	0	223	1482	227	20	-1	
3	1	437	1	0	0	223	1482	227	20	-1	
4	1	437	1	1	0	223	1482	227	20	-1	
5	1	437	1	1	1	223	1483	55	18	96.537148	North
5	1	437	1	1	2	287	1483	85	18	96.065338	Houston
5	1	437	1	1	3	381	1482	30	20	96.336800	EC
5	1	437	1	1	4	421	1483	29	19	96.336800	HS
2	1	438	0	0	0	574	1483	37	18	-1	
3	1	438	1	0	0	574	1483	37	18	-1	
4	1	438	1	1	0	574	1483	37	18	-1	
5	1	438	1	1	1	574	1483	37	18	96.659027	308
2	1	439	0	0	0	717	1482	96	20	-1	
3	1	439	1	0	0	717	1482	96	20	-1	
4	1	439	1	1	0	717	1482	96	20	-1	
5	1	439	1	1	1	717	1482	96	20	90.964432	Non-NES
2	1	440	0	0	0	935	1483	123	23	-1	
3	1	440	1	0	0	935	1483	123	23	-1	
4	1	440	1	1	0	935	1483	123	23	-1	
5	1	440	1	1	1	935	1483	45	23	96.620819	High
5	1	440	1	1	2	989	1483	69	19	96.603943	School
2	1	441	0	0	0	1105	1483	81	19	-1	
3	1	441	1	0	0	1105	1483	81	19	-1	
4	1	441	1	1	0	1105	1483	81	19	-1	
5	1	441	1	1	1	1105	1483	81	19	96.185501	NORTH
2	1	442	0	0	0	1250	1482	198	20	-1	
3	1	442	1	0	0	1250	1482	198	20	-1	
4	1	442	1	1	0	1250	1482	198	20	-1	
5	1	442	1	1	1	1250	1483	85	18	93.269020	Houston
5	1	442	1	1	2	1344	1483	64	19	92.502365	MSTC
5	1	442	1	1	3	1418	1482	30	20	96.682320	HS
2	1	443	0	0	0	1667	1483	38	18	-1	
3	1	443	1	0	0	1667	1483	38	18	-1	
4	1	443	1	1	0	1667	1483	38	18	-1	
5	1	443	1	1	1	1667	1483	38	18	96.736740	488
2	1	444	0	0	0	1774	1483	136	22	-1	
3	1	444	1	0	0	1774	1483	136	22	-1	
4	1	444	1	1	0	1774	1483	136	22	-1	
5	1	444	1	1	1	1774	1483	136	22	92.705589	3,224,824.00
2	1	445	0	0	0	2020	1483	115	22	-1	
3	1	445	1	0	0	2020	1483	115	22	-1	
4	1	445	1	1	0	2020	1483	115	22	-1	
5	1	445	1	1	1	2020	1483	115	22	96.325325	124,232.00
2	1	446	0	0	0	2223	1483	103	22	-1	
3	1	446	1	0	0	2223	1483	103	22	-1	
4	1	446	1	1	0	2223	1483	103	22	-1	
5	1	446	1	1	1	2223	1483	103	22	96.221840	83,999.00
2	1	447	0	0	0	2394	1483	102	22	-1	
3	1	447	1	0	0	2394	1483	102	22	-1	
4	1	447	1	1	0	2394	1483	102	22	-1	
5	1	447	1	1	1	2394	1483	102	22	96.469322	19,500.00
2	1	448	0	0	0	2522	1482	11	21	-1	
3	1	448	1	0	0	2522	1482	11	21	-1	
4	1	448	1	1	0	2522	1482	11	21	-1	
5	1	448	1	1	1	2522	1482	11	21	83.584221	$
2	1	449	0	0	0	2575	1483	90	22	-1	
3	1	449	1	0	0	2575	1483	90	22	-1	
4	1	449	1	1	0	2575	1483	90	22	-1	
5	1	449	1	1	1	2575	1483	90	22	96.286301	4,880.00
2	1	450	0	0	0	2734	1483	136	22	-1	
3	1	450	1	0	0	2734	1483	136	22	-1	
4	1	450	1	1	0	2734	1483	136	22	-1	
5	1	450	1	1	1	2734	1483	136	22	92.441635	3,457,435.00
2	1	451	0	0	0	2946	1483	114	22	-1	
3	1	451	1	0	0	2946	1483	114	22	-1	
4	1	451	1	1	0	2946	1483	114	22	-1	
5	1	451	1	1	1	2946	1483	114	22	56.510601	163,341.55
2	1	452	0	0	0	223	1518	128	20	-1	
3	1	452	1	0	0	223	1518	128	20	-1	
4	1	452	1	1	0	223	1518	128	20	-1	
5	1	452	1	1	1	223	1518	90	19	96.119781	Northline
5	1	452	1	1	2	322	1518	29	20	96.869080	ES
2	1	453	0	0	0	574	1519	37	18	-1	
3	1	453	1	0	0	574	1519	37	18	-1	
4	1	453	1	1	0	574	1519	37	18	-1	
5	1	453	1	1	1	574	1519	37	18	96.411888	210
2	1	454	0	0	0	717	1518	45	20	-1	
3	1	454	1	0	0	717	1518	45	20	-1	
4	1	454	1	1	0	717	1518	45	20	-1	
5	1	454	1	1	1	717	1518	45	20	96.115150	NES
2	1	455	0	0	0	935	1518	116	24	-1	
3	1	455	1	0	0	935	1518	116	24	-1	
4	1	455	1	1	0	935	1518	116	24	-1	
5	1	455	1	1	1	935	1518	116	24	96.176239	Elementary
2	1	456	0	0	0	1105	1519	81	19	-1	
3	1	456	1	0	0	1105	1519	81	19	-1	
4	1	456	1	1	0	1105	1519	81	19	-1	
5	1	456	1	1	1	1105	1519	81	19	96.179184	NORTH
2	1	457	0	0	0	1251	1518	197	20	-1	
3	1	457	1	0	0	1251	1518	197	20	-1	
4	1	457	1	1	0	1251	1518	197	20	-1	
5	1	457	1	1	1	1251	1519	84	18	92.889633	Houston
5	1	457	1	1	2	1344	1519	64	19	93.029510	MSTC
5	1	457	1	1	3	1418	1518	30	20	96.697029	HS
2	1	458	0	0	0	1668	1519	37	18	-1	
3	1	458	1	0	0	1668	1519	37	18	-1	
4	1	458	1	1	0	1668	1519	37	18	-1	
5	1	458	1	1	1	1668	1519	37	18	96.502258	346
2	1	459	0	0	0	1774	1519	136	22	-1	
3	1	459	1	0	0	1774	1519	136	22	-1	
4	1	459	1	1	0	1774	1519	136	22	-1	
5	1	459	1	1	1	1774	1519	136	22	91.710968	3,354,846.00
2	1	460	0	0	0	2020	1519	115	22	-1	
3	1	460	1	0	0	2020	1519	115	22	-1	
4	1	460	1	1	0	2020	1519	115	22	-1	
5	1	460	1	1	1	2020	1519	115	22	96.837631	176,110.00
2	1	461	0	0	0	2211	1519	114	21	-1	
3	1	461	1	0	0	2211	1519	114	21	-1	
4	1	461	1	1	0	2211	1519	114	21	-1	
5	1	461	1	1	1	2211	1519	114	21	96.645958	120,000.00
2	1	462	0	0	0	2405	1519	90	22	-1	
3	1	462	1	0	0	2405	1519	90	22	-1	
4	1	462	1	1	0	2405	1519	90	22	-1	
5	1	462	1	1	1	2405	1519	90	22	96.688660	2,000.00
2	1	463	0	0	0	2633	1529	7	3	-1	
3	1	463	1	0	0	2633	1529	7	3	-1	
4	1	463	1	1	0	2633	1529	7	3	-1	
5	1	463	1	1	1	2633	1529	7	3	87.519112	-
2	1	464	0	0	0	2734	1519	136	22	-1	
3	1	464	1	0	0	2734	1519	136	22	-1	
4	1	464	1	1	0	2734	1519	136	22	-1	
5	1	464	1	1	1	2734	1519	136	22	84.417610	3,652,956.00
2	1	465	0	0	0	2946	1519	114	22	-1	
3	1	465	1	0	0	2946	1519	114	22	-1	
4	1	465	1	1	0	2946	1519	114	22	-1	
5	1	465	1	1	1	2946	1519	114	22	96.766441	136,021.23
2	1	466	0	0	0	223	1554	136	20	-1	
3	1	466	1	0	0	223	1554	136	20	-1	
4	1	466	1	1	0	223	1554	136	20	-1	
5	1	466	1	1	1	223	1555	98	18	96.958740	Northside
5	1	466	1	1	2	330	1554	29	20	96.594566	HS
2	1	467	0	0	0	574	1555	37	18	-1	
3	1	467	1	0	0	574	1555	37	18	-1	
4	1	467	1	1	0	574	1555	37	18	-1	
5	1	467	1	1	1	574	1555	37	18	96.725464	003
2	1	468	0	0	0	717	1554	44	20	-1	
3	1	468	1	0	0	717	1554	44	20	-1	
4	1	468	1	1	0	717	1554	44	20	-1	
5	1	468	1	1	1	717	1554	44	20	96.133957	NES
2	1	469	0	0	0	935	1554	123	24	-1	
3	1	469	1	0	0	935	1554	123	24	-1	
4	1	469	1	1	0	935	1554	123	24	-1	
5	1	469	1	1	1	935	1555	45	23	96.969910	High
5	1	469	1	1	2	989	1554	69	20	95.342773	School
2	1	470	0	0	0	1104	1555	109	19	-1	
3	1	470	1	0	0	1104	1555	109	19	-1	
4	1	470	1	1	0	1104	1555	109	19	-1	
5	1	470	1	1	1	1104	1555	109	19	96.293571	CENTRAL
2	1	471	0	0	0	1250	1555	137	19	-1	
3	1	471	1	0	0	1250	1555	137	19	-1	
4	1	471	1	1	0	1250	1555	137	19	-1	
5	1	471	1	1	1	1250	1555	98	18	96.701530	Northside
5	1	471	1	1	2	1358	1555	29	19	96.442978	HS
2	1	472	0	0	0	1668	1555	37	18	-1	
3	1	472	1	0	0	1668	1555	37	18	-1	
4	1	472	1	1	0	1668	1555	37	18	-1	
5	1	472	1	1	1	1668	1555	37	18	95.943054	980
2	1	473	0	0	0	1763	1555	147	22	-1	
3	1	473	1	0	0	1763	1555	147	22	-1	
4	1	473	1	1	0	1763	1555	147	22	-1	
5	1	473	1	1	1	1763	1555	147	22	88.881035	10,103,119.00
2	1	474	0	0	0	2018	1555	117	22	-1	
3	1	474	1	0	0	2018	1555	117	22	-1	
4	1	474	1	1	0	2018	1555	117	22	-1	
5	1	474	1	1	1	2018	1555	117	22	96.614120	635,828.00
2	1	475	0	0	0	2209	1555	116	21	-1	
3	1	475	1	0	0	2209	1555	116	21	-1	
4	1	475	1	1	0	2209	1555	116	21	-1	
5	1	475	1	1	1	2209	1555	116	21	96.027161	400,400.00
2	1	476	0	0	0	2394	1555	101	22	-1	
3	1	476	1	0	0	2394	1555	101	22	-1	
4	1	476	1	1	0	2394	1555	101	22	-1	
5	1	476	1	1	1	2394	1555	101	22	96.527100	18,200.00
2	1	477	0	0	0	2575	1555	90	22	-1	
3	1	477	1	0	0	2575	1555	90	22	-1	
4	1	477	1	1	0	2575	1555	90	22	-1	
5	1	477	1	1	1	2575	1555	90	22	96.644005	6,000.00
2	1	478	0	0	0	2722	1555	147	22	-1	
3	1	478	1	0	0	2722	1555	147	22	-1	
4	1	478	1	1	0	2722	1555	147	22	-1	
5	1	478	1	1	1	2722	1555	147	22	92.115227	11,163,547.00
2	1	479	0	0	0	2944	1555	113	22	-1	
3	1	479	1	0	0	2944	1555	113	22	-1	
4	1	479	1	1	0	2944	1555	113	22	-1	
5	1	479	1	1	1	2944	1555	113	22	96.395569	389,607.31
2	1	480	0	0	0	222	1591	153	19	-1	
3	1	480	1	0	0	222	1591	153	19	-1	
4	1	480	1	1	0	222	1591	153	19	-1	
5	1	480	1	1	1	222	1591	41	19	95.099449	Oak
5	1	480	1	1	2	273	1591	65	18	95.921783	Forest
5	1	480	1	1	3	347	1591	28	19	96.468697	ES
2	1	481	0	0	0	574	1591	35	18	-1	
3	1	481	1	0	0	574	1591	35	18	-1	
4	1	481	1	1	0	574	1591	35	18	-1	
5	1	481	1	1	1	574	1591	35	18	91.147568	211
2	1	482	0	0	0	717	1590	95	20	-1	
3	1	482	1	0	0	717	1590	95	20	-1	
4	1	482	1	1	0	717	1590	95	20	-1	
5	1	482	1	1	1	717	1590	95	20	91.275963	Non-NES
2	1	483	0	0	0	935	1590	116	24	-1	
3	1	483	1	0	0	935	1590	116	24	-1	
4	1	483	1	1	0	935	1590	116	24	-1	
5	1	483	1	1	1	935	1590	116	24	96.226822	Elementary
2	1	484	0	0	0	1105	1591	81	19	-1	
3	1	484	1	0	0	1105	1591	81	19	-1	
4	1	484	1	1	0	1105	1591	81	19	-1	
5	1	484	1	1	1	1105	1591	81	19	96.140793	NORTH
2	1	485	0	0	0	1249	1590	111	24	-1	
3	1	485	1	0	0	1249	1590	111	24	-1	
4	1	485	1	1	0	1249	1590	111	24	-1	
5	1	485	1	1	1	1249	1590	72	24	96.269287	Waltrip
5	1	485	1	1	2	1331	1590	29	20	96.782013	HS
2	1	486	0	0	0	1668	1591	37	18	-1	
3	1	486	1	0	0	1668	1591	37	18	-1	
4	1	486	1	1	0	1668	1591	37	18	-1	
5	1	486	1	1	1	1668	1591	37	18	96.931091	956
2	1	487	0	0	0	1774	1591	136	22	-1	
3	1	487	1	0	0	1774	1591	136	22	-1	
4	1	487	1	1	0	1774	1591	136	22	-1	
5	1	487	1	1	1	1774	1591	136	22	92.721352	6,075,966.00
2	1	488	0	0	0	2018	1591	117	22	-1	
3	1	488	1	0	0	2018	1591	117	22	-1	
4	1	488	1	1	0	2018	1591	117	22	-1	
5	1	488	1	1	1	2018	1591	117	22	92.743492	256,345.00
2	1	489	0	0	0	2223	1591	102	21	-1	
3	1	489	1	0	0	2223	1591	102	21	-1	
4	1	489	1	1	0	2223	1591	102	21	-1	
5	1	489	1	1	1	2223	1591	102	21	96.202171	75,198.00
2	1	490	0	0	0	2463	1601	7	3	-1	
3	1	490	1	0	0	2463	1601	7	3	-1	
4	1	490	1	1	0	2463	1601	7	3	-1	
5	1	490	1	1	1	2463	1601	7	3	87.519112	-
2	1	491	0	0	0	2575	1591	90	22	-1	
3	1	491	1	0	0	2575	1591	90	22	-1	
4	1	491	1	1	0	2575	1591	90	22	-1	
5	1	491	1	1	1	2575	1591	90	22	96.382179	9,560.00
2	1	492	0	0	0	2733	1591	136	22	-1	
3	1	492	1	0	0	2733	1591	136	22	-1	
4	1	492	1	1	0	2733	1591	136	22	-1	
5	1	492	1	1	1	2733	1591	136	22	92.384048	6,417,069.00
2	1	493	0	0	0	3028	1601	7	3	-1	
3	1	493	1	0	0	3028	1601	7	3	-1	
4	1	493	1	1	0	3028	1601	7	3	-1	
5	1	493	1	1	1	3028	1601	7	3	87.519112	-
2	1	494	0	0	0	222	1626	99	19	-1	
3	1	494	1	0	0	222	1626	99	19	-1	
4	1	494	1	1	0	222	1626	99	19	-1	
5	1	494	1	1	1	222	1626	60	19	95.160042	Oates
5	1	494	1	1	2	293	1626	28	19	96.645645	ES
2	1	495	0	0	0	574	1626	37	19	-1	
3	1	495	1	0	0	574	1626	37	19	-1	
4	1	495	1	1	0	574	1626	37	19	-1	
5	1	495	1	1	1	574	1626	37	19	96.367485	212
2	1	496	0	0	0	717	1626	44	19	-1	
3	1	496	1	0	0	717	1626	44	19	-1	
4	1	496	1	1	0	717	1626	44	19	-1	
5	1	496	1	1	1	717	1626	44	19	96.242905	NES
2	1	497	0	0	0	935	1626	116	24	-1	
3	1	497	1	0	0	935	1626	116	24	-1	
4	1	497	1	1	0	935	1626	116	24	-1	
5	1	497	1	1	1	935	1626	116	24	96.162529	Elementary
2	1	498	0	0	0	1104	1626	109	19	-1	
3	1	498	1	0	0	1104	1626	109	19	-1	
4	1	498	1	1	0	1104	1626	109	19	-1	
5	1	498	1	1	1	1104	1626	109	19	96.356682	CENTRAL
2	1	499	0	0	0	1250	1626	79	19	-1	
3	1	499	1	0	0	1250	1626	79	19	-1	
4	1	499	1	1	0	1250	1626	79	19	-1	
5	1	499	1	1	1	1250	1626	42	19	95.069145	Furr
5	1	499	1	1	2	1300	1626	29	19	95.210419	HS
2	1	500	0	0	0	1667	1626	38	19	-1	
3	1	500	1	0	0	1667	1626	38	19	-1	
4	1	500	1	1	0	1667	1626	38	19	-1	
5	1	500	1	1	1	1667	1626	38	19	96.618423	215
2	1	501	0	0	0	1774	1626	136	22	-1	
3	1	501	1	0	0	1774	1626	136	22	-1	
4	1	501	1	1	0	1774	1626	136	22	-1	
5	1	501	1	1	1	1774	1626	136	22	92.353920	2,799,413.00
2	1	502	0	0	0	2020	1626	115	22	-1	
3	1	502	1	0	0	2020	1626	115	22	-1	
4	1	502	1	1	0	2020	1626	115	22	-1	
5	1	502	1	1	1	2020	1626	115	22	96.644356	151,465.00
2	1	503	0	0	0	2223	1626	102	22	-1	
3	1	503	1	0	0	2223	1626	102	22	-1	
4	1	503	1	1	0	2223	1626	102	22	-1	
5	1	503	1	1	1	2223	1626	102	22	96.594833	76,500.00
2	1	504	0	0	0	2405	1626	90	22	-1	
3	1	504	1	0	0	2405	1626	90	22	-1	
4	1	504	1	1	0	2405	1626	90	22	-1	
5	1	504	1	1	1	2405	1626	90	22	96.796600	2,000.00
2	1	505	0	0	0	2633	1637	7	3	-1	
3	1	505	1	0	0	2633	1637	7	3	-1	
4	1	505	1	1	0	2633	1637	7	3	-1	
5	1	505	1	1	1	2633	1637	7	3	87.519112	-
2	1	506	0	0	0	2734	1626	136	22	-1	
3	1	506	1	0	0	2734	1626	136	22	-1	
4	1	506	1	1	0	2734	1626	136	22	-1	
5	1	506	1	1	1	2734	1626	136	22	92.847321	3,029,378.00
2	1	507	0	0	0	2957	1626	103	22	-1	
3	1	507	1	0	0	2957	1626	103	22	-1	
4	1	507	1	1	0	2957	1626	103	22	-1	
5	1	507	1	1	1	2957	1626	103	22	93.940750	83,309.00
2	1	508	0	0	0	222	1662	89	19	-1	
3	1	508	1	0	0	222	1662	89	19	-1	
4	1	508	1	1	0	222	1662	89	19	-1	
5	1	508	1	1	1	222	1662	48	19	95.114639	Ortiz
5	1	508	1	1	2	279	1662	32	19	95.114639	MS
2	1	509	0	0	0	574	1663	37	18	-1	
3	1	509	1	0	0	574	1663	37	18	-1	
4	1	509	1	1	0	574	1663	37	18	-1	
5	1	509	1	1	1	574	1663	37	18	96.822037	338
2	1	510	0	0	0	717	1662	44	19	-1	
3	1	510	1	0	0	717	1662	44	19	-1	
4	1	510	1	1	0	717	1662	44	19	-1	
5	1	510	1	1	1	717	1662	44	19	95.706848	NES
2	1	511	0	0	0	935	1662	143	19	-1	
3	1	511	1	0	0	935	1662	143	19	-1	
4	1	511	1	1	0	935	1662	143	19	-1	
5	1	511	1	1	1	935	1662	65	19	96.435471	Middle
5	1	511	1	1	2	1009	1662	69	19	96.177826	School
2	1	512	0	0	0	1104	1662	80	19	-1	
3	1	512	1	0	0	1104	1662	80	19	-1	
4	1	512	1	1	0	1104	1662	80	19	-1	
5	1	512	1	1	1	1104	1662	80	19	95.156219	SOUTH
2	1	513	0	0	0	1249	1662	117	19	-1	
3	1	513	1	0	0	1249	1662	117	19	-1	
4	1	513	1	1	0	1249	1662	117	19	-1	
5	1	513	1	1	1	1249	1662	79	19	96.251076	Chavez
5	1	513	1	1	2	1337	1662	29	19	95.951530	HS
2	1	514	0	0	0	1667	1662	38	19	-1	
3	1	514	1	0	0	1667	1662	38	19	-1	
4	1	514	1	1	0	1667	1662	38	19	-1	
5	1	514	1	1	1	1667	1662	38	19	96.747742	689
2	1	515	0	0	0	1774	1662	136	22	-1	
3	1	515	1	0	0	1774	1662	136	22	-1	
4	1	515	1	1	0	1774	1662	136	22	-1	
5	1	515	1	1	1	1774	1662	136	22	92.133690	5,511,661.00
2	1	516	0	0	0	2019	1662	116	22	-1	
3	1	516	1	0	0	2019	1662	116	22	-1	
4	1	516	1	1	0	2019	1662	116	22	-1	
5	1	516	1	1	1	2019	1662	116	22	95.637527	559,727.00
2	1	517	0	0	0	2209	1662	116	22	-1	
3	1	517	1	0	0	2209	1662	116	22	-1	
4	1	517	1	1	0	2209	1662	116	22	-1	
5	1	517	1	1	1	2209	1662	116	22	96.898315	250,480.00
2	1	518	0	0	0	2405	1662	90	22	-1	
3	1	518	1	0	0	2405	1662	90	22	-1	
4	1	518	1	1	0	2405	1662	90	22	-1	
5	1	518	1	1	1	2405	1662	90	22	96.794579	4,000.00
2	1	519	0	0	0	2633	1673	7	3	-1	
3	1	519	1	0	0	2633	1673	7	3	-1	
4	1	519	1	1	0	2633	1673	7	3	-1	
5	1	519	1	1	1	2633	1673	7	3	87.519112	-
2	1	520	0	0	0	2733	1662	137	22	-1	
3	1	520	1	0	0	2733	1662	137	22	-1	
4	1	520	1	1	0	2733	1662	137	22	-1	
5	1	520	1	1	1	2733	1662	137	22	92.437088	6,325,868.00
2	1	521	0	0	0	2944	1662	116	22	-1	
3	1	521	1	0	0	2944	1662	116	22	-1	
4	1	521	1	1	0	2944	1662	116	22	-1	
5	1	521	1	1	1	2944	1662	116	22	96.724091	282,911.78
2	1	522	0	0	0	222	1698	126	19	-1	
3	1	522	1	0	0	222	1698	126	19	-1	
4	1	522	1	1	0	222	1698	126	19	-1	
5	1	522	1	1	1	222	1698	88	19	96.229179	Osborne
5	1	522	1	1	2	320	1698	28	19	96.492897	ES
2	1	523	0	0	0	574	1698	37	19	-1	
3	1	523	1	0	0	574	1698	37	19	-1	
4	1	523	1	1	0	574	1698	37	19	-1	
5	1	523	1	1	1	574	1698	37	19	96.561409	213
2	1	524	0	0	0	717	1698	44	19	-1	
3	1	524	1	0	0	717	1698	44	19	-1	
4	1	524	1	1	0	717	1698	44	19	-1	
5	1	524	1	1	1	717	1698	44	19	95.892097	NES
2	1	525	0	0	0	935	1698	116	24	-1	
3	1	525	1	0	0	935	1698	116	24	-1	
4	1	525	1	1	0	935	1698	116	24	-1	
5	1	525	1	1	1	935	1698	116	24	96.163498	Elementary
2	1	526	0	0	0	1105	1698	81	19	-1	
3	1	526	1	0	0	1105	1698	81	19	-1	
4	1	526	1	1	0	1105	1698	81	19	-1	
5	1	526	1	1	1	1105	1698	81	19	95.289040	NORTH
2	1	527	0	0	0	1250	1698	242	24	-1	
3	1	527	1	0	0	1250	1698	242	24	-1	
4	1	527	1	1	0	1250	1698	242	24	-1	
5	1	527	1	1	1	1250	1698	73	19	96.360588	Booker
5	1	527	1	1	2	1331	1698	123	24	96.544914	Washington
5	1	527	1	1	3	1463	1698	29	19	96.395599	HS
2	1	528	0	0	0	1667	1698	38	19	-1	
3	1	528	1	0	0	1667	1698	38	19	-1	
4	1	528	1	1	0	1667	1698	38	19	-1	
5	1	528	1	1	1	1667	1698	38	19	96.391563	249
2	1	529	0	0	0	1774	1698	136	22	-1	
3	1	529	1	0	0	1774	1698	136	22	-1	
4	1	529	1	1	0	1774	1698	136	22	-1	
5	1	529	1	1	1	1774	1698	136	22	91.882393	3,063,914.00
2	1	530	0	0	0	2020	1698	115	22	-1	
3	1	530	1	0	0	2020	1698	115	22	-1	
4	1	530	1	1	0	2020	1698	115	22	-1	
5	1	530	1	1	1	2020	1698	115	22	96.768326	150,946.00
2	1	531	0	0	0	2222	1698	103	22	-1	
3	1	531	1	0	0	2222	1698	103	22	-1	
4	1	531	1	1	0	2222	1698	103	22	-1	
5	1	531	1	1	1	2222	1698	103	22	96.392677	87,900.00
2	1	532	0	0	0	2405	1698	90	22	-1	
3	1	532	1	0	0	2405	1698	90	22	-1	
4	1	532	1	1	0	2405	1698	90	22	-1	
5	1	532	1	1	1	2405	1698	90	22	96.680626	2,000.00
2	1	533	0	0	0	2633	1709	7	3	-1	
3	1	533	1	0	0	2633	1709	7	3	-1	
4	1	533	1	1	0	2633	1709	7	3	-1	
5	1	533	1	1	1	2633	1709	7	3	87.519112	-
2	1	534	0	0	0	2734	1698	135	22	-1	
3	1	534	1	0	0	2734	1698	135	22	-1	
4	1	534	1	1	0	2734	1698	135	22	-1	
5	1	534	1	1	1	2734	1698	135	22	92.062340	3,304,760.00
2	1	535	0	0	0	2946	1698	114	22	-1	
3	1	535	1	0	0	2946	1698	114	22	-1	
4	1	535	1	1	0	2946	1698	114	22	-1	
5	1	535	1	1	1	2946	1698	114	22	96.879768	100,529.76
2	1	536	0	0	0	223	1734	149	19	-1	
3	1	536	1	0	0	223	1734	149	19	-1	
4	1	536	1	1	0	223	1734	149	19	-1	
5	1	536	1	1	1	223	1734	46	19	96.862915	Park
5	1	536	1	1	2	278	1734	56	19	96.965096	Place
5	1	536	1	1	3	344	1734	28	19	96.752724	ES
2	1	537	0	0	0	574	1734	38	19	-1	
3	1	537	1	0	0	574	1734	38	19	-1	
4	1	537	1	1	0	574	1734	38	19	-1	
5	1	537	1	1	1	574	1734	38	19	96.655998	214
2	1	538	0	0	0	717	1734	95	19	-1	
3	1	538	1	0	0	717	1734	95	19	-1	
4	1	538	1	1	0	717	1734	95	19	-1	
5	1	538	1	1	1	717	1734	95	19	92.127037	Non-NES
2	1	539	0	0	0	935	1734	116	24	-1	
3	1	539	1	0	0	935	1734	116	24	-1	
4	1	539	1	1	0	935	1734	116	24	-1	
5	1	539	1	1	1	935	1734	116	24	96.142601	Elementary
2	1	540	0	0	0	1104	1734	80	19	-1	
3	1	540	1	0	0	1104	1734	80	19	-1	
4	1	540	1	1	0	1104	1734	80	19	-1	
5	1	540	1	1	1	1104	1734	80	19	94.883377	SOUTH
2	1	541	0	0	0	1249	1734	117	19	-1	
3	1	541	1	0	0	1249	1734	117	19	-1	
4	1	541	1	1	0	1249	1734	117	19	-1	
5	1	541	1	1	1	1249	1734	79	19	96.559311	Chavez
5	1	541	1	1	2	1337	1734	29	19	96.127220	HS
2	1	542	0	0	0	1667	1734	38	19	-1	
3	1	542	1	0	0	1667	1734	38	19	-1	
4	1	542	1	1	0	1667	1734	38	19	-1	
5	1	542	1	1	1	1667	1734	38	19	96.733803	658
2	1	543	0	0	0	1774	1734	136	22	-1	
3	1	543	1	0	0	1774	1734	136	22	-1	
4	1	543	1	1	0	1774	1734	136	22	-1	
5	1	543	1	1	1	1774	1734	136	22	91.573204	4,298,634.00
2	1	544	0	0	0	2018	1734	117	22	-1	
3	1	544	1	0	0	2018	1734	117	22	-1	
4	1	544	1	1	0	2018	1734	117	22	-1	
5	1	544	1	1	1	2018	1734	117	22	96.194237	247,942.00
2	1	545	0	0	0	2222	1734	104	22	-1	
3	1	545	1	0	0	2222	1734	104	22	-1	
4	1	545	1	1	0	2222	1734	104	22	-1	
5	1	545	1	1	1	2222	1734	104	22	96.679382	72,923.00
2	1	546	0	0	0	2407	1734	89	22	-1	
3	1	546	1	0	0	2407	1734	89	22	-1	
4	1	546	1	1	0	2407	1734	89	22	-1	
5	1	546	1	1	1	2407	1734	89	22	96.862007	1,605.00
2	1	547	0	0	0	2575	1734	90	22	-1	
3	1	547	1	0	0	2575	1734	90	22	-1	
4	1	547	1	1	0	2575	1734	90	22	-1	
5	1	547	1	1	1	2575	1734	90	22	96.812210	6,580.00
2	1	548	0	0	0	2733	1734	137	22	-1	
3	1	548	1	0	0	2733	1734	137	22	-1	
4	1	548	1	1	0	2733	1734	137	22	-1	
5	1	548	1	1	1	2733	1734	137	22	90.323738	4,627,684.00
2	1	549	0	0	0	2944	1734	116	22	-1	
3	1	549	1	0	0	2944	1734	116	22	-1	
4	1	549	1	1	0	2944	1734	116	22	-1	
5	1	549	1	1	1	2944	1734	116	22	96.833328	242,140.64
2	1	550	0	0	0	223	1770	112	19	-1	
3	1	550	1	0	0	223	1770	112	19	-1	
4	1	550	1	1	0	223	1770	112	19	-1	
5	1	550	1	1	1	223	1770	68	19	95.252289	Parker
5	1	550	1	1	2	306	1770	29	19	96.737465	ES
2	1	551	0	0	0	574	1770	37	19	-1	
3	1	551	1	0	0	574	1770	37	19	-1	
4	1	551	1	1	0	574	1770	37	19	-1	
5	1	551	1	1	1	574	1770	37	19	96.134705	215
2	1	552	0	0	0	717	1770	96	19	-1	
3	1	552	1	0	0	717	1770	96	19	-1	
4	1	552	1	1	0	717	1770	96	19	-1	
5	1	552	1	1	1	717	1770	96	19	91.891808	Non-NES
2	1	553	0	0	0	935	1770	116	24	-1	
3	1	553	1	0	0	935	1770	116	24	-1	
4	1	553	1	1	0	935	1770	116	24	-1	
5	1	553	1	1	1	935	1770	116	24	96.065781	Elementary
2	1	554	0	0	0	1103	1770	68	19	-1	
3	1	554	1	0	0	1103	1770	68	19	-1	
4	1	554	1	1	0	1103	1770	68	19	-1	
5	1	554	1	1	1	1103	1770	68	19	96.082817	WEST
2	1	555	0	0	0	1249	1770	138	24	-1	
3	1	555	1	0	0	1249	1770	138	24	-1	
4	1	555	1	1	0	1249	1770	138	24	-1	
5	1	555	1	1	1	1249	1770	99	24	96.119133	Westbury
5	1	555	1	1	2	1357	1770	30	19	96.634682	HS
2	1	556	0	0	0	1668	1771	37	18	-1	
3	1	556	1	0	0	1668	1771	37	18	-1	
4	1	556	1	1	0	1668	1771	37	18	-1	
5	1	556	1	1	1	1668	1771	37	18	96.385368	919
2	1	557	0	0	0	1774	1770	136	22	-1	
3	1	557	1	0	0	1774	1770	136	22	-1	
4	1	557	1	1	0	1774	1770	136	22	-1	
5	1	557	1	1	1	1774	1770	136	22	92.909866	6,270,517.00
2	1	558	0	0	0	2018	1770	117	22	-1	
3	1	558	1	0	0	2018	1770	117	22	-1	
4	1	558	1	1	0	2018	1770	117	22	-1	
5	1	558	1	1	1	2018	1770	117	22	96.512276	251,631.00
2	1	559	0	0	0	2209	1770	117	22	-1	
3	1	559	1	0	0	2209	1770	117	22	-1	
4	1	559	1	1	0	2209	1770	117	22	-1	
5	1	559	1	1	1	2209	1770	117	22	96.733078	371,865.00
2	1	560	0	0	0	2394	1770	102	22	-1	
3	1	560	1	0	0	2394	1770	102	22	-1	
4	1	560	1	1	0	2394	1770	102	22	-1	
5	1	560	1	1	1	2394	1770	102	22	96.778580	10,700.00
2	1	561	0	0	0	2575	1770	90	22	-1	
3	1	561	1	0	0	2575	1770	90	22	-1	
4	1	561	1	1	0	2575	1770	90	22	-1	
5	1	561	1	1	1	2575	1770	90	22	96.804337	9,190.00
2	1	562	0	0	0	2733	1770	137	22	-1	
3	1	562	1	0	0	2733	1770	137	22	-1	
4	1	562	1	1	0	2733	1770	137	22	-1	
5	1	562	1	1	1	2733	1770	137	22	92.455910	6,913,903.00
2	1	563	0	0	0	2946	1770	114	22	-1	
3	1	563	1	0	0	2946	1770	114	22	-1	
4	1	563	1	1	0	2946	1770	114	22	-1	
5	1	563	1	1	1	2946	1770	114	22	96.550064	131,261.07
2	1	564	0	0	0	223	1806	136	19	-1	
3	1	564	1	0	0	223	1806	136	19	-1	
4	1	564	1	1	0	223	1806	136	19	-1	
5	1	564	1	1	1	223	1806	98	19	96.130257	Patterson
5	1	564	1	1	2	331	1806	28	19	96.130257	ES
2	1	565	0	0	0	574	1806	37	19	-1	
3	1	565	1	0	0	574	1806	37	19	-1	
4	1	565	1	1	0	574	1806	37	19	-1	
5	1	565	1	1	1	574	1806	37	19	96.154510	216
2	1	566	0	0	0	717	1806	96	19	-1	
3	1	566	1	0	0	717	1806	96	19	-1	
4	1	566	1	1	0	717	1806	96	19	-1	
5	1	566	1	1	1	717	1806	96	19	91.807419	Non-NES
2	1	567	0	0	0	935	1806	116	24	-1	
3	1	567	1	0	0	935	1806	116	24	-1	
4	1	567	1	1	0	935	1806	116	24	-1	
5	1	567	1	1	1	935	1806	116	24	95.967041	Elementary
2	1	568	0	0	0	1104	1806	80	19	-1	
3	1	568	1	0	0	1104	1806	80	19	-1	
4	1	568	1	1	0	1104	1806	80	19	-1	
5	1	568	1	1	1	1104	1806	80	19	94.410881	SOUTH
2	1	569	0	0	0	1249	1806	117	19	-1	
3	1	569	1	0	0	1249	1806	117	19	-1	
4	1	569	1	1	0	1249	1806	117	19	-1	
5	1	569	1	1	1	1249	1806	79	19	96.612183	Chavez
5	1	569	1	1	2	1337	1806	29	19	95.602219	HS
2	1	570	0	0	0	1668	1806	37	19	-1	
3	1	570	1	0	0	1668	1806	37	19	-1	
4	1	570	1	1	0	1668	1806	37	19	-1	
5	1	570	1	1	1	1668	1806	37	19	96.171143	805
2	1	571	0	0	0	1774	1806	136	22	-1	
3	1	571	1	0	0	1774	1806	136	22	-1	
4	1	571	1	1	0	1774	1806	136	22	-1	
5	1	571	1	1	1	1774	1806	136	22	91.378860	4,790,560.00
2	1	572	0	0	0	2018	1806	117	22	-1	
3	1	572	1	0	0	2018	1806	117	22	-1	
4	1	572	1	1	0	2018	1806	117	22	-1	
5	1	572	1	1	1	2018	1806	117	22	95.850586	205,268.00
2	1	573	0	0	0	2211	1806	115	22	-1	
3	1	573	1	0	0	2211	1806	115	22	-1	
4	1	573	1	1	0	2211	1806	115	22	-1	
5	1	573	1	1	1	2211	1806	115	22	95.494408	199,189.00
2	1	574	0	0	0	2392	1806	104	22	-1	
3	1	574	1	0	0	2392	1806	104	22	-1	
4	1	574	1	1	0	2392	1806	104	22	-1	
5	1	574	1	1	1	2392	1806	104	22	96.885376	40,000.00
2	1	575	0	0	0	2575	1806	90	22	-1	
3	1	575	1	0	0	2575	1806	90	22	-1	
4	1	575	1	1	0	2575	1806	90	22	-1	
5	1	575	1	1	1	2575	1806	90	22	96.954971	8,050.00
2	1	576	0	0	0	2734	1806	136	22	-1	
3	1	576	1	0	0	2734	1806	136	22	-1	
4	1	576	1	1	0	2734	1806	136	22	-1	
5	1	576	1	1	1	2734	1806	136	22	90.915131	5,243,067.00
2	1	577	0	0	0	2944	1806	116	22	-1	
3	1	577	1	0	0	2944	1806	116	22	-1	
4	1	577	1	1	0	2944	1806	116	22	-1	
5	1	577	1	1	1	2944	1806	116	22	96.243797	293,039.62
2	1	578	0	0	0	223	1841	88	20	-1	
3	1	578	1	0	0	223	1841	88	20	-1	
4	1	578	1	1	0	223	1841	88	20	-1	
5	1	578	1	1	1	223	1842	50	18	95.798500	Peck
5	1	578	1	1	2	283	1841	28	20	96.276558	ES
2	1	579	0	0	0	574	1842	37	18	-1	
3	1	579	1	0	0	574	1842	37	18	-1	
4	1	579	1	1	0	574	1842	37	18	-1	
5	1	579	1	1	1	574	1842	37	18	96.498856	217
2	1	580	0	0	0	717	1841	45	20	-1	
3	1	580	1	0	0	717	1841	45	20	-1	
4	1	580	1	1	0	717	1841	45	20	-1	
5	1	580	1	1	1	717	1841	45	20	96.050835	NES
2	1	581	0	0	0	935	1842	116	23	-1	
3	1	581	1	0	0	935	1842	116	23	-1	
4	1	581	1	1	0	935	1842	116	23	-1	
5	1	581	1	1	1	935	1842	116	23	95.893410	Elementary
2	1	582	0	0	0	1104	1841	80	20	-1	
3	1	582	1	0	0	1104	1841	80	20	-1	
4	1	582	1	1	0	1104	1841	80	20	-1	
5	1	582	1	1	1	1104	1841	80	20	95.647049	SOUTH
2	1	583	0	0	0	1248	1842	99	19	-1	
3	1	583	1	0	0	1248	1842	99	19	-1	
4	1	583	1	1	0	1248	1842	99	19	-1	
5	1	583	1	1	1	1248	1842	60	18	91.716827	Yates
5	1	583	1	1	2	1318	1842	29	19	96.679657	HS
2	1	584	0	0	0	1667	1842	38	18	-1	
3	1	584	1	0	0	1667	1842	38	18	-1	
4	1	584	1	1	0	1667	1842	38	18	-1	
5	1	584	1	1	1	1667	1842	38	18	96.484985	278
2	1	585	0	0	0	1774	1842	136	22	-1	
3	1	585	1	0	0	1774	1842	136	22	-1	
4	1	585	1	1	0	1774	1842	136	22	-1	
5	1	585	1	1	1	1774	1842	136	22	92.321526	3,136,415.00
2	1	586	0	0	0	2018	1842	117	22	-1	
3	1	586	1	0	0	2018	1842	117	22	-1	
4	1	586	1	1	0	2018	1842	117	22	-1	
5	1	586	1	1	1	2018	1842	117	22	96.469261	263,913.00
2	1	587	0	0	0	2222	1842	104	22	-1	
3	1	587	1	0	0	2222	1842	104	22	-1	
4	1	587	1	1	0	2222	1842	104	22	-1	
5	1	587	1	1	1	2222	1842	104	22	96.718582	97,800.00
2	1	588	0	0	0	2405	1842	91	22	-1	
3	1	588	1	0	0	2405	1842	91	22	-1	
4	1	588	1	1	0	2405	1842	91	22	-1	
5	1	588	1	1	1	2405	1842	91	22	96.746307	2,000.00
2	1	589	0	0	0	2633	1853	7	2	-1	
3	1	589	1	0	0	2633	1853	7	2	-1	
4	1	589	1	1	0	2633	1853	7	2	-1	
5	1	589	1	1	1	2633	1853	7	2	52.294125	-
2	1	590	0	0	0	2734	1842	136	22	-1	
3	1	590	1	0	0	2734	1842	136	22	-1	
4	1	590	1	1	0	2734	1842	136	22	-1	
5	1	590	1	1	1	2734	1842	136	22	92.871407	3,500,128.00
2	1	591	0	0	0	2946	1842	111	22	-1	
3	1	591	1	0	0	2946	1842	111	22	-1	
4	1	591	1	1	0	2946	1842	111	22	-1	
5	1	591	1	1	1	2946	1842	111	22	96.812401	108,393.61
2	1	592	0	0	0	223	1877	131	24	-1	
3	1	592	1	0	0	223	1877	131	24	-1	
4	1	592	1	1	0	223	1877	131	24	-1	
5	1	592	1	1	1	223	1878	89	23	96.193207	Pershing
5	1	592	1	1	2	322	1877	32	20	96.193207	MS
2	1	593	0	0	0	574	1878	38	18	-1	
3	1	593	1	0	0	574	1878	38	18	-1	
4	1	593	1	1	0	574	1878	38	18	-1	
5	1	593	1	1	1	574	1878	38	18	96.586266	064
2	1	594	0	0	0	717	1877	96	20	-1	
3	1	594	1	0	0	717	1877	96	20	-1	
4	1	594	1	1	0	717	1877	96	20	-1	
5	1	594	1	1	1	717	1877	96	20	91.348732	Non-NES
2	1	595	0	0	0	935	1877	143	20	-1	
3	1	595	1	0	0	935	1877	143	20	-1	
4	1	595	1	1	0	935	1877	143	20	-1	
5	1	595	1	1	1	935	1878	66	19	96.358337	Middle
5	1	595	1	1	2	1009	1877	69	20	96.190407	School
2	1	596	0	0	0	1104	1878	109	19	-1	
3	1	596	1	0	0	1104	1878	109	19	-1	
4	1	596	1	1	0	1104	1878	109	19	-1	
5	1	596	1	1	1	1104	1878	109	19	96.179367	CENTRAL
2	1	597	0	0	0	1250	1877	104	20	-1	
3	1	597	1	0	0	1250	1877	104	20	-1	
4	1	597	1	1	0	1250	1877	104	20	-1	
5	1	597	1	1	1	1250	1878	66	18	95.611313	Lamar
5	1	597	1	1	2	1324	1877	30	20	95.523102	HS
2	1	598	0	0	0	1649	1878	56	22	-1	
3	1	598	1	0	0	1649	1878	56	22	-1	
4	1	598	1	1	0	1649	1878	56	22	-1	
5	1	598	1	1	1	1649	1878	56	22	82.282547	1,015
2	1	599	0	0	0	1774	1878	136	22	-1	
3	1	599	1	0	0	1774	1878	136	22	-1	
4	1	599	1	1	0	1774	1878	136	22	-1	
5	1	599	1	1	1	1774	1878	136	22	91.816956	7,145,990.00
2	1	600	0	0	0	2019	1878	116	22	-1	
3	1	600	1	0	0	2019	1878	116	22	-1	
4	1	600	1	1	0	2019	1878	116	22	-1	
5	1	600	1	1	1	2019	1878	116	22	96.230415	918,458.00
2	1	601	0	0	0	2209	1878	117	22	-1	
3	1	601	1	0	0	2209	1878	117	22	-1	
4	1	601	1	1	0	2209	1878	117	22	-1	
5	1	601	1	1	1	2209	1878	117	22	96.640724	216,384.00
2	1	602	0	0	0	2392	1878	104	22	-1	
3	1	602	1	0	0	2392	1878	104	22	-1	
4	1	602	1	1	0	2392	1878	104	22	-1	
5	1	602	1	1	1	2392	1878	104	22	96.686378	43,500.00
2	1	603	0	0	0	2522	1877	11	21	-1	
3	1	603	1	0	0	2522	1877	11	21	-1	
4	1	603	1	1	0	2522	1877	11	21	-1	
5	1	603	1	1	1	2522	1877	11	21	81.754562	$
2	1	604	0	0	0	2562	1878	103	22	-1	
3	1	604	1	0	0	2562	1878	103	22	-1	
4	1	604	1	1	0	2562	1878	103	22	-1	
5	1	604	1	1	1	2562	1878	103	22	96.751205	25,700.00
2	1	605	0	0	0	2734	1878	136	22	-1	
3	1	605	1	0	0	2734	1878	136	22	-1	
4	1	605	1	1	0	2734	1878	136	22	-1	
5	1	605	1	1	1	2734	1878	136	22	92.735130	8,350,032.00
2	1	606	0	0	0	2944	1878	116	22	-1	
3	1	606	1	0	0	2944	1878	116	22	-1	
4	1	606	1	1	0	2944	1878	116	22	-1	
5	1	606	1	1	1	2944	1878	116	22	95.375381	239,256.75
2	1	607	0	0	0	223	1914	129	19	-1	
3	1	607	1	0	0	223	1914	129	19	-1	
4	1	607	1	1	0	223	1914	129	19	-1	
5	1	607	1	1	1	223	1914	92	18	96.690826	Petersen
5	1	607	1	1	2	324	1914	28	19	96.203674	ES
2	1	608	0	0	0	574	1914	37	18	-1	
3	1	608	1	0	0	574	1914	37	18	-1	
4	1	608	1	1	0	574	1914	37	18	-1	
5	1	608	1	1	1	574	1914	37	18	96.825874	265
2	1	609	0	0	0	717	1913	45	20	-1	
3	1	609	1	0	0	717	1913	45	20	-1	
4	1	609	1	1	0	717	1913	45	20	-1	
5	1	609	1	1	1	717	1913	45	20	96.066757	NES
2	1	610	0	0	0	935	1914	116	23	-1	
3	1	610	1	0	0	935	1914	116	23	-1	
4	1	610	1	1	0	935	1914	116	23	-1	
5	1	610	1	1	1	935	1914	116	23	95.823334	Elementary
2	1	611	0	0	0	1104	1913	80	20	-1	
3	1	611	1	0	0	1104	1913	80	20	-1	
4	1	611	1	1	0	1104	1913	80	20	-1	
5	1	611	1	1	1	1104	1913	80	20	95.865311	SOUTH
2	1	612	0	0	0	1250	1913	125	20	-1	
3	1	612	1	0	0	1250	1913	125	20	-1	
4	1	612	1	1	0	1250	1913	125	20	-1	
5	1	612	1	1	1	1250	1914	86	18	96.473213	Madison
5	1	612	1	1	2	1345	1913	30	20	96.637604	HS
2	1	613	0	0	0	1668	1914	37	18	-1	
3	1	613	1	0	0	1668	1914	37	18	-1	
4	1	613	1	1	0	1668	1914	37	18	-1	
5	1	613	1	1	1	1668	1914	37	18	96.618126	338
2	1	614	0	0	0	1774	1914	136	22	-1	
3	1	614	1	0	0	1774	1914	136	22	-1	
4	1	614	1	1	0	1774	1914	136	22	-1	
5	1	614	1	1	1	1774	1914	136	22	91.956635	3,279,463.00
2	1	615	0	0	0	2020	1914	115	22	-1	
3	1	615	1	0	0	2020	1914	115	22	-1	
4	1	615	1	1	0	2020	1914	115	22	-1	
5	1	615	1	1	1	2020	1914	115	22	96.544258	162,354.00
2	1	616	0	0	0	2211	1914	115	21	-1	
3	1	616	1	0	0	2211	1914	115	21	-1	
4	1	616	1	1	0	2211	1914	115	21	-1	
5	1	616	1	1	1	2211	1914	115	21	96.421570	117,600.00
2	1	617	0	0	0	2405	1914	91	22	-1	
3	1	617	1	0	0	2405	1914	91	22	-1	
4	1	617	1	1	0	2405	1914	91	22	-1	
5	1	617	1	1	1	2405	1914	91	22	96.613190	2,000.00
2	1	618	0	0	0	2522	1913	11	21	-1	
3	1	618	1	0	0	2522	1913	11	21	-1	
4	1	618	1	1	0	2522	1913	11	21	-1	
5	1	618	1	1	1	2522	1913	11	21	73.718597	$
2	1	619	0	0	0	2633	1925	7	2	-1	
3	1	619	1	0	0	2633	1925	7	2	-1	
4	1	619	1	1	0	2633	1925	7	2	-1	
5	1	619	1	1	1	2633	1925	7	2	52.294125	-
2	1	620	0	0	0	2734	1914	136	22	-1	
3	1	620	1	0	0	2734	1914	136	22	-1	
4	1	620	1	1	0	2734	1914	136	22	-1	
5	1	620	1	1	1	2734	1914	136	22	91.436653	3,561,417.00
2	1	621	0	0	0	2946	1914	111	22	-1	
3	1	621	1	0	0	2946	1914	111	22	-1	
4	1	621	1	1	0	2946	1914	111	22	-1	
5	1	621	1	1	1	2946	1914	111	22	95.877953	132,472.41
2	1	622	0	0	0	223	1949	175	24	-1	
3	1	622	1	0	0	223	1949	175	24	-1	
4	1	622	1	1	0	223	1949	175	24	-1	
5	1	622	1	1	1	223	1949	68	24	96.600014	Pilgrim
5	1	622	1	1	2	300	1950	98	23	96.303673	Academy
2	1	623	0	0	0	574	1950	37	18	-1	
3	1	623	1	0	0	574	1950	37	18	-1	
4	1	623	1	1	0	574	1950	37	18	-1	
5	1	623	1	1	1	574	1950	37	18	96.624512	218
2	1	624	0	0	0	717	1949	96	20	-1	
3	1	624	1	0	0	717	1949	96	20	-1	
4	1	624	1	1	0	717	1949	96	20	-1	
5	1	624	1	1	1	717	1949	96	20	90.803482	Non-NES
2	1	625	0	0	0	935	1950	34	18	-1	
3	1	625	1	0	0	935	1950	34	18	-1	
4	1	625	1	1	0	935	1950	34	18	-1	
5	1	625	1	1	1	935	1950	34	18	92.325943	K-8
2	1	626	0	0	0	1103	1950	68	19	-1	
3	1	626	1	0	0	1103	1950	68	19	-1	
4	1	626	1	1	0	1103	1950	68	19	-1	
5	1	626	1	1	1	1103	1950	68	19	96.226593	WEST
2	1	627	0	0	0	1249	1949	184	23	-1	
3	1	627	1	0	0	1249	1949	184	23	-1	
4	1	627	1	1	0	1249	1949	184	23	-1	
5	1	627	1	1	1	1249	1950	90	22	93.289909	Wisdom,
5	1	627	1	1	2	1351	1950	41	18	92.199112	M.L.
5	1	627	1	1	3	1403	1949	30	20	95.711273	HS
2	1	628	0	0	0	1650	1950	55	22	-1	
3	1	628	1	0	0	1650	1950	55	22	-1	
4	1	628	1	1	0	1650	1950	55	22	-1	
5	1	628	1	1	1	1650	1950	55	22	96.621284	1,234
2	1	629	0	0	0	1774	1950	136	22	-1	
3	1	629	1	0	0	1774	1950	136	22	-1	
4	1	629	1	1	0	1774	1950	136	22	-1	
5	1	629	1	1	1	1774	1950	136	22	90.795097	7,487,790.00
2	1	630	0	0	0	2019	1950	116	22	-1	
3	1	630	1	0	0	2019	1950	116	22	-1	
4	1	630	1	1	0	2019	1950	116	22	-1	
5	1	630	1	1	1	2019	1950	116	22	96.744499	379,188.00
2	1	631	0	0	0	2209	1950	116	21	-1	
3	1	631	1	0	0	2209	1950	116	21	-1	
4	1	631	1	1	0	2209	1950	116	21	-1	
5	1	631	1	1	1	2209	1950	116	21	95.594162	479,743.00
2	1	632	0	0	0	2352	1949	11	21	-1	
3	1	632	1	0	0	2352	1949	11	21	-1	
4	1	632	1	1	0	2352	1949	11	21	-1	
5	1	632	1	1	1	2352	1949	11	21	85.440605	$
2	1	633	0	0	0	2381	1950	114	22	-1	
3	1	633	1	0	0	2381	1950	114	22	-1	
4	1	633	1	1	0	2381	1950	114	22	-1	
5	1	633	1	1	1	2381	1950	114	22	96.468079	145,000.00
2	1	634	0	0	0	2522	1949	11	21	-1	
3	1	634	1	0	0	2522	1949	11	21	-1	
4	1	634	1	1	0	2522	1949	11	21	-1	
5	1	634	1	1	1	2522	1949	11	21	84.503998	$
2	1	635	0	0	0	2562	1950	103	22	-1	
3	1	635	1	0	0	2562	1950	103	22	-1	
4	1	635	1	1	0	2562	1950	103	22	-1	
5	1	635	1	1	1	2562	1950	103	22	95.893181	52,120.00
2	1	636	0	0	0	2734	1950	135	22	-1	
3	1	636	1	0	0	2734	1950	135	22	-1	
4	1	636	1	1	0	2734	1950	135	22	-1	
5	1	636	1	1	1	2734	1950	135	22	91.193069	8,543,841.00
2	1	637	0	0	0	2944	1950	116	22	-1	
3	1	637	1	0	0	2944	1950	116	22	-1	
4	1	637	1	1	0	2944	1950	116	22	-1	
5	1	637	1	1	1	2944	1950	116	22	95.613480	466,929.95
2	1	638	0	0	0	223	1985	121	20	-1	
3	1	638	1	0	0	223	1985	121	20	-1	
4	1	638	1	1	0	223	1985	121	20	-1	
5	1	638	1	1	1	223	1986	30	18	95.623146	Pin
5	1	638	1	1	2	262	1985	41	20	96.194420	Oak
5	1	638	1	1	3	313	1985	31	20	96.577095	MS
2	1	639	0	0	0	574	1986	37	18	-1	
3	1	639	1	0	0	574	1986	37	18	-1	
4	1	639	1	1	0	574	1986	37	18	-1	
5	1	639	1	1	1	574	1986	37	18	96.824989	337
2	1	640	0	0	0	717	1985	95	20	-1	
3	1	640	1	0	0	717	1985	95	20	-1	
4	1	640	1	1	0	717	1985	95	20	-1	
5	1	640	1	1	1	717	1985	95	20	90.686081	Non-NES
2	1	641	0	0	0	935	1985	143	20	-1	
3	1	641	1	0	0	935	1985	143	20	-1	
4	1	641	1	1	0	935	1985	143	20	-1	
5	1	641	1	1	1	935	1985	66	19	96.723145	Middle
5	1	641	1	1	2	1009	1985	69	20	96.534683	School
2	1	642	0	0	0	1103	1986	68	19	-1	
3	1	642	1	0	0	1103	1986	68	19	-1	
4	1	642	1	1	0	1103	1986	68	19	-1	
5	1	642	1	1	1	1103	1986	68	19	96.231857	WEST
2	1	643	0	0	0	1250	1985	114	20	-1	
3	1	643	1	0	0	1250	1985	114	20	-1	
4	1	643	1	1	0	1250	1985	114	20	-1	
5	1	643	1	1	1	1250	1985	76	19	96.499695	Bellaire
5	1	643	1	1	2	1335	1986	29	19	96.826721	HS
2	1	644	0	0	0	1649	1986	56	22	-1	
3	1	644	1	0	0	1649	1986	56	22	-1	
4	1	644	1	1	0	1649	1986	56	22	-1	
5	1	644	1	1	1	1649	1986	56	22	95.824654	1,276
2	1	645	0	0	0	1774	1986	136	22	-1	
3	1	645	1	0	0	1774	1986	136	22	-1	
4	1	645	1	1	0	1774	1986	136	22	-1	
5	1	645	1	1	1	1774	1986	136	22	91.794113	7,844,532.00
2	1	646	0	0	0	2018	1986	117	22	-1	
3	1	646	1	0	0	2018	1986	117	22	-1	
4	1	646	1	1	0	2018	1986	117	22	-1	
5	1	646	1	1	1	2018	1986	117	22	96.570213	692,354.00
2	1	647	0	0	0	2209	1986	116	21	-1	
3	1	647	1	0	0	2209	1986	116	21	-1	
4	1	647	1	1	0	2209	1986	116	21	-1	
5	1	647	1	1	1	2209	1986	116	21	96.781349	320,639.00
2	1	648	0	0	0	2352	1985	11	21	-1	
3	1	648	1	0	0	2352	1985	11	21	-1	
4	1	648	1	1	0	2352	1985	11	21	-1	
5	1	648	1	1	1	2352	1985	11	21	85.123856	$
2	1	649	0	0	0	2392	1986	103	22	-1	
3	1	649	1	0	0	2392	1986	103	22	-1	
4	1	649	1	1	0	2392	1986	103	22	-1	
5	1	649	1	1	1	2392	1986	103	22	96.506973	46,500.00
2	1	650	0	0	0	2522	1985	11	21	-1	
3	1	650	1	0	0	2522	1985	11	21	-1	
4	1	650	1	1	0	2522	1985	11	21	-1	
5	1	650	1	1	1	2522	1985	11	21	84.277916	$
2	1	651	0	0	0	2575	1986	90	22	-1	
3	1	651	1	0	0	2575	1986	90	22	-1	
4	1	651	1	1	0	2575	1986	90	22	-1	
5	1	651	1	1	1	2575	1986	90	22	96.838181	6,761.00
2	1	652	0	0	0	2734	1986	135	22	-1	
3	1	652	1	0	0	2734	1986	135	22	-1	
4	1	652	1	1	0	2734	1986	135	22	-1	
5	1	652	1	1	1	2734	1986	135	22	91.385124	8,910,786.00
2	1	653	0	0	0	2946	1986	114	22	-1	
3	1	653	1	0	0	2946	1986	114	22	-1	
4	1	653	1	1	0	2946	1986	114	22	-1	
5	1	653	1	1	1	2946	1986	114	22	91.871887	185,518.47
2	1	654	0	0	0	223	2021	158	24	-1	
3	1	654	1	0	0	223	2021	158	24	-1	
4	1	654	1	1	0	223	2021	158	24	-1	
5	1	654	1	1	1	223	2022	55	23	96.789932	Piney
5	1	654	1	1	2	287	2022	50	18	96.570259	Point
5	1	654	1	1	3	353	2021	28	20	96.652946	ES
2	1	655	0	0	0	574	2022	37	18	-1	
3	1	655	1	0	0	574	2022	37	18	-1	
4	1	655	1	1	0	574	2022	37	18	-1	
5	1	655	1	1	1	574	2022	37	18	96.146095	219
2	1	656	0	0	0	717	2021	95	20	-1	
3	1	656	1	0	0	717	2021	95	20	-1	
4	1	656	1	1	0	717	2021	95	20	-1	
5	1	656	1	1	1	717	2021	95	20	91.095337	Non-NES
2	1	657	0	0	0	935	2021	116	24	-1	
3	1	657	1	0	0	935	2021	116	24	-1	
4	1	657	1	1	0	935	2021	116	24	-1	
5	1	657	1	1	1	935	2021	116	24	95.926910	Elementary
2	1	658	0	0	0	1103	2022	68	19	-1	
3	1	658	1	0	0	1103	2022	68	19	-1	
4	1	658	1	1	0	1103	2022	68	19	-1	
5	1	658	1	1	1	1103	2022	68	19	96.386070	WEST
2	1	659	0	0	0	1249	2021	183	23	-1	
3	1	659	1	0	0	1249	2021	183	23	-1	
4	1	659	1	1	0	1249	2021	183	23	-1	
5	1	659	1	1	1	1249	2022	90	22	93.284325	Wisdom,
5	1	659	1	1	2	1351	2022	41	18	92.292778	M.L.
5	1	659	1	1	3	1403	2021	29	20	95.500076	HS
2	1	660	0	0	0	1649	2022	56	22	-1	
3	1	660	1	0	0	1649	2022	56	22	-1	
4	1	660	1	1	0	1649	2022	56	22	-1	
5	1	660	1	1	1	1649	2022	56	22	91.271378	1,279
2	1	661	0	0	0	1774	2022	136	22	-1	
3	1	661	1	0	0	1774	2022	136	22	-1	
4	1	661	1	1	0	1774	2022	136	22	-1	
5	1	661	1	1	1	1774	2022	136	22	91.032425	7,554,958.00
2	1	662	0	0	0	2018	2022	117	22	-1	
3	1	662	1	0	0	2018	2022	117	22	-1	
4	1	662	1	1	0	2018	2022	117	22	-1	
5	1	662	1	1	1	2018	2022	117	22	96.008163	410,777.00
2	1	663	0	0	0	2209	2022	116	21	-1	
3	1	663	1	0	0	2209	2022	116	21	-1	
4	1	663	1	1	0	2209	2022	116	21	-1	
5	1	663	1	1	1	2209	2022	116	21	96.664421	410,889.00
2	1	664	0	0	0	2352	2021	11	21	-1	
3	1	664	1	0	0	2352	2021	11	21	-1	
4	1	664	1	1	0	2352	2021	11	21	-1	
5	1	664	1	1	1	2352	2021	11	21	85.686119	$
2	1	665	0	0	0	2394	2022	101	22	-1	
3	1	665	1	0	0	2394	2022	101	22	-1	
4	1	665	1	1	0	2394	2022	101	22	-1	
5	1	665	1	1	1	2394	2022	101	22	96.381691	14,000.00
2	1	666	0	0	0	2522	2021	11	21	-1	
3	1	666	1	0	0	2522	2021	11	21	-1	
4	1	666	1	1	0	2522	2021	11	21	-1	
5	1	666	1	1	1	2522	2021	11	21	84.701424	$
2	1	667	0	0	0	2562	2022	103	22	-1	
3	1	667	1	0	0	2562	2022	103	22	-1	
4	1	667	1	1	0	2562	2022	103	22	-1	
5	1	667	1	1	1	2562	2022	103	22	96.795303	27,790.00
2	1	668	0	0	0	2734	2022	135	22	-1	
3	1	668	1	0	0	2734	2022	135	22	-1	
4	1	668	1	1	0	2734	2022	135	22	-1	
5	1	668	1	1	1	2734	2022	135	22	92.607773	8,418,414.00
2	1	669	0	0	0	2944	2022	116	22	-1	
3	1	669	1	0	0	2944	2022	116	22	-1	
4	1	669	1	1	0	2944	2022	116	22	-1	
5	1	669	1	1	1	2944	2022	116	22	96.395164	487,702.18
2	1	670	0	0	0	223	2057	165	19	-1	
3	1	670	1	0	0	223	2057	165	19	-1	
4	1	670	1	1	0	223	2057	165	19	-1	
5	1	670	1	1	1	223	2057	128	19	94.387932	Pleasantville
5	1	670	1	1	2	361	2057	27	19	96.464607	ES
2	1	671	0	0	0	574	2057	37	19	-1	
3	1	671	1	0	0	574	2057	37	19	-1	
4	1	671	1	1	0	574	2057	37	19	-1	
5	1	671	1	1	1	574	2057	37	19	96.213028	220
2	1	672	0	0	0	717	2057	95	19	-1	
3	1	672	1	0	0	717	2057	95	19	-1	
4	1	672	1	1	0	717	2057	95	19	-1	
5	1	672	1	1	1	717	2057	95	19	90.871231	Non-NES
2	1	673	0	0	0	935	2057	116	24	-1	
3	1	673	1	0	0	935	2057	116	24	-1	
4	1	673	1	1	0	935	2057	116	24	-1	
5	1	673	1	1	1	935	2057	116	24	95.751556	Elementary
2	1	674	0	0	0	1104	2057	109	19	-1	
3	1	674	1	0	0	1104	2057	109	19	-1	
4	1	674	1	1	0	1104	2057	109	19	-1	
5	1	674	1	1	1	1104	2057	109	19	96.526215	CENTRAL
2	1	675	0	0	0	1250	2057	79	19	-1	
3	1	675	1	0	0	1250	2057	79	19	-1	
4	1	675	1	1	0	1250	2057	79	19	-1	
5	1	675	1	1	1	1250	2057	41	19	94.008133	Furr
5	1	675	1	1	2	1300	2057	29	19	94.687248	HS
2	1	676	0	0	0	1667	2057	38	19	-1	
3	1	676	1	0	0	1667	2057	38	19	-1	
4	1	676	1	1	0	1667	2057	38	19	-1	
5	1	676	1	1	1	1667	2057	38	19	96.358536	214
2	1	677	0	0	0	1775	2057	135	22	-1	
3	1	677	1	0	0	1775	2057	135	22	-1	
4	1	677	1	1	0	1775	2057	135	22	-1	
5	1	677	1	1	1	1775	2057	135	22	92.605217	1,820,590.00
2	1	678	0	0	0	2032	2057	103	22	-1	
3	1	678	1	0	0	2032	2057	103	22	-1	
4	1	678	1	1	0	2032	2057	103	22	-1	
5	1	678	1	1	1	2032	2057	103	22	96.772118	95,599.00
2	1	679	0	0	0	2222	2057	103	22	-1	
3	1	679	1	0	0	2222	2057	103	22	-1	
4	1	679	1	1	0	2222	2057	103	22	-1	
5	1	679	1	1	1	2222	2057	103	22	96.490677	66,401.00
2	1	680	0	0	0	2352	2056	11	22	-1	
3	1	680	1	0	0	2352	2056	11	22	-1	
4	1	680	1	1	0	2352	2056	11	22	-1	
5	1	680	1	1	1	2352	2056	11	22	83.401070	$
2	1	681	0	0	0	2407	2057	88	22	-1	
3	1	681	1	0	0	2407	2057	88	22	-1	
4	1	681	1	1	0	2407	2057	88	22	-1	
5	1	681	1	1	1	2407	2057	88	22	96.503922	1,754.00
2	1	682	0	0	0	2522	2056	11	22	-1	
3	1	682	1	0	0	2522	2056	11	22	-1	
4	1	682	1	1	0	2522	2056	11	22	-1	
5	1	682	1	1	1	2522	2056	11	22	83.712486	$
2	1	683	0	0	0	2575	2057	90	22	-1	
3	1	683	1	0	0	2575	2057	90	22	-1	
4	1	683	1	1	0	2575	2057	90	22	-1	
5	1	683	1	1	1	2575	2057	90	22	96.615349	2,140.00
2	1	684	0	0	0	2735	2057	134	22	-1	
3	1	684	1	0	0	2735	2057	134	22	-1	
4	1	684	1	1	0	2735	2057	134	22	-1	
5	1	684	1	1	1	2735	2057	134	22	91.860397	1,986,484.00
2	1	685	0	0	0	2957	2057	103	22	-1	
3	1	685	1	0	0	2957	2057	103	22	-1	
4	1	685	1	1	0	2957	2057	103	22	-1	
5	1	685	1	1	1	2957	2057	103	22	96.744827	84,785.92
2	1	686	0	0	0	223	2093	76	19	-1	
3	1	686	1	0	0	223	2093	76	19	-1	
4	1	686	1	1	0	223	2093	76	19	-1	
5	1	686	1	1	1	223	2093	38	19	96.312904	Poe
5	1	686	1	1	2	271	2093	28	19	96.503120	ES
2	1	687	0	0	0	574	2093	35	19	-1	
3	1	687	1	0	0	574	2093	35	19	-1	
4	1	687	1	1	0	574	2093	35	19	-1	
5	1	687	1	1	1	574	2093	35	19	95.633270	221
2	1	688	0	0	0	717	2093	95	19	-1	
3	1	688	1	0	0	717	2093	95	19	-1	
4	1	688	1	1	0	717	2093	95	19	-1	
5	1	688	1	1	1	717	2093	95	19	90.582130	Non-NES
2	1	689	0	0	0	935	2093	116	24	-1	
3	1	689	1	0	0	935	2093	116	24	-1	
4	1	689	1	1	0	935	2093	116	24	-1	
5	1	689	1	1	1	935	2093	116	24	96.135674	Elementary
2	1	690	0	0	0	1104	2093	109	19	-1	
3	1	690	1	0	0	1104	2093	109	19	-1	
4	1	690	1	1	0	1104	2093	109	19	-1	
5	1	690	1	1	1	1104	2093	109	19	96.572327	CENTRAL
2	1	691	0	0	0	1250	2093	104	19	-1	
3	1	691	1	0	0	1250	2093	104	19	-1	
4	1	691	1	1	0	1250	2093	104	19	-1	
5	1	691	1	1	1	1250	2093	66	19	96.499886	Lamar
5	1	691	1	1	2	1325	2093	29	19	96.778725	HS
2	1	692	0	0	0	1668	2093	34	19	-1	
3	1	692	1	0	0	1668	2093	34	19	-1	
4	1	692	1	1	0	1668	2093	34	19	-1	
5	1	692	1	1	1	1668	2093	34	19	96.677521	731
2	1	693	0	0	0	1774	2093	136	22	-1	
3	1	693	1	0	0	1774	2093	136	22	-1	
4	1	693	1	1	0	1774	2093	136	22	-1	
5	1	693	1	1	1	1774	2093	136	22	92.231834	3,973,340.00
2	1	694	0	0	0	2020	2093	115	22	-1	
3	1	694	1	0	0	2020	2093	115	22	-1	
4	1	694	1	1	0	2020	2093	115	22	-1	
5	1	694	1	1	1	2020	2093	115	22	96.703796	178,851.00
2	1	695	0	0	0	2222	2093	103	22	-1	
3	1	695	1	0	0	2222	2093	103	22	-1	
4	1	695	1	1	0	2222	2093	103	22	-1	
5	1	695	1	1	1	2222	2093	103	22	95.271149	51,578.00
2	1	696	0	0	0	2352	2092	11	22	-1	
3	1	696	1	0	0	2352	2092	11	22	-1	
4	1	696	1	1	0	2352	2092	11	22	-1	
5	1	696	1	1	1	2352	2092	11	22	86.191284	$
2	1	697	0	0	0	2394	2093	101	22	-1	
3	1	697	1	0	0	2394	2093	101	22	-1	
4	1	697	1	1	0	2394	2093	101	22	-1	
5	1	697	1	1	1	2394	2093	101	22	96.389938	16,500.00
2	1	698	0	0	0	2522	2092	11	22	-1	
3	1	698	1	0	0	2522	2092	11	22	-1	
4	1	698	1	1	0	2522	2092	11	22	-1	
5	1	698	1	1	1	2522	2092	11	22	85.337578	$
2	1	699	0	0	0	2575	2093	90	22	-1	
3	1	699	1	0	0	2575	2093	90	22	-1	
4	1	699	1	1	0	2575	2093	90	22	-1	
5	1	699	1	1	1	2575	2093	90	22	96.656517	7,310.00
2	1	700	0	0	0	2733	2093	136	22	-1	
3	1	700	1	0	0	2733	2093	136	22	-1	
4	1	700	1	1	0	2733	2093	136	22	-1	
5	1	700	1	1	1	2733	2093	136	22	92.108437	4,227,579.00
2	1	701	0	0	0	2957	2093	103	22	-1	
3	1	701	1	0	0	2957	2093	103	22	-1	
4	1	701	1	1	0	2957	2093	103	22	-1	
5	1	701	1	1	1	2957	2093	103	22	96.801056	88,738.09
2	1	702	0	0	0	223	2129	172	19	-1	
3	1	702	1	0	0	223	2129	172	19	-1	
4	1	702	1	1	0	223	2129	172	19	-1	
5	1	702	1	1	1	223	2129	41	19	96.879295	Port
5	1	702	1	1	2	273	2129	85	19	96.100098	Houston
5	1	702	1	1	3	367	2129	28	19	96.100098	ES
2	1	703	0	0	0	574	2129	37	19	-1	
3	1	703	1	0	0	574	2129	37	19	-1	
4	1	703	1	1	0	574	2129	37	19	-1	
5	1	703	1	1	1	574	2129	37	19	96.840202	222
2	1	704	0	0	0	717	2129	44	19	-1	
3	1	704	1	0	0	717	2129	44	19	-1	
4	1	704	1	1	0	717	2129	44	19	-1	
5	1	704	1	1	1	717	2129	44	19	95.904510	NES
2	1	705	0	0	0	935	2129	116	24	-1	
3	1	705	1	0	0	935	2129	116	24	-1	
4	1	705	1	1	0	935	2129	116	24	-1	
5	1	705	1	1	1	935	2129	116	24	96.166046	Elementary
2	1	706	0	0	0	1104	2129	109	19	-1	
3	1	706	1	0	0	1104	2129	109	19	-1	
4	1	706	1	1	0	1104	2129	109	19	-1	
5	1	706	1	1	1	1104	2129	109	19	96.593971	CENTRAL
2	1	707	0	0	0	1250	2129	79	19	-1	
3	1	707	1	0	0	1250	2129	79	19	-1	
4	1	707	1	1	0	1250	2129	79	19	-1	
5	1	707	1	1	1	1250	2129	41	19	94.233215	Furr
5	1	707	1	1	2	1300	2129	29	19	94.991257	HS
2	1	708	0	0	0	1667	2129	38	19	-1	
3	1	708	1	0	0	1667	2129	38	19	-1	
4	1	708	1	1	0	1667	2129	38	19	-1	
5	1	708	1	1	1	1667	2129	38	19	96.505943	262
2	1	709	0	0	0	1773	2129	137	22	-1	
3	1	709	1	0	0	1773	2129	137	22	-1	
4	1	709	1	1	0	1773	2129	137	22	-1	
5	1	709	1	1	1	1773	2129	137	22	92.331253	2,706,467.00
2	1	710	0	0	0	2020	2129	115	22	-1	
3	1	710	1	0	0	2020	2129	115	22	-1	
4	1	710	1	1	0	2020	2129	115	22	-1	
5	1	710	1	1	1	2020	2129	115	22	96.558914	116,549.00
2	1	711	0	0	0	2222	2129	103	22	-1	
3	1	711	1	0	0	2222	2129	103	22	-1	
4	1	711	1	1	0	2222	2129	103	22	-1	
5	1	711	1	1	1	2222	2129	103	22	96.616547	91,800.00
2	1	712	0	0	0	2352	2128	11	22	-1	
3	1	712	1	0	0	2352	2128	11	22	-1	
4	1	712	1	1	0	2352	2128	11	22	-1	
5	1	712	1	1	1	2352	2128	11	22	84.501984	$
2	1	713	0	0	0	2405	2129	90	22	-1	
3	1	713	1	0	0	2405	2129	90	22	-1	
4	1	713	1	1	0	2405	2129	90	22	-1	
5	1	713	1	1	1	2405	2129	90	22	96.643410	2,000.00
2	1	714	0	0	0	2522	2128	11	22	-1	
3	1	714	1	0	0	2522	2128	11	22	-1	
4	1	714	1	1	0	2522	2128	11	22	-1	
5	1	714	1	1	1	2522	2128	11	22	85.626007	$
2	1	715	0	0	0	2633	2140	7	3	-1	
3	1	715	1	0	0	2633	2140	7	3	-1	
4	1	715	1	1	0	2633	2140	7	3	-1	
5	1	715	1	1	1	2633	2140	7	3	87.519112	-
2	1	716	0	0	0	2733	2129	136	22	-1	
3	1	716	1	0	0	2733	2129	136	22	-1	
4	1	716	1	1	0	2733	2129	136	22	-1	
5	1	716	1	1	1	2733	2129	136	22	92.681450	2,916,816.00
2	1	717	0	0	0	2957	2129	103	22	-1	
3	1	717	1	0	0	2957	2129	103	22	-1	
4	1	717	1	1	0	2957	2129	103	22	-1	
5	1	717	1	1	1	2957	2129	103	22	96.298088	98,795.18
2	1	718	0	0	0	223	2165	215	24	-1	
3	1	718	1	0	0	223	2165	215	24	-1	
4	1	718	1	1	0	223	2165	215	24	-1	
5	1	718	1	1	1	223	2165	72	24	95.877037	Project
5	1	718	1	1	2	303	2165	94	24	96.802826	Chrysalis
5	1	718	1	1	3	407	2165	31	19	96.801094	MS
2	1	719	0	0	0	574	2165	35	19	-1	
3	1	719	1	0	0	574	2165	35	19	-1	
4	1	719	1	1	0	574	2165	35	19	-1	
5	1	719	1	1	1	574	2165	35	19	96.859520	071
2	1	720	0	0	0	717	2165	44	19	-1	
3	1	720	1	0	0	717	2165	44	19	-1	
4	1	720	1	1	0	717	2165	44	19	-1	
5	1	720	1	1	1	717	2165	44	19	95.994614	NES
2	1	721	0	0	0	935	2165	143	19	-1	
3	1	721	1	0	0	935	2165	143	19	-1	
4	1	721	1	1	0	935	2165	143	19	-1	
5	1	721	1	1	1	935	2165	65	19	96.402588	Middle
5	1	721	1	1	2	1009	2165	69	19	96.783783	School
2	1	722	0	0	0	1104	2165	109	19	-1	
3	1	722	1	0	0	1104	2165	109	19	-1	
4	1	722	1	1	0	1104	2165	109	19	-1	
5	1	722	1	1	1	1104	2165	109	19	96.582741	CENTRAL
2	1	723	0	0	0	1248	2165	103	19	-1	
3	1	723	1	0	0	1248	2165	103	19	-1	
4	1	723	1	1	0	1248	2165	103	19	-1	
5	1	723	1	1	1	1248	2165	64	19	96.256546	Austin
5	1	723	1	1	2	1322	2165	29	19	96.467636	HS
2	1	724	0	0	0	1667	2166	35	18	-1	
3	1	724	1	0	0	1667	2166	35	18	-1	
4	1	724	1	1	0	1667	2166	35	18	-1	
5	1	724	1	1	1	1667	2166	35	18	96.758621	221
2	1	725	0	0	0	1773	2165	137	22	-1	
3	1	725	1	0	0	1773	2165	137	22	-1	
4	1	725	1	1	0	1773	2165	137	22	-1	
5	1	725	1	1	1	1773	2165	137	22	92.180336	2,656,223.00
2	1	726	0	0	0	2031	2165	104	22	-1	
3	1	726	1	0	0	2031	2165	104	22	-1	
4	1	726	1	1	0	2031	2165	104	22	-1	
5	1	726	1	1	1	2031	2165	104	22	95.991470	49,400.00
2	1	727	0	0	0	2222	2165	104	22	-1	
3	1	727	1	0	0	2222	2165	104	22	-1	
4	1	727	1	1	0	2222	2165	104	22	-1	
5	1	727	1	1	1	2222	2165	104	22	96.664612	75,820.00
2	1	728	0	0	0	2352	2164	11	22	-1	
3	1	728	1	0	0	2352	2164	11	22	-1	
4	1	728	1	1	0	2352	2164	11	22	-1	
5	1	728	1	1	1	2352	2164	11	22	85.817619	$
2	1	729	0	0	0	2405	2165	91	22	-1	
3	1	729	1	0	0	2405	2165	91	22	-1	
4	1	729	1	1	0	2405	2165	91	22	-1	
5	1	729	1	1	1	2405	2165	91	22	96.022377	2,000.00
2	1	730	0	0	0	2522	2164	11	22	-1	
3	1	730	1	0	0	2522	2164	11	22	-1	
4	1	730	1	1	0	2522	2164	11	22	-1	
5	1	730	1	1	1	2522	2164	11	22	87.288025	$
2	1	731	0	0	0	2633	2176	7	2	-1	
3	1	731	1	0	0	2633	2176	7	2	-1	
4	1	731	1	1	0	2633	2176	7	2	-1	
5	1	731	1	1	1	2633	2176	7	2	52.294125	-
2	1	732	0	0	0	2733	2165	137	22	-1	
3	1	732	1	0	0	2733	2165	137	22	-1	
4	1	732	1	1	0	2733	2165	137	22	-1	
5	1	732	1	1	1	2733	2165	137	22	92.179596	2,783,443.00
2	1	733	0	0	0	2957	2165	103	22	-1	
3	1	733	1	0	0	2957	2165	103	22	-1	
4	1	733	1	1	0	2957	2165	103	22	-1	
5	1	733	1	1	1	2957	2165	103	22	96.377678	76,971.34
2	1	734	0	0	0	2633	2212	7	2	-1	
3	1	734	1	0	0	2633	2212	7	2	-1	
4	1	734	1	1	0	2633	2212	7	2	-1	
5	1	734	1	1	1	2633	2212	7	2	52.294125	-
2	1	735	0	0	0	223	2201	89	24	-1	
3	1	735	1	0	0	223	2201	89	24	-1	
4	1	735	1	1	0	223	2201	89	24	-1	
5	1	735	1	1	1	223	2201	51	24	96.680389	Pugh
5	1	735	1	1	2	284	2201	28	19	96.666344	ES
2	1	736	0	0	0	574	2201	37	19	-1	
3	1	736	1	0	0	574	2201	37	19	-1	
4	1	736	1	1	0	574	2201	37	19	-1	
5	1	736	1	1	1	574	2201	37	19	96.392807	223
2	1	737	0	0	0	717	2201	45	19	-1	
3	1	737	1	0	0	717	2201	45	19	-1	
4	1	737	1	1	0	717	2201	45	19	-1	
5	1	737	1	1	1	717	2201	45	19	96.295708	NES
2	1	738	0	0	0	935	2201	116	24	-1	
3	1	738	1	0	0	935	2201	116	24	-1	
4	1	738	1	1	0	935	2201	116	24	-1	
5	1	738	1	1	1	935	2201	116	24	95.943413	Elementary
2	1	739	0	0	0	1104	2201	109	19	-1	
3	1	739	1	0	0	1104	2201	109	19	-1	
4	1	739	1	1	0	1104	2201	109	19	-1	
5	1	739	1	1	1	1104	2201	109	19	96.014801	CENTRAL
2	1	740	0	0	0	1249	2201	136	24	-1	
3	1	740	1	0	0	1249	2201	136	24	-1	
4	1	740	1	1	0	1249	2201	136	24	-1	
5	1	740	1	1	1	1249	2201	97	24	96.589119	Wheatley
5	1	740	1	1	2	1355	2201	30	19	96.537430	HS
2	1	741	0	0	0	1667	2201	38	19	-1	
3	1	741	1	0	0	1667	2201	38	19	-1	
4	1	741	1	1	0	1667	2201	38	19	-1	
5	1	741	1	1	1	1667	2201	38	19	96.624168	248
2	1	742	0	0	0	1773	2201	137	22	-1	
3	1	742	1	0	0	1773	2201	137	22	-1	
4	1	742	1	1	0	1773	2201	137	22	-1	
5	1	742	1	1	1	1773	2201	137	22	92.154633	2,987,028.00
2	1	743	0	0	0	2020	2201	115	22	-1	
3	1	743	1	0	0	2020	2201	115	22	-1	
4	1	743	1	1	0	2020	2201	115	22	-1	
5	1	743	1	1	1	2020	2201	115	22	96.494911	107,359.00
2	1	744	0	0	0	2222	2201	104	22	-1	
3	1	744	1	0	0	2222	2201	104	22	-1	
4	1	744	1	1	0	2222	2201	104	22	-1	
5	1	744	1	1	1	2222	2201	104	22	96.805450	92,260.00
2	1	745	0	0	0	2352	2200	11	22	-1	
3	1	745	1	0	0	2352	2200	11	22	-1	
4	1	745	1	1	0	2352	2200	11	22	-1	
5	1	745	1	1	1	2352	2200	11	22	89.891403	$
2	1	746	0	0	0	2405	2201	90	22	-1	
3	1	746	1	0	0	2405	2201	90	22	-1	
4	1	746	1	1	0	2405	2201	90	22	-1	
5	1	746	1	1	1	2405	2201	90	22	96.942413	2,000.00
2	1	747	0	0	0	2522	2200	11	22	-1	
3	1	747	1	0	0	2522	2200	11	22	-1	
4	1	747	1	1	0	2522	2200	11	22	-1	
5	1	747	1	1	1	2522	2200	11	22	89.360519	$
2	1	748	0	0	0	2734	2201	136	22	-1	
3	1	748	1	0	0	2734	2201	136	22	-1	
4	1	748	1	1	0	2734	2201	136	22	-1	
5	1	748	1	1	1	2734	2201	136	22	91.984474	3,188,647.00
2	1	749	0	0	0	2957	2201	103	22	-1	
3	1	749	1	0	0	2957	2201	103	22	-1	
4	1	749	1	1	0	2957	2201	103	22	-1	
5	1	749	1	1	1	2957	2201	103	22	96.297112	96,400.64
2	1	750	0	0	0	223	2237	107	19	-1	
3	1	750	1	0	0	223	2237	107	19	-1	
4	1	750	1	1	0	223	2237	107	19	-1	
5	1	750	1	1	1	223	2237	107	19	88.478096	RDSPD
2	1	751	0	0	0	574	2238	37	18	-1	
3	1	751	1	0	0	574	2238	37	18	-1	
4	1	751	1	1	0	574	2238	37	18	-1	
5	1	751	1	1	1	574	2238	37	18	96.040558	380
2	1	752	0	0	0	716	2237	185	24	-1	
3	1	752	1	0	0	716	2237	185	24	-1	
4	1	752	1	1	0	716	2237	185	24	-1	
5	1	752	1	1	1	716	2237	74	24	96.338326	Special
5	1	752	1	1	2	800	2237	101	19	96.452751	Education
2	1	753	0	0	0	935	2237	116	24	-1	
3	1	753	1	0	0	935	2237	116	24	-1	
4	1	753	1	1	0	935	2237	116	24	-1	
5	1	753	1	1	1	935	2237	116	24	95.974037	Elementary
2	1	754	0	0	0	1104	2237	59	19	-1	
3	1	754	1	0	0	1104	2237	59	19	-1	
4	1	754	1	1	0	1104	2237	59	19	-1	
5	1	754	1	1	1	1104	2237	59	19	95.525406	South
2	1	755	0	0	0	1250	2237	218	24	-1	
3	1	755	1	0	0	1250	2237	218	24	-1	
4	1	755	1	1	0	1250	2237	218	24	-1	
5	1	755	1	1	1	1250	2237	86	19	96.096558	Madison
5	1	755	1	1	2	1345	2237	46	24	96.820404	High
5	1	755	1	1	3	1399	2237	69	19	96.081711	School
2	1	756	0	0	0	1680	2237	25	19	-1	
3	1	756	1	0	0	1680	2237	25	19	-1	
4	1	756	1	1	0	1680	2237	25	19	-1	
5	1	756	1	1	1	1680	2237	25	19	96.893951	46
2	1	757	0	0	0	1877	2248	7	2	-1	
3	1	757	1	0	0	1877	2248	7	2	-1	
4	1	757	1	1	0	1877	2248	7	2	-1	
5	1	757	1	1	1	1877	2248	7	2	52.294125	-
2	1	758	0	0	0	2102	2248	7	2	-1	
3	1	758	1	0	0	2102	2248	7	2	-1	
4	1	758	1	1	0	2102	2248	7	2	-1	
5	1	758	1	1	1	2102	2248	7	2	52.294125	-
2	1	759	0	0	0	2293	2248	7	2	-1	
3	1	759	1	0	0	2293	2248	7	2	-1	
4	1	759	1	1	0	2293	2248	7	2	-1	
5	1	759	1	1	1	2293	2248	7	2	52.294125	-
2	1	760	0	0	0	2352	2236	11	22	-1	
3	1	760	1	0	0	2352	2236	11	22	-1	
4	1	760	1	1	0	2352	2236	11	22	-1	
5	1	760	1	1	1	2352	2236	11	22	88.566734	$
2	1	761	0	0	0	2463	2248	7	2	-1	
3	1	761	1	0	0	2463	2248	7	2	-1	
4	1	761	1	1	0	2463	2248	7	2	-1	
5	1	761	1	1	1	2463	2248	7	2	52.294125	-
2	1	762	0	0	0	2522	2236	11	22	-1	
3	1	762	1	0	0	2522	2236	11	22	-1	
4	1	762	1	1	0	2522	2236	11	22	-1	
5	1	762	1	1	1	2522	2236	11	22	88.667793	$
2	1	763	0	0	0	2633	2248	7	2	-1	
3	1	763	1	0	0	2633	2248	7	2	-1	
4	1	763	1	1	0	2633	2248	7	2	-1	
5	1	763	1	1	1	2633	2248	7	2	52.294125	-
2	1	764	0	0	0	2837	2248	7	2	-1	
3	1	764	1	0	0	2837	2248	7	2	-1	
4	1	764	1	1	0	2837	2248	7	2	-1	
5	1	764	1	1	1	2837	2248	7	2	52.294125	-
2	1	765	0	0	0	3028	2248	7	2	-1	
3	1	765	1	0	0	3028	2248	7	2	-1	
4	1	765	1	1	0	3028	2248	7	2	-1	
5	1	765	1	1	1	3028	2248	7	2	52.294125	-
