level	page_num	block_num	par_num	line_num	word_num	left	top	width	height	conf	text
1	1	0	0	0	0	0	0	3300	2550	-1	
2	1	1	0	0	0	1601	183	171	26	-1	
3	1	1	1	0	0	1601	183	171	26	-1	
4	1	1	1	1	0	1601	183	171	26	-1	
5	1	1	1	1	1	1601	183	89	20	96.154327	School
5	1	1	1	1	2	1698	183	74	26	96.172417	Pages
2	1	2	0	0	0	2244	301	149	18	-1	
3	1	2	1	0	0	2244	301	149	18	-1	
4	1	2	1	1	0	2244	301	149	18	-1	
5	1	2	1	1	1	2244	301	85	18	96.279945	General
5	1	2	1	1	2	2339	301	54	17	96.015892	Fund
2	1	3	0	0	0	2959	301	60	18	-1	
3	1	3	1	0	0	2959	301	60	18	-1	
4	1	3	1	1	0	2959	301	60	18	-1	
5	1	3	1	1	1	2959	301	47	18	94.175682	Title
5	1	3	1	1	2	3015	301	4	18	82.764656	|
2	1	4	0	0	0	952	299	90	23	-1	
3	1	4	1	0	0	952	299	90	23	-1	
4	1	4	1	1	0	952	299	90	23	-1	
5	1	4	1	1	1	952	299	90	23	96.178986	Campus
2	1	5	0	0	0	259	332	192	23	-1	
3	1	5	1	0	0	259	332	192	23	-1	
4	1	5	1	1	0	259	332	192	23	-1	
5	1	5	1	1	1	259	332	70	19	92.840797	PEIMS
5	1	5	1	1	2	339	332	39	23	93.211014	Org
5	1	5	1	1	3	388	333	63	17	90.690208	Descr
2	1	6	0	0	0	608	332	290	23	-1	
3	1	6	1	0	0	608	332	290	23	-1	
4	1	6	1	1	0	608	332	290	23	-1	
5	1	6	1	1	1	608	333	70	18	92.878372	PEIMS
5	1	6	1	1	2	687	333	40	22	95.951767	Org
5	1	6	1	1	3	748	332	90	23	74.963104	[Campus
5	1	6	1	1	4	846	333	52	22	96.302788	Type
2	1	7	0	0	0	964	332	131	19	-1	
3	1	7	1	0	0	964	332	131	19	-1	
4	1	7	1	1	0	964	332	131	19	-1	
5	1	7	1	1	1	964	332	65	19	96.816284	Grade
5	1	7	1	1	2	1039	333	56	18	96.623802	Level
2	1	8	0	0	0	1133	333	88	17	-1	
3	1	8	1	0	0	1133	333	88	17	-1	
4	1	8	1	1	0	1133	333	88	17	-1	
5	1	8	1	1	1	1133	333	88	17	96.523399	Division
2	1	9	0	0	0	1277	333	161	17	-1	
3	1	9	1	0	0	1277	333	161	17	-1	
4	1	9	1	1	0	1277	333	161	17	-1	
5	1	9	1	1	1	1277	333	75	17	96.409271	Feeder
5	1	9	1	1	2	1361	333	77	17	96.625526	Pattern
2	1	10	0	0	0	1617	333	104	22	-1	
3	1	10	1	0	0	1617	333	104	22	-1	
4	1	10	1	1	0	1617	333	104	22	-1	
5	1	10	1	1	1	1617	333	104	22	96.072060	Projected
2	1	11	0	0	0	1771	333	149	22	-1	
3	1	11	1	0	0	1771	333	149	22	-1	
4	1	11	1	1	0	1771	333	149	22	-1	
5	1	11	1	1	1	1771	333	49	17	93.266869	6100
5	1	11	1	1	2	1829	342	7	4	91.297821	-
5	1	11	1	1	3	1845	333	75	22	95.071144	Payroll
2	1	12	0	0	0	2026	333	65	17	-1	
3	1	12	1	0	0	2026	333	65	17	-1	
4	1	12	1	1	0	2026	333	65	17	-1	
5	1	12	1	1	1	2026	333	49	17	93.235489	6200
5	1	12	1	1	2	2084	342	7	4	90.609528	-
2	1	13	0	0	0	2183	332	162	23	-1	
3	1	13	1	0	0	2183	332	162	23	-1	
4	1	13	1	1	0	2183	332	162	23	-1	
5	1	13	1	1	1	2183	333	49	17	93.205574	6300
5	1	13	1	1	2	2241	332	104	23	91.314552	-Supplies
2	1	14	0	0	0	2376	333	134	18	-1	
3	1	14	1	0	0	2376	333	134	18	-1	
4	1	14	1	1	0	2376	333	134	18	-1	
5	1	14	1	1	1	2376	333	49	17	93.286926	6400
5	1	14	1	1	2	2434	342	7	4	92.638008	-
5	1	14	1	1	3	2449	333	61	18	96.418633	Other
2	1	15	0	0	0	2536	333	149	22	-1	
3	1	15	1	0	0	2536	333	149	22	-1	
4	1	15	1	1	0	2536	333	149	22	-1	
5	1	15	1	1	1	2536	333	49	17	93.254837	6600
5	1	15	1	1	2	2594	342	7	4	90.947647	-
5	1	15	1	1	3	2609	333	76	22	96.470108	Capital
2	1	16	0	0	0	2732	333	129	18	-1	
3	1	16	1	0	0	2732	333	129	18	-1	
4	1	16	1	1	0	2732	333	129	18	-1	
5	1	16	1	1	1	2732	333	66	18	96.435379	Grand
5	1	16	1	1	2	2807	333	54	18	96.777893	Total
2	1	17	0	0	0	2935	333	112	18	-1	
3	1	17	1	0	0	2935	333	112	18	-1	
4	1	17	1	1	0	2935	333	112	18	-1	
5	1	17	1	1	1	2935	333	112	18	96.314857	Allocation
2	1	18	0	0	0	1606	363	120	18	-1	
3	1	18	1	0	0	1606	363	120	18	-1	
4	1	18	1	1	0	1606	363	120	18	-1	
5	1	18	1	1	1	1606	363	120	18	33.328819	Enrollment
2	1	19	0	0	0	1817	364	51	17	-1	
3	1	19	1	0	0	1817	364	51	17	-1	
4	1	19	1	1	0	1817	364	51	17	-1	
5	1	19	1	1	1	1817	364	51	17	94.639252	Cost
2	1	20	0	0	0	1962	363	186	18	-1	
3	1	20	1	0	0	1962	363	186	18	-1	
4	1	20	1	1	0	1962	363	186	18	-1	
5	1	20	1	1	1	1962	363	138	18	96.418854	Professional
5	1	20	1	1	2	2109	364	39	17	96.475441	and
2	1	21	0	0	0	2187	363	148	18	-1	
3	1	21	1	0	0	2187	363	148	18	-1	
4	1	21	1	1	0	2187	363	148	18	-1	
5	1	21	1	1	1	2187	364	39	17	96.832809	and
5	1	21	1	1	2	2235	363	100	18	96.105858	Materials
2	1	22	0	0	0	2385	364	109	22	-1	
3	1	22	1	0	0	2385	364	109	22	-1	
4	1	22	1	1	0	2385	364	109	22	-1	
5	1	22	1	1	1	2385	364	109	22	95.596214	Operating
2	1	23	0	0	0	2572	363	72	23	-1	
3	1	23	1	0	0	2572	363	72	23	-1	
4	1	23	1	1	0	2572	363	72	23	-1	
5	1	23	1	1	1	2572	363	72	23	96.868263	Outlay
2	1	24	0	0	0	1994	394	121	18	-1	
3	1	24	1	0	0	1994	394	121	18	-1	
4	1	24	1	1	0	1994	394	121	18	-1	
5	1	24	1	1	1	1994	394	121	18	95.921730	Contracted
2	1	25	0	0	0	2408	394	62	18	-1	
3	1	25	1	0	0	2408	394	62	18	-1	
4	1	25	1	1	0	2408	394	62	18	-1	
5	1	25	1	1	1	2408	394	62	18	95.924088	Costs
2	1	26	0	0	0	2008	425	94	18	-1	
3	1	26	1	0	0	2008	425	94	18	-1	
4	1	26	1	1	0	2008	425	94	18	-1	
5	1	26	1	1	1	2008	425	94	18	96.489548	Services
2	1	27	0	0	0	259	468	133	23	-1	
3	1	27	1	0	0	259	468	133	23	-1	
4	1	27	1	1	0	259	468	133	23	-1	
5	1	27	1	1	1	259	468	39	23	94.340492	Ray
5	1	27	1	1	2	307	468	48	23	94.340492	Daily
5	1	27	1	1	3	364	468	28	18	96.904175	ES
2	1	28	0	0	0	607	468	37	18	-1	
3	1	28	1	0	0	607	468	37	18	-1	
4	1	28	1	1	0	607	468	37	18	-1	
5	1	28	1	1	1	607	468	37	18	96.855347	396
2	1	29	0	0	0	749	468	94	18	-1	
3	1	29	1	0	0	749	468	94	18	-1	
4	1	29	1	1	0	749	468	94	18	-1	
5	1	29	1	1	1	749	468	94	18	91.653259	Non-NES
2	1	30	0	0	0	965	468	115	23	-1	
3	1	30	1	0	0	965	468	115	23	-1	
4	1	30	1	1	0	965	468	115	23	-1	
5	1	30	1	1	1	965	468	115	23	96.112656	Elementary
2	1	31	0	0	0	1132	468	67	18	-1	
3	1	31	1	0	0	1132	468	67	18	-1	
4	1	31	1	1	0	1132	468	67	18	-1	
5	1	31	1	1	1	1132	468	67	18	96.298912	WEST
2	1	32	0	0	0	1276	468	134	18	-1	
3	1	32	1	0	0	1276	468	134	18	-1	
4	1	32	1	1	0	1276	468	134	18	-1	
5	1	32	1	1	1	1276	468	96	18	96.663841	Westside
5	1	32	1	1	2	1382	468	28	18	95.967453	HS
2	1	33	0	0	0	1691	468	37	18	-1	
3	1	33	1	0	0	1691	468	37	18	-1	
4	1	33	1	1	0	1691	468	37	18	-1	
5	1	33	1	1	1	1691	468	37	18	96.846756	857
2	1	34	0	0	0	1795	468	135	21	-1	
3	1	34	1	0	0	1795	468	135	21	-1	
4	1	34	1	1	0	1795	468	135	21	-1	
5	1	34	1	1	1	1795	468	135	21	72.914627	4,691,317.00
2	1	35	0	0	0	2038	468	115	21	-1	
3	1	35	1	0	0	2038	468	115	21	-1	
4	1	35	1	1	0	2038	468	115	21	-1	
5	1	35	1	1	1	2038	468	115	21	96.039146	243,472.00
2	1	36	0	0	0	2240	468	101	21	-1	
3	1	36	1	0	0	2240	468	101	21	-1	
4	1	36	1	1	0	2240	468	101	21	-1	
5	1	36	1	1	1	2240	468	101	21	96.753532	70,934.00
2	1	37	0	0	0	2369	468	141	21	-1	
3	1	37	1	0	0	2369	468	141	21	-1	
4	1	37	1	1	0	2369	468	141	21	-1	
5	1	37	1	1	1	2369	468	11	20	82.054192	$
5	1	37	1	1	2	2397	468	113	21	95.559265	190,000.00
2	1	38	0	0	0	2537	468	11	20	-1	
3	1	38	1	0	0	2537	468	11	20	-1	
4	1	38	1	1	0	2537	468	11	20	-1	
5	1	38	1	1	1	2537	468	11	20	81.197235	$
2	1	39	0	0	0	2590	468	88	21	-1	
3	1	39	1	0	0	2590	468	88	21	-1	
4	1	39	1	1	0	2590	468	88	21	-1	
5	1	39	1	1	1	2590	468	88	21	96.001991	8,570.00
2	1	40	0	0	0	2747	468	134	21	-1	
3	1	40	1	0	0	2747	468	134	21	-1	
4	1	40	1	1	0	2747	468	134	21	-1	
5	1	40	1	1	1	2747	468	134	21	92.352509	5,204,293.00
2	1	41	0	0	0	2908	468	11	20	-1	
3	1	41	1	0	0	2908	468	11	20	-1	
4	1	41	1	1	0	2908	468	11	20	-1	
5	1	41	1	1	1	2908	468	11	20	82.434891	$
2	1	42	0	0	0	2954	468	116	21	-1	
3	1	42	1	0	0	2954	468	116	21	-1	
4	1	42	1	1	0	2954	468	116	21	-1	
5	1	42	1	1	1	2954	468	116	21	96.461845	207,983.89
2	1	43	0	0	0	259	501	195	23	-1	
3	1	43	1	0	0	259	501	195	23	-1	
4	1	43	1	1	0	259	501	195	23	-1	
5	1	43	1	1	1	259	501	79	23	95.724037	Reagan
5	1	43	1	1	2	348	501	25	18	95.724037	Ed
5	1	43	1	1	3	382	501	30	18	93.074226	Ctr
5	1	43	1	1	4	421	501	33	18	93.074226	K-8
2	1	44	0	0	0	607	501	37	18	-1	
3	1	44	1	0	0	607	501	37	18	-1	
4	1	44	1	1	0	607	501	37	18	-1	
5	1	44	1	1	1	607	501	37	18	96.847076	382
2	1	45	0	0	0	749	501	44	18	-1	
3	1	45	1	0	0	749	501	44	18	-1	
4	1	45	1	1	0	749	501	44	18	-1	
5	1	45	1	1	1	749	501	44	18	95.933601	NES
2	1	46	0	0	0	965	501	33	18	-1	
3	1	46	1	0	0	965	501	33	18	-1	
4	1	46	1	1	0	965	501	33	18	-1	
5	1	46	1	1	1	965	501	33	18	92.026047	K-8
2	1	47	0	0	0	1132	501	79	18	-1	
3	1	47	1	0	0	1132	501	79	18	-1	
4	1	47	1	1	0	1132	501	79	18	-1	
5	1	47	1	1	1	1132	501	79	18	95.818573	SOUTH
2	1	48	0	0	0	1277	501	123	18	-1	
3	1	48	1	0	0	1277	501	123	18	-1	
4	1	48	1	1	0	1277	501	123	18	-1	
5	1	48	1	1	1	1277	501	85	18	96.636360	Madison
5	1	48	1	1	2	1371	501	29	18	94.999817	HS
2	1	49	0	0	0	1690	501	37	18	-1	
3	1	49	1	0	0	1690	501	37	18	-1	
4	1	49	1	1	0	1690	501	37	18	-1	
5	1	49	1	1	1	1690	501	37	18	96.845261	609
2	1	50	0	0	0	1796	501	134	21	-1	
3	1	50	1	0	0	1796	501	134	21	-1	
4	1	50	1	1	0	1796	501	134	21	-1	
5	1	50	1	1	1	1796	501	134	21	89.052681	5,818,465.00
2	1	51	0	0	0	2038	501	115	21	-1	
3	1	51	1	0	0	2038	501	115	21	-1	
4	1	51	1	1	0	2038	501	115	21	-1	
5	1	51	1	1	1	2038	501	115	21	93.857498	523,452.00
2	1	52	0	0	0	2229	501	113	21	-1	
3	1	52	1	0	0	2229	501	113	21	-1	
4	1	52	1	1	0	2229	501	113	21	-1	
5	1	52	1	1	1	2229	501	113	21	96.338913	196,873.00
2	1	53	0	0	0	2369	501	10	20	-1	
3	1	53	1	0	0	2369	501	10	20	-1	
4	1	53	1	1	0	2369	501	10	20	-1	
5	1	53	1	1	1	2369	501	10	20	74.638725	$
2	1	54	0	0	0	2421	501	89	21	-1	
3	1	54	1	0	0	2421	501	89	21	-1	
4	1	54	1	1	0	2421	501	89	21	-1	
5	1	54	1	1	1	2421	501	89	21	96.063919	4,500.00
2	1	55	0	0	0	2646	512	7	2	-1	
3	1	55	1	0	0	2646	512	7	2	-1	
4	1	55	1	1	0	2646	512	7	2	-1	
5	1	55	1	1	1	2646	512	7	2	52.294125	-
2	1	56	0	0	0	2746	501	135	21	-1	
3	1	56	1	0	0	2746	501	135	21	-1	
4	1	56	1	1	0	2746	501	135	21	-1	
5	1	56	1	1	1	2746	501	135	21	91.787880	6,543,290.00
2	1	57	0	0	0	2908	501	10	20	-1	
3	1	57	1	0	0	2908	501	10	20	-1	
4	1	57	1	1	0	2908	501	10	20	-1	
5	1	57	1	1	1	2908	501	10	20	74.638725	$
2	1	58	0	0	0	2954	501	115	21	-1	
3	1	58	1	0	0	2954	501	115	21	-1	
4	1	58	1	1	0	2954	501	115	21	-1	
5	1	58	1	1	1	2954	501	115	21	94.091064	243,784.42
2	1	59	0	0	0	259	534	77	19	-1	
3	1	59	1	0	0	259	534	77	19	-1	
4	1	59	1	1	0	259	534	77	19	-1	
5	1	59	1	1	1	259	535	40	17	96.625862	Red
5	1	59	1	1	2	309	534	27	19	96.377151	ES
2	1	60	0	0	0	607	535	37	17	-1	
3	1	60	1	0	0	607	535	37	17	-1	
4	1	60	1	1	0	607	535	37	17	-1	
5	1	60	1	1	1	607	535	37	17	96.606087	224
2	1	61	0	0	0	749	534	94	19	-1	
3	1	61	1	0	0	749	534	94	19	-1	
4	1	61	1	1	0	749	534	94	19	-1	
5	1	61	1	1	1	749	534	94	19	89.872017	Non-NES
2	1	62	0	0	0	965	535	115	22	-1	
3	1	62	1	0	0	965	535	115	22	-1	
4	1	62	1	1	0	965	535	115	22	-1	
5	1	62	1	1	1	965	535	115	22	96.678719	Elementary
2	1	63	0	0	0	1132	534	79	19	-1	
3	1	63	1	0	0	1132	534	79	19	-1	
4	1	63	1	1	0	1132	534	79	19	-1	
5	1	63	1	1	1	1132	534	79	19	96.497215	SOUTH
2	1	64	0	0	0	1277	535	123	18	-1	
3	1	64	1	0	0	1277	535	123	18	-1	
4	1	64	1	1	0	1277	535	123	18	-1	
5	1	64	1	1	1	1277	535	85	17	96.649193	Madison
5	1	64	1	1	2	1371	535	29	18	96.649193	HS
2	1	65	0	0	0	1690	535	37	17	-1	
3	1	65	1	0	0	1690	535	37	17	-1	
4	1	65	1	1	0	1690	535	37	17	-1	
5	1	65	1	1	1	1690	535	37	17	96.871429	482
2	1	66	0	0	0	1796	535	134	21	-1	
3	1	66	1	0	0	1796	535	134	21	-1	
4	1	66	1	1	0	1796	535	134	21	-1	
5	1	66	1	1	1	1796	535	134	21	91.191490	3,139,725.00
2	1	67	0	0	0	2040	535	113	21	-1	
3	1	67	1	0	0	2040	535	113	21	-1	
4	1	67	1	1	0	2040	535	113	21	-1	
5	1	67	1	1	1	2040	535	113	21	96.539902	148,155.00
2	1	68	0	0	0	2227	535	115	21	-1	
3	1	68	1	0	0	2227	535	115	21	-1	
4	1	68	1	1	0	2227	535	115	21	-1	
5	1	68	1	1	1	2227	535	115	21	96.777184	284,382.00
2	1	69	0	0	0	2369	534	11	20	-1	
3	1	69	1	0	0	2369	534	11	20	-1	
4	1	69	1	1	0	2369	534	11	20	-1	
5	1	69	1	1	1	2369	534	11	20	73.703880	$
2	1	70	0	0	0	2421	535	89	21	-1	
3	1	70	1	0	0	2421	535	89	21	-1	
4	1	70	1	1	0	2421	535	89	21	-1	
5	1	70	1	1	1	2421	535	89	21	87.084702	5,750.00
2	1	71	0	0	0	2576	535	102	21	-1	
3	1	71	1	0	0	2576	535	102	21	-1	
4	1	71	1	1	0	2576	535	102	21	-1	
5	1	71	1	1	1	2576	535	102	21	96.600998	69,070.00
2	1	72	0	0	0	2747	535	134	21	-1	
3	1	72	1	0	0	2747	535	134	21	-1	
4	1	72	1	1	0	2747	535	134	21	-1	
5	1	72	1	1	1	2747	535	134	21	90.455536	3,647,082.00
2	1	73	0	0	0	2908	534	11	20	-1	
3	1	73	1	0	0	2908	534	11	20	-1	
4	1	73	1	1	0	2908	534	11	20	-1	
5	1	73	1	1	1	2908	534	11	20	74.065186	$
2	1	74	0	0	0	2956	535	114	21	-1	
3	1	74	1	0	0	2956	535	114	21	-1	
4	1	74	1	1	0	2956	535	114	21	-1	
5	1	74	1	1	1	2956	535	114	21	96.849785	129,897.07
2	1	75	0	0	0	259	568	113	18	-1	
3	1	75	1	0	0	259	568	113	18	-1	
4	1	75	1	1	0	259	568	113	18	-1	
5	1	75	1	1	1	259	568	73	18	96.940445	Revere
5	1	75	1	1	2	342	568	30	18	96.966667	MS
2	1	76	0	0	0	607	568	37	18	-1	
3	1	76	1	0	0	607	568	37	18	-1	
4	1	76	1	1	0	607	568	37	18	-1	
5	1	76	1	1	1	607	568	37	18	96.762810	060
2	1	77	0	0	0	749	568	43	18	-1	
3	1	77	1	0	0	749	568	43	18	-1	
4	1	77	1	1	0	749	568	43	18	-1	
5	1	77	1	1	1	749	568	43	18	95.519608	NES
2	1	78	0	0	0	965	568	142	18	-1	
3	1	78	1	0	0	965	568	142	18	-1	
4	1	78	1	1	0	965	568	142	18	-1	
5	1	78	1	1	1	965	568	65	18	94.905029	Middle
5	1	78	1	1	2	1038	568	69	18	96.643509	School
2	1	79	0	0	0	1132	568	67	18	-1	
3	1	79	1	0	0	1132	568	67	18	-1	
4	1	79	1	1	0	1132	568	67	18	-1	
5	1	79	1	1	1	1132	568	67	18	95.921036	WEST
2	1	80	0	0	0	1276	568	134	18	-1	
3	1	80	1	0	0	1276	568	134	18	-1	
4	1	80	1	1	0	1276	568	134	18	-1	
5	1	80	1	1	1	1276	568	96	18	95.655411	Westside
5	1	80	1	1	2	1381	568	29	18	96.363274	HS
2	1	81	0	0	0	1673	568	54	21	-1	
3	1	81	1	0	0	1673	568	54	21	-1	
4	1	81	1	1	0	1673	568	54	21	-1	
5	1	81	1	1	1	1673	568	54	21	96.784386	1,076
2	1	82	0	0	0	1796	568	134	21	-1	
3	1	82	1	0	0	1796	568	134	21	-1	
4	1	82	1	1	0	1796	568	134	21	-1	
5	1	82	1	1	1	1796	568	134	21	92.618614	8,322,628.00
2	1	83	0	0	0	2038	568	115	21	-1	
3	1	83	1	0	0	2038	568	115	21	-1	
4	1	83	1	1	0	2038	568	115	21	-1	
5	1	83	1	1	1	2038	568	115	21	96.737526	653,658.00
2	1	84	0	0	0	2227	568	115	21	-1	
3	1	84	1	0	0	2227	568	115	21	-1	
4	1	84	1	1	0	2227	568	115	21	-1	
5	1	84	1	1	1	2227	568	115	21	96.814690	370,780.00
2	1	85	0	0	0	2369	568	10	20	-1	
3	1	85	1	0	0	2369	568	10	20	-1	
4	1	85	1	1	0	2369	568	10	20	-1	
5	1	85	1	1	1	2369	568	10	20	66.675003	$
2	1	86	0	0	0	2421	568	89	21	-1	
3	1	86	1	0	0	2421	568	89	21	-1	
4	1	86	1	1	0	2421	568	89	21	-1	
5	1	86	1	1	1	2421	568	89	21	96.381104	3,000.00
2	1	87	0	0	0	2646	579	7	2	-1	
3	1	87	1	0	0	2646	579	7	2	-1	
4	1	87	1	1	0	2646	579	7	2	-1	
5	1	87	1	1	1	2646	579	7	2	52.294125	-
2	1	88	0	0	0	2747	568	134	21	-1	
3	1	88	1	0	0	2747	568	134	21	-1	
4	1	88	1	1	0	2747	568	134	21	-1	
5	1	88	1	1	1	2747	568	134	21	91.529778	9,350,066.00
2	1	89	0	0	0	2908	568	10	20	-1	
3	1	89	1	0	0	2908	568	10	20	-1	
4	1	89	1	1	0	2908	568	10	20	-1	
5	1	89	1	1	1	2908	568	10	20	67.724602	$
2	1	90	0	0	0	2955	568	114	21	-1	
3	1	90	1	0	0	2955	568	114	21	-1	
4	1	90	1	1	0	2955	568	114	21	-1	
5	1	90	1	1	1	2955	568	114	21	96.262833	381,621.76
2	1	91	0	0	0	2646	612	7	3	-1	
3	1	91	1	0	0	2646	612	7	3	-1	
4	1	91	1	1	0	2646	612	7	3	-1	
5	1	91	1	1	1	2646	612	7	3	87.519112	-
2	1	92	0	0	0	259	602	131	22	-1	
3	1	92	1	0	0	259	602	131	22	-1	
4	1	92	1	1	0	259	602	131	22	-1	
5	1	92	1	1	1	259	602	94	22	95.889336	Reynolds
5	1	92	1	1	2	362	602	28	18	95.904282	ES
2	1	93	0	0	0	607	602	37	17	-1	
3	1	93	1	0	0	607	602	37	17	-1	
4	1	93	1	1	0	607	602	37	17	-1	
5	1	93	1	1	1	607	602	37	17	96.665298	225
2	1	94	0	0	0	749	602	44	18	-1	
3	1	94	1	0	0	749	602	44	18	-1	
4	1	94	1	1	0	749	602	44	18	-1	
5	1	94	1	1	1	749	602	44	18	96.814110	NES
2	1	95	0	0	0	965	602	115	22	-1	
3	1	95	1	0	0	965	602	115	22	-1	
4	1	95	1	1	0	965	602	115	22	-1	
5	1	95	1	1	1	965	602	115	22	96.760902	Elementary
2	1	96	0	0	0	1132	602	80	18	-1	
3	1	96	1	0	0	1132	602	80	18	-1	
4	1	96	1	1	0	1132	602	80	18	-1	
5	1	96	1	1	1	1132	602	80	18	96.540520	SOUTH
2	1	97	0	0	0	1276	602	131	22	-1	
3	1	97	1	0	0	1276	602	131	22	-1	
4	1	97	1	1	0	1276	602	131	22	-1	
5	1	97	1	1	1	1276	602	91	22	96.386246	Worthing
5	1	97	1	1	2	1378	602	29	18	96.058922	HS
2	1	98	0	0	0	1690	602	38	17	-1	
3	1	98	1	0	0	1690	602	38	17	-1	
4	1	98	1	1	0	1690	602	38	17	-1	
5	1	98	1	1	1	1690	602	38	17	96.692337	294
2	1	99	0	0	0	1795	602	135	21	-1	
3	1	99	1	0	0	1795	602	135	21	-1	
4	1	99	1	1	0	1795	602	135	21	-1	
5	1	99	1	1	1	1795	602	135	21	92.317299	2,985,861.00
2	1	100	0	0	0	2038	602	115	21	-1	
3	1	100	1	0	0	2038	602	115	21	-1	
4	1	100	1	1	0	2038	602	115	21	-1	
5	1	100	1	1	1	2038	602	115	21	96.474129	261,592.00
2	1	101	0	0	0	2229	602	113	21	-1	
3	1	101	1	0	0	2229	602	113	21	-1	
4	1	101	1	1	0	2229	602	113	21	-1	
5	1	101	1	1	1	2229	602	113	21	96.436073	101,400.00
2	1	102	0	0	0	2369	601	11	20	-1	
3	1	102	1	0	0	2369	601	11	20	-1	
4	1	102	1	1	0	2369	601	11	20	-1	
5	1	102	1	1	1	2369	601	11	20	74.286118	$
2	1	103	0	0	0	2421	602	89	21	-1	
3	1	103	1	0	0	2421	602	89	21	-1	
4	1	103	1	1	0	2421	602	89	21	-1	
5	1	103	1	1	1	2421	602	89	21	95.276871	2,000.00
2	1	104	0	0	0	2747	602	134	21	-1	
3	1	104	1	0	0	2747	602	134	21	-1	
4	1	104	1	1	0	2747	602	134	21	-1	
5	1	104	1	1	1	2747	602	134	21	92.881668	3,350,853.00
2	1	105	0	0	0	2908	601	11	20	-1	
3	1	105	1	0	0	2908	601	11	20	-1	
4	1	105	1	1	0	2908	601	11	20	-1	
5	1	105	1	1	1	2908	601	11	20	74.026047	$
2	1	106	0	0	0	2956	602	113	20	-1	
3	1	106	1	0	0	2956	602	113	20	-1	
4	1	106	1	1	0	2956	602	113	20	-1	
5	1	106	1	1	1	2956	602	113	20	96.804222	107,478.05
2	1	107	0	0	0	259	635	180	18	-1	
3	1	107	1	0	0	259	635	180	18	-1	
4	1	107	1	1	0	259	635	180	18	-1	
5	1	107	1	1	1	259	635	44	18	96.878769	Rice
5	1	107	1	1	2	312	635	68	18	93.275597	School
5	1	107	1	1	3	390	635	49	18	92.143250	PK-8
2	1	108	0	0	0	607	636	36	17	-1	
3	1	108	1	0	0	607	636	36	17	-1	
4	1	108	1	1	0	607	636	36	17	-1	
5	1	108	1	1	1	607	636	36	17	96.933952	080
2	1	109	0	0	0	749	635	94	18	-1	
3	1	109	1	0	0	749	635	94	18	-1	
4	1	109	1	1	0	749	635	94	18	-1	
5	1	109	1	1	1	749	635	94	18	89.625122	Non-NES
2	1	110	0	0	0	965	635	33	18	-1	
3	1	110	1	0	0	965	635	33	18	-1	
4	1	110	1	1	0	965	635	33	18	-1	
5	1	110	1	1	1	965	635	33	18	91.631805	K-8
2	1	111	0	0	0	1132	635	108	18	-1	
3	1	111	1	0	0	1132	635	108	18	-1	
4	1	111	1	1	0	1132	635	108	18	-1	
5	1	111	1	1	1	1132	635	108	18	96.136124	CENTRAL
2	1	112	0	0	0	1277	635	102	18	-1	
3	1	112	1	0	0	1277	635	102	18	-1	
4	1	112	1	1	0	1277	635	102	18	-1	
5	1	112	1	1	1	1277	635	65	18	96.442871	Lamar
5	1	112	1	1	2	1351	635	28	18	96.442871	HS
2	1	113	0	0	0	1691	635	37	18	-1	
3	1	113	1	0	0	1691	635	37	18	-1	
4	1	113	1	1	0	1691	635	37	18	-1	
5	1	113	1	1	1	1691	635	37	18	96.630974	999
2	1	114	0	0	0	1795	635	135	21	-1	
3	1	114	1	0	0	1795	635	135	21	-1	
4	1	114	1	1	0	1795	635	135	21	-1	
5	1	114	1	1	1	1795	635	135	21	73.734940	6,837,748.00
2	1	115	0	0	0	2038	635	115	21	-1	
3	1	115	1	0	0	2038	635	115	21	-1	
4	1	115	1	1	0	2038	635	115	21	-1	
5	1	115	1	1	1	2038	635	115	21	96.784828	328,413.00
2	1	116	0	0	0	2240	635	102	21	-1	
3	1	116	1	0	0	2240	635	102	21	-1	
4	1	116	1	1	0	2240	635	102	21	-1	
5	1	116	1	1	1	2240	635	102	21	96.335999	91,415.00
2	1	117	0	0	0	2369	635	10	20	-1	
3	1	117	1	0	0	2369	635	10	20	-1	
4	1	117	1	1	0	2369	635	10	20	-1	
5	1	117	1	1	1	2369	635	10	20	77.399109	$
2	1	118	0	0	0	2410	635	100	21	-1	
3	1	118	1	0	0	2410	635	100	21	-1	
4	1	118	1	1	0	2410	635	100	21	-1	
5	1	118	1	1	1	2410	635	100	21	96.873230	10,000.00
2	1	119	0	0	0	2578	635	100	21	-1	
3	1	119	1	0	0	2578	635	100	21	-1	
4	1	119	1	1	0	2578	635	100	21	-1	
5	1	119	1	1	1	2578	635	100	21	96.640625	10,430.00
2	1	120	0	0	0	2747	635	134	21	-1	
3	1	120	1	0	0	2747	635	134	21	-1	
4	1	120	1	1	0	2747	635	134	21	-1	
5	1	120	1	1	1	2747	635	134	21	92.191628	7,278,006.00
2	1	121	0	0	0	2908	635	10	20	-1	
3	1	121	1	0	0	2908	635	10	20	-1	
4	1	121	1	1	0	2908	635	10	20	-1	
5	1	121	1	1	1	2908	635	10	20	77.002708	$
2	1	122	0	0	0	2954	635	115	21	-1	
3	1	122	1	0	0	2954	635	115	21	-1	
4	1	122	1	1	0	2954	635	115	21	-1	
5	1	122	1	1	1	2954	635	115	21	96.859131	231,916.08
2	1	123	0	0	0	259	668	151	19	-1	
3	1	123	1	0	0	259	668	151	19	-1	
4	1	123	1	1	0	259	668	151	19	-1	
5	1	123	1	1	1	259	669	53	17	96.123772	River
5	1	123	1	1	2	320	669	53	18	96.345711	Oaks
5	1	123	1	1	3	383	668	27	19	96.893295	ES
2	1	124	0	0	0	607	669	36	17	-1	
3	1	124	1	0	0	607	669	36	17	-1	
4	1	124	1	1	0	607	669	36	17	-1	
5	1	124	1	1	1	607	669	36	17	96.653519	228
2	1	125	0	0	0	749	668	94	19	-1	
3	1	125	1	0	0	749	668	94	19	-1	
4	1	125	1	1	0	749	668	94	19	-1	
5	1	125	1	1	1	749	668	94	19	91.157066	Non-NES
2	1	126	0	0	0	1132	669	108	18	-1	
3	1	126	1	0	0	1132	669	108	18	-1	
4	1	126	1	1	0	1132	669	108	18	-1	
5	1	126	1	1	1	1132	669	108	18	95.820312	CENTRAL
2	1	127	0	0	0	1277	668	103	19	-1	
3	1	127	1	0	0	1277	668	103	19	-1	
4	1	127	1	1	0	1277	668	103	19	-1	
5	1	127	1	1	1	1277	669	65	17	95.530228	Lamar
5	1	127	1	1	2	1351	668	29	19	95.530228	HS
2	1	128	0	0	0	1691	669	36	17	-1	
3	1	128	1	0	0	1691	669	36	17	-1	
4	1	128	1	1	0	1691	669	36	17	-1	
5	1	128	1	1	1	1691	669	36	17	95.919617	798
2	1	129	0	0	0	3037	679	7	2	-1	
3	1	129	1	0	0	3037	679	7	2	-1	
4	1	129	1	1	0	3037	679	7	2	-1	
5	1	129	1	1	1	3037	679	7	2	52.294125	-
2	1	130	0	0	0	965	668	115	23	-1	
3	1	130	1	0	0	965	668	115	23	-1	
4	1	130	1	1	0	965	668	115	23	-1	
5	1	130	1	1	1	965	668	115	23	96.041016	Elementary
2	1	131	0	0	0	1795	669	135	21	-1	
3	1	131	1	0	0	1795	669	135	21	-1	
4	1	131	1	1	0	1795	669	135	21	-1	
5	1	131	1	1	1	1795	669	135	21	92.011375	4,465,880.00
2	1	132	0	0	0	2038	669	115	21	-1	
3	1	132	1	0	0	2038	669	115	21	-1	
4	1	132	1	1	0	2038	669	115	21	-1	
5	1	132	1	1	1	2038	669	115	21	96.662453	279,741.00
2	1	133	0	0	0	2227	669	115	21	-1	
3	1	133	1	0	0	2227	669	115	21	-1	
4	1	133	1	1	0	2227	669	115	21	-1	
5	1	133	1	1	1	2227	669	115	21	96.517296	242,174.00
2	1	134	0	0	0	2369	668	10	20	-1	
3	1	134	1	0	0	2369	668	10	20	-1	
4	1	134	1	1	0	2369	668	10	20	-1	
5	1	134	1	1	1	2369	668	10	20	77.477692	$
2	1	135	0	0	0	2410	669	100	21	-1	
3	1	135	1	0	0	2410	669	100	21	-1	
4	1	135	1	1	0	2410	669	100	21	-1	
5	1	135	1	1	1	2410	669	100	21	96.415298	17,000.00
2	1	136	0	0	0	2576	669	102	21	-1	
3	1	136	1	0	0	2576	669	102	21	-1	
4	1	136	1	1	0	2576	669	102	21	-1	
5	1	136	1	1	1	2576	669	102	21	96.648582	27,980.00
2	1	137	0	0	0	2747	669	134	21	-1	
3	1	137	1	0	0	2747	669	134	21	-1	
4	1	137	1	1	0	2747	669	134	21	-1	
5	1	137	1	1	1	2747	669	134	21	91.851372	5,032,775.00
2	1	138	0	0	0	2908	668	10	20	-1	
3	1	138	1	0	0	2908	668	10	20	-1	
4	1	138	1	1	0	2908	668	10	20	-1	
5	1	138	1	1	1	2908	668	10	20	77.512558	$
2	1	139	0	0	0	259	702	117	18	-1	
3	1	139	1	0	0	259	702	117	18	-1	
4	1	139	1	1	0	259	702	117	18	-1	
5	1	139	1	1	1	259	702	80	18	95.346878	Roberts
5	1	139	1	1	2	348	702	28	18	96.270370	ES
2	1	140	0	0	0	607	702	36	18	-1	
3	1	140	1	0	0	607	702	36	18	-1	
4	1	140	1	1	0	607	702	36	18	-1	
5	1	140	1	1	1	607	702	36	18	96.490150	229
2	1	141	0	0	0	749	702	94	18	-1	
3	1	141	1	0	0	749	702	94	18	-1	
4	1	141	1	1	0	749	702	94	18	-1	
5	1	141	1	1	1	749	702	94	18	91.020325	Non-NES
2	1	142	0	0	0	965	702	115	23	-1	
3	1	142	1	0	0	965	702	115	23	-1	
4	1	142	1	1	0	965	702	115	23	-1	
5	1	142	1	1	1	965	702	115	23	96.070351	Elementary
2	1	143	0	0	0	1132	702	108	18	-1	
3	1	143	1	0	0	1132	702	108	18	-1	
4	1	143	1	1	0	1132	702	108	18	-1	
5	1	143	1	1	1	1132	702	108	18	96.466904	CENTRAL
2	1	144	0	0	0	1277	702	102	18	-1	
3	1	144	1	0	0	1277	702	102	18	-1	
4	1	144	1	1	0	1277	702	102	18	-1	
5	1	144	1	1	1	1277	702	65	18	96.020798	Lamar
5	1	144	1	1	2	1351	702	28	18	96.020798	HS
2	1	145	0	0	0	1691	702	37	18	-1	
3	1	145	1	0	0	1691	702	37	18	-1	
4	1	145	1	1	0	1691	702	37	18	-1	
5	1	145	1	1	1	1691	702	37	18	96.427933	715
2	1	146	0	0	0	1795	702	135	21	-1	
3	1	146	1	0	0	1795	702	135	21	-1	
4	1	146	1	1	0	1795	702	135	21	-1	
5	1	146	1	1	1	1795	702	135	21	78.238846	4,168,035.00
2	1	147	0	0	0	2038	702	115	21	-1	
3	1	147	1	0	0	2038	702	115	21	-1	
4	1	147	1	1	0	2038	702	115	21	-1	
5	1	147	1	1	1	2038	702	115	21	96.705788	211,844.00
2	1	148	0	0	0	2229	702	113	21	-1	
3	1	148	1	0	0	2229	702	113	21	-1	
4	1	148	1	1	0	2229	702	113	21	-1	
5	1	148	1	1	1	2229	702	113	21	96.708549	160,641.00
2	1	149	0	0	0	2369	702	11	20	-1	
3	1	149	1	0	0	2369	702	11	20	-1	
4	1	149	1	1	0	2369	702	11	20	-1	
5	1	149	1	1	1	2369	702	11	20	81.298752	$
2	1	150	0	0	0	2410	702	100	21	-1	
3	1	150	1	0	0	2410	702	100	21	-1	
4	1	150	1	1	0	2410	702	100	21	-1	
5	1	150	1	1	1	2410	702	100	21	96.299080	11,000.00
2	1	151	0	0	0	2590	702	88	21	-1	
3	1	151	1	0	0	2590	702	88	21	-1	
4	1	151	1	1	0	2590	702	88	21	-1	
5	1	151	1	1	1	2590	702	88	21	95.645569	9,650.00
2	1	152	0	0	0	2746	702	135	21	-1	
3	1	152	1	0	0	2746	702	135	21	-1	
4	1	152	1	1	0	2746	702	135	21	-1	
5	1	152	1	1	1	2746	702	135	21	85.081482	4,561,170.00
2	1	153	0	0	0	2908	702	11	20	-1	
3	1	153	1	0	0	2908	702	11	20	-1	
4	1	153	1	1	0	2908	702	11	20	-1	
5	1	153	1	1	1	2908	702	11	20	81.880539	$
2	1	154	0	0	0	3037	712	7	3	-1	
3	1	154	1	0	0	3037	712	7	3	-1	
4	1	154	1	1	0	3037	712	7	3	-1	
5	1	154	1	1	1	3037	712	7	3	87.519112	-
2	1	155	0	0	0	259	736	132	18	-1	
3	1	155	1	0	0	259	736	132	18	-1	
4	1	155	1	1	0	259	736	132	18	-1	
5	1	155	1	1	1	259	736	95	17	95.300720	Robinson
5	1	155	1	1	2	364	736	27	18	96.006256	ES
2	1	156	0	0	0	607	736	36	17	-1	
3	1	156	1	0	0	607	736	36	17	-1	
4	1	156	1	1	0	607	736	36	17	-1	
5	1	156	1	1	1	607	736	36	17	96.873177	186
2	1	157	0	0	0	749	736	44	18	-1	
3	1	157	1	0	0	749	736	44	18	-1	
4	1	157	1	1	0	749	736	44	18	-1	
5	1	157	1	1	1	749	736	44	18	96.908043	NES
2	1	158	0	0	0	1132	736	108	18	-1	
3	1	158	1	0	0	1132	736	108	18	-1	
4	1	158	1	1	0	1132	736	108	18	-1	
5	1	158	1	1	1	1132	736	108	18	96.390862	CENTRAL
2	1	159	0	0	0	1277	735	79	19	-1	
3	1	159	1	0	0	1277	735	79	19	-1	
4	1	159	1	1	0	1277	735	79	19	-1	
5	1	159	1	1	1	1277	736	41	17	93.735870	Furr
5	1	159	1	1	2	1327	735	29	19	96.780617	HS
2	1	160	0	0	0	1691	736	36	17	-1	
3	1	160	1	0	0	1691	736	36	17	-1	
4	1	160	1	1	0	1691	736	36	17	-1	
5	1	160	1	1	1	1691	736	36	17	96.976669	349
2	1	161	0	0	0	2369	735	10	20	-1	
3	1	161	1	0	0	2369	735	10	20	-1	
4	1	161	1	1	0	2369	735	10	20	-1	
5	1	161	1	1	1	2369	735	10	20	76.746201	$
2	1	162	0	0	0	2646	746	7	2	-1	
3	1	162	1	0	0	2646	746	7	2	-1	
4	1	162	1	1	0	2646	746	7	2	-1	
5	1	162	1	1	1	2646	746	7	2	52.294125	-
2	1	163	0	0	0	2908	735	10	20	-1	
3	1	163	1	0	0	2908	735	10	20	-1	
4	1	163	1	1	0	2908	735	10	20	-1	
5	1	163	1	1	1	2908	735	10	20	76.746201	$
2	1	164	0	0	0	2956	736	113	20	-1	
3	1	164	1	0	0	2956	736	113	20	-1	
4	1	164	1	1	0	2956	736	113	20	-1	
5	1	164	1	1	1	2956	736	113	20	95.403297	156,096.79
2	1	165	0	0	0	965	735	115	23	-1	
3	1	165	1	0	0	965	735	115	23	-1	
4	1	165	1	1	0	965	735	115	23	-1	
5	1	165	1	1	1	965	735	115	23	96.105461	Elementary
2	1	166	0	0	0	1796	736	134	21	-1	
3	1	166	1	0	0	1796	736	134	21	-1	
4	1	166	1	1	0	1796	736	134	21	-1	
5	1	166	1	1	1	1796	736	134	21	92.622704	3,209,965.00
2	1	167	0	0	0	2038	736	115	21	-1	
3	1	167	1	0	0	2038	736	115	21	-1	
4	1	167	1	1	0	2038	736	115	21	-1	
5	1	167	1	1	1	2038	736	115	21	96.657883	235,191.00
2	1	168	0	0	0	2229	736	113	21	-1	
3	1	168	1	0	0	2229	736	113	21	-1	
4	1	168	1	1	0	2229	736	113	21	-1	
5	1	168	1	1	1	2229	736	113	21	96.464104	120,900.00
2	1	169	0	0	0	2421	736	89	21	-1	
3	1	169	1	0	0	2421	736	89	21	-1	
4	1	169	1	1	0	2421	736	89	21	-1	
5	1	169	1	1	1	2421	736	89	21	94.690727	2,000.00
2	1	170	0	0	0	2747	736	134	21	-1	
3	1	170	1	0	0	2747	736	134	21	-1	
4	1	170	1	1	0	2747	736	134	21	-1	
5	1	170	1	1	1	2747	736	134	21	79.181725	3,568,056.00
2	1	171	0	0	0	259	769	217	22	-1	
3	1	171	1	0	0	259	769	217	22	-1	
4	1	171	1	1	0	259	769	217	22	-1	
5	1	171	1	1	1	259	769	90	17	93.284065	Roderick
5	1	171	1	1	2	359	769	13	17	93.281441	R
5	1	171	1	1	3	382	769	56	22	96.113045	Paige
5	1	171	1	1	4	449	769	27	18	96.539238	ES
2	1	172	0	0	0	607	769	37	17	-1	
3	1	172	1	0	0	607	769	37	17	-1	
4	1	172	1	1	0	607	769	37	17	-1	
5	1	172	1	1	1	607	769	37	17	96.200584	113
2	1	173	0	0	0	749	769	44	18	-1	
3	1	173	1	0	0	749	769	44	18	-1	
4	1	173	1	1	0	749	769	44	18	-1	
5	1	173	1	1	1	749	769	44	18	96.745033	NES
2	1	174	0	0	0	965	769	115	22	-1	
3	1	174	1	0	0	965	769	115	22	-1	
4	1	174	1	1	0	965	769	115	22	-1	
5	1	174	1	1	1	965	769	115	22	96.641464	Elementary
2	1	175	0	0	0	1133	769	80	18	-1	
3	1	175	1	0	0	1133	769	80	18	-1	
4	1	175	1	1	0	1133	769	80	18	-1	
5	1	175	1	1	1	1133	769	80	18	95.738907	NORTH
2	1	176	0	0	0	1277	768	142	19	-1	
3	1	176	1	0	0	1277	768	142	19	-1	
4	1	176	1	1	0	1277	768	142	19	-1	
5	1	176	1	1	1	1277	769	104	17	91.703880	Kashmere
5	1	176	1	1	2	1391	768	28	19	96.991287	HS
2	1	177	0	0	0	1691	769	37	17	-1	
3	1	177	1	0	0	1691	769	37	17	-1	
4	1	177	1	1	0	1691	769	37	17	-1	
5	1	177	1	1	1	1691	769	37	17	96.958458	358
2	1	178	0	0	0	1796	769	134	21	-1	
3	1	178	1	0	0	1796	769	134	21	-1	
4	1	178	1	1	0	1796	769	134	21	-1	
5	1	178	1	1	1	1796	769	134	21	92.449203	3,388,477.00
2	1	179	0	0	0	2038	769	115	21	-1	
3	1	179	1	0	0	2038	769	115	21	-1	
4	1	179	1	1	0	2038	769	115	21	-1	
5	1	179	1	1	1	2038	769	115	21	96.486443	287,748.00
2	1	180	0	0	0	2229	769	113	21	-1	
3	1	180	1	0	0	2229	769	113	21	-1	
4	1	180	1	1	0	2229	769	113	21	-1	
5	1	180	1	1	1	2229	769	113	21	96.567787	124,800.00
2	1	181	0	0	0	2369	768	11	20	-1	
3	1	181	1	0	0	2369	768	11	20	-1	
4	1	181	1	1	0	2369	768	11	20	-1	
5	1	181	1	1	1	2369	768	11	20	74.873055	$
2	1	182	0	0	0	2421	769	89	21	-1	
3	1	182	1	0	0	2421	769	89	21	-1	
4	1	182	1	1	0	2421	769	89	21	-1	
5	1	182	1	1	1	2421	769	89	21	95.977493	2,000.00
2	1	183	0	0	0	2646	779	7	3	-1	
3	1	183	1	0	0	2646	779	7	3	-1	
4	1	183	1	1	0	2646	779	7	3	-1	
5	1	183	1	1	1	2646	779	7	3	87.519112	-
2	1	184	0	0	0	2747	769	134	21	-1	
3	1	184	1	0	0	2747	769	134	21	-1	
4	1	184	1	1	0	2747	769	134	21	-1	
5	1	184	1	1	1	2747	769	134	21	91.054955	3,803,025.00
2	1	185	0	0	0	2908	768	11	20	-1	
3	1	185	1	0	0	2908	768	11	20	-1	
4	1	185	1	1	0	2908	768	11	20	-1	
5	1	185	1	1	1	2908	768	11	20	74.873055	$
2	1	186	0	0	0	2956	769	113	21	-1	
3	1	186	1	0	0	2956	769	113	21	-1	
4	1	186	1	1	0	2956	769	113	21	-1	
5	1	186	1	1	1	2956	769	113	21	96.358002	147,867.96
2	1	187	0	0	0	259	802	147	23	-1	
3	1	187	1	0	0	259	802	147	23	-1	
4	1	187	1	1	0	259	802	147	23	-1	
5	1	187	1	1	1	259	802	104	23	94.002716	Rodriguez
5	1	187	1	1	2	379	802	27	18	96.796494	ES
2	1	188	0	0	0	607	802	37	18	-1	
3	1	188	1	0	0	607	802	37	18	-1	
4	1	188	1	1	0	607	802	37	18	-1	
5	1	188	1	1	1	607	802	37	18	96.583084	372
2	1	189	0	0	0	749	802	94	18	-1	
3	1	189	1	0	0	749	802	94	18	-1	
4	1	189	1	1	0	749	802	94	18	-1	
5	1	189	1	1	1	749	802	94	18	88.194565	Non-NES
2	1	190	0	0	0	965	802	115	23	-1	
3	1	190	1	0	0	965	802	115	23	-1	
4	1	190	1	1	0	965	802	115	23	-1	
5	1	190	1	1	1	965	802	115	23	96.328041	Elementary
2	1	191	0	0	0	1132	802	67	18	-1	
3	1	191	1	0	0	1132	802	67	18	-1	
4	1	191	1	1	0	1132	802	67	18	-1	
5	1	191	1	1	1	1132	802	67	18	95.399490	WEST
2	1	192	0	0	0	1276	802	182	21	-1	
3	1	192	1	0	0	1276	802	182	21	-1	
4	1	192	1	1	0	1276	802	182	21	-1	
5	1	192	1	1	1	1276	802	89	21	93.291702	Wisdom,
5	1	192	1	1	2	1377	802	41	18	92.654411	M.L.
5	1	192	1	1	3	1429	802	29	18	96.806984	HS
2	1	193	0	0	0	1691	802	36	18	-1	
3	1	193	1	0	0	1691	802	36	18	-1	
4	1	193	1	1	0	1691	802	36	18	-1	
5	1	193	1	1	1	1691	802	36	18	96.452522	865
2	1	194	0	0	0	1796	802	134	21	-1	
3	1	194	1	0	0	1796	802	134	21	-1	
4	1	194	1	1	0	1796	802	134	21	-1	
5	1	194	1	1	1	1796	802	134	21	91.677879	5,000,259.00
2	1	195	0	0	0	2038	802	115	21	-1	
3	1	195	1	0	0	2038	802	115	21	-1	
4	1	195	1	1	0	2038	802	115	21	-1	
5	1	195	1	1	1	2038	802	115	21	95.978485	331,971.00
2	1	196	0	0	0	2229	802	113	21	-1	
3	1	196	1	0	0	2229	802	113	21	-1	
4	1	196	1	1	0	2229	802	113	21	-1	
5	1	196	1	1	1	2229	802	113	21	96.442169	134,629.00
2	1	197	0	0	0	2369	802	10	20	-1	
3	1	197	1	0	0	2369	802	10	20	-1	
4	1	197	1	1	0	2369	802	10	20	-1	
5	1	197	1	1	1	2369	802	10	20	67.301987	$
2	1	198	0	0	0	2410	802	100	21	-1	
3	1	198	1	0	0	2410	802	100	21	-1	
4	1	198	1	1	0	2410	802	100	21	-1	
5	1	198	1	1	1	2410	802	100	21	96.492233	12,500.00
2	1	199	0	0	0	2589	802	89	21	-1	
3	1	199	1	0	0	2589	802	89	21	-1	
4	1	199	1	1	0	2589	802	89	21	-1	
5	1	199	1	1	1	2589	802	89	21	95.213425	8,650.00
2	1	200	0	0	0	2747	802	134	21	-1	
3	1	200	1	0	0	2747	802	134	21	-1	
4	1	200	1	1	0	2747	802	134	21	-1	
5	1	200	1	1	1	2747	802	134	21	92.117065	5,488,009.00
2	1	201	0	0	0	2908	802	10	20	-1	
3	1	201	1	0	0	2908	802	10	20	-1	
4	1	201	1	1	0	2908	802	10	20	-1	
5	1	201	1	1	1	2908	802	10	20	69.171280	$
2	1	202	0	0	0	2955	802	114	21	-1	
3	1	202	1	0	0	2955	802	114	21	-1	
4	1	202	1	1	0	2955	802	114	21	-1	
5	1	202	1	1	1	2955	802	114	21	96.366562	346,475.08
2	1	203	0	0	0	259	836	139	18	-1	
3	1	203	1	0	0	259	836	139	18	-1	
4	1	203	1	1	0	259	836	139	18	-1	
5	1	203	1	1	1	259	836	102	18	96.520363	Roosevelt
5	1	203	1	1	2	370	836	28	18	96.520363	ES
2	1	204	0	0	0	607	836	34	17	-1	
3	1	204	1	0	0	607	836	34	17	-1	
4	1	204	1	1	0	607	836	34	17	-1	
5	1	204	1	1	1	607	836	34	17	96.625229	231
2	1	205	0	0	0	749	835	94	19	-1	
3	1	205	1	0	0	749	835	94	19	-1	
4	1	205	1	1	0	749	835	94	19	-1	
5	1	205	1	1	1	749	835	94	19	90.497467	Non-NES
2	1	206	0	0	0	965	836	115	22	-1	
3	1	206	1	0	0	965	836	115	22	-1	
4	1	206	1	1	0	965	836	115	22	-1	
5	1	206	1	1	1	965	836	115	22	96.674072	Elementary
2	1	207	0	0	0	1132	836	108	18	-1	
3	1	207	1	0	0	1132	836	108	18	-1	
4	1	207	1	1	0	1132	836	108	18	-1	
5	1	207	1	1	1	1132	836	108	18	96.454376	CENTRAL
2	1	208	0	0	0	1277	835	136	19	-1	
3	1	208	1	0	0	1277	835	136	19	-1	
4	1	208	1	1	0	1277	835	136	19	-1	
5	1	208	1	1	1	1277	836	97	17	95.285889	Northside
5	1	208	1	1	2	1384	835	29	19	95.285889	HS
2	1	209	0	0	0	1691	836	37	17	-1	
3	1	209	1	0	0	1691	836	37	17	-1	
4	1	209	1	1	0	1691	836	37	17	-1	
5	1	209	1	1	1	1691	836	37	17	96.835327	379
2	1	210	0	0	0	1795	836	135	21	-1	
3	1	210	1	0	0	1795	836	135	21	-1	
4	1	210	1	1	0	1795	836	135	21	-1	
5	1	210	1	1	1	1795	836	135	21	91.836456	2,565,268.00
2	1	211	0	0	0	2040	836	113	21	-1	
3	1	211	1	0	0	2040	836	113	21	-1	
4	1	211	1	1	0	2040	836	113	21	-1	
5	1	211	1	1	1	2040	836	113	21	91.332336	155,145.00
2	1	212	0	0	0	2240	836	101	21	-1	
3	1	212	1	0	0	2240	836	101	21	-1	
4	1	212	1	1	0	2240	836	101	21	-1	
5	1	212	1	1	1	2240	836	101	21	96.545815	37,951.00
2	1	213	0	0	0	2369	835	11	20	-1	
3	1	213	1	0	0	2369	835	11	20	-1	
4	1	213	1	1	0	2369	835	11	20	-1	
5	1	213	1	1	1	2369	835	11	20	65.643089	$
2	1	214	0	0	0	2421	836	89	21	-1	
3	1	214	1	0	0	2421	836	89	21	-1	
4	1	214	1	1	0	2421	836	89	21	-1	
5	1	214	1	1	1	2421	836	89	21	95.699928	2,380.00
2	1	215	0	0	0	2578	836	100	21	-1	
3	1	215	1	0	0	2578	836	100	21	-1	
4	1	215	1	1	0	2578	836	100	21	-1	
5	1	215	1	1	1	2578	836	100	21	96.634392	10,190.00
2	1	216	0	0	0	2746	836	134	21	-1	
3	1	216	1	0	0	2746	836	134	21	-1	
4	1	216	1	1	0	2746	836	134	21	-1	
5	1	216	1	1	1	2746	836	134	21	90.762543	2,770,934.00
2	1	217	0	0	0	2908	835	11	20	-1	
3	1	217	1	0	0	2908	835	11	20	-1	
4	1	217	1	1	0	2908	835	11	20	-1	
5	1	217	1	1	1	2908	835	11	20	70.865997	$
2	1	218	0	0	0	2956	836	114	21	-1	
3	1	218	1	0	0	2956	836	114	21	-1	
4	1	218	1	1	0	2956	836	114	21	-1	
5	1	218	1	1	1	2956	836	114	21	96.834946	120,360.67
2	1	219	0	0	0	259	869	88	18	-1	
3	1	219	1	0	0	259	869	88	18	-1	
4	1	219	1	1	0	259	869	88	18	-1	
5	1	219	1	1	1	259	869	51	18	95.839119	Ross
5	1	219	1	1	2	320	869	27	18	95.839119	ES
2	1	220	0	0	0	607	869	37	18	-1	
3	1	220	1	0	0	607	869	37	18	-1	
4	1	220	1	1	0	607	869	37	18	-1	
5	1	220	1	1	1	607	869	37	18	96.761696	232
2	1	221	0	0	0	749	869	44	18	-1	
3	1	221	1	0	0	749	869	44	18	-1	
4	1	221	1	1	0	749	869	44	18	-1	
5	1	221	1	1	1	749	869	44	18	95.983910	NES
2	1	222	0	0	0	965	869	115	23	-1	
3	1	222	1	0	0	965	869	115	23	-1	
4	1	222	1	1	0	965	869	115	23	-1	
5	1	222	1	1	1	965	869	115	23	96.079292	Elementary
2	1	223	0	0	0	1132	869	108	18	-1	
3	1	223	1	0	0	1132	869	108	18	-1	
4	1	223	1	1	0	1132	869	108	18	-1	
5	1	223	1	1	1	1132	869	108	18	96.298790	CENTRAL
2	1	224	0	0	0	1277	869	135	18	-1	
3	1	224	1	0	0	1277	869	135	18	-1	
4	1	224	1	1	0	1277	869	135	18	-1	
5	1	224	1	1	1	1277	869	97	18	96.852318	Northside
5	1	224	1	1	2	1384	869	28	18	96.063141	HS
2	1	225	0	0	0	1690	869	37	18	-1	
3	1	225	1	0	0	1690	869	37	18	-1	
4	1	225	1	1	0	1690	869	37	18	-1	
5	1	225	1	1	1	1690	869	37	18	96.720428	262
2	1	226	0	0	0	1795	869	135	21	-1	
3	1	226	1	0	0	1795	869	135	21	-1	
4	1	226	1	1	0	1795	869	135	21	-1	
5	1	226	1	1	1	1795	869	135	21	90.242928	2,978,679.00
2	1	227	0	0	0	2040	869	113	21	-1	
3	1	227	1	0	0	2040	869	113	21	-1	
4	1	227	1	1	0	2040	869	113	21	-1	
5	1	227	1	1	1	2040	869	113	21	96.185173	133,058.00
2	1	228	0	0	0	2240	869	102	21	-1	
3	1	228	1	0	0	2240	869	102	21	-1	
4	1	228	1	1	0	2240	869	102	21	-1	
5	1	228	1	1	1	2240	869	102	21	96.103462	96,620.00
2	1	229	0	0	0	2369	869	10	20	-1	
3	1	229	1	0	0	2369	869	10	20	-1	
4	1	229	1	1	0	2369	869	10	20	-1	
5	1	229	1	1	1	2369	869	10	20	75.232002	$
2	1	230	0	0	0	2421	869	89	21	-1	
3	1	230	1	0	0	2421	869	89	21	-1	
4	1	230	1	1	0	2421	869	89	21	-1	
5	1	230	1	1	1	2421	869	89	21	96.362144	2,000.00
2	1	231	0	0	0	2646	880	7	2	-1	
3	1	231	1	0	0	2646	880	7	2	-1	
4	1	231	1	1	0	2646	880	7	2	-1	
5	1	231	1	1	1	2646	880	7	2	52.294125	-
2	1	232	0	0	0	2747	869	134	21	-1	
3	1	232	1	0	0	2747	869	134	21	-1	
4	1	232	1	1	0	2747	869	134	21	-1	
5	1	232	1	1	1	2747	869	134	21	92.871773	3,210,357.00
2	1	233	0	0	0	2908	869	10	20	-1	
3	1	233	1	0	0	2908	869	10	20	-1	
4	1	233	1	1	0	2908	869	10	20	-1	
5	1	233	1	1	1	2908	869	10	20	73.927811	$
2	1	234	0	0	0	2968	869	98	21	-1	
3	1	234	1	0	0	2968	869	98	21	-1	
4	1	234	1	1	0	2968	869	98	21	-1	
5	1	234	1	1	1	2968	869	98	21	95.772102	97,350.21
2	1	235	0	0	0	2646	913	7	2	-1	
3	1	235	1	0	0	2646	913	7	2	-1	
4	1	235	1	1	0	2646	913	7	2	-1	
5	1	235	1	1	1	2646	913	7	2	52.294125	-
2	1	236	0	0	0	259	903	109	18	-1	
3	1	236	1	0	0	259	903	109	18	-1	
4	1	236	1	1	0	259	903	109	18	-1	
5	1	236	1	1	1	259	903	73	17	96.672646	Rucker
5	1	236	1	1	2	340	903	28	18	96.184700	ES
2	1	237	0	0	0	607	903	36	17	-1	
3	1	237	1	0	0	607	903	36	17	-1	
4	1	237	1	1	0	607	903	36	17	-1	
5	1	237	1	1	1	607	903	36	17	96.911064	233
2	1	238	0	0	0	749	903	44	18	-1	
3	1	238	1	0	0	749	903	44	18	-1	
4	1	238	1	1	0	749	903	44	18	-1	
5	1	238	1	1	1	749	903	44	18	96.659065	NES
2	1	239	0	0	0	965	902	115	23	-1	
3	1	239	1	0	0	965	902	115	23	-1	
4	1	239	1	1	0	965	902	115	23	-1	
5	1	239	1	1	1	965	902	115	23	96.232018	Elementary
2	1	240	0	0	0	1132	902	79	19	-1	
3	1	240	1	0	0	1132	902	79	19	-1	
4	1	240	1	1	0	1132	902	79	19	-1	
5	1	240	1	1	1	1132	902	79	19	96.200798	SOUTH
2	1	241	0	0	0	1276	902	116	19	-1	
3	1	241	1	0	0	1276	902	116	19	-1	
4	1	241	1	1	0	1276	902	116	19	-1	
5	1	241	1	1	1	1276	903	77	18	96.197380	Chavez
5	1	241	1	1	2	1363	902	29	19	96.197380	HS
2	1	242	0	0	0	1690	903	34	17	-1	
3	1	242	1	0	0	1690	903	34	17	-1	
4	1	242	1	1	0	1690	903	34	17	-1	
5	1	242	1	1	1	1690	903	34	17	96.017670	421
2	1	243	0	0	0	1796	903	134	21	-1	
3	1	243	1	0	0	1796	903	134	21	-1	
4	1	243	1	1	0	1796	903	134	21	-1	
5	1	243	1	1	1	1796	903	134	21	92.579529	3,750,420.00
2	1	244	0	0	0	2038	903	115	21	-1	
3	1	244	1	0	0	2038	903	115	21	-1	
4	1	244	1	1	0	2038	903	115	21	-1	
5	1	244	1	1	1	2038	903	115	21	96.338669	201,391.00
2	1	245	0	0	0	2229	903	113	21	-1	
3	1	245	1	0	0	2229	903	113	21	-1	
4	1	245	1	1	0	2229	903	113	21	-1	
5	1	245	1	1	1	2229	903	113	21	96.403191	146,100.00
2	1	246	0	0	0	2369	902	11	20	-1	
3	1	246	1	0	0	2369	902	11	20	-1	
4	1	246	1	1	0	2369	902	11	20	-1	
5	1	246	1	1	1	2369	902	11	20	74.810631	$
2	1	247	0	0	0	2421	903	89	21	-1	
3	1	247	1	0	0	2421	903	89	21	-1	
4	1	247	1	1	0	2421	903	89	21	-1	
5	1	247	1	1	1	2421	903	89	21	93.889336	2,000.00
2	1	248	0	0	0	2746	903	135	21	-1	
3	1	248	1	0	0	2746	903	135	21	-1	
4	1	248	1	1	0	2746	903	135	21	-1	
5	1	248	1	1	1	2746	903	135	21	91.797798	4,099,911.00
2	1	249	0	0	0	2908	902	11	20	-1	
3	1	249	1	0	0	2908	902	11	20	-1	
4	1	249	1	1	0	2908	902	11	20	-1	
5	1	249	1	1	1	2908	902	11	20	75.891502	$
2	1	250	0	0	0	2956	903	110	20	-1	
3	1	250	1	0	0	2956	903	110	20	-1	
4	1	250	1	1	0	2956	903	110	20	-1	
5	1	250	1	1	1	2956	903	110	20	96.292252	156,915.81
2	1	251	0	0	0	258	936	125	18	-1	
3	1	251	1	0	0	258	936	125	18	-1	
4	1	251	1	1	0	258	936	125	18	-1	
5	1	251	1	1	1	258	936	89	18	94.834625	Sanchez
5	1	251	1	1	2	356	936	27	18	96.322647	ES
2	1	252	0	0	0	607	936	34	18	-1	
3	1	252	1	0	0	607	936	34	18	-1	
4	1	252	1	1	0	607	936	34	18	-1	
5	1	252	1	1	1	607	936	34	18	96.665802	281
2	1	253	0	0	0	749	936	44	18	-1	
3	1	253	1	0	0	749	936	44	18	-1	
4	1	253	1	1	0	749	936	44	18	-1	
5	1	253	1	1	1	749	936	44	18	95.485710	NES
2	1	254	0	0	0	965	936	115	23	-1	
3	1	254	1	0	0	965	936	115	23	-1	
4	1	254	1	1	0	965	936	115	23	-1	
5	1	254	1	1	1	965	936	115	23	96.060646	Elementary
2	1	255	0	0	0	1132	936	79	18	-1	
3	1	255	1	0	0	1132	936	79	18	-1	
4	1	255	1	1	0	1132	936	79	18	-1	
5	1	255	1	1	1	1132	936	79	18	95.580620	SOUTH
2	1	256	0	0	0	1277	936	88	23	-1	
3	1	256	1	0	0	1277	936	88	23	-1	
4	1	256	1	1	0	1277	936	88	23	-1	
5	1	256	1	1	1	1277	936	51	23	94.741165	Milby
5	1	256	1	1	2	1337	936	28	18	96.546707	HS
2	1	257	0	0	0	1691	936	37	18	-1	
3	1	257	1	0	0	1691	936	37	18	-1	
4	1	257	1	1	0	1691	936	37	18	-1	
5	1	257	1	1	1	1691	936	37	18	96.824364	327
2	1	258	0	0	0	1796	936	134	21	-1	
3	1	258	1	0	0	1796	936	134	21	-1	
4	1	258	1	1	0	1796	936	134	21	-1	
5	1	258	1	1	1	1796	936	134	21	90.610016	3,323,876.00
2	1	259	0	0	0	2040	936	113	21	-1	
3	1	259	1	0	0	2040	936	113	21	-1	
4	1	259	1	1	0	2040	936	113	21	-1	
5	1	259	1	1	1	2040	936	113	21	96.837662	175,940.00
2	1	260	0	0	0	2229	936	112	21	-1	
3	1	260	1	0	0	2229	936	112	21	-1	
4	1	260	1	1	0	2229	936	112	21	-1	
5	1	260	1	1	1	2229	936	112	21	96.135185	113,700.00
2	1	261	0	0	0	2369	936	11	20	-1	
3	1	261	1	0	0	2369	936	11	20	-1	
4	1	261	1	1	0	2369	936	11	20	-1	
5	1	261	1	1	1	2369	936	11	20	81.997925	$
2	1	262	0	0	0	2421	936	89	21	-1	
3	1	262	1	0	0	2421	936	89	21	-1	
4	1	262	1	1	0	2421	936	89	21	-1	
5	1	262	1	1	1	2421	936	89	21	96.454422	2,000.00
2	1	263	0	0	0	2646	946	7	3	-1	
3	1	263	1	0	0	2646	946	7	3	-1	
4	1	263	1	1	0	2646	946	7	3	-1	
5	1	263	1	1	1	2646	946	7	3	87.519112	-
2	1	264	0	0	0	2747	936	133	21	-1	
3	1	264	1	0	0	2747	936	133	21	-1	
4	1	264	1	1	0	2747	936	133	21	-1	
5	1	264	1	1	1	2747	936	133	21	92.542145	3,615,516.00
2	1	265	0	0	0	2908	936	10	20	-1	
3	1	265	1	0	0	2908	936	10	20	-1	
4	1	265	1	1	0	2908	936	10	20	-1	
5	1	265	1	1	1	2908	936	10	20	80.101700	$
2	1	266	0	0	0	2956	936	113	21	-1	
3	1	266	1	0	0	2956	936	113	21	-1	
4	1	266	1	1	0	2956	936	113	21	-1	
5	1	266	1	1	1	2956	936	113	21	96.429947	139,266.92
2	1	267	0	0	0	258	969	169	23	-1	
3	1	267	1	0	0	258	969	169	23	-1	
4	1	267	1	1	0	258	969	169	23	-1	
5	1	267	1	1	1	258	969	132	23	96.362755	Scarborough
5	1	267	1	1	2	400	970	27	18	95.919380	ES
2	1	268	0	0	0	607	970	37	17	-1	
3	1	268	1	0	0	607	970	37	17	-1	
4	1	268	1	1	0	607	970	37	17	-1	
5	1	268	1	1	1	607	970	37	17	96.225761	237
2	1	269	0	0	0	749	969	94	19	-1	
3	1	269	1	0	0	749	969	94	19	-1	
4	1	269	1	1	0	749	969	94	19	-1	
5	1	269	1	1	1	749	969	94	19	90.643753	Non-NES
2	1	270	0	0	0	965	969	115	23	-1	
3	1	270	1	0	0	965	969	115	23	-1	
4	1	270	1	1	0	965	969	115	23	-1	
5	1	270	1	1	1	965	969	115	23	96.144653	Elementary
2	1	271	0	0	0	1133	970	80	18	-1	
3	1	271	1	0	0	1133	970	80	18	-1	
4	1	271	1	1	0	1133	970	80	18	-1	
5	1	271	1	1	1	1133	970	80	18	95.308090	NORTH
2	1	272	0	0	0	1277	969	195	19	-1	
3	1	272	1	0	0	1277	969	195	19	-1	
4	1	272	1	1	0	1277	969	195	19	-1	
5	1	272	1	1	1	1277	970	84	17	93.187622	Houston
5	1	272	1	1	2	1370	969	63	19	93.115646	MSTC
5	1	272	1	1	3	1443	969	29	19	96.302818	HS
2	1	273	0	0	0	1691	970	36	17	-1	
3	1	273	1	0	0	1691	970	36	17	-1	
4	1	273	1	1	0	1691	970	36	17	-1	
5	1	273	1	1	1	1691	970	36	17	96.802612	828
2	1	274	0	0	0	1795	970	135	21	-1	
3	1	274	1	0	0	1795	970	135	21	-1	
4	1	274	1	1	0	1795	970	135	21	-1	
5	1	274	1	1	1	1795	970	135	21	91.774803	4,801,918.00
2	1	275	0	0	0	2038	970	115	21	-1	
3	1	275	1	0	0	2038	970	115	21	-1	
4	1	275	1	1	0	2038	970	115	21	-1	
5	1	275	1	1	1	2038	970	115	21	95.768509	202,008.00
2	1	276	0	0	0	2227	970	115	21	-1	
3	1	276	1	0	0	2227	970	115	21	-1	
4	1	276	1	1	0	2227	970	115	21	-1	
5	1	276	1	1	1	2227	970	115	21	96.494316	646,112.00
2	1	277	0	0	0	2369	969	10	20	-1	
3	1	277	1	0	0	2369	969	10	20	-1	
4	1	277	1	1	0	2369	969	10	20	-1	
5	1	277	1	1	1	2369	969	10	20	75.568207	$
2	1	278	0	0	0	2395	970	115	21	-1	
3	1	278	1	0	0	2395	970	115	21	-1	
4	1	278	1	1	0	2395	970	115	21	-1	
5	1	278	1	1	1	2395	970	115	21	96.801323	237,000.00
2	1	279	0	0	0	2589	970	89	21	-1	
3	1	279	1	0	0	2589	970	89	21	-1	
4	1	279	1	1	0	2589	970	89	21	-1	
5	1	279	1	1	1	2589	970	89	21	94.663994	8,280.00
2	1	280	0	0	0	2747	970	134	21	-1	
3	1	280	1	0	0	2747	970	134	21	-1	
4	1	280	1	1	0	2747	970	134	21	-1	
5	1	280	1	1	1	2747	970	134	21	91.716347	5,895,318.00
2	1	281	0	0	0	2908	969	10	20	-1	
3	1	281	1	0	0	2908	969	10	20	-1	
4	1	281	1	1	0	2908	969	10	20	-1	
5	1	281	1	1	1	2908	969	10	20	76.993828	$
2	1	282	0	0	0	2954	970	116	20	-1	
3	1	282	1	0	0	2954	970	116	20	-1	
4	1	282	1	1	0	2954	970	116	20	-1	
5	1	282	1	1	1	2954	970	116	20	95.912788	287,165.34
2	1	283	0	0	0	258	1003	170	23	-1	
3	1	283	1	0	0	258	1003	170	23	-1	
4	1	283	1	1	0	258	1003	170	23	-1	
5	1	283	1	1	1	258	1003	132	23	93.779091	Scarborough
5	1	283	1	1	2	400	1003	28	18	96.368057	HS
2	1	284	0	0	0	607	1003	37	18	-1	
3	1	284	1	0	0	607	1003	37	18	-1	
4	1	284	1	1	0	607	1003	37	18	-1	
5	1	284	1	1	1	607	1003	37	18	96.310692	024
2	1	285	0	0	0	749	1003	43	18	-1	
3	1	285	1	0	0	749	1003	43	18	-1	
4	1	285	1	1	0	749	1003	43	18	-1	
5	1	285	1	1	1	749	1003	43	18	95.434029	NES
2	1	286	0	0	0	965	1003	122	23	-1	
3	1	286	1	0	0	965	1003	122	23	-1	
4	1	286	1	1	0	965	1003	122	23	-1	
5	1	286	1	1	1	965	1003	44	23	96.095329	High
5	1	286	1	1	2	1018	1003	69	18	96.095329	School
2	1	287	0	0	0	1133	1003	80	18	-1	
3	1	287	1	0	0	1133	1003	80	18	-1	
4	1	287	1	1	0	1133	1003	80	18	-1	
5	1	287	1	1	1	1133	1003	80	18	96.071358	NORTH
2	1	288	0	0	0	1276	1003	170	23	-1	
3	1	288	1	0	0	1276	1003	170	23	-1	
4	1	288	1	1	0	1276	1003	170	23	-1	
5	1	288	1	1	1	1276	1003	132	23	95.407280	Scarborough
5	1	288	1	1	2	1417	1003	29	18	95.407280	HS
2	1	289	0	0	0	1690	1003	37	18	-1	
3	1	289	1	0	0	1690	1003	37	18	-1	
4	1	289	1	1	0	1690	1003	37	18	-1	
5	1	289	1	1	1	1690	1003	37	18	96.791031	647
2	1	290	0	0	0	1796	1003	134	21	-1	
3	1	290	1	0	0	1796	1003	134	21	-1	
4	1	290	1	1	0	1796	1003	134	21	-1	
5	1	290	1	1	1	1796	1003	134	21	91.543068	8,049,438.00
2	1	291	0	0	0	2038	1003	115	21	-1	
3	1	291	1	0	0	2038	1003	115	21	-1	
4	1	291	1	1	0	2038	1003	115	21	-1	
5	1	291	1	1	1	2038	1003	115	21	96.651115	498,113.00
2	1	292	0	0	0	2227	1003	114	21	-1	
3	1	292	1	0	0	2227	1003	114	21	-1	
4	1	292	1	1	0	2227	1003	114	21	-1	
5	1	292	1	1	1	2227	1003	114	21	96.307449	269,255.00
2	1	293	0	0	0	2369	1003	11	20	-1	
3	1	293	1	0	0	2369	1003	11	20	-1	
4	1	293	1	1	0	2369	1003	11	20	-1	
5	1	293	1	1	1	2369	1003	11	20	81.883911	$
2	1	294	0	0	0	2410	1003	100	21	-1	
3	1	294	1	0	0	2410	1003	100	21	-1	
4	1	294	1	1	0	2410	1003	100	21	-1	
5	1	294	1	1	1	2410	1003	100	21	96.739517	15,500.00
2	1	295	0	0	0	2589	1003	89	21	-1	
3	1	295	1	0	0	2589	1003	89	21	-1	
4	1	295	1	1	0	2589	1003	89	21	-1	
5	1	295	1	1	1	2589	1003	89	21	94.618782	7,500.00
2	1	296	0	0	0	2747	1003	133	21	-1	
3	1	296	1	0	0	2747	1003	133	21	-1	
4	1	296	1	1	0	2747	1003	133	21	-1	
5	1	296	1	1	1	2747	1003	133	21	91.662491	8,839,806.00
2	1	297	0	0	0	2908	1003	11	20	-1	
3	1	297	1	0	0	2908	1003	11	20	-1	
4	1	297	1	1	0	2908	1003	11	20	-1	
5	1	297	1	1	1	2908	1003	11	20	82.538986	$
2	1	298	0	0	0	2954	1003	115	21	-1	
3	1	298	1	0	0	2954	1003	115	21	-1	
4	1	298	1	1	0	2954	1003	115	21	-1	
5	1	298	1	1	1	2954	1003	115	21	95.701828	258,304.95
2	1	299	0	0	0	607	1036	36	18	-1	
3	1	299	1	0	0	607	1036	36	18	-1	
4	1	299	1	1	0	607	1036	36	18	-1	
5	1	299	1	1	1	607	1036	36	18	96.375015	353
2	1	300	0	0	0	749	1036	94	18	-1	
3	1	300	1	0	0	749	1036	94	18	-1	
4	1	300	1	1	0	749	1036	94	18	-1	
5	1	300	1	1	1	749	1036	94	18	88.422928	Non-NES
2	1	301	0	0	0	1132	1036	67	18	-1	
3	1	301	1	0	0	1132	1036	67	18	-1	
4	1	301	1	1	0	1132	1036	67	18	-1	
5	1	301	1	1	1	1132	1036	67	18	95.681168	WEST
2	1	302	0	0	0	1691	1036	37	18	-1	
3	1	302	1	0	0	1691	1036	37	18	-1	
4	1	302	1	1	0	1691	1036	37	18	-1	
5	1	302	1	1	1	1691	1036	37	18	96.568153	776
2	1	303	0	0	0	258	1036	232	23	-1	
3	1	303	1	0	0	258	1036	232	23	-1	
4	1	303	1	1	0	258	1036	232	23	-1	
5	1	303	1	1	1	258	1036	43	18	92.739799	Schl
5	1	303	1	1	2	310	1037	21	22	92.438400	@
5	1	303	1	1	3	341	1036	25	18	96.215347	St.
5	1	303	1	1	4	376	1036	77	23	96.215347	George
5	1	303	1	1	5	462	1036	28	18	96.496155	ES
2	1	304	0	0	0	965	1036	115	23	-1	
3	1	304	1	0	0	965	1036	115	23	-1	
4	1	304	1	1	0	965	1036	115	23	-1	
5	1	304	1	1	1	965	1036	115	23	95.989777	Elementary
2	1	305	0	0	0	1276	1036	181	21	-1	
3	1	305	1	0	0	1276	1036	181	21	-1	
4	1	305	1	1	0	1276	1036	181	21	-1	
5	1	305	1	1	1	1276	1036	89	21	93.250412	Wisdom,
5	1	305	1	1	2	1377	1036	41	18	92.295074	M.L.
5	1	305	1	1	3	1429	1036	28	18	96.732063	HS
2	1	306	0	0	0	1795	1036	135	21	-1	
3	1	306	1	0	0	1795	1036	135	21	-1	
4	1	306	1	1	0	1795	1036	135	21	-1	
5	1	306	1	1	1	1795	1036	135	21	83.930794	4,422,638.00
2	1	307	0	0	0	2038	1036	115	21	-1	
3	1	307	1	0	0	2038	1036	115	21	-1	
4	1	307	1	1	0	2038	1036	115	21	-1	
5	1	307	1	1	1	2038	1036	115	21	96.556656	278,931.00
2	1	308	0	0	0	2229	1036	113	21	-1	
3	1	308	1	0	0	2229	1036	113	21	-1	
4	1	308	1	1	0	2229	1036	113	21	-1	
5	1	308	1	1	1	2229	1036	113	21	96.781364	181,689.00
2	1	309	0	0	0	2369	1036	10	20	-1	
3	1	309	1	0	0	2369	1036	10	20	-1	
4	1	309	1	1	0	2369	1036	10	20	-1	
5	1	309	1	1	1	2369	1036	10	20	72.070343	$
2	1	310	0	0	0	2397	1036	113	21	-1	
3	1	310	1	0	0	2397	1036	113	21	-1	
4	1	310	1	1	0	2397	1036	113	21	-1	
5	1	310	1	1	1	2397	1036	113	21	96.918793	108,100.00
2	1	311	0	0	0	2589	1036	89	21	-1	
3	1	311	1	0	0	2589	1036	89	21	-1	
4	1	311	1	1	0	2589	1036	89	21	-1	
5	1	311	1	1	1	2589	1036	89	21	94.151817	7,760.00
2	1	312	0	0	0	2746	1036	135	21	-1	
3	1	312	1	0	0	2746	1036	135	21	-1	
4	1	312	1	1	0	2746	1036	135	21	-1	
5	1	312	1	1	1	2746	1036	135	21	88.333725	4,999,118.00
2	1	313	0	0	0	2908	1036	10	20	-1	
3	1	313	1	0	0	2908	1036	10	20	-1	
4	1	313	1	1	0	2908	1036	10	20	-1	
5	1	313	1	1	1	2908	1036	10	20	72.698563	$
2	1	314	0	0	0	2956	1036	114	21	-1	
3	1	314	1	0	0	2956	1036	114	21	-1	
4	1	314	1	1	0	2956	1036	114	21	-1	
5	1	314	1	1	1	2956	1036	114	21	89.376511	151,545.77
2	1	315	0	0	0	258	1069	140	23	-1	
3	1	315	1	0	0	258	1069	140	23	-1	
4	1	315	1	1	0	258	1069	140	23	-1	
5	1	315	1	1	1	258	1069	103	23	96.266121	Scroggins
5	1	315	1	1	2	371	1069	27	19	96.227287	ES
2	1	316	0	0	0	607	1070	36	17	-1	
3	1	316	1	0	0	607	1070	36	17	-1	
4	1	316	1	1	0	607	1070	36	17	-1	
5	1	316	1	1	1	607	1070	36	17	96.468773	269
2	1	317	0	0	0	749	1070	43	18	-1	
3	1	317	1	0	0	749	1070	43	18	-1	
4	1	317	1	1	0	749	1070	43	18	-1	
5	1	317	1	1	1	749	1070	43	18	96.531067	NES
2	1	318	0	0	0	965	1070	115	22	-1	
3	1	318	1	0	0	965	1070	115	22	-1	
4	1	318	1	1	0	965	1070	115	22	-1	
5	1	318	1	1	1	965	1070	115	22	96.519981	Elementary
2	1	319	0	0	0	1132	1070	108	18	-1	
3	1	319	1	0	0	1132	1070	108	18	-1	
4	1	319	1	1	0	1132	1070	108	18	-1	
5	1	319	1	1	1	1132	1070	108	18	96.384094	CENTRAL
2	1	320	0	0	0	1276	1070	133	22	-1	
3	1	320	1	0	0	1276	1070	133	22	-1	
4	1	320	1	1	0	1276	1070	133	22	-1	
5	1	320	1	1	1	1276	1070	96	22	96.456642	Wheatley
5	1	320	1	1	2	1381	1070	28	18	96.248711	HS
2	1	321	0	0	0	1690	1070	38	17	-1	
3	1	321	1	0	0	1690	1070	38	17	-1	
4	1	321	1	1	0	1690	1070	38	17	-1	
5	1	321	1	1	1	1690	1070	38	17	96.342972	274
2	1	322	0	0	0	1796	1070	134	21	-1	
3	1	322	1	0	0	1796	1070	134	21	-1	
4	1	322	1	1	0	1796	1070	134	21	-1	
5	1	322	1	1	1	1796	1070	134	21	90.695168	3,007,092.00
2	1	323	0	0	0	2040	1070	113	21	-1	
3	1	323	1	0	0	2040	1070	113	21	-1	
4	1	323	1	1	0	2040	1070	113	21	-1	
5	1	323	1	1	1	2040	1070	113	21	96.036926	141,911.00
2	1	324	0	0	0	2229	1070	112	21	-1	
3	1	324	1	0	0	2229	1070	112	21	-1	
4	1	324	1	1	0	2229	1070	112	21	-1	
5	1	324	1	1	1	2229	1070	112	21	96.010193	108,300.00
2	1	325	0	0	0	2369	1069	11	20	-1	
3	1	325	1	0	0	2369	1069	11	20	-1	
4	1	325	1	1	0	2369	1069	11	20	-1	
5	1	325	1	1	1	2369	1069	11	20	71.936005	$
2	1	326	0	0	0	2421	1070	89	21	-1	
3	1	326	1	0	0	2421	1070	89	21	-1	
4	1	326	1	1	0	2421	1070	89	21	-1	
5	1	326	1	1	1	2421	1070	89	21	96.117851	2,000.00
2	1	327	0	0	0	2646	1080	7	3	-1	
3	1	327	1	0	0	2646	1080	7	3	-1	
4	1	327	1	1	0	2646	1080	7	3	-1	
5	1	327	1	1	1	2646	1080	7	3	87.519112	-
2	1	328	0	0	0	2747	1070	133	21	-1	
3	1	328	1	0	0	2747	1070	133	21	-1	
4	1	328	1	1	0	2747	1070	133	21	-1	
5	1	328	1	1	1	2747	1070	133	21	91.373550	3,259,303.00
2	1	329	0	0	0	2908	1069	11	20	-1	
3	1	329	1	0	0	2908	1069	11	20	-1	
4	1	329	1	1	0	2908	1069	11	20	-1	
5	1	329	1	1	1	2908	1069	11	20	73.703880	$
2	1	330	0	0	0	2956	1070	113	21	-1	
3	1	330	1	0	0	2956	1070	113	21	-1	
4	1	330	1	1	0	2956	1070	113	21	-1	
5	1	330	1	1	1	2956	1070	113	21	96.343109	110,322.39
2	1	331	0	0	0	607	1103	36	18	-1	
3	1	331	1	0	0	607	1103	36	18	-1	
4	1	331	1	1	0	607	1103	36	18	-1	
5	1	331	1	1	1	607	1103	36	18	96.792084	373
2	1	332	0	0	0	749	1103	44	18	-1	
3	1	332	1	0	0	749	1103	44	18	-1	
4	1	332	1	1	0	749	1103	44	18	-1	
5	1	332	1	1	1	749	1103	44	18	96.102837	NES
2	1	333	0	0	0	1132	1103	79	18	-1	
3	1	333	1	0	0	1132	1103	79	18	-1	
4	1	333	1	1	0	1132	1103	79	18	-1	
5	1	333	1	1	1	1132	1103	79	18	95.538116	SOUTH
2	1	334	0	0	0	1691	1103	36	18	-1	
3	1	334	1	0	0	1691	1103	36	18	-1	
4	1	334	1	1	0	1691	1103	36	18	-1	
5	1	334	1	1	1	1691	1103	36	18	96.617668	395
2	1	335	0	0	0	1796	1103	134	21	-1	
3	1	335	1	0	0	1796	1103	134	21	-1	
4	1	335	1	1	0	1796	1103	134	21	-1	
5	1	335	1	1	1	1796	1103	134	21	92.717598	3,706,592.00
2	1	336	0	0	0	2038	1103	115	21	-1	
3	1	336	1	0	0	2038	1103	115	21	-1	
4	1	336	1	1	0	2038	1103	115	21	-1	
5	1	336	1	1	1	2038	1103	115	21	96.584343	209,665.00
2	1	337	0	0	0	2229	1103	113	21	-1	
3	1	337	1	0	0	2229	1103	113	21	-1	
4	1	337	1	1	0	2229	1103	113	21	-1	
5	1	337	1	1	1	2229	1103	113	21	96.274536	136,500.00
2	1	338	0	0	0	2369	1103	10	20	-1	
3	1	338	1	0	0	2369	1103	10	20	-1	
4	1	338	1	1	0	2369	1103	10	20	-1	
5	1	338	1	1	1	2369	1103	10	20	62.970383	$
2	1	339	0	0	0	2421	1103	89	21	-1	
3	1	339	1	0	0	2421	1103	89	21	-1	
4	1	339	1	1	0	2421	1103	89	21	-1	
5	1	339	1	1	1	2421	1103	89	21	96.624176	2,000.00
2	1	340	0	0	0	2646	1114	7	2	-1	
3	1	340	1	0	0	2646	1114	7	2	-1	
4	1	340	1	1	0	2646	1114	7	2	-1	
5	1	340	1	1	1	2646	1114	7	2	52.294125	-
2	1	341	0	0	0	2746	1103	135	21	-1	
3	1	341	1	0	0	2746	1103	135	21	-1	
4	1	341	1	1	0	2746	1103	135	21	-1	
5	1	341	1	1	1	2746	1103	135	21	89.493568	4,054,757.00
2	1	342	0	0	0	2908	1103	10	20	-1	
3	1	342	1	0	0	2908	1103	10	20	-1	
4	1	342	1	1	0	2908	1103	10	20	-1	
5	1	342	1	1	1	2908	1103	10	20	63.691315	$
2	1	343	0	0	0	2956	1103	114	21	-1	
3	1	343	1	0	0	2956	1103	114	21	-1	
4	1	343	1	1	0	2956	1103	114	21	-1	
5	1	343	1	1	1	2956	1103	114	21	95.193947	148,642.14
2	1	344	0	0	0	258	1103	107	23	-1	
3	1	344	1	0	0	258	1103	107	23	-1	
4	1	344	1	1	0	258	1103	107	23	-1	
5	1	344	1	1	1	258	1103	70	23	95.645454	Seguin
5	1	344	1	1	2	338	1103	27	18	96.147575	ES
2	1	345	0	0	0	965	1103	115	23	-1	
3	1	345	1	0	0	965	1103	115	23	-1	
4	1	345	1	1	0	965	1103	115	23	-1	
5	1	345	1	1	1	965	1103	115	23	96.054108	Elementary
2	1	346	0	0	0	1276	1103	115	23	-1	
3	1	346	1	0	0	1276	1103	115	23	-1	
4	1	346	1	1	0	1276	1103	115	23	-1	
5	1	346	1	1	1	1276	1103	76	23	96.207298	Sterling
5	1	346	1	1	2	1363	1103	28	18	96.286507	HS
2	1	347	0	0	0	258	1136	172	19	-1	
3	1	347	1	0	0	258	1136	172	19	-1	
4	1	347	1	1	0	258	1136	172	19	-1	
5	1	347	1	1	1	258	1136	129	19	89.929253	Shadowbriar
5	1	347	1	1	2	403	1136	27	19	96.825668	ES
2	1	348	0	0	0	607	1137	36	17	-1	
3	1	348	1	0	0	607	1137	36	17	-1	
4	1	348	1	1	0	607	1137	36	17	-1	
5	1	348	1	1	1	607	1137	36	17	96.967087	276
2	1	349	0	0	0	749	1136	94	19	-1	
3	1	349	1	0	0	749	1136	94	19	-1	
4	1	349	1	1	0	749	1136	94	19	-1	
5	1	349	1	1	1	749	1136	94	19	90.636078	Non-NES
2	1	350	0	0	0	965	1136	115	23	-1	
3	1	350	1	0	0	965	1136	115	23	-1	
4	1	350	1	1	0	965	1136	115	23	-1	
5	1	350	1	1	1	965	1136	115	23	96.094460	Elementary
2	1	351	0	0	0	1132	1137	67	18	-1	
3	1	351	1	0	0	1132	1137	67	18	-1	
4	1	351	1	1	0	1132	1137	67	18	-1	
5	1	351	1	1	1	1132	1137	67	18	96.294792	WEST
2	1	352	0	0	0	1276	1136	134	19	-1	
3	1	352	1	0	0	1276	1136	134	19	-1	
4	1	352	1	1	0	1276	1136	134	19	-1	
5	1	352	1	1	1	1276	1137	95	17	96.564575	Westside
5	1	352	1	1	2	1381	1136	29	19	96.808273	HS
2	1	353	0	0	0	1691	1137	37	17	-1	
3	1	353	1	0	0	1691	1137	37	17	-1	
4	1	353	1	1	0	1691	1137	37	17	-1	
5	1	353	1	1	1	1691	1137	37	17	96.918556	308
2	1	354	0	0	0	1795	1137	135	21	-1	
3	1	354	1	0	0	1795	1137	135	21	-1	
4	1	354	1	1	0	1795	1137	135	21	-1	
5	1	354	1	1	1	1795	1137	135	21	91.830711	2,524,364.00
2	1	355	0	0	0	2040	1137	113	21	-1	
3	1	355	1	0	0	2040	1137	113	21	-1	
4	1	355	1	1	0	2040	1137	113	21	-1	
5	1	355	1	1	1	2040	1137	113	21	94.651245	156,186.00
2	1	356	0	0	0	2229	1137	112	21	-1	
3	1	356	1	0	0	2229	1137	112	21	-1	
4	1	356	1	1	0	2229	1137	112	21	-1	
5	1	356	1	1	1	2229	1137	112	21	96.741692	178,443.00
2	1	357	0	0	0	2369	1136	11	20	-1	
3	1	357	1	0	0	2369	1136	11	20	-1	
4	1	357	1	1	0	2369	1136	11	20	-1	
5	1	357	1	1	1	2369	1136	11	20	65.637268	$
2	1	358	0	0	0	2421	1137	89	21	-1	
3	1	358	1	0	0	2421	1137	89	21	-1	
4	1	358	1	1	0	2421	1137	89	21	-1	
5	1	358	1	1	1	2421	1137	89	21	93.629623	3,000.00
2	1	359	0	0	0	2589	1137	89	21	-1	
3	1	359	1	0	0	2589	1137	89	21	-1	
4	1	359	1	1	0	2589	1137	89	21	-1	
5	1	359	1	1	1	2589	1137	89	21	94.508759	3,250.00
2	1	360	0	0	0	2746	1137	134	21	-1	
3	1	360	1	0	0	2746	1137	134	21	-1	
4	1	360	1	1	0	2746	1137	134	21	-1	
5	1	360	1	1	1	2746	1137	134	21	88.436531	2,865,243.00
2	1	361	0	0	0	2908	1136	11	20	-1	
3	1	361	1	0	0	2908	1136	11	20	-1	
4	1	361	1	1	0	2908	1136	11	20	-1	
5	1	361	1	1	1	2908	1136	11	20	70.222176	$
2	1	362	0	0	0	2956	1137	113	20	-1	
3	1	362	1	0	0	2956	1137	113	20	-1	
4	1	362	1	1	0	2956	1137	113	20	-1	
5	1	362	1	1	1	2956	1137	113	20	96.721886	109,024.16
2	1	363	0	0	0	258	1170	144	23	-1	
3	1	363	1	0	0	258	1170	144	23	-1	
4	1	363	1	1	0	258	1170	144	23	-1	
5	1	363	1	1	1	258	1170	107	23	90.701408	Shadydale
5	1	363	1	1	2	375	1170	27	18	96.502090	ES
2	1	364	0	0	0	606	1170	37	18	-1	
3	1	364	1	0	0	606	1170	37	18	-1	
4	1	364	1	1	0	606	1170	37	18	-1	
5	1	364	1	1	1	606	1170	37	18	96.700241	479
2	1	365	0	0	0	749	1170	43	18	-1	
3	1	365	1	0	0	749	1170	43	18	-1	
4	1	365	1	1	0	749	1170	43	18	-1	
5	1	365	1	1	1	749	1170	43	18	95.358032	NES
2	1	366	0	0	0	965	1170	115	23	-1	
3	1	366	1	0	0	965	1170	115	23	-1	
4	1	366	1	1	0	965	1170	115	23	-1	
5	1	366	1	1	1	965	1170	115	23	96.019676	Elementary
2	1	367	0	0	0	1133	1170	80	18	-1	
3	1	367	1	0	0	1133	1170	80	18	-1	
4	1	367	1	1	0	1133	1170	80	18	-1	
5	1	367	1	1	1	1133	1170	80	18	96.240997	NORTH
2	1	368	0	0	0	1277	1170	166	18	-1	
3	1	368	1	0	0	1277	1170	166	18	-1	
4	1	368	1	1	0	1277	1170	166	18	-1	
5	1	368	1	1	1	1277	1170	54	18	96.395378	North
5	1	368	1	1	2	1341	1170	64	18	95.931610	Forest
5	1	368	1	1	3	1414	1170	29	18	95.931610	HS
2	1	369	0	0	0	1691	1170	36	18	-1	
3	1	369	1	0	0	1691	1170	36	18	-1	
4	1	369	1	1	0	1691	1170	36	18	-1	
5	1	369	1	1	1	1691	1170	36	18	96.906174	550
2	1	370	0	0	0	1795	1170	135	21	-1	
3	1	370	1	0	0	1795	1170	135	21	-1	
4	1	370	1	1	0	1795	1170	135	21	-1	
5	1	370	1	1	1	1795	1170	135	21	77.340546	4,154,880.00
2	1	371	0	0	0	2038	1170	115	21	-1	
3	1	371	1	0	0	2038	1170	115	21	-1	
4	1	371	1	1	0	2038	1170	115	21	-1	
5	1	371	1	1	1	2038	1170	115	21	96.516495	256,249.00
2	1	372	0	0	0	2229	1170	112	18	-1	
3	1	372	1	0	0	2229	1170	112	18	-1	
4	1	372	1	1	0	2229	1170	112	18	-1	
5	1	372	1	1	1	2229	1170	112	18	94.825806	186,600.00
2	1	373	0	0	0	2369	1170	10	20	-1	
3	1	373	1	0	0	2369	1170	10	20	-1	
4	1	373	1	1	0	2369	1170	10	20	-1	
5	1	373	1	1	1	2369	1170	10	20	79.707672	$
2	1	374	0	0	0	2421	1170	89	21	-1	
3	1	374	1	0	0	2421	1170	89	21	-1	
4	1	374	1	1	0	2421	1170	89	21	-1	
5	1	374	1	1	1	2421	1170	89	21	96.634827	2,000.00
2	1	375	0	0	0	2646	1180	7	3	-1	
3	1	375	1	0	0	2646	1180	7	3	-1	
4	1	375	1	1	0	2646	1180	7	3	-1	
5	1	375	1	1	1	2646	1180	7	3	87.519112	-
2	1	376	0	0	0	2746	1170	134	21	-1	
3	1	376	1	0	0	2746	1170	134	21	-1	
4	1	376	1	1	0	2746	1170	134	21	-1	
5	1	376	1	1	1	2746	1170	134	21	85.076698	4,599,729.00
2	1	377	0	0	0	2908	1170	10	20	-1	
3	1	377	1	0	0	2908	1170	10	20	-1	
4	1	377	1	1	0	2908	1170	10	20	-1	
5	1	377	1	1	1	2908	1170	10	20	69.460052	$
2	1	378	0	0	0	2954	1170	115	21	-1	
3	1	378	1	0	0	2954	1170	115	21	-1	
4	1	378	1	1	0	2954	1170	115	21	-1	
5	1	378	1	1	1	2954	1170	115	21	96.314888	214,927.08
2	1	379	0	0	0	258	1203	159	23	-1	
3	1	379	1	0	0	258	1203	159	23	-1	
4	1	379	1	1	0	258	1203	159	23	-1	
5	1	379	1	1	1	258	1203	121	23	95.698532	Sharpstown
5	1	379	1	1	2	388	1203	29	19	96.468262	HS
2	1	380	0	0	0	607	1204	36	17	-1	
3	1	380	1	0	0	607	1204	36	17	-1	
4	1	380	1	1	0	607	1204	36	17	-1	
5	1	380	1	1	1	607	1204	36	17	97.010284	023
2	1	381	0	0	0	749	1204	44	18	-1	
3	1	381	1	0	0	749	1204	44	18	-1	
4	1	381	1	1	0	749	1204	44	18	-1	
5	1	381	1	1	1	749	1204	44	18	96.902306	NES
2	1	382	0	0	0	965	1203	122	23	-1	
3	1	382	1	0	0	965	1203	122	23	-1	
4	1	382	1	1	0	965	1203	122	23	-1	
5	1	382	1	1	1	965	1204	44	22	97.002022	High
5	1	382	1	1	2	1018	1203	69	19	96.643616	School
2	1	383	0	0	0	1132	1204	67	18	-1	
3	1	383	1	0	0	1132	1204	67	18	-1	
4	1	383	1	1	0	1132	1204	67	18	-1	
5	1	383	1	1	1	1132	1204	67	18	96.675003	WEST
2	1	384	0	0	0	1276	1204	159	22	-1	
3	1	384	1	0	0	1276	1204	159	22	-1	
4	1	384	1	1	0	1276	1204	159	22	-1	
5	1	384	1	1	1	1276	1204	121	22	96.232170	Sharpstown
5	1	384	1	1	2	1406	1204	29	18	95.759567	HS
2	1	385	0	0	0	1672	1204	55	21	-1	
3	1	385	1	0	0	1672	1204	55	21	-1	
4	1	385	1	1	0	1672	1204	55	21	-1	
5	1	385	1	1	1	1672	1204	55	21	93.315697	1,646
2	1	386	0	0	0	1784	1204	146	21	-1	
3	1	386	1	0	0	1784	1204	146	21	-1	
4	1	386	1	1	0	1784	1204	146	21	-1	
5	1	386	1	1	1	1784	1204	146	21	48.944454	13,531,922.00
2	1	387	0	0	0	2038	1204	115	21	-1	
3	1	387	1	0	0	2038	1204	115	21	-1	
4	1	387	1	1	0	2038	1204	115	21	-1	
5	1	387	1	1	1	2038	1204	115	21	94.769104	609,235.00
2	1	388	0	0	0	2227	1204	115	18	-1	
3	1	388	1	0	0	2227	1204	115	18	-1	
4	1	388	1	1	0	2227	1204	115	18	-1	
5	1	388	1	1	1	2227	1204	115	18	96.664436	651,390.00
2	1	389	0	0	0	2369	1203	11	20	-1	
3	1	389	1	0	0	2369	1203	11	20	-1	
4	1	389	1	1	0	2369	1203	11	20	-1	
5	1	389	1	1	1	2369	1203	11	20	76.328697	$
2	1	390	0	0	0	2408	1204	102	21	-1	
3	1	390	1	0	0	2408	1204	102	21	-1	
4	1	390	1	1	0	2408	1204	102	21	-1	
5	1	390	1	1	1	2408	1204	102	21	96.592712	20,300.00
2	1	391	0	0	0	2589	1204	89	21	-1	
3	1	391	1	0	0	2589	1204	89	21	-1	
4	1	391	1	1	0	2589	1204	89	21	-1	
5	1	391	1	1	1	2589	1204	89	21	93.912262	6,000.00
2	1	392	0	0	0	2735	1204	146	21	-1	
3	1	392	1	0	0	2735	1204	146	21	-1	
4	1	392	1	1	0	2735	1204	146	21	-1	
5	1	392	1	1	1	2735	1204	146	21	92.420532	14,818,847.00
2	1	393	0	0	0	2908	1203	11	20	-1	
3	1	393	1	0	0	2908	1203	11	20	-1	
4	1	393	1	1	0	2908	1203	11	20	-1	
5	1	393	1	1	1	2908	1203	11	20	76.328697	$
2	1	394	0	0	0	2954	1204	116	20	-1	
3	1	394	1	0	0	2954	1204	116	20	-1	
4	1	394	1	1	0	2954	1204	116	20	-1	
5	1	394	1	1	1	2954	1204	116	20	96.610947	625,368.74
2	1	395	0	0	0	258	1237	196	23	-1	
3	1	395	1	0	0	258	1237	196	23	-1	
4	1	395	1	1	0	258	1237	196	23	-1	
5	1	395	1	1	1	258	1237	121	23	93.140587	Sharpstown
5	1	395	1	1	2	388	1237	66	18	40.359898	Intern'l
2	1	396	0	0	0	607	1237	34	18	-1	
3	1	396	1	0	0	607	1237	34	18	-1	
4	1	396	1	1	0	607	1237	34	18	-1	
5	1	396	1	1	1	607	1237	34	18	96.882408	081
2	1	397	0	0	0	749	1237	94	18	-1	
3	1	397	1	0	0	749	1237	94	18	-1	
4	1	397	1	1	0	749	1237	94	18	-1	
5	1	397	1	1	1	749	1237	94	18	91.124901	Non-NES
2	1	398	0	0	0	965	1237	122	23	-1	
3	1	398	1	0	0	965	1237	122	23	-1	
4	1	398	1	1	0	965	1237	122	23	-1	
5	1	398	1	1	1	965	1237	44	23	95.687248	High
5	1	398	1	1	2	1018	1237	69	18	95.126228	School
2	1	399	0	0	0	1131	1237	68	18	-1	
3	1	399	1	0	0	1131	1237	68	18	-1	
4	1	399	1	1	0	1131	1237	68	18	-1	
5	1	399	1	1	1	1131	1237	68	18	96.662834	WEST
2	1	400	0	0	0	1276	1237	159	23	-1	
3	1	400	1	0	0	1276	1237	159	23	-1	
4	1	400	1	1	0	1276	1237	159	23	-1	
5	1	400	1	1	1	1276	1237	121	23	96.039452	Sharpstown
5	1	400	1	1	2	1406	1237	29	18	96.591942	HS
2	1	401	0	0	0	1672	1237	55	21	-1	
3	1	401	1	0	0	1672	1237	55	21	-1	
4	1	401	1	1	0	1672	1237	55	21	-1	
5	1	401	1	1	1	1672	1237	55	21	94.644211	1,343
2	1	402	0	0	0	1796	1237	134	21	-1	
3	1	402	1	0	0	1796	1237	134	21	-1	
4	1	402	1	1	0	1796	1237	134	21	-1	
5	1	402	1	1	1	1796	1237	134	21	89.023346	7,670,855.00
2	1	403	0	0	0	2038	1237	115	21	-1	
3	1	403	1	0	0	2038	1237	115	21	-1	
4	1	403	1	1	0	2038	1237	115	21	-1	
5	1	403	1	1	1	2038	1237	115	21	95.006378	541,737.00
2	1	404	0	0	0	2227	1237	114	18	-1	
3	1	404	1	0	0	2227	1237	114	18	-1	
4	1	404	1	1	0	2227	1237	114	18	-1	
5	1	404	1	1	1	2227	1237	114	18	92.848747	497,557.00
2	1	405	0	0	0	2408	1237	102	21	-1	
3	1	405	1	0	0	2408	1237	102	21	-1	
4	1	405	1	1	0	2408	1237	102	21	-1	
5	1	405	1	1	1	2408	1237	102	21	96.296608	66,600.00
2	1	406	0	0	0	2563	1237	115	21	-1	
3	1	406	1	0	0	2563	1237	115	21	-1	
4	1	406	1	1	0	2563	1237	115	21	-1	
5	1	406	1	1	1	2563	1237	115	21	96.773308	219,605.00
2	1	407	0	0	0	2747	1237	133	21	-1	
3	1	407	1	0	0	2747	1237	133	21	-1	
4	1	407	1	1	0	2747	1237	133	21	-1	
5	1	407	1	1	1	2747	1237	133	21	92.188782	8,996,354.00
2	1	408	0	0	0	2908	1237	11	20	-1	
3	1	408	1	0	0	2908	1237	11	20	-1	
4	1	408	1	1	0	2908	1237	11	20	-1	
5	1	408	1	1	1	2908	1237	11	20	81.297150	$
2	1	409	0	0	0	2954	1237	116	21	-1	
3	1	409	1	0	0	2954	1237	116	21	-1	
4	1	409	1	1	0	2954	1237	116	21	-1	
5	1	409	1	1	1	2954	1237	116	21	96.644112	481,536.57
2	1	410	0	0	0	2646	1281	7	2	-1	
3	1	410	1	0	0	2646	1281	7	2	-1	
4	1	410	1	1	0	2646	1281	7	2	-1	
5	1	410	1	1	1	2646	1281	7	2	52.294125	-
2	1	411	0	0	0	258	1270	117	19	-1	
3	1	411	1	0	0	258	1270	117	19	-1	
4	1	411	1	1	0	258	1270	117	19	-1	
5	1	411	1	1	1	258	1270	73	19	91.252937	Shearn
5	1	411	1	1	2	347	1270	28	19	94.630699	ES
2	1	412	0	0	0	607	1271	37	17	-1	
3	1	412	1	0	0	607	1271	37	17	-1	
4	1	412	1	1	0	607	1271	37	17	-1	
5	1	412	1	1	1	607	1271	37	17	96.696274	239
2	1	413	0	0	0	749	1270	94	19	-1	
3	1	413	1	0	0	749	1270	94	19	-1	
4	1	413	1	1	0	749	1270	94	19	-1	
5	1	413	1	1	1	749	1270	94	19	90.728485	Non-NES
2	1	414	0	0	0	965	1270	115	23	-1	
3	1	414	1	0	0	965	1270	115	23	-1	
4	1	414	1	1	0	965	1270	115	23	-1	
5	1	414	1	1	1	965	1270	115	23	96.145439	Elementary
2	1	415	0	0	0	1132	1271	67	18	-1	
3	1	415	1	0	0	1132	1271	67	18	-1	
4	1	415	1	1	0	1132	1271	67	18	-1	
5	1	415	1	1	1	1132	1271	67	18	96.675110	WEST
2	1	416	0	0	0	1277	1270	113	19	-1	
3	1	416	1	0	0	1277	1270	113	19	-1	
4	1	416	1	1	0	1277	1270	113	19	-1	
5	1	416	1	1	1	1277	1270	74	18	96.505440	Bellaire
5	1	416	1	1	2	1361	1271	29	18	96.763107	HS
2	1	417	0	0	0	1690	1271	34	17	-1	
3	1	417	1	0	0	1690	1271	34	17	-1	
4	1	417	1	1	0	1690	1271	34	17	-1	
5	1	417	1	1	1	1690	1271	34	17	96.974594	451
2	1	418	0	0	0	1795	1271	135	21	-1	
3	1	418	1	0	0	1795	1271	135	21	-1	
4	1	418	1	1	0	1795	1271	135	21	-1	
5	1	418	1	1	1	1795	1271	135	21	91.893364	2,774,580.00
2	1	419	0	0	0	2051	1271	102	21	-1	
3	1	419	1	0	0	2051	1271	102	21	-1	
4	1	419	1	1	0	2051	1271	102	21	-1	
5	1	419	1	1	1	2051	1271	102	21	96.675911	92,776.00
2	1	420	0	0	0	2240	1271	102	18	-1	
3	1	420	1	0	0	2240	1271	102	18	-1	
4	1	420	1	1	0	2240	1271	102	18	-1	
5	1	420	1	1	1	2240	1271	102	18	96.567291	67,187.00
2	1	421	0	0	0	2441	1271	69	17	-1	
3	1	421	1	0	0	2441	1271	69	17	-1	
4	1	421	1	1	0	2441	1271	69	17	-1	
5	1	421	1	1	1	2441	1271	69	17	96.288933	950.00
2	1	422	0	0	0	2746	1271	135	21	-1	
3	1	422	1	0	0	2746	1271	135	21	-1	
4	1	422	1	1	0	2746	1271	135	21	-1	
5	1	422	1	1	1	2746	1271	135	21	88.548599	2,935,493.00
2	1	423	0	0	0	2908	1270	10	20	-1	
3	1	423	1	0	0	2908	1270	10	20	-1	
4	1	423	1	1	0	2908	1270	10	20	-1	
5	1	423	1	1	1	2908	1270	10	20	75.971191	$
2	1	424	0	0	0	2956	1271	110	20	-1	
3	1	424	1	0	0	2956	1271	110	20	-1	
4	1	424	1	1	0	2956	1271	110	20	-1	
5	1	424	1	1	1	2956	1271	110	20	96.590126	172,760.11
2	1	425	0	0	0	258	1303	129	19	-1	
3	1	425	1	0	0	258	1303	129	19	-1	
4	1	425	1	1	0	258	1303	129	19	-1	
5	1	425	1	1	1	258	1303	93	19	96.350700	Sherman
5	1	425	1	1	2	360	1304	27	18	96.350700	ES
2	1	426	0	0	0	607	1304	36	17	-1	
3	1	426	1	0	0	607	1304	36	17	-1	
4	1	426	1	1	0	607	1304	36	17	-1	
5	1	426	1	1	1	607	1304	36	17	96.719177	240
2	1	427	0	0	0	749	1303	94	19	-1	
3	1	427	1	0	0	749	1303	94	19	-1	
4	1	427	1	1	0	749	1303	94	19	-1	
5	1	427	1	1	1	749	1303	94	19	90.578735	Non-NES
2	1	428	0	0	0	965	1304	115	22	-1	
3	1	428	1	0	0	965	1304	115	22	-1	
4	1	428	1	1	0	965	1304	115	22	-1	
5	1	428	1	1	1	965	1304	115	22	96.628204	Elementary
2	1	429	0	0	0	1132	1303	108	19	-1	
3	1	429	1	0	0	1132	1303	108	19	-1	
4	1	429	1	1	0	1132	1303	108	19	-1	
5	1	429	1	1	1	1132	1303	108	19	96.403748	CENTRAL
2	1	430	0	0	0	1277	1303	135	19	-1	
3	1	430	1	0	0	1277	1303	135	19	-1	
4	1	430	1	1	0	1277	1303	135	19	-1	
5	1	430	1	1	1	1277	1304	96	17	96.837883	Northside
5	1	430	1	1	2	1384	1303	28	19	96.818108	HS
2	1	431	0	0	0	1690	1304	37	17	-1	
3	1	431	1	0	0	1690	1304	37	17	-1	
4	1	431	1	1	0	1690	1304	37	17	-1	
5	1	431	1	1	1	1690	1304	37	17	96.462494	419
2	1	432	0	0	0	1795	1304	135	21	-1	
3	1	432	1	0	0	1795	1304	135	21	-1	
4	1	432	1	1	0	1795	1304	135	21	-1	
5	1	432	1	1	1	1795	1304	135	21	88.618576	2,936,507.00
2	1	433	0	0	0	2040	1304	113	21	-1	
3	1	433	1	0	0	2040	1304	113	21	-1	
4	1	433	1	1	0	2040	1304	113	21	-1	
5	1	433	1	1	1	2040	1304	113	21	96.478973	196,611.00
2	1	434	0	0	0	2240	1304	101	18	-1	
3	1	434	1	0	0	2240	1304	101	18	-1	
4	1	434	1	1	0	2240	1304	101	18	-1	
5	1	434	1	1	1	2240	1304	101	18	96.773033	53,448.00
2	1	435	0	0	0	2421	1304	89	21	-1	
3	1	435	1	0	0	2421	1304	89	21	-1	
4	1	435	1	1	0	2421	1304	89	21	-1	
5	1	435	1	1	1	2421	1304	89	21	85.147789	5,500.00
2	1	436	0	0	0	2589	1304	89	21	-1	
3	1	436	1	0	0	2589	1304	89	21	-1	
4	1	436	1	1	0	2589	1304	89	21	-1	
5	1	436	1	1	1	2589	1304	89	21	96.065506	4,190.00
2	1	437	0	0	0	2747	1304	133	21	-1	
3	1	437	1	0	0	2747	1304	133	21	-1	
4	1	437	1	1	0	2747	1304	133	21	-1	
5	1	437	1	1	1	2747	1304	133	21	91.700447	3,196,256.00
2	1	438	0	0	0	2908	1303	11	20	-1	
3	1	438	1	0	0	2908	1303	11	20	-1	
4	1	438	1	1	0	2908	1303	11	20	-1	
5	1	438	1	1	1	2908	1303	11	20	76.256958	$
2	1	439	0	0	0	2956	1304	114	21	-1	
3	1	439	1	0	0	2956	1304	114	21	-1	
4	1	439	1	1	0	2956	1304	114	21	-1	
5	1	439	1	1	1	2956	1304	114	21	96.966766	175,865.04
2	1	440	0	0	0	3037	1348	7	2	-1	
3	1	440	1	0	0	3037	1348	7	2	-1	
4	1	440	1	1	0	3037	1348	7	2	-1	
5	1	440	1	1	1	3037	1348	7	2	52.294125	-
2	1	441	0	0	0	258	1337	111	18	-1	
3	1	441	1	0	0	258	1337	111	18	-1	
4	1	441	1	1	0	258	1337	111	18	-1	
5	1	441	1	1	1	258	1337	75	18	93.653931	Sinclair
5	1	441	1	1	2	342	1337	27	18	96.770348	ES
2	1	442	0	0	0	607	1337	34	18	-1	
3	1	442	1	0	0	607	1337	34	18	-1	
4	1	442	1	1	0	607	1337	34	18	-1	
5	1	442	1	1	1	607	1337	34	18	69.837616	241
2	1	443	0	0	0	749	1337	94	18	-1	
3	1	443	1	0	0	749	1337	94	18	-1	
4	1	443	1	1	0	749	1337	94	18	-1	
5	1	443	1	1	1	749	1337	94	18	88.246666	Non-NES
2	1	444	0	0	0	965	1337	115	23	-1	
3	1	444	1	0	0	965	1337	115	23	-1	
4	1	444	1	1	0	965	1337	115	23	-1	
5	1	444	1	1	1	965	1337	115	23	96.338196	Elementary
2	1	445	0	0	0	1133	1337	80	18	-1	
3	1	445	1	0	0	1133	1337	80	18	-1	
4	1	445	1	1	0	1133	1337	80	18	-1	
5	1	445	1	1	1	1133	1337	80	18	96.127045	NORTH
2	1	446	0	0	0	1276	1337	110	23	-1	
3	1	446	1	0	0	1276	1337	110	23	-1	
4	1	446	1	1	0	1276	1337	110	23	-1	
5	1	446	1	1	1	1276	1337	72	23	96.133514	Waltrip
5	1	446	1	1	2	1357	1337	29	18	96.133514	HS
2	1	447	0	0	0	1691	1337	36	18	-1	
3	1	447	1	0	0	1691	1337	36	18	-1	
4	1	447	1	1	0	1691	1337	36	18	-1	
5	1	447	1	1	1	1691	1337	36	18	94.181526	715
2	1	448	0	0	0	1795	1337	135	21	-1	
3	1	448	1	0	0	1795	1337	135	21	-1	
4	1	448	1	1	0	1795	1337	135	21	-1	
5	1	448	1	1	1	1795	1337	135	21	87.252609	4,680,993.00
2	1	449	0	0	0	2040	1337	113	21	-1	
3	1	449	1	0	0	2040	1337	113	21	-1	
4	1	449	1	1	0	2040	1337	113	21	-1	
5	1	449	1	1	1	2040	1337	113	21	96.421188	185,079.00
2	1	450	0	0	0	2240	1337	102	18	-1	
3	1	450	1	0	0	2240	1337	102	18	-1	
4	1	450	1	1	0	2240	1337	102	18	-1	
5	1	450	1	1	1	2240	1337	102	18	96.624969	92,759.00
2	1	451	0	0	0	2421	1337	89	21	-1	
3	1	451	1	0	0	2421	1337	89	21	-1	
4	1	451	1	1	0	2421	1337	89	21	-1	
5	1	451	1	1	1	2421	1337	89	21	96.589584	7,000.00
2	1	452	0	0	0	2578	1337	100	21	-1	
3	1	452	1	0	0	2578	1337	100	21	-1	
4	1	452	1	1	0	2578	1337	100	21	-1	
5	1	452	1	1	1	2578	1337	100	21	96.594978	12,150.00
2	1	453	0	0	0	2746	1337	135	21	-1	
3	1	453	1	0	0	2746	1337	135	21	-1	
4	1	453	1	1	0	2746	1337	135	21	-1	
5	1	453	1	1	1	2746	1337	135	21	87.897156	4,977,981.00
2	1	454	0	0	0	2908	1337	10	20	-1	
3	1	454	1	0	0	2908	1337	10	20	-1	
4	1	454	1	1	0	2908	1337	10	20	-1	
5	1	454	1	1	1	2908	1337	10	20	67.301987	$
2	1	455	0	0	0	258	1370	131	22	-1	
3	1	455	1	0	0	258	1370	131	22	-1	
4	1	455	1	1	0	258	1370	131	22	-1	
5	1	455	1	1	1	258	1370	63	22	93.126122	Smith,
5	1	455	1	1	2	332	1371	18	18	90.892159	K.
5	1	455	1	1	3	361	1371	28	18	95.999962	ES
2	1	456	0	0	0	607	1371	37	17	-1	
3	1	456	1	0	0	607	1371	37	17	-1	
4	1	456	1	1	0	607	1371	37	17	-1	
5	1	456	1	1	1	607	1371	37	17	96.474335	242
2	1	457	0	0	0	749	1371	44	18	-1	
3	1	457	1	0	0	749	1371	44	18	-1	
4	1	457	1	1	0	749	1371	44	18	-1	
5	1	457	1	1	1	749	1371	44	18	96.677338	NES
2	1	458	0	0	0	965	1371	115	22	-1	
3	1	458	1	0	0	965	1371	115	22	-1	
4	1	458	1	1	0	965	1371	115	22	-1	
5	1	458	1	1	1	965	1371	115	22	96.651863	Elementary
2	1	459	0	0	0	1133	1371	80	18	-1	
3	1	459	1	0	0	1133	1371	80	18	-1	
4	1	459	1	1	0	1133	1371	80	18	-1	
5	1	459	1	1	1	1133	1371	80	18	95.924950	NORTH
2	1	460	0	0	0	1276	1370	170	23	-1	
3	1	460	1	0	0	1276	1370	170	23	-1	
4	1	460	1	1	0	1276	1370	170	23	-1	
5	1	460	1	1	1	1276	1371	132	22	96.299652	Scarborough
5	1	460	1	1	2	1417	1370	29	19	96.594902	HS
2	1	461	0	0	0	1691	1371	36	17	-1	
3	1	461	1	0	0	1691	1371	36	17	-1	
4	1	461	1	1	0	1691	1371	36	17	-1	
5	1	461	1	1	1	1691	1371	36	17	93.634003	724
2	1	462	0	0	0	1796	1371	134	21	-1	
3	1	462	1	0	0	1796	1371	134	21	-1	
4	1	462	1	1	0	1796	1371	134	21	-1	
5	1	462	1	1	1	1796	1371	10	17	41.092224	5
5	1	462	1	1	2	1810	1371	120	21	41.092224	646,973.00
2	1	463	0	0	0	2038	1371	115	21	-1	
3	1	463	1	0	0	2038	1371	115	21	-1	
4	1	463	1	1	0	2038	1371	115	21	-1	
5	1	463	1	1	1	2038	1371	115	21	96.718742	284,335.00
2	1	464	0	0	0	2227	1371	114	18	-1	
3	1	464	1	0	0	2227	1371	114	18	-1	
4	1	464	1	1	0	2227	1371	114	18	-1	
5	1	464	1	1	1	2227	1371	114	18	96.884277	246,000.00
2	1	465	0	0	0	2421	1371	89	21	-1	
3	1	465	1	0	0	2421	1371	89	21	-1	
4	1	465	1	1	0	2421	1371	89	21	-1	
5	1	465	1	1	1	2421	1371	89	21	96.321625	2,000.00
2	1	466	0	0	0	2646	1381	7	3	-1	
3	1	466	1	0	0	2646	1381	7	3	-1	
4	1	466	1	1	0	2646	1381	7	3	-1	
5	1	466	1	1	1	2646	1381	7	3	87.519112	-
2	1	467	0	0	0	2746	1371	134	21	-1	
3	1	467	1	0	0	2746	1371	134	21	-1	
4	1	467	1	1	0	2746	1371	134	21	-1	
5	1	467	1	1	1	2746	1371	134	21	83.072739	6,179,308.00
2	1	468	0	0	0	2908	1370	11	20	-1	
3	1	468	1	0	0	2908	1370	11	20	-1	
4	1	468	1	1	0	2908	1370	11	20	-1	
5	1	468	1	1	1	2908	1370	11	20	65.643089	$
2	1	469	0	0	0	2954	1371	115	21	-1	
3	1	469	1	0	0	2954	1371	115	21	-1	
4	1	469	1	1	0	2954	1371	115	21	-1	
5	1	469	1	1	1	2954	1371	115	21	96.852852	273,473.70
2	1	470	0	0	0	258	1404	142	18	-1	
3	1	470	1	0	0	258	1404	142	18	-1	
4	1	470	1	1	0	258	1404	142	18	-1	
5	1	470	1	1	1	258	1404	64	18	96.765808	SOAR
5	1	470	1	1	2	331	1404	69	18	96.608116	Center
2	1	471	0	0	0	607	1404	36	18	-1	
3	1	471	1	0	0	607	1404	36	18	-1	
4	1	471	1	1	0	607	1404	36	18	-1	
5	1	471	1	1	1	607	1404	36	18	95.552803	069
2	1	472	0	0	0	965	1404	61	18	-1	
3	1	472	1	0	0	965	1404	61	18	-1	
4	1	472	1	1	0	965	1404	61	18	-1	
5	1	472	1	1	1	965	1404	61	18	93.039749	EE-12
2	1	473	0	0	0	1133	1404	80	18	-1	
3	1	473	1	0	0	1133	1404	80	18	-1	
4	1	473	1	1	0	1133	1404	80	18	-1	
5	1	473	1	1	1	1133	1404	80	18	96.083069	NORTH
2	1	474	0	0	0	1703	1404	24	18	-1	
3	1	474	1	0	0	1703	1404	24	18	-1	
4	1	474	1	1	0	1703	1404	24	18	-1	
5	1	474	1	1	1	1703	1404	24	18	97.001167	40
2	1	475	0	0	0	1897	1414	7	3	-1	
3	1	475	1	0	0	1897	1414	7	3	-1	
4	1	475	1	1	0	1897	1414	7	3	-1	
5	1	475	1	1	1	1897	1414	7	3	87.519112	-
2	1	476	0	0	0	2120	1414	7	3	-1	
3	1	476	1	0	0	2120	1414	7	3	-1	
4	1	476	1	1	0	2120	1414	7	3	-1	
5	1	476	1	1	1	2120	1414	7	3	87.519112	-
2	1	477	0	0	0	2309	1414	7	3	-1	
3	1	477	1	0	0	2309	1414	7	3	-1	
4	1	477	1	1	0	2309	1414	7	3	-1	
5	1	477	1	1	1	2309	1414	7	3	87.519112	-
2	1	478	0	0	0	2477	1415	7	2	-1	
3	1	478	1	0	0	2477	1415	7	2	-1	
4	1	478	1	1	0	2477	1415	7	2	-1	
5	1	478	1	1	1	2477	1415	7	2	52.294125	-
2	1	479	0	0	0	2646	1415	7	2	-1	
3	1	479	1	0	0	2646	1415	7	2	-1	
4	1	479	1	1	0	2646	1415	7	2	-1	
5	1	479	1	1	1	2646	1415	7	2	52.294125	-
2	1	480	0	0	0	2848	1415	7	2	-1	
3	1	480	1	0	0	2848	1415	7	2	-1	
4	1	480	1	1	0	2848	1415	7	2	-1	
5	1	480	1	1	1	2848	1415	7	2	52.294125	-
2	1	481	0	0	0	3037	1415	7	2	-1	
3	1	481	1	0	0	3037	1415	7	2	-1	
4	1	481	1	1	0	3037	1415	7	2	-1	
5	1	481	1	1	1	3037	1415	7	2	52.294125	-
2	1	482	0	0	0	748	1404	183	23	-1	
3	1	482	1	0	0	748	1404	183	23	-1	
4	1	482	1	1	0	748	1404	183	23	-1	
5	1	482	1	1	1	748	1404	74	23	96.898132	Special
5	1	482	1	1	2	831	1404	100	18	96.833008	Education
2	1	483	0	0	0	1276	1404	203	23	-1	
3	1	483	1	0	0	1276	1404	203	23	-1	
4	1	483	1	1	0	1276	1404	203	23	-1	
5	1	483	1	1	1	1276	1404	71	23	95.376091	Waltrip
5	1	483	1	1	2	1357	1404	45	23	96.015587	High
5	1	483	1	1	3	1411	1404	68	18	95.563614	School
2	1	484	0	0	0	2908	1404	10	20	-1	
3	1	484	1	0	0	2908	1404	10	20	-1	
4	1	484	1	1	0	2908	1404	10	20	-1	
5	1	484	1	1	1	2908	1404	10	20	68.016861	$
2	1	485	0	0	0	258	1437	136	19	-1	
3	1	485	1	0	0	258	1437	136	19	-1	
4	1	485	1	1	0	258	1437	136	19	-1	
5	1	485	1	1	1	258	1437	59	19	96.119438	South
5	1	485	1	1	2	326	1437	29	19	96.424240	EC
5	1	485	1	1	3	365	1438	29	18	96.424240	HS
2	1	486	0	0	0	606	1438	37	17	-1	
3	1	486	1	0	0	606	1438	37	17	-1	
4	1	486	1	1	0	606	1438	37	17	-1	
5	1	486	1	1	1	606	1438	37	17	96.689110	486
2	1	487	0	0	0	749	1437	94	19	-1	
3	1	487	1	0	0	749	1437	94	19	-1	
4	1	487	1	1	0	749	1437	94	19	-1	
5	1	487	1	1	1	749	1437	94	19	91.003136	Non-NES
2	1	488	0	0	0	965	1437	122	23	-1	
3	1	488	1	0	0	965	1437	122	23	-1	
4	1	488	1	1	0	965	1437	122	23	-1	
5	1	488	1	1	1	965	1438	44	22	97.000954	High
5	1	488	1	1	2	1018	1437	69	19	96.524902	School
2	1	489	0	0	0	1132	1437	79	19	-1	
3	1	489	1	0	0	1132	1437	79	19	-1	
4	1	489	1	1	0	1132	1437	79	19	-1	
5	1	489	1	1	1	1132	1437	79	19	95.629166	SOUTH
2	1	490	0	0	0	1276	1437	131	23	-1	
3	1	490	1	0	0	1276	1437	131	23	-1	
4	1	490	1	1	0	1276	1437	131	23	-1	
5	1	490	1	1	1	1276	1438	91	22	95.247993	Worthing
5	1	490	1	1	2	1378	1437	29	19	95.581627	HS
2	1	491	0	0	0	1690	1438	37	17	-1	
3	1	491	1	0	0	1690	1438	37	17	-1	
4	1	491	1	1	0	1690	1438	37	17	-1	
5	1	491	1	1	1	1690	1438	37	17	96.838982	478
2	1	492	0	0	0	1795	1438	135	21	-1	
3	1	492	1	0	0	1795	1438	135	21	-1	
4	1	492	1	1	0	1795	1438	135	21	-1	
5	1	492	1	1	1	1795	1438	135	21	90.402298	2,763,954.00
2	1	493	0	0	0	2051	1438	102	21	-1	
3	1	493	1	0	0	2051	1438	102	21	-1	
4	1	493	1	1	0	2051	1438	102	21	-1	
5	1	493	1	1	1	2051	1438	102	21	96.291664	89,042.00
2	1	494	0	0	0	2240	1438	102	18	-1	
3	1	494	1	0	0	2240	1438	102	18	-1	
4	1	494	1	1	0	2240	1438	102	18	-1	
5	1	494	1	1	1	2240	1438	102	18	96.769730	99,169.00
2	1	495	0	0	0	2408	1438	102	21	-1	
3	1	495	1	0	0	2408	1438	102	21	-1	
4	1	495	1	1	0	2408	1438	102	21	-1	
5	1	495	1	1	1	2408	1438	102	21	96.416794	20,591.00
2	1	496	0	0	0	2576	1438	102	21	-1	
3	1	496	1	0	0	2576	1438	102	21	-1	
4	1	496	1	1	0	2576	1438	102	21	-1	
5	1	496	1	1	1	2576	1438	102	21	96.072258	43,505.00
2	1	497	0	0	0	2747	1438	134	21	-1	
3	1	497	1	0	0	2747	1438	134	21	-1	
4	1	497	1	1	0	2747	1438	134	21	-1	
5	1	497	1	1	1	2747	1438	134	21	91.902115	3,016,261.00
2	1	498	0	0	0	2908	1437	11	20	-1	
3	1	498	1	0	0	2908	1437	11	20	-1	
4	1	498	1	1	0	2908	1437	11	20	-1	
5	1	498	1	1	1	2908	1437	11	20	55.248299	$
2	1	499	0	0	0	2956	1438	113	20	-1	
3	1	499	1	0	0	2956	1438	113	20	-1	
4	1	499	1	1	0	2956	1438	113	20	-1	
5	1	499	1	1	1	2956	1438	113	20	96.785370	137,047.03
2	1	500	0	0	0	607	1471	37	18	-1	
3	1	500	1	0	0	607	1471	37	18	-1	
4	1	500	1	1	0	607	1471	37	18	-1	
5	1	500	1	1	1	607	1471	37	18	96.124779	244
2	1	501	0	0	0	749	1471	43	18	-1	
3	1	501	1	0	0	749	1471	43	18	-1	
4	1	501	1	1	0	749	1471	43	18	-1	
5	1	501	1	1	1	749	1471	43	18	95.601501	NES
2	1	502	0	0	0	1132	1471	79	18	-1	
3	1	502	1	0	0	1132	1471	79	18	-1	
4	1	502	1	1	0	1132	1471	79	18	-1	
5	1	502	1	1	1	1132	1471	79	18	95.733009	SOUTH
2	1	503	0	0	0	1691	1471	36	18	-1	
3	1	503	1	0	0	1691	1471	36	18	-1	
4	1	503	1	1	0	1691	1471	36	18	-1	
5	1	503	1	1	1	1691	1471	36	18	79.503960	315
2	1	504	0	0	0	1796	1471	134	21	-1	
3	1	504	1	0	0	1796	1471	134	21	-1	
4	1	504	1	1	0	1796	1471	134	21	-1	
5	1	504	1	1	1	1796	1471	134	21	92.263916	3,530,354.00
2	1	505	0	0	0	2040	1471	113	21	-1	
3	1	505	1	0	0	2040	1471	113	21	-1	
4	1	505	1	1	0	2040	1471	113	21	-1	
5	1	505	1	1	1	2040	1471	113	21	96.132462	156,394.00
2	1	506	0	0	0	2229	1471	112	18	-1	
3	1	506	1	0	0	2229	1471	112	18	-1	
4	1	506	1	1	0	2229	1471	112	18	-1	
5	1	506	1	1	1	2229	1471	112	18	96.646629	110,100.00
2	1	507	0	0	0	2421	1471	89	21	-1	
3	1	507	1	0	0	2421	1471	89	21	-1	
4	1	507	1	1	0	2421	1471	89	21	-1	
5	1	507	1	1	1	2421	1471	89	21	96.651085	2,000.00
2	1	508	0	0	0	2646	1481	7	3	-1	
3	1	508	1	0	0	2646	1481	7	3	-1	
4	1	508	1	1	0	2646	1481	7	3	-1	
5	1	508	1	1	1	2646	1481	7	3	87.519112	-
2	1	509	0	0	0	2747	1471	133	21	-1	
3	1	509	1	0	0	2747	1471	133	21	-1	
4	1	509	1	1	0	2747	1471	133	21	-1	
5	1	509	1	1	1	2747	1471	133	21	83.902649	3,798,848.00
2	1	510	0	0	0	2908	1471	10	20	-1	
3	1	510	1	0	0	2908	1471	10	20	-1	
4	1	510	1	1	0	2908	1471	10	20	-1	
5	1	510	1	1	1	2908	1471	10	20	79.337677	$
2	1	511	0	0	0	2956	1471	113	21	-1	
3	1	511	1	0	0	2956	1471	113	21	-1	
4	1	511	1	1	0	2956	1471	113	21	-1	
5	1	511	1	1	1	2956	1471	113	21	96.665314	119,389.15
2	1	512	0	0	0	258	1471	152	23	-1	
3	1	512	1	0	0	258	1471	152	23	-1	
4	1	512	1	1	0	258	1471	152	23	-1	
5	1	512	1	1	1	258	1471	115	23	91.958054	Southmayd
5	1	512	1	1	2	383	1471	27	18	96.643997	ES
2	1	513	0	0	0	965	1471	115	23	-1	
3	1	513	1	0	0	965	1471	115	23	-1	
4	1	513	1	1	0	965	1471	115	23	-1	
5	1	513	1	1	1	965	1471	115	23	96.044777	Elementary
2	1	514	0	0	0	1277	1471	88	23	-1	
3	1	514	1	0	0	1277	1471	88	23	-1	
4	1	514	1	1	0	1277	1471	88	23	-1	
5	1	514	1	1	1	1277	1471	51	23	94.954567	Milby
5	1	514	1	1	2	1337	1471	28	18	96.514549	HS
2	1	515	0	0	0	258	1504	116	23	-1	
3	1	515	1	0	0	258	1504	116	23	-1	
4	1	515	1	1	0	258	1504	116	23	-1	
5	1	515	1	1	1	258	1504	76	23	96.440285	Sterling
5	1	515	1	1	2	345	1504	29	19	96.440285	HS
2	1	516	0	0	0	607	1505	37	17	-1	
3	1	516	1	0	0	607	1505	37	17	-1	
4	1	516	1	1	0	607	1505	37	17	-1	
5	1	516	1	1	1	607	1505	37	17	96.672348	014
2	1	517	0	0	0	749	1505	44	18	-1	
3	1	517	1	0	0	749	1505	44	18	-1	
4	1	517	1	1	0	749	1505	44	18	-1	
5	1	517	1	1	1	749	1505	44	18	96.897514	NES
2	1	518	0	0	0	965	1504	122	23	-1	
3	1	518	1	0	0	965	1504	122	23	-1	
4	1	518	1	1	0	965	1504	122	23	-1	
5	1	518	1	1	1	965	1505	44	22	97.001770	High
5	1	518	1	1	2	1018	1504	69	19	96.406097	School
2	1	519	0	0	0	1132	1504	79	19	-1	
3	1	519	1	0	0	1132	1504	79	19	-1	
4	1	519	1	1	0	1132	1504	79	19	-1	
5	1	519	1	1	1	1132	1504	79	19	95.407135	SOUTH
2	1	520	0	0	0	1276	1504	115	23	-1	
3	1	520	1	0	0	1276	1504	115	23	-1	
4	1	520	1	1	0	1276	1504	115	23	-1	
5	1	520	1	1	1	1276	1504	76	23	96.343407	Sterling
5	1	520	1	1	2	1363	1504	28	19	96.343407	HS
2	1	521	0	0	0	1672	1505	55	18	-1	
3	1	521	1	0	0	1672	1505	55	18	-1	
4	1	521	1	1	0	1672	1505	55	18	-1	
5	1	521	1	1	1	1672	1505	55	18	96.754715	1,012
2	1	522	0	0	0	1784	1505	146	21	-1	
3	1	522	1	0	0	1784	1505	146	21	-1	
4	1	522	1	1	0	1784	1505	146	21	-1	
5	1	522	1	1	1	1784	1505	146	21	91.596001	10,845,035.00
2	1	523	0	0	0	2038	1505	115	21	-1	
3	1	523	1	0	0	2038	1505	115	21	-1	
4	1	523	1	1	0	2038	1505	115	21	-1	
5	1	523	1	1	1	2038	1505	115	21	95.143730	551,415.00
2	1	524	0	0	0	2227	1505	115	18	-1	
3	1	524	1	0	0	2227	1505	115	18	-1	
4	1	524	1	1	0	2227	1505	115	18	-1	
5	1	524	1	1	1	2227	1505	115	18	96.319176	473,435.00
2	1	525	0	0	0	2408	1505	102	21	-1	
3	1	525	1	0	0	2408	1505	102	21	-1	
4	1	525	1	1	0	2408	1505	102	21	-1	
5	1	525	1	1	1	2408	1505	102	21	96.712776	21,000.00
2	1	526	0	0	0	2589	1505	89	21	-1	
3	1	526	1	0	0	2589	1505	89	21	-1	
4	1	526	1	1	0	2589	1505	89	21	-1	
5	1	526	1	1	1	2589	1505	89	21	92.213448	4,345.00
2	1	527	0	0	0	2735	1505	146	21	-1	
3	1	527	1	0	0	2735	1505	146	21	-1	
4	1	527	1	1	0	2735	1505	146	21	-1	
5	1	527	1	1	1	2735	1505	146	21	92.252106	11,895,230.00
2	1	528	0	0	0	2908	1504	10	20	-1	
3	1	528	1	0	0	2908	1504	10	20	-1	
4	1	528	1	1	0	2908	1504	10	20	-1	
5	1	528	1	1	1	2908	1504	10	20	75.568207	$
2	1	529	0	0	0	2954	1505	115	20	-1	
3	1	529	1	0	0	2954	1505	115	20	-1	
4	1	529	1	1	0	2954	1505	115	20	-1	
5	1	529	1	1	1	2954	1505	115	20	96.605759	412,823.68
2	1	530	0	0	0	258	1538	120	18	-1	
3	1	530	1	0	0	258	1538	120	18	-1	
4	1	530	1	1	0	258	1538	120	18	-1	
5	1	530	1	1	1	258	1538	83	18	95.075150	Stevens
5	1	530	1	1	2	351	1538	27	18	96.571068	ES
2	1	531	0	0	0	607	1538	36	18	-1	
3	1	531	1	0	0	607	1538	36	18	-1	
4	1	531	1	1	0	607	1538	36	18	-1	
5	1	531	1	1	1	607	1538	36	18	90.003242	246
2	1	532	0	0	0	748	1538	44	18	-1	
3	1	532	1	0	0	748	1538	44	18	-1	
4	1	532	1	1	0	748	1538	44	18	-1	
5	1	532	1	1	1	748	1538	44	18	95.134201	NES
2	1	533	0	0	0	965	1538	115	23	-1	
3	1	533	1	0	0	965	1538	115	23	-1	
4	1	533	1	1	0	965	1538	115	23	-1	
5	1	533	1	1	1	965	1538	115	23	96.216164	Elementary
2	1	534	0	0	0	1133	1538	80	18	-1	
3	1	534	1	0	0	1133	1538	80	18	-1	
4	1	534	1	1	0	1133	1538	80	18	-1	
5	1	534	1	1	1	1133	1538	80	18	95.947601	NORTH
2	1	535	0	0	0	1276	1538	110	23	-1	
3	1	535	1	0	0	1276	1538	110	23	-1	
4	1	535	1	1	0	1276	1538	110	23	-1	
5	1	535	1	1	1	1276	1538	71	23	95.991989	Waltrip
5	1	535	1	1	2	1357	1538	29	18	96.113388	HS
2	1	536	0	0	0	1690	1538	37	18	-1	
3	1	536	1	0	0	1690	1538	37	18	-1	
4	1	536	1	1	0	1690	1538	37	18	-1	
5	1	536	1	1	1	1690	1538	37	18	96.324554	552
2	1	537	0	0	0	1795	1538	135	21	-1	
3	1	537	1	0	0	1795	1538	135	21	-1	
4	1	537	1	1	0	1795	1538	135	21	-1	
5	1	537	1	1	1	1795	1538	135	21	85.936478	4,880,039.00
2	1	538	0	0	0	2040	1538	113	21	-1	
3	1	538	1	0	0	2040	1538	113	21	-1	
4	1	538	1	1	0	2040	1538	113	21	-1	
5	1	538	1	1	1	2040	1538	113	21	93.410767	195,929.00
2	1	539	0	0	0	2227	1538	114	18	-1	
3	1	539	1	0	0	2227	1538	114	18	-1	
4	1	539	1	1	0	2227	1538	114	18	-1	
5	1	539	1	1	1	2227	1538	114	18	96.882858	240,235.00
2	1	540	0	0	0	2421	1538	89	21	-1	
3	1	540	1	0	0	2421	1538	89	21	-1	
4	1	540	1	1	0	2421	1538	89	21	-1	
5	1	540	1	1	1	2421	1538	89	21	96.215599	2,000.00
2	1	541	0	0	0	2646	1548	7	3	-1	
3	1	541	1	0	0	2646	1548	7	3	-1	
4	1	541	1	1	0	2646	1548	7	3	-1	
5	1	541	1	1	1	2646	1548	7	3	87.519112	-
2	1	542	0	0	0	2747	1538	133	21	-1	
3	1	542	1	0	0	2747	1538	133	21	-1	
4	1	542	1	1	0	2747	1538	133	21	-1	
5	1	542	1	1	1	2747	1538	133	21	92.052933	5,318,203.00
2	1	543	0	0	0	2908	1538	11	20	-1	
3	1	543	1	0	0	2908	1538	11	20	-1	
4	1	543	1	1	0	2908	1538	11	20	-1	
5	1	543	1	1	1	2908	1538	11	20	80.408302	$
2	1	544	0	0	0	2956	1538	113	21	-1	
3	1	544	1	0	0	2956	1538	113	21	-1	
4	1	544	1	1	0	2956	1538	113	21	-1	
5	1	544	1	1	1	2956	1538	113	21	96.742401	192,518.77
2	1	545	0	0	0	258	1571	149	18	-1	
3	1	545	1	0	0	258	1571	149	18	-1	
4	1	545	1	1	0	258	1571	149	18	-1	
5	1	545	1	1	1	258	1571	108	18	94.735504	Stevenson
5	1	545	1	1	2	376	1571	31	18	95.677399	MS
2	1	546	0	0	0	607	1572	36	17	-1	
3	1	546	1	0	0	607	1572	36	17	-1	
4	1	546	1	1	0	607	1572	36	17	-1	
5	1	546	1	1	1	607	1572	36	17	96.818504	098
2	1	547	0	0	0	748	1571	95	18	-1	
3	1	547	1	0	0	748	1571	95	18	-1	
4	1	547	1	1	0	748	1571	95	18	-1	
5	1	547	1	1	1	748	1571	95	18	92.352669	Non-NES
2	1	548	0	0	0	965	1571	142	18	-1	
3	1	548	1	0	0	965	1571	142	18	-1	
4	1	548	1	1	0	965	1571	142	18	-1	
5	1	548	1	1	1	965	1571	64	18	95.972229	Middle
5	1	548	1	1	2	1038	1571	69	18	96.710144	School
2	1	549	0	0	0	1132	1571	79	18	-1	
3	1	549	1	0	0	1132	1571	79	18	-1	
4	1	549	1	1	0	1132	1571	79	18	-1	
5	1	549	1	1	1	1132	1571	79	18	96.149269	SOUTH
2	1	550	0	0	0	1276	1571	115	18	-1	
3	1	550	1	0	0	1276	1571	115	18	-1	
4	1	550	1	1	0	1276	1571	115	18	-1	
5	1	550	1	1	1	1276	1571	77	18	96.357788	Chavez
5	1	550	1	1	2	1363	1571	28	18	96.326889	HS
2	1	551	0	0	0	1672	1571	55	18	-1	
3	1	551	1	0	0	1672	1571	55	18	-1	
4	1	551	1	1	0	1672	1571	55	18	-1	
5	1	551	1	1	1	1672	1571	55	18	89.636993	1.079
2	1	552	0	0	0	1796	1571	134	21	-1	
3	1	552	1	0	0	1796	1571	134	21	-1	
4	1	552	1	1	0	1796	1571	134	21	-1	
5	1	552	1	1	1	1796	1571	134	21	91.677155	5,916,714.00
2	1	553	0	0	0	2038	1571	115	21	-1	
3	1	553	1	0	0	2038	1571	115	21	-1	
4	1	553	1	1	0	2038	1571	115	21	-1	
5	1	553	1	1	1	2038	1571	115	21	95.320496	527,654.00
2	1	554	0	0	0	2227	1571	115	18	-1	
3	1	554	1	0	0	2227	1571	115	18	-1	
4	1	554	1	1	0	2227	1571	115	18	-1	
5	1	554	1	1	1	2227	1571	115	18	96.795845	213,618.00
2	1	555	0	0	0	2410	1571	100	21	-1	
3	1	555	1	0	0	2410	1571	100	21	-1	
4	1	555	1	1	0	2410	1571	100	21	-1	
5	1	555	1	1	1	2410	1571	100	21	96.745316	10,800.00
2	1	556	0	0	0	2578	1571	100	21	-1	
3	1	556	1	0	0	2578	1571	100	21	-1	
4	1	556	1	1	0	2578	1571	100	21	-1	
5	1	556	1	1	1	2578	1571	100	21	96.400139	10,790.00
2	1	557	0	0	0	2746	1571	135	21	-1	
3	1	557	1	0	0	2746	1571	135	21	-1	
4	1	557	1	1	0	2746	1571	135	21	-1	
5	1	557	1	1	1	2746	1571	135	21	91.176559	6,679,576.00
2	1	558	0	0	0	2908	1571	10	20	-1	
3	1	558	1	0	0	2908	1571	10	20	-1	
4	1	558	1	1	0	2908	1571	10	20	-1	
5	1	558	1	1	1	2908	1571	10	20	73.596756	$
2	1	559	0	0	0	2955	1571	114	21	-1	
3	1	559	1	0	0	2955	1571	114	21	-1	
4	1	559	1	1	0	2955	1571	114	21	-1	
5	1	559	1	1	1	2955	1571	114	21	96.432480	378,833.16
2	1	560	0	0	0	258	1604	236	23	-1	
3	1	560	1	0	0	258	1604	236	23	-1	
4	1	560	1	1	0	258	1604	236	23	-1	
5	1	560	1	1	1	258	1604	62	23	95.644165	Sugar
5	1	560	1	1	2	327	1604	62	19	96.873589	Grove
5	1	560	1	1	3	397	1605	97	22	96.408066	Academy
2	1	561	0	0	0	607	1605	37	17	-1	
3	1	561	1	0	0	607	1605	37	17	-1	
4	1	561	1	1	0	607	1605	37	17	-1	
5	1	561	1	1	1	607	1605	37	17	96.409027	163
2	1	562	0	0	0	748	1605	44	18	-1	
3	1	562	1	0	0	748	1605	44	18	-1	
4	1	562	1	1	0	748	1605	44	18	-1	
5	1	562	1	1	1	748	1605	44	18	96.884438	NES
2	1	563	0	0	0	965	1605	142	18	-1	
3	1	563	1	0	0	965	1605	142	18	-1	
4	1	563	1	1	0	965	1605	142	18	-1	
5	1	563	1	1	1	965	1605	64	18	95.816544	Middle
5	1	563	1	1	2	1038	1605	69	18	95.955933	School
2	1	564	0	0	0	1132	1605	67	18	-1	
3	1	564	1	0	0	1132	1605	67	18	-1	
4	1	564	1	1	0	1132	1605	67	18	-1	
5	1	564	1	1	1	1132	1605	67	18	96.128777	WEST
2	1	565	0	0	0	1276	1604	159	23	-1	
3	1	565	1	0	0	1276	1604	159	23	-1	
4	1	565	1	1	0	1276	1604	159	23	-1	
5	1	565	1	1	1	1276	1604	121	23	95.698135	Sharpstown
5	1	565	1	1	2	1406	1605	29	18	95.985687	HS
2	1	566	0	0	0	1691	1605	36	17	-1	
3	1	566	1	0	0	1691	1605	36	17	-1	
4	1	566	1	1	0	1691	1605	36	17	-1	
5	1	566	1	1	1	1691	1605	36	17	96.416115	716
2	1	567	0	0	0	1795	1605	135	21	-1	
3	1	567	1	0	0	1795	1605	135	21	-1	
4	1	567	1	1	0	1795	1605	135	21	-1	
5	1	567	1	1	1	1795	1605	135	21	84.693665	6,150,854.00
2	1	568	0	0	0	2038	1605	115	21	-1	
3	1	568	1	0	0	2038	1605	115	21	-1	
4	1	568	1	1	0	2038	1605	115	21	-1	
5	1	568	1	1	1	2038	1605	115	21	96.823845	462,857.00
2	1	569	0	0	0	2227	1605	114	18	-1	
3	1	569	1	0	0	2227	1605	114	18	-1	
4	1	569	1	1	0	2227	1605	114	18	-1	
5	1	569	1	1	1	2227	1605	114	18	96.293007	248,820.00
2	1	570	0	0	0	2421	1605	89	21	-1	
3	1	570	1	0	0	2421	1605	89	21	-1	
4	1	570	1	1	0	2421	1605	89	21	-1	
5	1	570	1	1	1	2421	1605	89	21	95.474373	4,500.00
2	1	571	0	0	0	2646	1615	7	3	-1	
3	1	571	1	0	0	2646	1615	7	3	-1	
4	1	571	1	1	0	2646	1615	7	3	-1	
5	1	571	1	1	1	2646	1615	7	3	87.519112	-
2	1	572	0	0	0	2746	1605	134	21	-1	
3	1	572	1	0	0	2746	1605	134	21	-1	
4	1	572	1	1	0	2746	1605	134	21	-1	
5	1	572	1	1	1	2746	1605	134	21	92.803619	6,867,031.00
2	1	573	0	0	0	2908	1604	11	20	-1	
3	1	573	1	0	0	2908	1604	11	20	-1	
4	1	573	1	1	0	2908	1604	11	20	-1	
5	1	573	1	1	1	2908	1604	11	20	67.483368	$
2	1	574	0	0	0	2954	1605	115	21	-1	
3	1	574	1	0	0	2954	1605	115	21	-1	
4	1	574	1	1	0	2954	1605	115	21	-1	
5	1	574	1	1	1	2954	1605	115	21	96.552887	298,725.07
2	1	575	0	0	0	258	1638	102	18	-1	
3	1	575	1	0	0	258	1638	102	18	-1	
4	1	575	1	1	0	258	1638	102	18	-1	
5	1	575	1	1	1	258	1638	65	18	96.455971	Sutton
5	1	575	1	1	2	333	1638	27	18	96.374802	ES
2	1	576	0	0	0	607	1638	36	18	-1	
3	1	576	1	0	0	607	1638	36	18	-1	
4	1	576	1	1	0	607	1638	36	18	-1	
5	1	576	1	1	1	607	1638	36	18	96.504738	248
2	1	577	0	0	0	748	1638	95	18	-1	
3	1	577	1	0	0	748	1638	95	18	-1	
4	1	577	1	1	0	748	1638	95	18	-1	
5	1	577	1	1	1	748	1638	95	18	92.612213	Non-NES
2	1	578	0	0	0	965	1638	115	23	-1	
3	1	578	1	0	0	965	1638	115	23	-1	
4	1	578	1	1	0	965	1638	115	23	-1	
5	1	578	1	1	1	965	1638	115	23	96.523178	Elementary
2	1	579	0	0	0	1131	1638	68	18	-1	
3	1	579	1	0	0	1131	1638	68	18	-1	
4	1	579	1	1	0	1131	1638	68	18	-1	
5	1	579	1	1	1	1131	1638	68	18	96.428467	WEST
2	1	580	0	0	0	1276	1638	159	23	-1	
3	1	580	1	0	0	1276	1638	159	23	-1	
4	1	580	1	1	0	1276	1638	159	23	-1	
5	1	580	1	1	1	1276	1638	121	23	95.930313	Sharpstown
5	1	580	1	1	2	1406	1638	29	18	96.527542	HS
2	1	581	0	0	0	1691	1638	36	18	-1	
3	1	581	1	0	0	1691	1638	36	18	-1	
4	1	581	1	1	0	1691	1638	36	18	-1	
5	1	581	1	1	1	1691	1638	36	18	96.954231	802
2	1	582	0	0	0	1795	1638	135	21	-1	
3	1	582	1	0	0	1795	1638	135	21	-1	
4	1	582	1	1	0	1795	1638	135	21	-1	
5	1	582	1	1	1	1795	1638	135	21	89.052277	4,621,643.00
2	1	583	0	0	0	2038	1638	115	21	-1	
3	1	583	1	0	0	2038	1638	115	21	-1	
4	1	583	1	1	0	2038	1638	115	21	-1	
5	1	583	1	1	1	2038	1638	115	21	96.038406	306,424.00
2	1	584	0	0	0	2240	1638	102	21	-1	
3	1	584	1	0	0	2240	1638	102	21	-1	
4	1	584	1	1	0	2240	1638	102	21	-1	
5	1	584	1	1	1	2240	1638	102	21	96.879829	96,023.00
2	1	585	0	0	0	2421	1638	89	21	-1	
3	1	585	1	0	0	2421	1638	89	21	-1	
4	1	585	1	1	0	2421	1638	89	21	-1	
5	1	585	1	1	1	2421	1638	89	21	95.209839	7,650.00
2	1	586	0	0	0	2578	1638	100	21	-1	
3	1	586	1	0	0	2578	1638	100	21	-1	
4	1	586	1	1	0	2578	1638	100	21	-1	
5	1	586	1	1	1	2578	1638	100	21	96.944695	11,200.00
2	1	587	0	0	0	2747	1638	134	21	-1	
3	1	587	1	0	0	2747	1638	134	21	-1	
4	1	587	1	1	0	2747	1638	134	21	-1	
5	1	587	1	1	1	2747	1638	134	21	92.570343	5,042,940.00
2	1	588	0	0	0	2908	1638	10	20	-1	
3	1	588	1	0	0	2908	1638	10	20	-1	
4	1	588	1	1	0	2908	1638	10	20	-1	
5	1	588	1	1	1	2908	1638	10	20	58.355537	$
2	1	589	0	0	0	2955	1638	114	21	-1	
3	1	589	1	0	0	2955	1638	114	21	-1	
4	1	589	1	1	0	2955	1638	114	21	-1	
5	1	589	1	1	1	2955	1638	114	21	96.469170	310,332.25
2	1	590	0	0	0	258	1671	203	23	-1	
3	1	590	1	0	0	258	1671	203	23	-1	
4	1	590	1	1	0	258	1671	203	23	-1	
5	1	590	1	1	1	258	1672	42	18	87.890594	T.H.
5	1	590	1	1	2	311	1672	73	22	96.146622	Rogers
5	1	590	1	1	3	393	1671	68	19	96.221840	School
2	1	591	0	0	0	607	1672	37	17	-1	
3	1	591	1	0	0	607	1672	37	17	-1	
4	1	591	1	1	0	607	1672	37	17	-1	
5	1	591	1	1	1	607	1672	37	17	96.945305	039
2	1	592	0	0	0	748	1672	95	18	-1	
3	1	592	1	0	0	748	1672	95	18	-1	
4	1	592	1	1	0	748	1672	95	18	-1	
5	1	592	1	1	1	748	1672	95	18	92.107399	Non-NES
2	1	593	0	0	0	965	1672	33	17	-1	
3	1	593	1	0	0	965	1672	33	17	-1	
4	1	593	1	1	0	965	1672	33	17	-1	
5	1	593	1	1	1	965	1672	33	17	92.643105	K-8
2	1	594	0	0	0	1131	1671	68	19	-1	
3	1	594	1	0	0	1131	1671	68	19	-1	
4	1	594	1	1	0	1131	1671	68	19	-1	
5	1	594	1	1	1	1131	1671	68	19	95.855026	WEST
2	1	595	0	0	0	1276	1671	181	22	-1	
3	1	595	1	0	0	1276	1671	181	22	-1	
4	1	595	1	1	0	1276	1671	181	22	-1	
5	1	595	1	1	1	1276	1672	89	21	92.792885	Wisdom,
5	1	595	1	1	2	1376	1672	41	18	84.117348	M.L.
5	1	595	1	1	3	1429	1671	28	19	96.264755	HS
2	1	596	0	0	0	1672	1672	55	21	-1	
3	1	596	1	0	0	1672	1672	55	21	-1	
4	1	596	1	1	0	1672	1672	55	21	-1	
5	1	596	1	1	1	1672	1672	55	21	95.564400	1,065
2	1	597	0	0	0	1795	1672	135	21	-1	
3	1	597	1	0	0	1795	1672	135	21	-1	
4	1	597	1	1	0	1795	1672	135	21	-1	
5	1	597	1	1	1	1795	1672	135	21	92.316795	6,838,342.00
2	1	598	0	0	0	2038	1672	115	21	-1	
3	1	598	1	0	0	2038	1672	115	21	-1	
4	1	598	1	1	0	2038	1672	115	21	-1	
5	1	598	1	1	1	2038	1672	115	21	96.868881	637,530.00
2	1	599	0	0	0	2229	1672	112	18	-1	
3	1	599	1	0	0	2229	1672	112	18	-1	
4	1	599	1	1	0	2229	1672	112	18	-1	
5	1	599	1	1	1	2229	1672	112	18	96.775108	174,235.00
2	1	600	0	0	0	2397	1672	113	21	-1	
3	1	600	1	0	0	2397	1672	113	21	-1	
4	1	600	1	1	0	2397	1672	113	21	-1	
5	1	600	1	1	1	2397	1672	113	21	96.615494	113,000.00
2	1	601	0	0	0	2576	1672	102	21	-1	
3	1	601	1	0	0	2576	1672	102	21	-1	
4	1	601	1	1	0	2576	1672	102	21	-1	
5	1	601	1	1	1	2576	1672	102	21	96.735207	20,650.00
2	1	602	0	0	0	2747	1672	133	21	-1	
3	1	602	1	0	0	2747	1672	133	21	-1	
4	1	602	1	1	0	2747	1672	133	21	-1	
5	1	602	1	1	1	2747	1672	133	21	92.619904	7,783,757.00
2	1	603	0	0	0	2908	1671	11	20	-1	
3	1	603	1	0	0	2908	1671	11	20	-1	
4	1	603	1	1	0	2908	1671	11	20	-1	
5	1	603	1	1	1	2908	1671	11	20	66.951744	$
2	1	604	0	0	0	3037	1682	7	3	-1	
3	1	604	1	0	0	3037	1682	7	3	-1	
4	1	604	1	1	0	3037	1682	7	3	-1	
5	1	604	1	1	1	3037	1682	7	3	87.519112	-
2	1	605	0	0	0	258	1705	165	23	-1	
3	1	605	1	0	0	258	1705	165	23	-1	
4	1	605	1	1	0	258	1705	165	23	-1	
5	1	605	1	1	1	258	1705	124	23	95.191391	Tanglewood
5	1	605	1	1	2	392	1705	31	18	96.634521	MS
2	1	606	0	0	0	607	1705	36	18	-1	
3	1	606	1	0	0	607	1705	36	18	-1	
4	1	606	1	1	0	607	1705	36	18	-1	
5	1	606	1	1	1	607	1705	36	18	96.573425	068
2	1	607	0	0	0	748	1705	95	18	-1	
3	1	607	1	0	0	748	1705	95	18	-1	
4	1	607	1	1	0	748	1705	95	18	-1	
5	1	607	1	1	1	748	1705	95	18	91.934067	Non-NES
2	1	608	0	0	0	965	1705	142	18	-1	
3	1	608	1	0	0	965	1705	142	18	-1	
4	1	608	1	1	0	965	1705	142	18	-1	
5	1	608	1	1	1	965	1705	64	18	95.838226	Middle
5	1	608	1	1	2	1038	1705	69	18	96.190422	School
2	1	609	0	0	0	1131	1705	68	18	-1	
3	1	609	1	0	0	1131	1705	68	18	-1	
4	1	609	1	1	0	1131	1705	68	18	-1	
5	1	609	1	1	1	1131	1705	68	18	96.548637	WEST
2	1	610	0	0	0	1276	1705	181	21	-1	
3	1	610	1	0	0	1276	1705	181	21	-1	
4	1	610	1	1	0	1276	1705	181	21	-1	
5	1	610	1	1	1	1276	1705	89	21	93.299561	Wisdom,
5	1	610	1	1	2	1376	1705	41	18	92.737297	M.L.
5	1	610	1	1	3	1429	1705	28	18	96.326447	HS
2	1	611	0	0	0	1691	1705	36	18	-1	
3	1	611	1	0	0	1691	1705	36	18	-1	
4	1	611	1	1	0	1691	1705	36	18	-1	
5	1	611	1	1	1	1691	1705	36	18	96.814270	832
2	1	612	0	0	0	1795	1705	135	21	-1	
3	1	612	1	0	0	1795	1705	135	21	-1	
4	1	612	1	1	0	1795	1705	135	21	-1	
5	1	612	1	1	1	1795	1705	135	21	86.956749	4,681,342.00
2	1	613	0	0	0	2038	1705	115	21	-1	
3	1	613	1	0	0	2038	1705	115	21	-1	
4	1	613	1	1	0	2038	1705	115	21	-1	
5	1	613	1	1	1	2038	1705	115	21	96.784271	305,543.00
2	1	614	0	0	0	2227	1705	114	18	-1	
3	1	614	1	0	0	2227	1705	114	18	-1	
4	1	614	1	1	0	2227	1705	114	18	-1	
5	1	614	1	1	1	2227	1705	114	18	96.209259	215,141.00
2	1	615	0	0	0	2421	1705	89	21	-1	
3	1	615	1	0	0	2421	1705	89	21	-1	
4	1	615	1	1	0	2421	1705	89	21	-1	
5	1	615	1	1	1	2421	1705	89	21	96.684753	8,000.00
2	1	616	0	0	0	2589	1705	89	21	-1	
3	1	616	1	0	0	2589	1705	89	21	-1	
4	1	616	1	1	0	2589	1705	89	21	-1	
5	1	616	1	1	1	2589	1705	89	21	96.606850	8,320.00
2	1	617	0	0	0	2747	1705	133	21	-1	
3	1	617	1	0	0	2747	1705	133	21	-1	
4	1	617	1	1	0	2747	1705	133	21	-1	
5	1	617	1	1	1	2747	1705	133	21	88.536972	5,218,346.00
2	1	618	0	0	0	2908	1705	10	20	-1	
3	1	618	1	0	0	2908	1705	10	20	-1	
4	1	618	1	1	0	2908	1705	10	20	-1	
5	1	618	1	1	1	2908	1705	10	20	74.547668	$
2	1	619	0	0	0	2956	1705	114	21	-1	
3	1	619	1	0	0	2956	1705	114	21	-1	
4	1	619	1	1	0	2956	1705	114	21	-1	
5	1	619	1	1	1	2956	1705	114	21	96.558762	196,559.94
2	1	620	0	0	0	258	1738	61	19	-1	
3	1	620	1	0	0	258	1738	61	19	-1	
4	1	620	1	1	0	258	1738	61	19	-1	
5	1	620	1	1	1	258	1738	61	19	92.134087	TCAH
2	1	621	0	0	0	607	1739	37	17	-1	
3	1	621	1	0	0	607	1739	37	17	-1	
4	1	621	1	1	0	607	1739	37	17	-1	
5	1	621	1	1	1	607	1739	37	17	96.533745	100
2	1	622	0	0	0	748	1739	76	18	-1	
3	1	622	1	0	0	748	1739	76	18	-1	
4	1	622	1	1	0	748	1739	76	18	-1	
5	1	622	1	1	1	748	1739	76	18	96.692528	Charter
2	1	623	0	0	0	964	1738	77	19	-1	
3	1	623	1	0	0	964	1738	77	19	-1	
4	1	623	1	1	0	964	1738	77	19	-1	
5	1	623	1	1	1	964	1738	77	19	96.809982	Charter
2	1	624	0	0	0	1132	1739	53	17	-1	
3	1	624	1	0	0	1132	1739	53	17	-1	
4	1	624	1	1	0	1132	1739	53	17	-1	
5	1	624	1	1	1	1132	1739	53	17	96.793411	West
2	1	625	0	0	0	1276	1738	227	23	-1	
3	1	625	1	0	0	1276	1738	227	23	-1	
4	1	625	1	1	0	1276	1738	227	23	-1	
5	1	625	1	1	1	1276	1739	95	17	96.682640	Westside
5	1	625	1	1	2	1381	1739	45	22	96.695633	High
5	1	625	1	1	3	1435	1738	68	19	96.473198	School
2	1	626	0	0	0	1671	1739	53	21	-1	
3	1	626	1	0	0	1671	1739	53	21	-1	
4	1	626	1	1	0	1671	1739	53	21	-1	
5	1	626	1	1	1	1671	1739	53	21	91.050804	8,631
2	1	627	0	0	0	1897	1749	7	2	-1	
3	1	627	1	0	0	1897	1749	7	2	-1	
4	1	627	1	1	0	1897	1749	7	2	-1	
5	1	627	1	1	1	1897	1749	7	2	52.294125	-
2	1	628	0	0	0	2006	1739	147	21	-1	
3	1	628	1	0	0	2006	1739	147	21	-1	
4	1	628	1	1	0	2006	1739	147	21	-1	
5	1	628	1	1	1	2006	1739	147	21	91.110069	51,828,062.00
2	1	629	0	0	0	2309	1749	7	2	-1	
3	1	629	1	0	0	2309	1749	7	2	-1	
4	1	629	1	1	0	2309	1749	7	2	-1	
5	1	629	1	1	1	2309	1749	7	2	52.294125	-
2	1	630	0	0	0	2477	1749	7	2	-1	
3	1	630	1	0	0	2477	1749	7	2	-1	
4	1	630	1	1	0	2477	1749	7	2	-1	
5	1	630	1	1	1	2477	1749	7	2	52.294125	-
2	1	631	0	0	0	2646	1749	7	2	-1	
3	1	631	1	0	0	2646	1749	7	2	-1	
4	1	631	1	1	0	2646	1749	7	2	-1	
5	1	631	1	1	1	2646	1749	7	2	52.294125	-
2	1	632	0	0	0	2734	1739	147	21	-1	
3	1	632	1	0	0	2734	1739	147	21	-1	
4	1	632	1	1	0	2734	1739	147	21	-1	
5	1	632	1	1	1	2734	1739	147	21	92.006920	51,828,062.00
2	1	633	0	0	0	2908	1738	11	20	-1	
3	1	633	1	0	0	2908	1738	11	20	-1	
4	1	633	1	1	0	2908	1738	11	20	-1	
5	1	633	1	1	1	2908	1738	11	20	76.328697	$
2	1	634	0	0	0	2937	1739	132	21	-1	
3	1	634	1	0	0	2937	1739	132	21	-1	
4	1	634	1	1	0	2937	1739	132	21	-1	
5	1	634	1	1	1	2937	1739	132	21	92.210243	1,440,186.98
2	1	635	0	0	0	258	1772	124	18	-1	
3	1	635	1	0	0	258	1772	124	18	-1	
4	1	635	1	1	0	258	1772	124	18	-1	
5	1	635	1	1	1	258	1772	83	18	95.275536	Thomas
5	1	635	1	1	2	351	1772	31	18	96.564438	MS
2	1	636	0	0	0	607	1772	37	18	-1	
3	1	636	1	0	0	607	1772	37	18	-1	
4	1	636	1	1	0	607	1772	37	18	-1	
5	1	636	1	1	1	607	1772	37	18	96.564690	077
2	1	637	0	0	0	749	1772	43	18	-1	
3	1	637	1	0	0	749	1772	43	18	-1	
4	1	637	1	1	0	749	1772	43	18	-1	
5	1	637	1	1	1	749	1772	43	18	95.406258	NES
2	1	638	0	0	0	965	1772	142	18	-1	
3	1	638	1	0	0	965	1772	142	18	-1	
4	1	638	1	1	0	965	1772	142	18	-1	
5	1	638	1	1	1	965	1772	65	18	94.812172	Middle
5	1	638	1	1	2	1038	1772	69	18	96.699974	School
2	1	639	0	0	0	1132	1772	79	18	-1	
3	1	639	1	0	0	1132	1772	79	18	-1	
4	1	639	1	1	0	1132	1772	79	18	-1	
5	1	639	1	1	1	1132	1772	79	18	95.664490	SOUTH
2	1	640	0	0	0	1691	1772	36	18	-1	
3	1	640	1	0	0	1691	1772	36	18	-1	
4	1	640	1	1	0	1691	1772	36	18	-1	
5	1	640	1	1	1	1691	1772	36	18	96.709839	316
2	1	641	0	0	0	2229	1772	112	18	-1	
3	1	641	1	0	0	2229	1772	112	18	-1	
4	1	641	1	1	0	2229	1772	112	18	-1	
5	1	641	1	1	1	2229	1772	112	18	95.945938	116,420.00
2	1	642	0	0	0	2646	1782	7	3	-1	
3	1	642	1	0	0	2646	1782	7	3	-1	
4	1	642	1	1	0	2646	1782	7	3	-1	
5	1	642	1	1	1	2646	1782	7	3	87.519112	-
2	1	643	0	0	0	1276	1772	115	23	-1	
3	1	643	1	0	0	1276	1772	115	23	-1	
4	1	643	1	1	0	1276	1772	115	23	-1	
5	1	643	1	1	1	1276	1772	76	23	96.618607	Sterling
5	1	643	1	1	2	1363	1772	28	18	96.370476	HS
2	1	644	0	0	0	1795	1772	135	21	-1	
3	1	644	1	0	0	1795	1772	135	21	-1	
4	1	644	1	1	0	1795	1772	135	21	-1	
5	1	644	1	1	1	1795	1772	135	21	89.325859	4,269,141.00
2	1	645	0	0	0	2038	1772	115	21	-1	
3	1	645	1	0	0	2038	1772	115	21	-1	
4	1	645	1	1	0	2038	1772	115	21	-1	
5	1	645	1	1	1	2038	1772	115	21	96.487793	345,715.00
2	1	646	0	0	0	2421	1772	89	21	-1	
3	1	646	1	0	0	2421	1772	89	21	-1	
4	1	646	1	1	0	2421	1772	89	21	-1	
5	1	646	1	1	1	2421	1772	89	21	96.467957	3,500.00
2	1	647	0	0	0	2746	1772	134	21	-1	
3	1	647	1	0	0	2746	1772	134	21	-1	
4	1	647	1	1	0	2746	1772	134	21	-1	
5	1	647	1	1	1	2746	1772	134	21	88.232666	4,734,776.00
2	1	648	0	0	0	2908	1772	11	20	-1	
3	1	648	1	0	0	2908	1772	11	20	-1	
4	1	648	1	1	0	2908	1772	11	20	-1	
5	1	648	1	1	1	2908	1772	11	20	81.297150	$
2	1	649	0	0	0	2956	1772	113	21	-1	
3	1	649	1	0	0	2956	1772	113	21	-1	
4	1	649	1	1	0	2956	1772	113	21	-1	
5	1	649	1	1	1	2956	1772	113	21	96.467186	148,481.66
2	1	650	0	0	0	258	1806	146	22	-1	
3	1	650	1	0	0	258	1806	146	22	-1	
4	1	650	1	1	0	258	1806	146	22	-1	
5	1	650	1	1	1	258	1806	109	22	95.985962	Thompson
5	1	650	1	1	2	376	1806	28	18	96.238945	ES
2	1	651	0	0	0	607	1806	36	17	-1	
3	1	651	1	0	0	607	1806	36	17	-1	
4	1	651	1	1	0	607	1806	36	17	-1	
5	1	651	1	1	1	607	1806	36	17	95.898804	243
2	1	652	0	0	0	749	1806	44	18	-1	
3	1	652	1	0	0	749	1806	44	18	-1	
4	1	652	1	1	0	749	1806	44	18	-1	
5	1	652	1	1	1	749	1806	44	18	96.621803	NES
2	1	653	0	0	0	965	1805	115	23	-1	
3	1	653	1	0	0	965	1805	115	23	-1	
4	1	653	1	1	0	965	1805	115	23	-1	
5	1	653	1	1	1	965	1805	115	23	96.115593	Elementary
2	1	654	0	0	0	1132	1805	79	19	-1	
3	1	654	1	0	0	1132	1805	79	19	-1	
4	1	654	1	1	0	1132	1805	79	19	-1	
5	1	654	1	1	1	1132	1805	79	19	95.485947	SOUTH
2	1	655	0	0	0	1275	1806	98	18	-1	
3	1	655	1	0	0	1275	1806	98	18	-1	
4	1	655	1	1	0	1275	1806	98	18	-1	
5	1	655	1	1	1	1275	1806	59	17	86.169518	Yates
5	1	655	1	1	2	1344	1806	29	18	96.402565	HS
2	1	656	0	0	0	1691	1806	33	17	-1	
3	1	656	1	0	0	1691	1806	33	17	-1	
4	1	656	1	1	0	1691	1806	33	17	-1	
5	1	656	1	1	1	1691	1806	33	17	96.931610	361
2	1	657	0	0	0	1796	1806	134	21	-1	
3	1	657	1	0	0	1796	1806	134	21	-1	
4	1	657	1	1	0	1796	1806	134	21	-1	
5	1	657	1	1	1	1796	1806	134	21	92.298248	3,069,891.00
2	1	658	0	0	0	2038	1806	115	21	-1	
3	1	658	1	0	0	2038	1806	115	21	-1	
4	1	658	1	1	0	2038	1806	115	21	-1	
5	1	658	1	1	1	2038	1806	115	21	96.241669	293,190.00
2	1	659	0	0	0	2229	1806	113	18	-1	
3	1	659	1	0	0	2229	1806	113	18	-1	
4	1	659	1	1	0	2229	1806	113	18	-1	
5	1	659	1	1	1	2229	1806	113	18	96.322418	123,300.00
2	1	660	0	0	0	2421	1806	89	21	-1	
3	1	660	1	0	0	2421	1806	89	21	-1	
4	1	660	1	1	0	2421	1806	89	21	-1	
5	1	660	1	1	1	2421	1806	89	21	94.523407	2,000.00
2	1	661	0	0	0	2646	1816	7	2	-1	
3	1	661	1	0	0	2646	1816	7	2	-1	
4	1	661	1	1	0	2646	1816	7	2	-1	
5	1	661	1	1	1	2646	1816	7	2	52.294125	-
2	1	662	0	0	0	2747	1806	134	21	-1	
3	1	662	1	0	0	2747	1806	134	21	-1	
4	1	662	1	1	0	2747	1806	134	21	-1	
5	1	662	1	1	1	2747	1806	134	21	92.161270	3,488,381.00
2	1	663	0	0	0	2908	1805	10	20	-1	
3	1	663	1	0	0	2908	1805	10	20	-1	
4	1	663	1	1	0	2908	1805	10	20	-1	
5	1	663	1	1	1	2908	1805	10	20	74.699066	$
2	1	664	0	0	0	2956	1806	110	20	-1	
3	1	664	1	0	0	2956	1806	110	20	-1	
4	1	664	1	1	0	2956	1806	110	20	-1	
5	1	664	1	1	1	2956	1806	110	20	96.594810	134,349.31
2	1	665	0	0	0	607	1839	36	17	-1	
3	1	665	1	0	0	607	1839	36	17	-1	
4	1	665	1	1	0	607	1839	36	17	-1	
5	1	665	1	1	1	607	1839	36	17	96.757523	279
2	1	666	0	0	0	749	1838	94	19	-1	
3	1	666	1	0	0	749	1838	94	19	-1	
4	1	666	1	1	0	749	1838	94	19	-1	
5	1	666	1	1	1	749	1838	94	19	90.186165	Non-NES
2	1	667	0	0	0	1132	1838	108	19	-1	
3	1	667	1	0	0	1132	1838	108	19	-1	
4	1	667	1	1	0	1132	1838	108	19	-1	
5	1	667	1	1	1	1132	1838	108	19	96.235428	CENTRAL
2	1	668	0	0	0	1275	1839	101	18	-1	
3	1	668	1	0	0	1275	1839	101	18	-1	
4	1	668	1	1	0	1275	1839	101	18	-1	
5	1	668	1	1	1	1275	1839	63	17	96.076096	Austin
5	1	668	1	1	2	1348	1839	28	18	96.076096	HS
2	1	669	0	0	0	1691	1839	36	17	-1	
3	1	669	1	0	0	1691	1839	36	17	-1	
4	1	669	1	1	0	1691	1839	36	17	-1	
5	1	669	1	1	1	1691	1839	36	17	96.890068	318
2	1	670	0	0	0	1795	1839	135	21	-1	
3	1	670	1	0	0	1795	1839	135	21	-1	
4	1	670	1	1	0	1795	1839	135	21	-1	
5	1	670	1	1	1	1795	1839	135	21	87.349823	2,442,965.00
2	1	671	0	0	0	2038	1839	115	21	-1	
3	1	671	1	0	0	2038	1839	115	21	-1	
4	1	671	1	1	0	2038	1839	115	21	-1	
5	1	671	1	1	1	2038	1839	115	21	96.337227	202,549.00
2	1	672	0	0	0	2229	1839	112	18	-1	
3	1	672	1	0	0	2229	1839	112	18	-1	
4	1	672	1	1	0	2229	1839	112	18	-1	
5	1	672	1	1	1	2229	1839	112	18	96.207726	110,247.00
2	1	673	0	0	0	2421	1839	89	21	-1	
3	1	673	1	0	0	2421	1839	89	21	-1	
4	1	673	1	1	0	2421	1839	89	21	-1	
5	1	673	1	1	1	2421	1839	89	21	95.261482	5,000.00
2	1	674	0	0	0	2576	1839	102	21	-1	
3	1	674	1	0	0	2576	1839	102	21	-1	
4	1	674	1	1	0	2576	1839	102	21	-1	
5	1	674	1	1	1	2576	1839	102	21	95.938805	23,180.00
2	1	675	0	0	0	2746	1839	134	21	-1	
3	1	675	1	0	0	2746	1839	134	21	-1	
4	1	675	1	1	0	2746	1839	134	21	-1	
5	1	675	1	1	1	2746	1839	134	21	91.756332	2,783,941.00
2	1	676	0	0	0	2908	1838	11	20	-1	
3	1	676	1	0	0	2908	1838	11	20	-1	
4	1	676	1	1	0	2908	1838	11	20	-1	
5	1	676	1	1	1	2908	1838	11	20	72.730423	$
2	1	677	0	0	0	2956	1839	114	21	-1	
3	1	677	1	0	0	2956	1839	114	21	-1	
4	1	677	1	1	0	2956	1839	114	21	-1	
5	1	677	1	1	1	2956	1839	114	21	96.270416	128,222.34
2	1	678	0	0	0	258	1839	112	22	-1	
3	1	678	1	0	0	258	1839	112	22	-1	
4	1	678	1	1	0	258	1839	112	22	-1	
5	1	678	1	1	1	258	1839	75	22	91.632866	Tijerina
5	1	678	1	1	2	343	1839	27	18	96.551987	ES
2	1	679	0	0	0	965	1839	115	22	-1	
3	1	679	1	0	0	965	1839	115	22	-1	
4	1	679	1	1	0	965	1839	115	22	-1	
5	1	679	1	1	1	965	1839	115	22	96.642059	Elementary
2	1	680	0	0	0	258	1872	109	23	-1	
3	1	680	1	0	0	258	1872	109	23	-1	
4	1	680	1	1	0	258	1872	109	23	-1	
5	1	680	1	1	1	258	1872	72	23	96.907440	Tinsley
5	1	680	1	1	2	339	1872	28	18	95.907600	ES
2	1	681	0	0	0	607	1872	37	18	-1	
3	1	681	1	0	0	607	1872	37	18	-1	
4	1	681	1	1	0	607	1872	37	18	-1	
5	1	681	1	1	1	607	1872	37	18	96.672371	374
2	1	682	0	0	0	749	1872	44	18	-1	
3	1	682	1	0	0	749	1872	44	18	-1	
4	1	682	1	1	0	749	1872	44	18	-1	
5	1	682	1	1	1	749	1872	44	18	95.814789	NES
2	1	683	0	0	0	965	1872	115	23	-1	
3	1	683	1	0	0	965	1872	115	23	-1	
4	1	683	1	1	0	965	1872	115	23	-1	
5	1	683	1	1	1	965	1872	115	23	96.024498	Elementary
2	1	684	0	0	0	1132	1872	67	18	-1	
3	1	684	1	0	0	1132	1872	67	18	-1	
4	1	684	1	1	0	1132	1872	67	18	-1	
5	1	684	1	1	1	1132	1872	67	18	96.007164	WEST
2	1	685	0	0	0	1276	1872	136	23	-1	
3	1	685	1	0	0	1276	1872	136	23	-1	
4	1	685	1	1	0	1276	1872	136	23	-1	
5	1	685	1	1	1	1276	1872	98	23	96.531052	Westbury
5	1	685	1	1	2	1383	1872	29	18	95.746223	HS
2	1	686	0	0	0	1691	1872	33	18	-1	
3	1	686	1	0	0	1691	1872	33	18	-1	
4	1	686	1	1	0	1691	1872	33	18	-1	
5	1	686	1	1	1	1691	1872	33	18	96.488525	561
2	1	687	0	0	0	1795	1872	135	21	-1	
3	1	687	1	0	0	1795	1872	135	21	-1	
4	1	687	1	1	0	1795	1872	135	21	-1	
5	1	687	1	1	1	1795	1872	135	21	87.433350	4,494,439.00
2	1	688	0	0	0	2038	1872	115	21	-1	
3	1	688	1	0	0	2038	1872	115	21	-1	
4	1	688	1	1	0	2038	1872	115	21	-1	
5	1	688	1	1	1	2038	1872	115	21	96.648117	281,452.00
2	1	689	0	0	0	2229	1872	113	18	-1	
3	1	689	1	0	0	2229	1872	113	18	-1	
4	1	689	1	1	0	2229	1872	113	18	-1	
5	1	689	1	1	1	2229	1872	113	18	96.869522	191,100.00
2	1	690	0	0	0	2421	1872	89	21	-1	
3	1	690	1	0	0	2421	1872	89	21	-1	
4	1	690	1	1	0	2421	1872	89	21	-1	
5	1	690	1	1	1	2421	1872	89	21	96.544792	2,000.00
2	1	691	0	0	0	2646	1883	7	2	-1	
3	1	691	1	0	0	2646	1883	7	2	-1	
4	1	691	1	1	0	2646	1883	7	2	-1	
5	1	691	1	1	1	2646	1883	7	2	52.294125	-
2	1	692	0	0	0	2746	1872	135	21	-1	
3	1	692	1	0	0	2746	1872	135	21	-1	
4	1	692	1	1	0	2746	1872	135	21	-1	
5	1	692	1	1	1	2746	1872	135	21	92.456284	4,968,991.00
2	1	693	0	0	0	2908	1872	10	20	-1	
3	1	693	1	0	0	2908	1872	10	20	-1	
4	1	693	1	1	0	2908	1872	10	20	-1	
5	1	693	1	1	1	2908	1872	10	20	61.607178	$
2	1	694	0	0	0	2954	1872	115	21	-1	
3	1	694	1	0	0	2954	1872	115	21	-1	
4	1	694	1	1	0	2954	1872	115	21	-1	
5	1	694	1	1	1	2954	1872	115	21	94.441483	225,477.63
2	1	695	0	0	0	258	1906	100	18	-1	
3	1	695	1	0	0	258	1906	100	18	-1	
4	1	695	1	1	0	258	1906	100	18	-1	
5	1	695	1	1	1	258	1906	63	17	93.385811	Travis
5	1	695	1	1	2	330	1906	28	18	96.491264	ES
2	1	696	0	0	0	607	1906	37	17	-1	
3	1	696	1	0	0	607	1906	37	17	-1	
4	1	696	1	1	0	607	1906	37	17	-1	
5	1	696	1	1	1	607	1906	37	17	96.592171	249
2	1	697	0	0	0	748	1905	95	19	-1	
3	1	697	1	0	0	748	1905	95	19	-1	
4	1	697	1	1	0	748	1905	95	19	-1	
5	1	697	1	1	1	748	1905	95	19	89.524887	Non-NES
2	1	698	0	0	0	965	1906	115	22	-1	
3	1	698	1	0	0	965	1906	115	22	-1	
4	1	698	1	1	0	965	1906	115	22	-1	
5	1	698	1	1	1	965	1906	115	22	96.691391	Elementary
2	1	699	0	0	0	1132	1905	108	19	-1	
3	1	699	1	0	0	1132	1905	108	19	-1	
4	1	699	1	1	0	1132	1905	108	19	-1	
5	1	699	1	1	1	1132	1905	108	19	96.262505	CENTRAL
2	1	700	0	0	0	1277	1906	115	22	-1	
3	1	700	1	0	0	1277	1906	115	22	-1	
4	1	700	1	1	0	1277	1906	115	22	-1	
5	1	700	1	1	1	1277	1906	76	22	96.366417	Heights
5	1	700	1	1	2	1363	1906	29	18	96.803673	HS
2	1	701	0	0	0	1691	1906	36	17	-1	
3	1	701	1	0	0	1691	1906	36	17	-1	
4	1	701	1	1	0	1691	1906	36	17	-1	
5	1	701	1	1	1	1691	1906	36	17	96.371536	769
2	1	702	0	0	0	1795	1906	135	21	-1	
3	1	702	1	0	0	1795	1906	135	21	-1	
4	1	702	1	1	0	1795	1906	135	21	-1	
5	1	702	1	1	1	1795	1906	135	21	75.292862	4,726,138.00
2	1	703	0	0	0	2038	1906	115	21	-1	
3	1	703	1	0	0	2038	1906	115	21	-1	
4	1	703	1	1	0	2038	1906	115	21	-1	
5	1	703	1	1	1	2038	1906	115	21	96.260651	259,853.00
2	1	704	0	0	0	2240	1906	101	18	-1	
3	1	704	1	0	0	2240	1906	101	18	-1	
4	1	704	1	1	0	2240	1906	101	18	-1	
5	1	704	1	1	1	2240	1906	101	18	96.074738	86,756.00
2	1	705	0	0	0	2421	1906	89	21	-1	
3	1	705	1	0	0	2421	1906	89	21	-1	
4	1	705	1	1	0	2421	1906	89	21	-1	
5	1	705	1	1	1	2421	1906	89	21	92.851318	8,600.00
2	1	706	0	0	0	2589	1906	89	21	-1	
3	1	706	1	0	0	2589	1906	89	21	-1	
4	1	706	1	1	0	2589	1906	89	21	-1	
5	1	706	1	1	1	2589	1906	89	21	95.824211	7,690.00
2	1	707	0	0	0	2747	1906	133	21	-1	
3	1	707	1	0	0	2747	1906	133	21	-1	
4	1	707	1	1	0	2747	1906	133	21	-1	
5	1	707	1	1	1	2747	1906	133	21	92.816879	5,089,037.00
2	1	708	0	0	0	2908	1905	11	20	-1	
3	1	708	1	0	0	2908	1905	11	20	-1	
4	1	708	1	1	0	2908	1905	11	20	-1	
5	1	708	1	1	1	2908	1905	11	20	66.039986	$
2	1	709	0	0	0	3037	1916	7	3	-1	
3	1	709	1	0	0	3037	1916	7	3	-1	
4	1	709	1	1	0	3037	1916	7	3	-1	
5	1	709	1	1	1	3037	1916	7	3	87.519112	-
2	1	710	0	0	0	3037	1950	7	2	-1	
3	1	710	1	0	0	3037	1950	7	2	-1	
4	1	710	1	1	0	3037	1950	7	2	-1	
5	1	710	1	1	1	3037	1950	7	2	52.294125	-
2	1	711	0	0	0	258	1939	96	18	-1	
3	1	711	1	0	0	258	1939	96	18	-1	
4	1	711	1	1	0	258	1939	96	18	-1	
5	1	711	1	1	1	258	1939	60	18	95.355911	Twain
5	1	711	1	1	2	327	1939	27	18	96.462799	ES
2	1	712	0	0	0	607	1939	34	18	-1	
3	1	712	1	0	0	607	1939	34	18	-1	
4	1	712	1	1	0	607	1939	34	18	-1	
5	1	712	1	1	1	607	1939	34	18	94.444344	261
2	1	713	0	0	0	748	1939	95	18	-1	
3	1	713	1	0	0	748	1939	95	18	-1	
4	1	713	1	1	0	748	1939	95	18	-1	
5	1	713	1	1	1	748	1939	95	18	91.886467	Non-NES
2	1	714	0	0	0	965	1939	115	23	-1	
3	1	714	1	0	0	965	1939	115	23	-1	
4	1	714	1	1	0	965	1939	115	23	-1	
5	1	714	1	1	1	965	1939	115	23	95.994560	Elementary
2	1	715	0	0	0	1132	1939	107	18	-1	
3	1	715	1	0	0	1132	1939	107	18	-1	
4	1	715	1	1	0	1132	1939	107	18	-1	
5	1	715	1	1	1	1132	1939	107	18	96.019623	CENTRAL
2	1	716	0	0	0	1277	1939	102	18	-1	
3	1	716	1	0	0	1277	1939	102	18	-1	
4	1	716	1	1	0	1277	1939	102	18	-1	
5	1	716	1	1	1	1277	1939	65	18	96.217094	Lamar
5	1	716	1	1	2	1351	1939	28	18	96.432121	HS
2	1	717	0	0	0	1691	1939	36	18	-1	
3	1	717	1	0	0	1691	1939	36	18	-1	
4	1	717	1	1	0	1691	1939	36	18	-1	
5	1	717	1	1	1	1691	1939	36	18	96.667160	909
2	1	718	0	0	0	1796	1939	134	21	-1	
3	1	718	1	0	0	1796	1939	134	21	-1	
4	1	718	1	1	0	1796	1939	134	21	-1	
5	1	718	1	1	1	1796	1939	134	21	92.679329	5,334,056.00
2	1	719	0	0	0	2038	1939	115	21	-1	
3	1	719	1	0	0	2038	1939	115	21	-1	
4	1	719	1	1	0	2038	1939	115	21	-1	
5	1	719	1	1	1	2038	1939	115	21	96.748375	297,351.00
2	1	720	0	0	0	2229	1939	113	18	-1	
3	1	720	1	0	0	2229	1939	113	18	-1	
4	1	720	1	1	0	2229	1939	113	18	-1	
5	1	720	1	1	1	2229	1939	113	18	96.068382	189,358.00
2	1	721	0	0	0	2369	1939	10	20	-1	
3	1	721	1	0	0	2369	1939	10	20	-1	
4	1	721	1	1	0	2369	1939	10	20	-1	
5	1	721	1	1	1	2369	1939	10	20	68.464119	$
2	1	722	0	0	0	2408	1939	102	21	-1	
3	1	722	1	0	0	2408	1939	102	21	-1	
4	1	722	1	1	0	2408	1939	102	21	-1	
5	1	722	1	1	1	2408	1939	102	21	96.601364	73,000.00
2	1	723	0	0	0	2589	1939	89	21	-1	
3	1	723	1	0	0	2589	1939	89	21	-1	
4	1	723	1	1	0	2589	1939	89	21	-1	
5	1	723	1	1	1	2589	1939	89	21	96.728065	9,090.00
2	1	724	0	0	0	2747	1939	134	21	-1	
3	1	724	1	0	0	2747	1939	134	21	-1	
4	1	724	1	1	0	2747	1939	134	21	-1	
5	1	724	1	1	1	2747	1939	134	21	92.795731	5,902,855.00
2	1	725	0	0	0	2908	1939	10	20	-1	
3	1	725	1	0	0	2908	1939	10	20	-1	
4	1	725	1	1	0	2908	1939	10	20	-1	
5	1	725	1	1	1	2908	1939	10	20	68.464119	$
2	1	726	0	0	0	257	1972	160	23	-1	
3	1	726	1	0	0	257	1972	160	23	-1	
4	1	726	1	1	0	257	1972	160	23	-1	
5	1	726	1	1	1	257	1972	62	23	89.701485	Valley
5	1	726	1	1	2	327	1973	53	17	95.879997	West
5	1	726	1	1	3	390	1972	27	19	96.697945	ES
2	1	727	0	0	0	607	1973	37	17	-1	
3	1	727	1	0	0	607	1973	37	17	-1	
4	1	727	1	1	0	607	1973	37	17	-1	
5	1	727	1	1	1	607	1973	37	17	96.129707	285
2	1	728	0	0	0	748	1973	45	18	-1	
3	1	728	1	0	0	748	1973	45	18	-1	
4	1	728	1	1	0	748	1973	45	18	-1	
5	1	728	1	1	1	748	1973	45	18	95.480347	NES
2	1	729	0	0	0	965	1972	115	23	-1	
3	1	729	1	0	0	965	1972	115	23	-1	
4	1	729	1	1	0	965	1972	115	23	-1	
5	1	729	1	1	1	965	1972	115	23	96.471115	Elementary
2	1	730	0	0	0	1132	1973	67	18	-1	
3	1	730	1	0	0	1132	1973	67	18	-1	
4	1	730	1	1	0	1132	1973	67	18	-1	
5	1	730	1	1	1	1132	1973	67	18	96.606285	WEST
2	1	731	0	0	0	1276	1973	159	22	-1	
3	1	731	1	0	0	1276	1973	159	22	-1	
4	1	731	1	1	0	1276	1973	159	22	-1	
5	1	731	1	1	1	1276	1973	121	22	96.455109	Sharpstown
5	1	731	1	1	2	1406	1973	29	18	96.227570	HS
2	1	732	0	0	0	1690	1973	37	17	-1	
3	1	732	1	0	0	1690	1973	37	17	-1	
4	1	732	1	1	0	1690	1973	37	17	-1	
5	1	732	1	1	1	1690	1973	37	17	94.013397	447
2	1	733	0	0	0	1795	1973	135	21	-1	
3	1	733	1	0	0	1795	1973	135	21	-1	
4	1	733	1	1	0	1795	1973	135	21	-1	
5	1	733	1	1	1	1795	1973	135	21	90.798538	4,173,114.00
2	1	734	0	0	0	2038	1973	115	21	-1	
3	1	734	1	0	0	2038	1973	115	21	-1	
4	1	734	1	1	0	2038	1973	115	21	-1	
5	1	734	1	1	1	2038	1973	115	21	96.182472	280,241.00
2	1	735	0	0	0	2229	1973	113	18	-1	
3	1	735	1	0	0	2229	1973	113	18	-1	
4	1	735	1	1	0	2229	1973	113	18	-1	
5	1	735	1	1	1	2229	1973	113	18	96.466125	165,900.00
2	1	736	0	0	0	2369	1972	11	20	-1	
3	1	736	1	0	0	2369	1972	11	20	-1	
4	1	736	1	1	0	2369	1972	11	20	-1	
5	1	736	1	1	1	2369	1972	11	20	65.354324	$
2	1	737	0	0	0	2421	1973	89	21	-1	
3	1	737	1	0	0	2421	1973	89	21	-1	
4	1	737	1	1	0	2421	1973	89	21	-1	
5	1	737	1	1	1	2421	1973	89	21	95.525177	2,000.00
2	1	738	0	0	0	2646	1983	7	2	-1	
3	1	738	1	0	0	2646	1983	7	2	-1	
4	1	738	1	1	0	2646	1983	7	2	-1	
5	1	738	1	1	1	2646	1983	7	2	52.294125	-
2	1	739	0	0	0	2746	1973	135	21	-1	
3	1	739	1	0	0	2746	1973	135	21	-1	
4	1	739	1	1	0	2746	1973	135	21	-1	
5	1	739	1	1	1	2746	1973	135	21	84.474075	4,621,255.00
2	1	740	0	0	0	2908	1972	11	20	-1	
3	1	740	1	0	0	2908	1972	11	20	-1	
4	1	740	1	1	0	2908	1972	11	20	-1	
5	1	740	1	1	1	2908	1972	11	20	65.354324	$
2	1	741	0	0	0	2956	1973	113	20	-1	
3	1	741	1	0	0	2956	1973	113	20	-1	
4	1	741	1	1	0	2956	1973	113	20	-1	
5	1	741	1	1	1	2956	1973	113	20	96.004219	175,415.36
2	1	742	0	0	0	2646	2016	7	3	-1	
3	1	742	1	0	0	2646	2016	7	3	-1	
4	1	742	1	1	0	2646	2016	7	3	-1	
5	1	742	1	1	1	2646	2016	7	3	87.519112	-
2	1	743	0	0	0	258	2006	150	23	-1	
3	1	743	1	0	0	258	2006	150	23	-1	
4	1	743	1	1	0	258	2006	150	23	-1	
5	1	743	1	1	1	258	2006	114	23	59.541901	Wainwright
5	1	743	1	1	2	381	2006	27	18	96.374290	ES
2	1	744	0	0	0	607	2006	37	18	-1	
3	1	744	1	0	0	607	2006	37	18	-1	
4	1	744	1	1	0	607	2006	37	18	-1	
5	1	744	1	1	1	607	2006	37	18	96.269234	262
2	1	745	0	0	0	748	2006	44	18	-1	
3	1	745	1	0	0	748	2006	44	18	-1	
4	1	745	1	1	0	748	2006	44	18	-1	
5	1	745	1	1	1	748	2006	44	18	95.484604	NES
2	1	746	0	0	0	965	2006	115	23	-1	
3	1	746	1	0	0	965	2006	115	23	-1	
4	1	746	1	1	0	965	2006	115	23	-1	
5	1	746	1	1	1	965	2006	115	23	95.993004	Elementary
2	1	747	0	0	0	1133	2006	80	18	-1	
3	1	747	1	0	0	1133	2006	80	18	-1	
4	1	747	1	1	0	1133	2006	80	18	-1	
5	1	747	1	1	1	1133	2006	80	18	95.898270	NORTH
2	1	748	0	0	0	1276	2006	170	23	-1	
3	1	748	1	0	0	1276	2006	170	23	-1	
4	1	748	1	1	0	1276	2006	170	23	-1	
5	1	748	1	1	1	1276	2006	132	23	95.784180	Scarborough
5	1	748	1	1	2	1417	2006	29	18	95.784180	HS
2	1	749	0	0	0	1691	2006	36	18	-1	
3	1	749	1	0	0	1691	2006	36	18	-1	
4	1	749	1	1	0	1691	2006	36	18	-1	
5	1	749	1	1	1	1691	2006	36	18	96.977676	367
2	1	750	0	0	0	1795	2006	135	21	-1	
3	1	750	1	0	0	1795	2006	135	21	-1	
4	1	750	1	1	0	1795	2006	135	21	-1	
5	1	750	1	1	1	1795	2006	135	21	88.422089	4,098,000.00
2	1	751	0	0	0	2040	2006	113	21	-1	
3	1	751	1	0	0	2040	2006	113	21	-1	
4	1	751	1	1	0	2040	2006	113	21	-1	
5	1	751	1	1	1	2040	2006	113	21	96.380730	142,933.00
2	1	752	0	0	0	2229	2006	112	21	-1	
3	1	752	1	0	0	2229	2006	112	21	-1	
4	1	752	1	1	0	2229	2006	112	21	-1	
5	1	752	1	1	1	2229	2006	112	21	96.687912	137,180.00
2	1	753	0	0	0	2369	2006	10	20	-1	
3	1	753	1	0	0	2369	2006	10	20	-1	
4	1	753	1	1	0	2369	2006	10	20	-1	
5	1	753	1	1	1	2369	2006	10	20	78.196228	$
2	1	754	0	0	0	2421	2006	89	21	-1	
3	1	754	1	0	0	2421	2006	89	21	-1	
4	1	754	1	1	0	2421	2006	89	21	-1	
5	1	754	1	1	1	2421	2006	89	21	96.583313	2,000.00
2	1	755	0	0	0	2746	2006	134	21	-1	
3	1	755	1	0	0	2746	2006	134	21	-1	
4	1	755	1	1	0	2746	2006	134	21	-1	
5	1	755	1	1	1	2746	2006	134	21	92.231842	4,380,113.00
2	1	756	0	0	0	2908	2006	10	20	-1	
3	1	756	1	0	0	2908	2006	10	20	-1	
4	1	756	1	1	0	2908	2006	10	20	-1	
5	1	756	1	1	1	2908	2006	10	20	78.196228	$
2	1	757	0	0	0	2956	2006	113	21	-1	
3	1	757	1	0	0	2956	2006	113	21	-1	
4	1	757	1	1	0	2956	2006	113	21	-1	
5	1	757	1	1	1	2956	2006	113	21	96.694786	145,050.77
2	1	758	0	0	0	258	2039	169	19	-1	
3	1	758	1	0	0	258	2039	169	19	-1	
4	1	758	1	1	0	258	2039	169	19	-1	
5	1	758	1	1	1	258	2039	71	18	94.187607	Walnut
5	1	758	1	1	2	338	2040	51	17	96.742691	Bend
5	1	758	1	1	3	399	2039	28	19	96.742691	ES
2	1	759	0	0	0	607	2040	36	17	-1	
3	1	759	1	0	0	607	2040	36	17	-1	
4	1	759	1	1	0	607	2040	36	17	-1	
5	1	759	1	1	1	607	2040	36	17	65.576332	253
2	1	760	0	0	0	748	2040	45	18	-1	
3	1	760	1	0	0	748	2040	45	18	-1	
4	1	760	1	1	0	748	2040	45	18	-1	
5	1	760	1	1	1	748	2040	45	18	95.613701	NES
2	1	761	0	0	0	965	2039	115	23	-1	
3	1	761	1	0	0	965	2039	115	23	-1	
4	1	761	1	1	0	965	2039	115	23	-1	
5	1	761	1	1	1	965	2039	115	23	96.496552	Elementary
2	1	762	0	0	0	1132	2040	67	18	-1	
3	1	762	1	0	0	1132	2040	67	18	-1	
4	1	762	1	1	0	1132	2040	67	18	-1	
5	1	762	1	1	1	1132	2040	67	18	96.692726	WEST
2	1	763	0	0	0	1276	2039	134	19	-1	
3	1	763	1	0	0	1276	2039	134	19	-1	
4	1	763	1	1	0	1276	2039	134	19	-1	
5	1	763	1	1	1	1276	2040	96	17	96.008560	Westside
5	1	763	1	1	2	1381	2039	29	19	96.445496	HS
2	1	764	0	0	0	1691	2040	36	17	-1	
3	1	764	1	0	0	1691	2040	36	17	-1	
4	1	764	1	1	0	1691	2040	36	17	-1	
5	1	764	1	1	1	1691	2040	36	17	96.827065	547
2	1	765	0	0	0	1795	2040	135	21	-1	
3	1	765	1	0	0	1795	2040	135	21	-1	
4	1	765	1	1	0	1795	2040	135	21	-1	
5	1	765	1	1	1	1795	2040	135	21	92.028763	4,438,798.00
2	1	766	0	0	0	2038	2040	115	21	-1	
3	1	766	1	0	0	2038	2040	115	21	-1	
4	1	766	1	1	0	2038	2040	115	21	-1	
5	1	766	1	1	1	2038	2040	115	21	96.586853	251,291.00
2	1	767	0	0	0	2229	2040	113	20	-1	
3	1	767	1	0	0	2229	2040	113	20	-1	
4	1	767	1	1	0	2229	2040	113	20	-1	
5	1	767	1	1	1	2229	2040	113	20	96.471909	185,100.00
2	1	768	0	0	0	2369	2039	10	20	-1	
3	1	768	1	0	0	2369	2039	10	20	-1	
4	1	768	1	1	0	2369	2039	10	20	-1	
5	1	768	1	1	1	2369	2039	10	20	67.815887	$
2	1	769	0	0	0	2421	2040	89	21	-1	
3	1	769	1	0	0	2421	2040	89	21	-1	
4	1	769	1	1	0	2421	2040	89	21	-1	
5	1	769	1	1	1	2421	2040	89	21	94.975433	2,000.00
2	1	770	0	0	0	2646	2050	7	2	-1	
3	1	770	1	0	0	2646	2050	7	2	-1	
4	1	770	1	1	0	2646	2050	7	2	-1	
5	1	770	1	1	1	2646	2050	7	2	52.294125	-
2	1	771	0	0	0	2746	2040	135	21	-1	
3	1	771	1	0	0	2746	2040	135	21	-1	
4	1	771	1	1	0	2746	2040	135	21	-1	
5	1	771	1	1	1	2746	2040	135	21	92.544983	4,877,189.00
2	1	772	0	0	0	2908	2039	10	20	-1	
3	1	772	1	0	0	2908	2039	10	20	-1	
4	1	772	1	1	0	2908	2039	10	20	-1	
5	1	772	1	1	1	2908	2039	10	20	67.815887	$
2	1	773	0	0	0	2954	2040	115	20	-1	
3	1	773	1	0	0	2954	2040	115	20	-1	
4	1	773	1	1	0	2954	2040	115	20	-1	
5	1	773	1	1	1	2954	2040	115	20	96.009178	203,214.26
2	1	774	0	0	0	258	2073	110	23	-1	
3	1	774	1	0	0	258	2073	110	23	-1	
4	1	774	1	1	0	258	2073	110	23	-1	
5	1	774	1	1	1	258	2073	71	23	86.107277	Waltrip
5	1	774	1	1	2	339	2073	29	18	95.800194	HS
2	1	775	0	0	0	607	2073	36	18	-1	
3	1	775	1	0	0	607	2073	36	18	-1	
4	1	775	1	1	0	607	2073	36	18	-1	
5	1	775	1	1	1	607	2073	36	18	93.456406	016
2	1	776	0	0	0	748	2073	95	18	-1	
3	1	776	1	0	0	748	2073	95	18	-1	
4	1	776	1	1	0	748	2073	95	18	-1	
5	1	776	1	1	1	748	2073	95	18	92.480324	Non-NES
2	1	777	0	0	0	965	2073	122	23	-1	
3	1	777	1	0	0	965	2073	122	23	-1	
4	1	777	1	1	0	965	2073	122	23	-1	
5	1	777	1	1	1	965	2073	44	23	94.663231	High
5	1	777	1	1	2	1018	2073	69	18	92.552444	School
2	1	778	0	0	0	1133	2073	80	18	-1	
3	1	778	1	0	0	1133	2073	80	18	-1	
4	1	778	1	1	0	1133	2073	80	18	-1	
5	1	778	1	1	1	1133	2073	80	18	96.277809	NORTH
2	1	779	0	0	0	1276	2073	110	23	-1	
3	1	779	1	0	0	1276	2073	110	23	-1	
4	1	779	1	1	0	1276	2073	110	23	-1	
5	1	779	1	1	1	1276	2073	71	23	94.991158	Waltrip
5	1	779	1	1	2	1357	2073	29	18	95.803200	HS
2	1	780	0	0	0	1672	2073	55	18	-1	
3	1	780	1	0	0	1672	2073	55	18	-1	
4	1	780	1	1	0	1672	2073	55	18	-1	
5	1	780	1	1	1	1672	2073	55	18	87.399239	1,596
2	1	781	0	0	0	1796	2073	134	21	-1	
3	1	781	1	0	0	1796	2073	134	21	-1	
4	1	781	1	1	0	1796	2073	134	21	-1	
5	1	781	1	1	1	1796	2073	134	21	89.443390	9,498,438.00
2	1	782	0	0	0	2038	2073	115	21	-1	
3	1	782	1	0	0	2038	2073	115	21	-1	
4	1	782	1	1	0	2038	2073	115	21	-1	
5	1	782	1	1	1	2038	2073	115	21	96.353836	690,689.00
2	1	783	0	0	0	2227	2073	114	21	-1	
3	1	783	1	0	0	2227	2073	114	21	-1	
4	1	783	1	1	0	2227	2073	114	21	-1	
5	1	783	1	1	1	2227	2073	114	21	96.537697	220,492.00
2	1	784	0	0	0	2369	2073	11	20	-1	
3	1	784	1	0	0	2369	2073	11	20	-1	
4	1	784	1	1	0	2369	2073	11	20	-1	
5	1	784	1	1	1	2369	2073	11	20	81.660355	$
2	1	785	0	0	0	2408	2073	102	21	-1	
3	1	785	1	0	0	2408	2073	102	21	-1	
4	1	785	1	1	0	2408	2073	102	21	-1	
5	1	785	1	1	1	2408	2073	102	21	96.635300	29,800.00
2	1	786	0	0	0	2578	2073	100	21	-1	
3	1	786	1	0	0	2578	2073	100	21	-1	
4	1	786	1	1	0	2578	2073	100	21	-1	
5	1	786	1	1	1	2578	2073	100	21	96.551582	15,960.00
2	1	787	0	0	0	2705	2072	11	21	-1	
3	1	787	1	0	0	2705	2072	11	21	-1	
4	1	787	1	1	0	2705	2072	11	21	-1	
5	1	787	1	1	1	2705	2072	11	21	85.103340	$
2	1	788	0	0	0	2735	2073	145	21	-1	
3	1	788	1	0	0	2735	2073	145	21	-1	
4	1	788	1	1	0	2735	2073	145	21	-1	
5	1	788	1	1	1	2735	2073	145	21	92.643791	10,455,379.00
2	1	789	0	0	0	2908	2073	11	20	-1	
3	1	789	1	0	0	2908	2073	11	20	-1	
4	1	789	1	1	0	2908	2073	11	20	-1	
5	1	789	1	1	1	2908	2073	11	20	81.660355	$
2	1	790	0	0	0	2954	2073	115	21	-1	
3	1	790	1	0	0	2954	2073	115	21	-1	
4	1	790	1	1	0	2954	2073	115	21	-1	
5	1	790	1	1	1	2954	2073	115	21	96.645119	480,215.26
2	1	791	0	0	0	258	2106	105	18	-1	
3	1	791	1	0	0	258	2106	105	18	-1	
4	1	791	1	1	0	258	2106	105	18	-1	
5	1	791	1	1	1	258	2106	64	18	92.055275	Welch
5	1	791	1	1	2	331	2106	32	18	96.698746	MS
2	1	792	0	0	0	607	2106	36	18	-1	
3	1	792	1	0	0	607	2106	36	18	-1	
4	1	792	1	1	0	607	2106	36	18	-1	
5	1	792	1	1	1	607	2106	36	18	90.710632	066
2	1	793	0	0	0	748	2106	45	18	-1	
3	1	793	1	0	0	748	2106	45	18	-1	
4	1	793	1	1	0	748	2106	45	18	-1	
5	1	793	1	1	1	748	2106	45	18	95.755798	NES
2	1	794	0	0	0	965	2106	142	18	-1	
3	1	794	1	0	0	965	2106	142	18	-1	
4	1	794	1	1	0	965	2106	142	18	-1	
5	1	794	1	1	1	965	2106	65	18	95.109627	Middle
5	1	794	1	1	2	1038	2106	69	18	96.701889	School
2	1	795	0	0	0	1132	2106	67	18	-1	
3	1	795	1	0	0	1132	2106	67	18	-1	
4	1	795	1	1	0	1132	2106	67	18	-1	
5	1	795	1	1	1	1132	2106	67	18	95.389420	WEST
2	1	796	0	0	0	1276	2106	136	23	-1	
3	1	796	1	0	0	1276	2106	136	23	-1	
4	1	796	1	1	0	1276	2106	136	23	-1	
5	1	796	1	1	1	1276	2106	98	23	96.655060	Westbury
5	1	796	1	1	2	1383	2106	29	18	95.580177	HS
2	1	797	0	0	0	1691	2106	36	18	-1	
3	1	797	1	0	0	1691	2106	36	18	-1	
4	1	797	1	1	0	1691	2106	36	18	-1	
5	1	797	1	1	1	1691	2106	36	18	96.869026	548
2	1	798	0	0	0	1796	2106	134	21	-1	
3	1	798	1	0	0	1796	2106	134	21	-1	
4	1	798	1	1	0	1796	2106	134	21	-1	
5	1	798	1	1	1	1796	2106	134	21	87.204887	5,077,656.00
2	1	799	0	0	0	2038	2106	115	21	-1	
3	1	799	1	0	0	2038	2106	115	21	-1	
4	1	799	1	1	0	2038	2106	115	21	-1	
5	1	799	1	1	1	2038	2106	115	21	96.311684	502,237.00
2	1	800	0	0	0	2229	2106	113	21	-1	
3	1	800	1	0	0	2229	2106	113	21	-1	
4	1	800	1	1	0	2229	2106	113	21	-1	
5	1	800	1	1	1	2229	2106	113	21	96.551338	192,060.00
2	1	801	0	0	0	2369	2106	10	20	-1	
3	1	801	1	0	0	2369	2106	10	20	-1	
4	1	801	1	1	0	2369	2106	10	20	-1	
5	1	801	1	1	1	2369	2106	10	20	70.225677	$
2	1	802	0	0	0	2421	2106	89	21	-1	
3	1	802	1	0	0	2421	2106	89	21	-1	
4	1	802	1	1	0	2421	2106	89	21	-1	
5	1	802	1	1	1	2421	2106	89	21	95.908142	4,000.00
2	1	803	0	0	0	2646	2117	7	2	-1	
3	1	803	1	0	0	2646	2117	7	2	-1	
4	1	803	1	1	0	2646	2117	7	2	-1	
5	1	803	1	1	1	2646	2117	7	2	52.294125	-
2	1	804	0	0	0	2747	2106	134	21	-1	
3	1	804	1	0	0	2747	2106	134	21	-1	
4	1	804	1	1	0	2747	2106	134	21	-1	
5	1	804	1	1	1	2747	2106	134	21	90.536736	5,775,953.00
2	1	805	0	0	0	2908	2106	10	20	-1	
3	1	805	1	0	0	2908	2106	10	20	-1	
4	1	805	1	1	0	2908	2106	10	20	-1	
5	1	805	1	1	1	2908	2106	10	20	70.225677	$
2	1	806	0	0	0	2954	2106	115	21	-1	
3	1	806	1	0	0	2954	2106	115	21	-1	
4	1	806	1	1	0	2954	2106	115	21	-1	
5	1	806	1	1	1	2954	2106	115	21	96.663490	212,455.75
2	1	807	0	0	0	607	2140	37	17	-1	
3	1	807	1	0	0	607	2140	37	17	-1	
4	1	807	1	1	0	607	2140	37	17	-1	
5	1	807	1	1	1	607	2140	37	17	96.358894	254
2	1	808	0	0	0	748	2140	44	18	-1	
3	1	808	1	0	0	748	2140	44	18	-1	
4	1	808	1	1	0	748	2140	44	18	-1	
5	1	808	1	1	1	748	2140	44	18	96.876923	NES
2	1	809	0	0	0	1133	2140	80	18	-1	
3	1	809	1	0	0	1133	2140	80	18	-1	
4	1	809	1	1	0	1133	2140	80	18	-1	
5	1	809	1	1	1	1133	2140	80	18	95.668221	NORTH
2	1	810	0	0	0	1690	2140	37	17	-1	
3	1	810	1	0	0	1690	2140	37	17	-1	
4	1	810	1	1	0	1690	2140	37	17	-1	
5	1	810	1	1	1	1690	2140	37	17	96.942101	308
2	1	811	0	0	0	2369	2139	11	20	-1	
3	1	811	1	0	0	2369	2139	11	20	-1	
4	1	811	1	1	0	2369	2139	11	20	-1	
5	1	811	1	1	1	2369	2139	11	20	70.909912	$
2	1	812	0	0	0	2646	2150	7	3	-1	
3	1	812	1	0	0	2646	2150	7	3	-1	
4	1	812	1	1	0	2646	2150	7	3	-1	
5	1	812	1	1	1	2646	2150	7	3	87.519112	-
2	1	813	0	0	0	2705	2139	11	20	-1	
3	1	813	1	0	0	2705	2139	11	20	-1	
4	1	813	1	1	0	2705	2139	11	20	-1	
5	1	813	1	1	1	2705	2139	11	20	87.212265	$
2	1	814	0	0	0	2908	2139	11	20	-1	
3	1	814	1	0	0	2908	2139	11	20	-1	
4	1	814	1	1	0	2908	2139	11	20	-1	
5	1	814	1	1	1	2908	2139	11	20	70.909912	$
2	1	815	0	0	0	258	2139	112	23	-1	
3	1	815	1	0	0	258	2139	112	23	-1	
4	1	815	1	1	0	258	2139	112	23	-1	
5	1	815	1	1	1	258	2140	76	22	90.964096	Wesley
5	1	815	1	1	2	343	2139	27	19	96.296356	ES
2	1	816	0	0	0	965	2140	115	22	-1	
3	1	816	1	0	0	965	2140	115	22	-1	
4	1	816	1	1	0	965	2140	115	22	-1	
5	1	816	1	1	1	965	2140	115	22	96.301216	Elementary
2	1	817	0	0	0	1277	2140	239	22	-1	
3	1	817	1	0	0	1277	2140	239	22	-1	
4	1	817	1	1	0	1277	2140	239	22	-1	
5	1	817	1	1	1	1277	2140	72	17	96.435310	Booker
5	1	817	1	1	2	1357	2140	121	22	96.561310	Washington
5	1	817	1	1	3	1488	2140	28	18	96.096161	HS
2	1	818	0	0	0	1795	2140	135	21	-1	
3	1	818	1	0	0	1795	2140	135	21	-1	
4	1	818	1	1	0	1795	2140	135	21	-1	
5	1	818	1	1	1	1795	2140	135	21	88.470695	2,912,953.00
2	1	819	0	0	0	2040	2140	113	21	-1	
3	1	819	1	0	0	2040	2140	113	21	-1	
4	1	819	1	1	0	2040	2140	113	21	-1	
5	1	819	1	1	1	2040	2140	113	21	96.313354	122,913.00
2	1	820	0	0	0	2229	2140	112	21	-1	
3	1	820	1	0	0	2229	2140	112	21	-1	
4	1	820	1	1	0	2229	2140	112	21	-1	
5	1	820	1	1	1	2229	2140	112	21	96.822212	111,000.00
2	1	821	0	0	0	2421	2140	89	21	-1	
3	1	821	1	0	0	2421	2140	89	21	-1	
4	1	821	1	1	0	2421	2140	89	21	-1	
5	1	821	1	1	1	2421	2140	89	21	94.907486	2,000.00
2	1	822	0	0	0	2747	2140	133	21	-1	
3	1	822	1	0	0	2747	2140	133	21	-1	
4	1	822	1	1	0	2747	2140	133	21	-1	
5	1	822	1	1	1	2747	2140	133	21	91.877251	3,148,866.00
2	1	823	0	0	0	2956	2140	113	21	-1	
3	1	823	1	0	0	2956	2140	113	21	-1	
4	1	823	1	1	0	2956	2140	113	21	-1	
5	1	823	1	1	1	2956	2140	113	21	96.097229	113,277.22
