school_year,basis,campus_id,campus_name,membership,total_exp_6100_6600_gf,total_exp_6100_6600_gf_ps,total_exp_6100_6600_af,total_exp_6100_6600_af_ps,payroll_gf,payroll_gf_ps,payroll_af,payroll_af_ps,other_operating_gf,other_operating_gf_ps,other_operating_af,other_operating_af_ps,non_operating_gf,non_operating_gf_ps,non_operating_af,non_operating_af_ps,total_oper_exp_gf,total_oper_exp_gf_ps,total_oper_exp_af,total_oper_exp_af_ps,f11_instruction_gf,f11_instruction_gf_ps,f11_instruction_af,f11_instruction_af_ps,f12_instr_resources_gf,f12_instr_resources_gf_ps,f12_instr_resources_af,f12_instr_resources_af_ps,f13_curriculum_gf,f13_curriculum_gf_ps,f13_curriculum_af,f13_curriculum_af_ps,f21_instr_leadership_gf,f21_instr_leadership_gf_ps,f21_instr_leadership_af,f21_instr_leadership_af_ps,f23_school_leadership_gf,f23_school_leadership_gf_ps,f23_school_leadership_af,f23_school_leadership_af_ps,f31_guidance_gf,f31_guidance_gf_ps,f31_guidance_af,f31_guidance_af_ps,f32_social_work_gf,f32_social_work_gf_ps,f32_social_work_af,f32_social_work_af_ps,f33_health_gf,f33_health_gf_ps,f33_health_af,f33_health_af_ps,f35_food_gf,f35_food_gf_ps,f35_food_af,f35_food_af_ps,f36_extracurricular_gf,f36_extracurricular_gf_ps,f36_extracurricular_af,f36_extracurricular_af_ps,f51_plant_gf,f51_plant_gf_ps,f51_plant_af,f51_plant_af_ps,f52_security_gf,f52_security_gf_ps,f52_security_af,f52_security_af_ps,f53_data_processing_gf,f53_data_processing_gf_ps,f53_data_processing_af,f53_data_processing_af_ps,pic_regular_gf,pic_regular_gf_ps,pic_regular_af,pic_regular_af_ps,pic_gt_gf,pic_gt_gf_ps,pic_gt_af,pic_gt_af_ps,pic_cte_gf,pic_cte_gf_ps,pic_cte_af,pic_cte_af_ps,pic_swd_gf,pic_swd_gf_ps,pic_swd_af,pic_swd_af_ps,pic_bilingual_gf,pic_bilingual_gf_ps,pic_bilingual_af,pic_bilingual_af_ps,pic_early_ed_gf,pic_early_ed_gf_ps,pic_early_ed_af,pic_early_ed_af_ps,pic_dyslexia_gf,pic_dyslexia_gf_ps,pic_dyslexia_af,pic_dyslexia_af_ps,pic_ccmr_gf,pic_ccmr_gf_ps,pic_ccmr_af,pic_ccmr_af_ps,pic_athletics_gf,pic_athletics_gf_ps,pic_athletics_af,pic_athletics_af_ps,pic24_accelerated_ed_gf,pic24_accelerated_ed_gf_ps,pic24_accelerated_ed_af,pic24_accelerated_ed_af_ps,pic26_aep_gf,pic26_aep_gf_ps,pic26_aep_af,pic26_aep_af_ps,pic28_daep_basic_gf,pic28_daep_basic_gf_ps,pic28_daep_basic_af,pic28_daep_basic_af_ps,pic29_daep_suppl_gf,pic29_daep_suppl_gf_ps,pic29_daep_suppl_af,pic29_daep_suppl_af_ps
2025-26,budget filed with TEA (PEIMS),101912102,Alcott El,208,3874484.0,18627.0,3874484.0,18627.0,3115945.0,14981.0,3115945.0,14981.0,749338.0,3603.0,749338.0,3603.0,9201.0,44.0,9201.0,44.0,3865283.0,18583.0,3865283.0,18583.0,2392386.0,11502.0,2392386.0,11502.0,3127.0,15.0,3127.0,15.0,22798.0,110.0,22798.0,110.0,153061.0,736.0,153061.0,736.0,501058.0,2409.0,501058.0,2409.0,146784.0,706.0,146784.0,706.0,1353.0,7.0,1353.0,7.0,99400.0,478.0,99400.0,478.0,0.0,0.0,0.0,0.0,11165.0,54.0,11165.0,54.0,534151.0,2568.0,534151.0,2568.0,0.0,0.0,0.0,0.0,0.0,0.0,0.0,0.0,1948513.0,9368.0,1948513.0,9368.0,0.0,0.0,0.0,0.0,0.0,0.0,0.0,0.0,1091873.0,5249.0,1091873.0,5249.0,473.0,2.0,473.0,2.0,201077.0,967.0,201077.0,967.0,0.0,0.0,0.0,0.0,0.0,0.0,0.0,0.0,0.0,0.0,0.0,0.0,0.0,0.0,0.0,0.0,0.0,0.0,0.0,0.0,0.0,0.0,0.0,0.0,0.0,0.0,0.0,0.0
2025-26,budget filed with TEA (PEIMS),101912104,Almeda El,636,6537873.0,10280.0,6537873.0,10280.0,5915646.0,9301.0,5915646.0,9301.0,618033.0,972.0,618033.0,972.0,4194.0,7.0,4194.0,7.0,6533679.0,10273.0,6533679.0,10273.0,4812621.0,7567.0,4812621.0,7567.0,5654.0,9.0,5654.0,9.0,50142.0,79.0,50142.0,79.0,258060.0,406.0,258060.0,406.0,868758.0,1366.0,868758.0,1366.0,242148.0,381.0,242148.0,381.0,2023.0,3.0,2023.0,3.0,124352.0,196.0,124352.0,196.0,0.0,0.0,0.0,0.0,35310.0,56.0,35310.0,56.0,134611.0,212.0,134611.0,212.0,0.0,0.0,0.0,0.0,0.0,0.0,0.0,0.0,4402539.0,6922.0,4402539.0,6922.0,0.0,0.0,0.0,0.0,0.0,0.0,0.0,0.0,1223414.0,1924.0,1223414.0,1924.0,82549.0,130.0,82549.0,130.0,577225.0,908.0,577225.0,908.0,0.0,0.0,0.0,0.0,0.0,0.0,0.0,0.0,0.0,0.0,0.0,0.0,0.0,0.0,0.0,0.0,0.0,0.0,0.0,0.0,0.0,0.0,0.0,0.0,0.0,0.0,0.0,0.0
2025-26,budget filed with TEA (PEIMS),101912105,Anderson El,567,5701342.0,10055.0,5701342.0,10055.0,5207012.0,9183.0,5207012.0,9183.0,480657.0,848.0,480657.0,848.0,13673.0,24.0,13673.0,24.0,5687669.0,10031.0,5687669.0,10031.0,4261497.0,7516.0,4261497.0,7516.0,5053.0,9.0,5053.0,9.0,51846.0,91.0,51846.0,91.0,236478.0,417.0,236478.0,417.0,708804.0,1250.0,708804.0,1250.0,172166.0,304.0,172166.0,304.0,1928.0,3.0,1928.0,3.0,106976.0,189.0,106976.0,189.0,0.0,0.0,0.0,0.0,25250.0,45.0,25250.0,45.0,117671.0,208.0,117671.0,208.0,0.0,0.0,0.0,0.0,0.0,0.0,0.0,0.0,3688320.0,6505.0,3688320.0,6505.0,0.0,0.0,0.0,0.0,0.0,0.0,0.0,0.0,1285695.0,2268.0,1285695.0,2268.0,6900.0,12.0,6900.0,12.0,493816.0,871.0,493816.0,871.0,0.0,0.0,0.0,0.0,0.0,0.0,0.0,0.0,0.0,0.0,0.0,0.0,0.0,0.0,0.0,0.0,0.0,0.0,0.0,0.0,0.0,0.0,0.0,0.0,0.0,0.0,0.0,0.0
2025-26,budget filed with TEA (PEIMS),101912478,Arabic Immersion Magnet School,676,4655941.0,6887.0,4655941.0,6887.0,4014453.0,5939.0,4014453.0,5939.0,598783.0,886.0,598783.0,886.0,42705.0,63.0,42705.0,63.0,4613236.0,6824.0,4613236.0,6824.0,2969962.0,4393.0,2969962.0,4393.0,94165.0,139.0,94165.0,139.0,115179.0,170.0,115179.0,170.0,118779.0,176.0,118779.0,176.0,784673.0,1161.0,784673.0,1161.0,110292.0,163.0,110292.0,163.0,2191.0,3.0,2191.0,3.0,96349.0,143.0,96349.0,143.0,0.0,0.0,0.0,0.0,16050.0,24.0,16050.0,24.0,283596.0,420.0,283596.0,420.0,22000.0,33.0,22000.0,33.0,0.0,0.0,0.0,0.0,3232033.0,4781.0,3232033.0,4781.0,7314.0,11.0,7314.0,11.0,17385.0,26.0,17385.0,26.0,202102.0,299.0,202102.0,299.0,134726.0,199.0,134726.0,199.0,249266.0,369.0,249266.0,369.0,0.0,0.0,0.0,0.0,0.0,0.0,0.0,0.0,0.0,0.0,0.0,0.0,0.0,0.0,0.0,0.0,0.0,0.0,0.0,0.0,0.0,0.0,0.0,0.0,0.0,0.0,0.0,0.0
2025-26,budget filed with TEA (PEIMS),101912273,Ashford El,532,5683587.0,10683.0,5683587.0,10683.0,5161301.0,9702.0,5161301.0,9702.0,519266.0,976.0,519266.0,976.0,3020.0,6.0,3020.0,6.0,5680567.0,10678.0,5680567.0,10678.0,4232237.0,7955.0,4232237.0,7955.0,5053.0,9.0,5053.0,9.0,47414.0,89.0,47414.0,89.0,241112.0,453.0,241112.0,453.0,708248.0,1331.0,708248.0,1331.0,170020.0,320.0,170020.0,320.0,1862.0,4.0,1862.0,4.0,103375.0,194.0,103375.0,194.0,0.0,0.0,0.0,0.0,30910.0,58.0,30910.0,58.0,140336.0,264.0,140336.0,264.0,0.0,0.0,0.0,0.0,0.0,0.0,0.0,0.0,3623916.0,6812.0,3623916.0,6812.0,0.0,0.0,0.0,0.0,0.0,0.0,0.0,0.0,1080941.0,2032.0,1080941.0,2032.0,10800.0,20.0,10800.0,20.0,723647.0,1360.0,723647.0,1360.0,0.0,0.0,0.0,0.0,0.0,0.0,0.0,0.0,0.0,0.0,0.0,0.0,0.0,0.0,0.0,0.0,0.0,0.0,0.0,0.0,0.0,0.0,0.0,0.0,0.0,0.0,0.0,0.0
2025-26,budget filed with TEA (PEIMS),101912274,AskewEl,778,8190858.0,10528.0,8190858.0,10528.0,7353186.0,9451.0,7353186.0,9451.0,821028.0,1055.0,821028.0,1055.0,16644.0,21.0,16644.0,21.0,8174214.0,10507.0,8174214.0,10507.0,6186356.0,7952.0,6186356.0,7952.0,7219.0,9.0,7219.0,9.0,47455.0,61.0,47455.0,61.0,328579.0,422.0,328579.0,422.0,994158.0,1278.0,994158.0,1278.0,302457.0,389.0,302457.0,389.0,2765.0,4.0,2765.0,4.0,80660.0,104.0,80660.0,104.0,0.0,0.0,0.0,0.0,35705.0,46.0,35705.0,46.0,187160.0,241.0,187160.0,241.0,1700.0,2.0,1700.0,2.0,0.0,0.0,0.0,0.0,5642961.0,7253.0,5642961.0,7253.0,0.0,0.0,0.0,0.0,0.0,0.0,0.0,0.0,1704169.0,2190.0,1704169.0,2190.0,154599.0,199.0,154599.0,199.0,377903.0,486.0,377903.0,486.0,0.0,0.0,0.0,0.0,0.0,0.0,0.0,0.0,0.0,0.0,0.0,0.0,0.0,0.0,0.0,0.0,0.0,0.0,0.0,0.0,0.0,0.0,0.0,0.0,0.0,0.0,0.0,0.0
2025-26,budget filed with TEA (PEIMS),101912106,Atherton El,386,5123580.0,13274.0,5123580.0,13274.0,4623091.0,11977.0,4623091.0,11977.0,497466.0,1289.0,497466.0,1289.0,3023.0,8.0,3023.0,8.0,5120557.0,13266.0,5120557.0,13266.0,3766435.0,9758.0,3766435.0,9758.0,4331.0,11.0,4331.0,11.0,35289.0,91.0,35289.0,91.0,212326.0,550.0,212326.0,550.0,672042.0,1741.0,672042.0,1741.0,164806.0,427.0,164806.0,427.0,1737.0,5.0,1737.0,5.0,102153.0,265.0,102153.0,265.0,0.0,0.0,0.0,0.0,22935.0,59.0,22935.0,59.0,138503.0,359.0,138503.0,359.0,0.0,0.0,0.0,0.0,0.0,0.0,0.0,0.0,3037509.0,7869.0,3037509.0,7869.0,0.0,0.0,0.0,0.0,0.0,0.0,0.0,0.0,1256360.0,3255.0,1256360.0,3255.0,9000.0,23.0,9000.0,23.0,572782.0,1484.0,572782.0,1484.0,5437.0,14.0,5437.0,14.0,0.0,0.0,0.0,0.0,0.0,0.0,0.0,0.0,0.0,0.0,0.0,0.0,0.0,0.0,0.0,0.0,0.0,0.0,0.0,0.0,0.0,0.0,0.0,0.0
2025-26,budget filed with TEA (PEIMS),101912041,Attucks Middle,389,5346096.0,13743.0,5346096.0,13743.0,4224931.0,10861.0,4224931.0,10861.0,1112982.0,2861.0,1112982.0,2861.0,8183.0,21.0,8183.0,21.0,5337913.0,13722.0,5337913.0,13722.0,3280094.0,8432.0,3280094.0,8432.0,4978.0,13.0,4978.0,13.0,108930.0,280.0,108930.0,280.0,200622.0,516.0,200622.0,516.0,746738.0,1920.0,746738.0,1920.0,77332.0,199.0,77332.0,199.0,48986.0,126.0,48986.0,126.0,104149.0,268.0,104149.0,268.0,0.0,0.0,0.0,0.0,69448.0,179.0,69448.0,179.0,696636.0,1791.0,696636.0,1791.0,0.0,0.0,0.0,0.0,0.0,0.0,0.0,0.0,2258146.0,5805.0,2258146.0,5805.0,1047.0,3.0,1047.0,3.0,158505.0,407.0,158505.0,407.0,1719258.0,4420.0,1719258.0,4420.0,11297.0,29.0,11297.0,29.0,0.0,0.0,0.0,0.0,0.0,0.0,0.0,0.0,0.0,0.0,0.0,0.0,0.0,0.0,0.0,0.0,0.0,0.0,0.0,0.0,0.0,0.0,0.0,0.0,0.0,0.0,0.0,0.0,0.0,0.0,0.0,0.0
2025-26,budget filed with TEA (PEIMS),101912001,Austin H S,977,13785778.0,14110.0,13785778.0,14110.0,11885659.0,12165.0,11885659.0,12165.0,1687265.0,1727.0,1687265.0,1727.0,212854.0,218.0,212854.0,218.0,13572924.0,13892.0,13572924.0,13892.0,8972098.0,9183.0,8972098.0,9183.0,9731.0,10.0,9731.0,10.0,48678.0,50.0,48678.0,50.0,1112946.0,1139.0,1112946.0,1139.0,1612757.0,1651.0,1612757.0,1651.0,595873.0,610.0,595873.0,610.0,3495.0,4.0,3495.0,4.0,126084.0,129.0,126084.0,129.0,0.0,0.0,0.0,0.0,567758.0,581.0,567758.0,581.0,520288.0,533.0,520288.0,533.0,3216.0,3.0,3216.0,3.0,0.0,0.0,0.0,0.0,7295323.0,7467.0,7295323.0,7467.0,0.0,0.0,0.0,0.0,2071129.0,2120.0,2071129.0,2120.0,2285389.0,2339.0,2285389.0,2339.0,0.0,0.0,0.0,0.0,0.0,0.0,0.0,0.0,0.0,0.0,0.0,0.0,751790.0,769.0,751790.0,769.0,0.0,0.0,0.0,0.0,0.0,0.0,0.0,0.0,0.0,0.0,0.0,0.0,0.0,0.0,0.0,0.0,0.0,0.0,0.0,0.0
2025-26,budget filed with TEA (PEIMS),101912107,Barrick El,355,3217691.0,9064.0,3217691.0,9064.0,2907999.0,8192.0,2907999.0,8192.0,286468.0,807.0,286468.0,807.0,23224.0,65.0,23224.0,65.0,3194467.0,8998.0,3194467.0,8998.0,2228460.0,6277.0,2228460.0,6277.0,3091.0,9.0,3091.0,9.0,23800.0,67.0,23800.0,67.0,106637.0,300.0,106637.0,300.0,527344.0,1485.0,527344.0,1485.0,67393.0,190.0,67393.0,190.0,1473.0,4.0,1473.0,4.0,107253.0,302.0,107253.0,302.0,0.0,0.0,0.0,0.0,0.0,0.0,0.0,0.0,76939.0,217.0,76939.0,217.0,0.0,0.0,0.0,0.0,52077.0,147.0,52077.0,147.0,2197429.0,6190.0,2197429.0,6190.0,1127.0,3.0,1127.0,3.0,0.0,0.0,0.0,0.0,432409.0,1218.0,432409.0,1218.0,7259.0,20.0,7259.0,20.0,184380.0,519.0,184380.0,519.0,0.0,0.0,0.0,0.0,0.0,0.0,0.0,0.0,0.0,0.0,0.0,0.0,0.0,0.0,0.0,0.0,0.0,0.0,0.0,0.0,0.0,0.0,0.0,0.0,0.0,0.0,0.0,0.0
2025-26,budget filed with TEA (PEIMS),101912108,Bastian El,566,4759339.0,8409.0,4759339.0,8409.0,4316904.0,7627.0,4316904.0,7627.0,419718.0,742.0,419718.0,742.0,22717.0,40.0,22717.0,40.0,4736622.0,8369.0,4736622.0,8369.0,3438747.0,6076.0,3438747.0,6076.0,59307.0,105.0,59307.0,105.0,21620.0,38.0,21620.0,38.0,170124.0,301.0,170124.0,301.0,475469.0,840.0,475469.0,840.0,174216.0,308.0,174216.0,308.0,14719.0,26.0,14719.0,26.0,118457.0,209.0,118457.0,209.0,0.0,0.0,0.0,0.0,1500.0,3.0,1500.0,3.0,194421.0,344.0,194421.0,344.0,4000.0,7.0,4000.0,7.0,64042.0,113.0,64042.0,113.0,3108125.0,5491.0,3108125.0,5491.0,1566.0,3.0,1566.0,3.0,0.0,0.0,0.0,0.0,720091.0,1272.0,720091.0,1272.0,27360.0,48.0,27360.0,48.0,115350.0,204.0,115350.0,204.0,0.0,0.0,0.0,0.0,0.0,0.0,0.0,0.0,0.0,0.0,0.0,0.0,0.0,0.0,0.0,0.0,0.0,0.0,0.0,0.0,0.0,0.0,0.0,0.0,0.0,0.0,0.0,0.0
2025-26,budget filed with TEA (PEIMS),101912467,Baylor College Of Medicine Academy,335,4059273.0,12117.0,4059273.0,12117.0,3535786.0,10555.0,3535786.0,10555.0,518408.0,1547.0,518408.0,1547.0,5079.0,15.0,5079.0,15.0,4054194.0,12102.0,4054194.0,12102.0,2562642.0,7650.0,2562642.0,7650.0,89964.0,269.0,89964.0,269.0,242078.0,723.0,242078.0,723.0,128379.0,383.0,128379.0,383.0,611250.0,1825.0,611250.0,1825.0,116482.0,348.0,116482.0,348.0,4292.0,13.0,4292.0,13.0,105354.0,314.0,105354.0,314.0,0.0,0.0,0.0,0.0,17192.0,51.0,17192.0,51.0,176561.0,527.0,176561.0,527.0,0.0,0.0,0.0,0.0,0.0,0.0,0.0,0.0,2181996.0,6513.0,2181996.0,6513.0,6200.0,19.0,6200.0,19.0,164733.0,492.0,164733.0,492.0,469721.0,1402.0,469721.0,1402.0,4290.0,13.0,4290.0,13.0,0.0,0.0,0.0,0.0,0.0,0.0,0.0,0.0,0.0,0.0,0.0,0.0,0.0,0.0,0.0,0.0,0.0,0.0,0.0,0.0,0.0,0.0,0.0,0.0,0.0,0.0,0.0,0.0,0.0,0.0,0.0,0.0
2025-26,budget filed with TEA (PEIMS),101912234,Baylor College Of Medicine Biotech,356,3237211.0,9093.0,3237211.0,9093.0,2819913.0,7921.0,2819913.0,7921.0,412593.0,1159.0,412593.0,1159.0,4705.0,13.0,4705.0,13.0,3232506.0,9080.0,3232506.0,9080.0,2148448.0,6035.0,2148448.0,6035.0,57423.0,161.0,57423.0,161.0,155690.0,437.0,155690.0,437.0,108758.0,306.0,108758.0,306.0,470155.0,1321.0,470155.0,1321.0,99351.0,279.0,99351.0,279.0,1340.0,4.0,1340.0,4.0,88322.0,248.0,88322.0,248.0,0.0,0.0,0.0,0.0,300.0,1.0,300.0,1.0,101619.0,285.0,101619.0,285.0,1000.0,3.0,1000.0,3.0,100.0,0.0,100.0,0.0,2616616.0,7350.0,2616616.0,7350.0,7666.0,22.0,7666.0,22.0,129992.0,365.0,129992.0,365.0,117399.0,330.0,117399.0,330.0,6022.0,17.0,6022.0,17.0,0.0,0.0,0.0,0.0,0.0,0.0,0.0,0.0,0.0,0.0,0.0,0.0,0.0,0.0,0.0,0.0,0.0,0.0,0.0,0.0,0.0,0.0,0.0,0.0,0.0,0.0,0.0,0.0,0.0,0.0,0.0,0.0
2025-26,budget filed with TEA (PEIMS),101912151,Bell El,496,6209052.0,12518.0,6209052.0,12518.0,5592912.0,11276.0,5592912.0,11276.0,586429.0,1182.0,586429.0,1182.0,29711.0,60.0,29711.0,60.0,6179341.0,12458.0,6179341.0,12458.0,4650635.0,9376.0,4650635.0,9376.0,5173.0,10.0,5173.0,10.0,42287.0,85.0,42287.0,85.0,250774.0,506.0,250774.0,506.0,733574.0,1479.0,733574.0,1479.0,178505.0,360.0,178505.0,360.0,3192.0,6.0,3192.0,6.0,105485.0,213.0,105485.0,213.0,0.0,0.0,0.0,0.0,33020.0,67.0,33020.0,67.0,176696.0,356.0,176696.0,356.0,0.0,0.0,0.0,0.0,0.0,0.0,0.0,0.0,3856960.0,7776.0,3856960.0,7776.0,0.0,0.0,0.0,0.0,0.0,0.0,0.0,0.0,1405274.0,2833.0,1405274.0,2833.0,77449.0,156.0,77449.0,156.0,551661.0,1112.0,551661.0,1112.0,0.0,0.0,0.0,0.0,0.0,0.0,0.0,0.0,0.0,0.0,0.0,0.0,0.0,0.0,0.0,0.0,0.0,0.0,0.0,0.0,0.0,0.0,0.0,0.0,0.0,0.0,0.0,0.0
2025-26,budget filed with TEA (PEIMS),101912002,Bellaire H S,3167,26013092.0,8214.0,26054459.0,8227.0,23941450.0,7560.0,23982817.0,7573.0,2007415.0,634.0,2007415.0,634.0,64227.0,20.0,64227.0,20.0,25948865.0,8194.0,25990232.0,8207.0,17686983.0,5585.0,17686983.0,5585.0,110861.0,35.0,110861.0,35.0,196085.0,62.0,196085.0,62.0,1566056.0,494.0,1566056.0,494.0,3414525.0,1078.0,3414525.0,1078.0,1112279.0,351.0,1112279.0,351.0,225089.0,71.0,225089.0,71.0,129269.0,41.0,129269.0,41.0,0.0,0.0,41367.0,13.0,745842.0,236.0,745842.0,236.0,611591.0,193.0,611591.0,193.0,57202.0,18.0,57202.0,18.0,93083.0,29.0,93083.0,29.0,15746789.0,4972.0,15746789.0,4972.0,225229.0,71.0,225229.0,71.0,2519834.0,796.0,2519834.0,796.0,2716772.0,858.0,2716772.0,858.0,189580.0,60.0,189580.0,60.0,0.0,0.0,0.0,0.0,0.0,0.0,0.0,0.0,1019993.0,322.0,1019993.0,322.0,0.0,0.0,0.0,0.0,105838.0,33.0,105838.0,33.0,0.0,0.0,0.0,0.0,0.0,0.0,0.0,0.0,0.0,0.0,0.0,0.0
2025-26,budget filed with TEA (PEIMS),101912360,Bellfort Early Childhood Center,328,3183633.0,9706.0,3183633.0,9706.0,2898789.0,8838.0,2898789.0,8838.0,283443.0,864.0,283443.0,864.0,1401.0,4.0,1401.0,4.0,3182232.0,9702.0,3182232.0,9702.0,2169754.0,6615.0,2169754.0,6615.0,3450.0,11.0,3450.0,11.0,45079.0,137.0,45079.0,137.0,146490.0,447.0,146490.0,447.0,606221.0,1848.0,606221.0,1848.0,39526.0,121.0,39526.0,121.0,1632.0,5.0,1632.0,5.0,80489.0,245.0,80489.0,245.0,0.0,0.0,0.0,0.0,0.0,0.0,0.0,0.0,87591.0,267.0,87591.0,267.0,0.0,0.0,0.0,0.0,0.0,0.0,0.0,0.0,1560557.0,4758.0,1560557.0,4758.0,0.0,0.0,0.0,0.0,0.0,0.0,0.0,0.0,356454.0,1087.0,356454.0,1087.0,281664.0,859.0,281664.0,859.0,671991.0,2049.0,671991.0,2049.0,0.0,0.0,0.0,0.0,0.0,0.0,0.0,0.0,0.0,0.0,0.0,0.0,0.0,0.0,0.0,0.0,0.0,0.0,0.0,0.0,0.0,0.0,0.0,0.0,0.0,0.0,0.0,0.0
2025-26,budget filed with TEA (PEIMS),101912295,Benavidez El,689,7359160.0,10681.0,7359160.0,10681.0,6695013.0,9717.0,6695013.0,9717.0,659739.0,958.0,659739.0,958.0,4408.0,6.0,4408.0,6.0,7354752.0,10675.0,7354752.0,10675.0,5519222.0,8010.0,5519222.0,8010.0,6376.0,9.0,6376.0,9.0,40138.0,58.0,40138.0,58.0,294485.0,427.0,294485.0,427.0,928123.0,1347.0,928123.0,1347.0,297713.0,432.0,297713.0,432.0,2541.0,4.0,2541.0,4.0,109725.0,159.0,109725.0,159.0,0.0,0.0,0.0,0.0,40150.0,58.0,40150.0,58.0,116279.0,169.0,116279.0,169.0,0.0,0.0,0.0,0.0,0.0,0.0,0.0,0.0,5015867.0,7280.0,5015867.0,7280.0,0.0,0.0,0.0,0.0,0.0,0.0,0.0,0.0,1634129.0,2372.0,1634129.0,2372.0,153099.0,222.0,153099.0,222.0,316520.0,459.0,316520.0,459.0,0.0,0.0,0.0,0.0,0.0,0.0,0.0,0.0,0.0,0.0,0.0,0.0,0.0,0.0,0.0,0.0,0.0,0.0,0.0,0.0,0.0,0.0,0.0,0.0,0.0,0.0,0.0,0.0
2025-26,budget filed with TEA (PEIMS),101912268,Benbrook El,398,3728799.0,9369.0,3728799.0,9369.0,3439913.0,8643.0,3439913.0,8643.0,278433.0,700.0,278433.0,700.0,10453.0,26.0,10453.0,26.0,3718346.0,9343.0,3718346.0,9343.0,2720098.0,6834.0,2720098.0,6834.0,4821.0,12.0,4821.0,12.0,35965.0,90.0,35965.0,90.0,135794.0,341.0,135794.0,341.0,538286.0,1352.0,538286.0,1352.0,106891.0,269.0,106891.0,269.0,2975.0,7.0,2975.0,7.0,81587.0,205.0,81587.0,205.0,0.0,0.0,0.0,0.0,3500.0,9.0,3500.0,9.0,83114.0,209.0,83114.0,209.0,5315.0,13.0,5315.0,13.0,0.0,0.0,0.0,0.0,2352750.0,5911.0,2352750.0,5911.0,2129.0,5.0,2129.0,5.0,0.0,0.0,0.0,0.0,275877.0,693.0,275877.0,693.0,134883.0,339.0,134883.0,339.0,352450.0,886.0,352450.0,886.0,0.0,0.0,0.0,0.0,0.0,0.0,0.0,0.0,0.0,0.0,0.0,0.0,0.0,0.0,0.0,0.0,0.0,0.0,0.0,0.0,0.0,0.0,0.0,0.0,0.0,0.0,0.0,0.0
2025-26,budget filed with TEA (PEIMS),101912109,Berry El,713,7556202.0,10598.0,7556202.0,10598.0,6921488.0,9708.0,6921488.0,9708.0,631493.0,886.0,631493.0,886.0,3221.0,5.0,3221.0,5.0,7552981.0,10593.0,7552981.0,10593.0,5780131.0,8107.0,5780131.0,8107.0,7004.0,10.0,7004.0,10.0,50184.0,70.0,50184.0,70.0,293667.0,412.0,293667.0,412.0,916115.0,1285.0,916115.0,1285.0,277745.0,390.0,277745.0,390.0,2794.0,4.0,2794.0,4.0,75239.0,106.0,75239.0,106.0,0.0,0.0,0.0,0.0,34525.0,48.0,34525.0,48.0,115577.0,162.0,115577.0,162.0,0.0,0.0,0.0,0.0,0.0,0.0,0.0,0.0,5283744.0,7411.0,5283744.0,7411.0,0.0,0.0,0.0,0.0,0.0,0.0,0.0,0.0,1155897.0,1621.0,1155897.0,1621.0,14700.0,21.0,14700.0,21.0,784486.0,1100.0,784486.0,1100.0,0.0,0.0,0.0,0.0,0.0,0.0,0.0,0.0,0.0,0.0,0.0,0.0,0.0,0.0,0.0,0.0,0.0,0.0,0.0,0.0,0.0,0.0,0.0,0.0,0.0,0.0,0.0,0.0
2025-26,budget filed with TEA (PEIMS),101912042,Black Middle,1230,10346689.0,8412.0,10346689.0,8412.0,9380049.0,7626.0,9380049.0,7626.0,941796.0,766.0,941796.0,766.0,24844.0,20.0,24844.0,20.0,10321845.0,8392.0,10321845.0,8392.0,7376210.0,5997.0,7376210.0,5997.0,65778.0,53.0,65778.0,53.0,126774.0,103.0,126774.0,103.0,369032.0,300.0,369032.0,300.0,1478487.0,1202.0,1478487.0,1202.0,351594.0,286.0,351594.0,286.0,6826.0,6.0,6826.0,6.0,105791.0,86.0,105791.0,86.0,0.0,0.0,0.0,0.0,166878.0,136.0,166878.0,136.0,264475.0,215.0,264475.0,215.0,10000.0,8.0,10000.0,8.0,0.0,0.0,0.0,0.0,6631023.0,5391.0,6631023.0,5391.0,35432.0,29.0,35432.0,29.0,291500.0,237.0,291500.0,237.0,1616524.0,1314.0,1616524.0,1314.0,133149.0,108.0,133149.0,108.0,0.0,0.0,0.0,0.0,0.0,0.0,0.0,0.0,84227.0,68.0,84227.0,68.0,0.0,0.0,0.0,0.0,0.0,0.0,0.0,0.0,0.0,0.0,0.0,0.0,0.0,0.0,0.0,0.0,0.0,0.0,0.0,0.0
2025-26,budget filed with TEA (PEIMS),101912110,Blackshear El,230,3871856.0,16834.0,3871856.0,16834.0,3473369.0,15102.0,3473369.0,15102.0,396234.0,1723.0,396234.0,1723.0,2253.0,10.0,2253.0,10.0,3869603.0,16824.0,3869603.0,16824.0,2833712.0,12320.0,2833712.0,12320.0,3008.0,13.0,3008.0,13.0,17762.0,77.0,17762.0,77.0,142327.0,619.0,142327.0,619.0,451588.0,1963.0,451588.0,1963.0,145647.0,633.0,145647.0,633.0,1257.0,5.0,1257.0,5.0,99011.0,430.0,99011.0,430.0,0.0,0.0,0.0,0.0,13585.0,59.0,13585.0,59.0,161706.0,703.0,161706.0,703.0,0.0,0.0,0.0,0.0,0.0,0.0,0.0,0.0,2384413.0,10367.0,2384413.0,10367.0,0.0,0.0,0.0,0.0,0.0,0.0,0.0,0.0,1043277.0,4536.0,1043277.0,4536.0,7200.0,31.0,7200.0,31.0,209143.0,909.0,209143.0,909.0,0.0,0.0,0.0,0.0,0.0,0.0,0.0,0.0,0.0,0.0,0.0,0.0,0.0,0.0,0.0,0.0,0.0,0.0,0.0,0.0,0.0,0.0,0.0,0.0,0.0,0.0,0.0,0.0
2025-26,budget filed with TEA (PEIMS),101912111,Bonham El,761,7956496.0,10455.0,7956496.0,10455.0,7193872.0,9453.0,7193872.0,9453.0,759024.0,997.0,759024.0,997.0,3600.0,5.0,3600.0,5.0,7952896.0,10451.0,7952896.0,10451.0,5913683.0,7771.0,5913683.0,7771.0,6378.0,8.0,6378.0,8.0,53217.0,70.0,53217.0,70.0,283039.0,372.0,283039.0,372.0,1039055.0,1365.0,1039055.0,1365.0,288592.0,379.0,288592.0,379.0,2278.0,3.0,2278.0,3.0,114319.0,150.0,114319.0,150.0,0.0,0.0,0.0,0.0,36080.0,47.0,36080.0,47.0,216255.0,284.0,216255.0,284.0,0.0,0.0,0.0,0.0,0.0,0.0,0.0,0.0,5915860.0,7774.0,5915860.0,7774.0,0.0,0.0,0.0,0.0,0.0,0.0,0.0,0.0,1193563.0,1568.0,1193563.0,1568.0,155199.0,204.0,155199.0,204.0,385660.0,507.0,385660.0,507.0,0.0,0.0,0.0,0.0,0.0,0.0,0.0,0.0,0.0,0.0,0.0,0.0,0.0,0.0,0.0,0.0,0.0,0.0,0.0,0.0,0.0,0.0,0.0,0.0,0.0,0.0,0.0,0.0
2025-26,budget filed with TEA (PEIMS),101912112,Bonner El,527,6478205.0,12293.0,6478205.0,12293.0,5846616.0,11094.0,5846616.0,11094.0,627993.0,1192.0,627993.0,1192.0,3596.0,7.0,3596.0,7.0,6474609.0,12286.0,6474609.0,12286.0,4883876.0,9267.0,4883876.0,9267.0,5655.0,11.0,5655.0,11.0,45149.0,86.0,45149.0,86.0,265143.0,503.0,265143.0,503.0,751153.0,1425.0,751153.0,1425.0,171090.0,325.0,171090.0,325.0,2153.0,4.0,2153.0,4.0,106788.0,203.0,106788.0,203.0,0.0,0.0,0.0,0.0,28435.0,54.0,28435.0,54.0,212167.0,403.0,212167.0,403.0,0.0,0.0,0.0,0.0,3000.0,6.0,3000.0,6.0,3873492.0,7350.0,3873492.0,7350.0,0.0,0.0,0.0,0.0,0.0,0.0,0.0,0.0,1574188.0,2987.0,1574188.0,2987.0,81649.0,155.0,81649.0,155.0,631661.0,1199.0,631661.0,1199.0,0.0,0.0,0.0,0.0,0.0,0.0,0.0,0.0,0.0,0.0,0.0,0.0,0.0,0.0,0.0,0.0,0.0,0.0,0.0,0.0,0.0,0.0,0.0,0.0,0.0,0.0,0.0,0.0
2025-26,budget filed with TEA (PEIMS),101912114,Braeburn El,751,6799692.0,9054.0,6799692.0,9054.0,6284120.0,8368.0,6284120.0,8368.0,504174.0,671.0,504174.0,671.0,11398.0,15.0,11398.0,15.0,6788294.0,9039.0,6788294.0,9039.0,4991519.0,6646.0,4991519.0,6646.0,105190.0,140.0,105190.0,140.0,54100.0,72.0,54100.0,72.0,269129.0,358.0,269129.0,358.0,832868.0,1109.0,832868.0,1109.0,150026.0,200.0,150026.0,200.0,132982.0,177.0,132982.0,177.0,95942.0,128.0,95942.0,128.0,0.0,0.0,0.0,0.0,0.0,0.0,0.0,0.0,111083.0,148.0,111083.0,148.0,0.0,0.0,0.0,0.0,45455.0,61.0,45455.0,61.0,3928791.0,5231.0,3928791.0,5231.0,2129.0,3.0,2129.0,3.0,0.0,0.0,0.0,0.0,1170816.0,1559.0,1170816.0,1559.0,347509.0,463.0,347509.0,463.0,474985.0,632.0,474985.0,632.0,0.0,0.0,0.0,0.0,0.0,0.0,0.0,0.0,0.0,0.0,0.0,0.0,70522.0,94.0,70522.0,94.0,0.0,0.0,0.0,0.0,0.0,0.0,0.0,0.0,0.0,0.0,0.0,0.0
2025-26,budget filed with TEA (PEIMS),101912116,Briargrove El,829,6872723.0,8290.0,6872723.0,8290.0,6211972.0,7493.0,6211972.0,7493.0,640321.0,772.0,640321.0,772.0,20430.0,25.0,20430.0,25.0,6852293.0,8266.0,6852293.0,8266.0,5280705.0,6370.0,5280705.0,6370.0,59520.0,72.0,59520.0,72.0,46754.0,56.0,46754.0,56.0,271340.0,327.0,271340.0,327.0,824765.0,995.0,824765.0,995.0,92111.0,111.0,92111.0,111.0,4133.0,5.0,4133.0,5.0,100782.0,122.0,100782.0,122.0,0.0,0.0,0.0,0.0,11258.0,14.0,11258.0,14.0,160925.0,194.0,160925.0,194.0,0.0,0.0,0.0,0.0,0.0,0.0,0.0,0.0,4319820.0,5211.0,4319820.0,5211.0,4369.0,5.0,4369.0,5.0,0.0,0.0,0.0,0.0,1000450.0,1207.0,1000450.0,1207.0,52671.0,64.0,52671.0,64.0,389402.0,470.0,389402.0,470.0,0.0,0.0,0.0,0.0,0.0,0.0,0.0,0.0,0.0,0.0,0.0,0.0,0.0,0.0,0.0,0.0,0.0,0.0,0.0,0.0,0.0,0.0,0.0,0.0,0.0,0.0,0.0,0.0
2025-26,budget filed with TEA (PEIMS),101912344,Briarmeadow Charter,621,5511419.0,8875.0,5511419.0,8875.0,5063442.0,8154.0,5063442.0,8154.0,418353.0,674.0,418353.0,674.0,29624.0,48.0,29624.0,48.0,5481795.0,8827.0,5481795.0,8827.0,3986736.0,6420.0,3986736.0,6420.0,97378.0,157.0,97378.0,157.0,46715.0,75.0,46715.0,75.0,244948.0,394.0,244948.0,394.0,723053.0,1164.0,723053.0,1164.0,146137.0,235.0,146137.0,235.0,1998.0,3.0,1998.0,3.0,96017.0,155.0,96017.0,155.0,0.0,0.0,0.0,0.0,6760.0,11.0,6760.0,11.0,131553.0,212.0,131553.0,212.0,500.0,1.0,500.0,1.0,0.0,0.0,0.0,0.0,3336022.0,5372.0,3336022.0,5372.0,10935.0,18.0,10935.0,18.0,0.0,0.0,0.0,0.0,1156072.0,1862.0,1156072.0,1862.0,116182.0,187.0,116182.0,187.0,580818.0,935.0,580818.0,935.0,0.0,0.0,0.0,0.0,0.0,0.0,0.0,0.0,0.0,0.0,0.0,0.0,97108.0,156.0,97108.0,156.0,0.0,0.0,0.0,0.0,0.0,0.0,0.0,0.0,0.0,0.0,0.0,0.0
2025-26,budget filed with TEA (PEIMS),101912117,Briscoe El,178,2924574.0,16430.0,2924574.0,16430.0,2656763.0,14926.0,2656763.0,14926.0,260826.0,1465.0,260826.0,1465.0,6985.0,39.0,6985.0,39.0,2917589.0,16391.0,2917589.0,16391.0,2062489.0,11587.0,2062489.0,11587.0,3212.0,18.0,3212.0,18.0,18261.0,103.0,18261.0,103.0,131581.0,739.0,131581.0,739.0,436064.0,2450.0,436064.0,2450.0,93839.0,527.0,93839.0,527.0,1832.0,10.0,1832.0,10.0,82296.0,462.0,82296.0,462.0,0.0,0.0,0.0,0.0,0.0,0.0,0.0,0.0,88015.0,494.0,88015.0,494.0,0.0,0.0,0.0,0.0,0.0,0.0,0.0,0.0,1445527.0,8121.0,1445527.0,8121.0,886.0,5.0,886.0,5.0,0.0,0.0,0.0,0.0,966442.0,5429.0,966442.0,5429.0,17245.0,97.0,17245.0,97.0,246768.0,1386.0,246768.0,1386.0,0.0,0.0,0.0,0.0,0.0,0.0,0.0,0.0,0.0,0.0,0.0,0.0,0.0,0.0,0.0,0.0,0.0,0.0,0.0,0.0,0.0,0.0,0.0,0.0,0.0,0.0,0.0,0.0
2025-26,budget filed with TEA (PEIMS),101912119,Brookline El,515,5669966.0,11010.0,5669966.0,11010.0,5122782.0,9947.0,5122782.0,9947.0,544225.0,1057.0,544225.0,1057.0,2959.0,6.0,2959.0,6.0,5667007.0,11004.0,5667007.0,11004.0,4214738.0,8184.0,4214738.0,8184.0,4812.0,9.0,4812.0,9.0,36260.0,70.0,36260.0,70.0,223987.0,435.0,223987.0,435.0,734811.0,1427.0,734811.0,1427.0,170869.0,332.0,170869.0,332.0,1800.0,3.0,1800.0,3.0,103459.0,201.0,103459.0,201.0,0.0,0.0,0.0,0.0,29040.0,56.0,29040.0,56.0,147231.0,286.0,147231.0,286.0,0.0,0.0,0.0,0.0,0.0,0.0,0.0,0.0,3610904.0,7011.0,3610904.0,7011.0,0.0,0.0,0.0,0.0,0.0,0.0,0.0,0.0,1064874.0,2068.0,1064874.0,2068.0,80149.0,156.0,80149.0,156.0,656778.0,1275.0,656778.0,1275.0,0.0,0.0,0.0,0.0,0.0,0.0,0.0,0.0,0.0,0.0,0.0,0.0,0.0,0.0,0.0,0.0,0.0,0.0,0.0,0.0,0.0,0.0,0.0,0.0,0.0,0.0,0.0,0.0
2025-26,budget filed with TEA (PEIMS),101912120,Browning El,317,3533058.0,11145.0,3533058.0,11145.0,3199277.0,10092.0,3199277.0,10092.0,332138.0,1048.0,332138.0,1048.0,1643.0,5.0,1643.0,5.0,3531415.0,11140.0,3531415.0,11140.0,2562093.0,8082.0,2562093.0,8082.0,3008.0,9.0,3008.0,9.0,24017.0,76.0,24017.0,76.0,139835.0,441.0,139835.0,441.0,471899.0,1489.0,471899.0,1489.0,131085.0,414.0,131085.0,414.0,1059.0,3.0,1059.0,3.0,95803.0,302.0,95803.0,302.0,0.0,0.0,0.0,0.0,16775.0,53.0,16775.0,53.0,85841.0,271.0,85841.0,271.0,0.0,0.0,0.0,0.0,0.0,0.0,0.0,0.0,2262435.0,7137.0,2262435.0,7137.0,0.0,0.0,0.0,0.0,0.0,0.0,0.0,0.0,676823.0,2135.0,676823.0,2135.0,6900.0,22.0,6900.0,22.0,404610.0,1276.0,404610.0,1276.0,0.0,0.0,0.0,0.0,0.0,0.0,0.0,0.0,0.0,0.0,0.0,0.0,0.0,0.0,0.0,0.0,0.0,0.0,0.0,0.0,0.0,0.0,0.0,0.0,0.0,0.0,0.0,0.0
2025-26,budget filed with TEA (PEIMS),101912121,Bruce El,293,3509732.0,11979.0,3509732.0,11979.0,3079538.0,10510.0,3079538.0,10510.0,412338.0,1407.0,412338.0,1407.0,17856.0,61.0,17856.0,61.0,3491876.0,11918.0,3491876.0,11918.0,2462119.0,8403.0,2462119.0,8403.0,2526.0,9.0,2526.0,9.0,21968.0,75.0,21968.0,75.0,119195.0,407.0,119195.0,407.0,454211.0,1550.0,454211.0,1550.0,133957.0,457.0,133957.0,457.0,931.0,3.0,931.0,3.0,97203.0,332.0,97203.0,332.0,0.0,0.0,0.0,0.0,13970.0,48.0,13970.0,48.0,185796.0,634.0,185796.0,634.0,0.0,0.0,0.0,0.0,0.0,0.0,0.0,0.0,2101772.0,7173.0,2101772.0,7173.0,0.0,0.0,0.0,0.0,0.0,0.0,0.0,0.0,743129.0,2536.0,743129.0,2536.0,6000.0,20.0,6000.0,20.0,371192.0,1267.0,371192.0,1267.0,0.0,0.0,0.0,0.0,0.0,0.0,0.0,0.0,0.0,0.0,0.0,0.0,0.0,0.0,0.0,0.0,0.0,0.0,0.0,0.0,0.0,0.0,0.0,0.0,0.0,0.0,0.0,0.0
2025-26,budget filed with TEA (PEIMS),101912122,Burbank El,689,6706795.0,9734.0,6706795.0,9734.0,6114072.0,8874.0,6114072.0,8874.0,581863.0,845.0,581863.0,845.0,10860.0,16.0,10860.0,16.0,6695935.0,9718.0,6695935.0,9718.0,4883322.0,7088.0,4883322.0,7088.0,89891.0,130.0,89891.0,130.0,234852.0,341.0,234852.0,341.0,272423.0,395.0,272423.0,395.0,788133.0,1144.0,788133.0,1144.0,181280.0,263.0,181280.0,263.0,2851.0,4.0,2851.0,4.0,109612.0,159.0,109612.0,159.0,0.0,0.0,0.0,0.0,0.0,0.0,0.0,0.0,126571.0,184.0,126571.0,184.0,7000.0,10.0,7000.0,10.0,0.0,0.0,0.0,0.0,3781775.0,5489.0,3781775.0,5489.0,768.0,1.0,768.0,1.0,0.0,0.0,0.0,0.0,1599429.0,2321.0,1599429.0,2321.0,296357.0,430.0,296357.0,430.0,515505.0,748.0,515505.0,748.0,0.0,0.0,0.0,0.0,0.0,0.0,0.0,0.0,0.0,0.0,0.0,0.0,0.0,0.0,0.0,0.0,0.0,0.0,0.0,0.0,0.0,0.0,0.0,0.0,0.0,0.0,0.0,0.0
2025-26,budget filed with TEA (PEIMS),101912043,Burbank Middle,1301,11079571.0,8516.0,11079571.0,8516.0,9757633.0,7500.0,9757633.0,7500.0,1172875.0,902.0,1172875.0,902.0,149063.0,115.0,149063.0,115.0,10930508.0,8402.0,10930508.0,8402.0,7720615.0,5934.0,7720615.0,5934.0,10403.0,8.0,10403.0,8.0,115564.0,89.0,115564.0,89.0,382478.0,294.0,382478.0,294.0,1607725.0,1236.0,1607725.0,1236.0,378059.0,291.0,378059.0,291.0,4978.0,4.0,4978.0,4.0,82178.0,63.0,82178.0,63.0,0.0,0.0,0.0,0.0,57848.0,44.0,57848.0,44.0,449052.0,345.0,449052.0,345.0,32000.0,25.0,32000.0,25.0,85608.0,66.0,85608.0,66.0,7670427.0,5896.0,7670427.0,5896.0,71955.0,55.0,71955.0,55.0,64390.0,49.0,64390.0,49.0,1667942.0,1282.0,1667942.0,1282.0,247078.0,190.0,247078.0,190.0,0.0,0.0,0.0,0.0,0.0,0.0,0.0,0.0,0.0,0.0,0.0,0.0,0.0,0.0,0.0,0.0,0.0,0.0,0.0,0.0,0.0,0.0,0.0,0.0,0.0,0.0,0.0,0.0,0.0,0.0,0.0,0.0
2025-26,budget filed with TEA (PEIMS),101912124,Burnet El,307,3511474.0,11438.0,3511474.0,11438.0,2980918.0,9710.0,2980918.0,9710.0,525931.0,1713.0,525931.0,1713.0,4625.0,15.0,4625.0,15.0,3506849.0,11423.0,3506849.0,11423.0,2365647.0,7706.0,2365647.0,7706.0,4221.0,14.0,4221.0,14.0,42857.0,140.0,42857.0,140.0,128368.0,418.0,128368.0,418.0,477922.0,1557.0,477922.0,1557.0,101097.0,329.0,101097.0,329.0,2948.0,10.0,2948.0,10.0,34821.0,113.0,34821.0,113.0,0.0,0.0,0.0,0.0,1050.0,3.0,1050.0,3.0,323814.0,1055.0,323814.0,1055.0,0.0,0.0,0.0,0.0,0.0,0.0,0.0,0.0,1814695.0,5911.0,1814695.0,5911.0,1460.0,5.0,1460.0,5.0,0.0,0.0,0.0,0.0,504194.0,1642.0,504194.0,1642.0,455408.0,1483.0,455408.0,1483.0,0.0,0.0,0.0,0.0,0.0,0.0,0.0,0.0,0.0,0.0,0.0,0.0,0.0,0.0,0.0,0.0,0.0,0.0,0.0,0.0,0.0,0.0,0.0,0.0,0.0,0.0,0.0,0.0,0.0,0.0,0.0,0.0
2025-26,budget filed with TEA (PEIMS),101912125,Burrus El,170,3068380.0,18049.0,3068380.0,18049.0,2804586.0,16498.0,2804586.0,16498.0,258480.0,1520.0,258480.0,1520.0,5314.0,31.0,5314.0,31.0,3063066.0,18018.0,3063066.0,18018.0,2215819.0,13034.0,2215819.0,13034.0,1926.0,11.0,1926.0,11.0,16110.0,95.0,16110.0,95.0,90520.0,532.0,90520.0,532.0,424411.0,2497.0,424411.0,2497.0,123274.0,725.0,123274.0,725.0,706.0,4.0,706.0,4.0,92596.0,545.0,92596.0,545.0,0.0,0.0,0.0,0.0,10175.0,60.0,10175.0,60.0,87529.0,515.0,87529.0,515.0,0.0,0.0,0.0,0.0,0.0,0.0,0.0,0.0,2025188.0,11913.0,2025188.0,11913.0,0.0,0.0,0.0,0.0,0.0,0.0,0.0,0.0,582090.0,3424.0,582090.0,3424.0,5400.0,32.0,5400.0,32.0,282667.0,1663.0,282667.0,1663.0,0.0,0.0,0.0,0.0,0.0,0.0,0.0,0.0,0.0,0.0,0.0,0.0,0.0,0.0,0.0,0.0,0.0,0.0,0.0,0.0,0.0,0.0,0.0,0.0,0.0,0.0,0.0,0.0
2025-26,budget filed with TEA (PEIMS),101912275,Bush El,680,5599226.0,8234.0,5599226.0,8234.0,4972855.0,7313.0,4972855.0,7313.0,616698.0,907.0,616698.0,907.0,9673.0,14.0,9673.0,14.0,5589553.0,8220.0,5589553.0,8220.0,4123518.0,6064.0,4123518.0,6064.0,97856.0,144.0,97856.0,144.0,41676.0,61.0,41676.0,61.0,237841.0,350.0,237841.0,350.0,655876.0,965.0,655876.0,965.0,153647.0,226.0,153647.0,226.0,2497.0,4.0,2497.0,4.0,103219.0,152.0,103219.0,152.0,0.0,0.0,0.0,0.0,1300.0,2.0,1300.0,2.0,168123.0,247.0,168123.0,247.0,4000.0,6.0,4000.0,6.0,0.0,0.0,0.0,0.0,3808542.0,5601.0,3808542.0,5601.0,58032.0,85.0,58032.0,85.0,0.0,0.0,0.0,0.0,797744.0,1173.0,797744.0,1173.0,125501.0,185.0,125501.0,185.0,404926.0,595.0,404926.0,595.0,0.0,0.0,0.0,0.0,0.0,0.0,0.0,0.0,0.0,0.0,0.0,0.0,17025.0,25.0,17025.0,25.0,0.0,0.0,0.0,0.0,0.0,0.0,0.0,0.0,0.0,0.0,0.0,0.0
2025-26,budget filed with TEA (PEIMS),101912287,Cage El,310,4314716.0,13918.0,4314716.0,13918.0,3865355.0,12469.0,3865355.0,12469.0,446942.0,1442.0,446942.0,1442.0,2419.0,8.0,2419.0,8.0,4312297.0,13911.0,4312297.0,13911.0,3138492.0,10124.0,3138492.0,10124.0,3610.0,12.0,3610.0,12.0,26742.0,86.0,26742.0,86.0,172886.0,558.0,172886.0,558.0,560979.0,1810.0,560979.0,1810.0,150844.0,487.0,150844.0,487.0,1416.0,5.0,1416.0,5.0,99628.0,321.0,99628.0,321.0,0.0,0.0,0.0,0.0,16555.0,53.0,16555.0,53.0,141145.0,455.0,141145.0,455.0,0.0,0.0,0.0,0.0,0.0,0.0,0.0,0.0,2580889.0,8325.0,2580889.0,8325.0,0.0,0.0,0.0,0.0,0.0,0.0,0.0,0.0,1045796.0,3374.0,1045796.0,3374.0,7500.0,24.0,7500.0,24.0,450395.0,1453.0,450395.0,1453.0,0.0,0.0,0.0,0.0,0.0,0.0,0.0,0.0,0.0,0.0,0.0,0.0,0.0,0.0,0.0,0.0,0.0,0.0,0.0,0.0,0.0,0.0,0.0,0.0,0.0,0.0,0.0,0.0
2025-26,budget filed with TEA (PEIMS),101912322,Carnegie Vanguard H S,874,6509517.0,7448.0,6509517.0,7448.0,5582847.0,6388.0,5582847.0,6388.0,860221.0,984.0,860221.0,984.0,66449.0,76.0,66449.0,76.0,6443068.0,7372.0,6443068.0,7372.0,3782963.0,4328.0,3782963.0,4328.0,70867.0,81.0,70867.0,81.0,107767.0,123.0,107767.0,123.0,194859.0,223.0,194859.0,223.0,1114963.0,1276.0,1114963.0,1276.0,560222.0,641.0,560222.0,641.0,1176.0,1.0,1176.0,1.0,104397.0,119.0,104397.0,119.0,0.0,0.0,0.0,0.0,195619.0,224.0,195619.0,224.0,153048.0,175.0,153048.0,175.0,13001.0,15.0,13001.0,15.0,144186.0,165.0,144186.0,165.0,1657633.0,1897.0,1657633.0,1897.0,3876839.0,4436.0,3876839.0,4436.0,290137.0,332.0,290137.0,332.0,39496.0,45.0,39496.0,45.0,4147.0,5.0,4147.0,5.0,0.0,0.0,0.0,0.0,0.0,0.0,0.0,0.0,0.0,0.0,0.0,0.0,0.0,0.0,0.0,0.0,5118.0,6.0,5118.0,6.0,0.0,0.0,0.0,0.0,0.0,0.0,0.0,0.0,0.0,0.0,0.0,0.0
2025-26,budget filed with TEA (PEIMS),101912292,Carrillo El,302,3791980.0,12556.0,3791980.0,12556.0,3331426.0,11031.0,3331426.0,11031.0,454973.0,1507.0,454973.0,1507.0,5581.0,18.0,5581.0,18.0,3786399.0,12538.0,3786399.0,12538.0,2594508.0,8591.0,2594508.0,8591.0,3006.0,10.0,3006.0,10.0,109789.0,364.0,109789.0,364.0,133108.0,441.0,133108.0,441.0,508237.0,1683.0,508237.0,1683.0,150242.0,497.0,150242.0,497.0,1188.0,4.0,1188.0,4.0,83742.0,277.0,83742.0,277.0,0.0,0.0,0.0,0.0,750.0,2.0,750.0,2.0,146814.0,486.0,146814.0,486.0,0.0,0.0,0.0,0.0,55015.0,182.0,55015.0,182.0,2413922.0,7993.0,2413922.0,7993.0,4189.0,14.0,4189.0,14.0,0.0,0.0,0.0,0.0,852163.0,2822.0,852163.0,2822.0,27885.0,92.0,27885.0,92.0,137578.0,456.0,137578.0,456.0,0.0,0.0,0.0,0.0,0.0,0.0,0.0,0.0,0.0,0.0,0.0,0.0,0.0,0.0,0.0,0.0,0.0,0.0,0.0,0.0,0.0,0.0,0.0,0.0,0.0,0.0,0.0,0.0
2025-26,budget filed with TEA (PEIMS),101912323,Challenge Early College H S,485,3862198.0,7963.0,3862198.0,7963.0,3538616.0,7296.0,3538616.0,7296.0,315225.0,650.0,315225.0,650.0,8357.0,17.0,8357.0,17.0,3853841.0,7946.0,3853841.0,7946.0,2206664.0,4550.0,2206664.0,4550.0,4220.0,9.0,4220.0,9.0,107324.0,221.0,107324.0,221.0,123426.0,254.0,123426.0,254.0,976170.0,2013.0,976170.0,2013.0,187847.0,387.0,187847.0,387.0,20851.0,43.0,20851.0,43.0,89362.0,184.0,89362.0,184.0,0.0,0.0,0.0,0.0,26030.0,54.0,26030.0,54.0,48524.0,100.0,48524.0,100.0,500.0,1.0,500.0,1.0,62923.0,130.0,62923.0,130.0,2601611.0,5364.0,2601611.0,5364.0,226.0,0.0,226.0,0.0,349708.0,721.0,349708.0,721.0,39112.0,81.0,39112.0,81.0,15604.0,32.0,15604.0,32.0,0.0,0.0,0.0,0.0,0.0,0.0,0.0,0.0,0.0,0.0,0.0,0.0,0.0,0.0,0.0,0.0,0.0,0.0,0.0,0.0,0.0,0.0,0.0,0.0,0.0,0.0,0.0,0.0,0.0,0.0,0.0,0.0
2025-26,budget filed with TEA (PEIMS),101912027,ChavezH S,1570,15307748.0,9750.0,15333321.0,9766.0,13309185.0,8477.0,13334758.0,8493.0,1974854.0,1258.0,1974854.0,1258.0,23709.0,15.0,23709.0,15.0,15284039.0,9735.0,15309612.0,9751.0,9628580.0,6133.0,9628580.0,6133.0,14009.0,9.0,14009.0,9.0,156179.0,99.0,156179.0,99.0,1239600.0,790.0,1239600.0,790.0,2258566.0,1439.0,2258566.0,1439.0,653336.0,416.0,653336.0,416.0,112938.0,72.0,112938.0,72.0,110354.0,70.0,110354.0,70.0,0.0,0.0,25573.0,16.0,225544.0,144.0,225544.0,144.0,735436.0,468.0,735436.0,468.0,86574.0,55.0,86574.0,55.0,62923.0,40.0,62923.0,40.0,6711424.0,4275.0,6711424.0,4275.0,83.0,0.0,83.0,0.0,2708335.0,1725.0,2708335.0,1725.0,2751146.0,1752.0,2751146.0,1752.0,139332.0,89.0,139332.0,89.0,0.0,0.0,0.0,0.0,0.0,0.0,0.0,0.0,898542.0,572.0,898542.0,572.0,0.0,0.0,0.0,0.0,0.0,0.0,0.0,0.0,0.0,0.0,0.0,0.0,0.0,0.0,0.0,0.0,0.0,0.0,0.0,0.0
2025-26,budget filed with TEA (PEIMS),101912048,Clifton Middle,288,4907848.0,17041.0,4907848.0,17041.0,4341176.0,15074.0,4341176.0,15074.0,534147.0,1855.0,534147.0,1855.0,32525.0,113.0,32525.0,113.0,4875323.0,16928.0,4875323.0,16928.0,3316868.0,11517.0,3316868.0,11517.0,2526.0,9.0,2526.0,9.0,11419.0,40.0,11419.0,40.0,122478.0,425.0,122478.0,425.0,839340.0,2914.0,839340.0,2914.0,158445.0,550.0,158445.0,550.0,1194.0,4.0,1194.0,4.0,96996.0,337.0,96996.0,337.0,0.0,0.0,0.0,0.0,130121.0,452.0,130121.0,452.0,195936.0,680.0,195936.0,680.0,0.0,0.0,0.0,0.0,0.0,0.0,0.0,0.0,2973489.0,10325.0,2973489.0,10325.0,0.0,0.0,0.0,0.0,0.0,0.0,0.0,0.0,1365827.0,4742.0,1365827.0,4742.0,138699.0,482.0,138699.0,482.0,0.0,0.0,0.0,0.0,0.0,0.0,0.0,0.0,0.0,0.0,0.0,0.0,0.0,0.0,0.0,0.0,0.0,0.0,0.0,0.0,0.0,0.0,0.0,0.0,0.0,0.0,0.0,0.0,0.0,0.0,0.0,0.0
2025-26,budget filed with TEA (PEIMS),101912123,CodwellEl,361,4051539.0,11223.0,4051539.0,11223.0,3659043.0,10136.0,3659043.0,10136.0,389704.0,1080.0,389704.0,1080.0,2792.0,8.0,2792.0,8.0,4048747.0,11215.0,4048747.0,11215.0,3031318.0,8397.0,3031318.0,8397.0,3587.0,10.0,3587.0,10.0,26199.0,73.0,26199.0,73.0,173393.0,480.0,173393.0,480.0,458622.0,1270.0,458622.0,1270.0,156983.0,435.0,156983.0,435.0,1615.0,4.0,1615.0,4.0,101263.0,281.0,101263.0,281.0,0.0,0.0,0.0,0.0,21680.0,60.0,21680.0,60.0,73587.0,204.0,73587.0,204.0,500.0,1.0,500.0,1.0,0.0,0.0,0.0,0.0,2376550.0,6583.0,2376550.0,6583.0,3750.0,10.0,3750.0,10.0,0.0,0.0,0.0,0.0,1188288.0,3292.0,1188288.0,3292.0,7500.0,21.0,7500.0,21.0,284122.0,787.0,284122.0,787.0,0.0,0.0,0.0,0.0,0.0,0.0,0.0,0.0,0.0,0.0,0.0,0.0,0.0,0.0,0.0,0.0,0.0,0.0,0.0,0.0,0.0,0.0,0.0,0.0,0.0,0.0,0.0,0.0
2025-26,budget filed with TEA (PEIMS),101912013,Community Services-Sec,109,6374538.0,58482.0,6374538.0,58482.0,5243630.0,48107.0,5243630.0,48107.0,1090486.0,10004.0,1090486.0,10004.0,40422.0,371.0,40422.0,371.0,6334116.0,58111.0,6334116.0,58111.0,4924408.0,45178.0,4924408.0,45178.0,4863.0,45.0,4863.0,45.0,31273.0,287.0,31273.0,287.0,225249.0,2067.0,225249.0,2067.0,912902.0,8375.0,912902.0,8375.0,80625.0,740.0,80625.0,740.0,2302.0,21.0,2302.0,21.0,122785.0,1126.0,122785.0,1126.0,0.0,0.0,0.0,0.0,0.0,0.0,0.0,0.0,27569.0,253.0,27569.0,253.0,100.0,1.0,100.0,1.0,2040.0,19.0,2040.0,19.0,265069.0,2432.0,265069.0,2432.0,0.0,0.0,0.0,0.0,0.0,0.0,0.0,0.0,1769501.0,16234.0,1769501.0,16234.0,0.0,0.0,0.0,0.0,0.0,0.0,0.0,0.0,0.0,0.0,0.0,0.0,0.0,0.0,0.0,0.0,0.0,0.0,0.0,0.0,1090334.0,10003.0,1090334.0,10003.0,0.0,0.0,0.0,0.0,3179503.0,29170.0,3179503.0,29170.0,0.0,0.0,0.0,0.0
2025-26,budget filed with TEA (PEIMS),101912130,Condit El,724,6318020.0,8727.0,6318020.0,8727.0,6039427.0,8342.0,6039427.0,8342.0,271950.0,376.0,271950.0,376.0,6643.0,9.0,6643.0,9.0,6311377.0,8717.0,6311377.0,8717.0,4862776.0,6717.0,4862776.0,6717.0,99294.0,137.0,99294.0,137.0,39176.0,54.0,39176.0,54.0,243048.0,336.0,243048.0,336.0,673750.0,931.0,673750.0,931.0,142621.0,197.0,142621.0,197.0,64929.0,90.0,64929.0,90.0,90104.0,124.0,90104.0,124.0,0.0,0.0,0.0,0.0,1650.0,2.0,1650.0,2.0,94029.0,130.0,94029.0,130.0,0.0,0.0,0.0,0.0,0.0,0.0,0.0,0.0,4268952.0,5896.0,4268952.0,5896.0,25434.0,35.0,25434.0,35.0,0.0,0.0,0.0,0.0,1096097.0,1514.0,1096097.0,1514.0,195131.0,270.0,195131.0,270.0,163251.0,225.0,163251.0,225.0,0.0,0.0,0.0,0.0,0.0,0.0,0.0,0.0,0.0,0.0,0.0,0.0,105575.0,146.0,105575.0,146.0,0.0,0.0,0.0,0.0,0.0,0.0,0.0,0.0,0.0,0.0,0.0,0.0
2025-26,budget filed with TEA (PEIMS),101912358,Cook Jr El,451,5231123.0,11599.0,5231123.0,11599.0,4672622.0,10361.0,4672622.0,10361.0,555271.0,1231.0,555271.0,1231.0,3230.0,7.0,3230.0,7.0,5227893.0,11592.0,5227893.0,11592.0,3889683.0,8625.0,3889683.0,8625.0,4437.0,10.0,4437.0,10.0,32483.0,72.0,32483.0,72.0,213894.0,474.0,213894.0,474.0,651280.0,1444.0,651280.0,1444.0,160193.0,355.0,160193.0,355.0,1823.0,4.0,1823.0,4.0,71755.0,159.0,71755.0,159.0,0.0,0.0,0.0,0.0,24805.0,55.0,24805.0,55.0,177540.0,394.0,177540.0,394.0,0.0,0.0,0.0,0.0,0.0,0.0,0.0,0.0,3372415.0,7478.0,3372415.0,7478.0,0.0,0.0,0.0,0.0,0.0,0.0,0.0,0.0,1181411.0,2620.0,1181411.0,2620.0,9600.0,21.0,9600.0,21.0,392105.0,869.0,392105.0,869.0,0.0,0.0,0.0,0.0,0.0,0.0,0.0,0.0,0.0,0.0,0.0,0.0,0.0,0.0,0.0,0.0,0.0,0.0,0.0,0.0,0.0,0.0,0.0,0.0,0.0,0.0,0.0,0.0
2025-26,budget filed with TEA (PEIMS),101912132,Coop El,531,5727451.0,10786.0,5727451.0,10786.0,5142007.0,9684.0,5142007.0,9684.0,557522.0,1050.0,557522.0,1050.0,27922.0,53.0,27922.0,53.0,5699529.0,10734.0,5699529.0,10734.0,4258647.0,8020.0,4258647.0,8020.0,5172.0,10.0,5172.0,10.0,42882.0,81.0,42882.0,81.0,237408.0,447.0,237408.0,447.0,666704.0,1256.0,666704.0,1256.0,168462.0,317.0,168462.0,317.0,1895.0,4.0,1895.0,4.0,95509.0,180.0,95509.0,180.0,0.0,0.0,0.0,0.0,27555.0,52.0,27555.0,52.0,188555.0,355.0,188555.0,355.0,6740.0,13.0,6740.0,13.0,0.0,0.0,0.0,0.0,3875785.0,7299.0,3875785.0,7299.0,0.0,0.0,0.0,0.0,0.0,0.0,0.0,0.0,956202.0,1801.0,956202.0,1801.0,10800.0,20.0,10800.0,20.0,563875.0,1062.0,563875.0,1062.0,0.0,0.0,0.0,0.0,0.0,0.0,0.0,0.0,0.0,0.0,0.0,0.0,0.0,0.0,0.0,0.0,0.0,0.0,0.0,0.0,0.0,0.0,0.0,0.0,0.0,0.0,0.0,0.0
2025-26,budget filed with TEA (PEIMS),101912133,Cornelius El,720,6056649.0,8412.0,6056649.0,8412.0,5591491.0,7766.0,5591491.0,7766.0,452235.0,628.0,452235.0,628.0,12923.0,18.0,12923.0,18.0,6043726.0,8394.0,6043726.0,8394.0,4130515.0,5737.0,4130515.0,5737.0,106731.0,148.0,106731.0,148.0,72988.0,101.0,72988.0,101.0,252725.0,351.0,252725.0,351.0,1007324.0,1399.0,1007324.0,1399.0,166173.0,231.0,166173.0,231.0,3072.0,4.0,3072.0,4.0,87826.0,122.0,87826.0,122.0,0.0,0.0,0.0,0.0,24000.0,33.0,24000.0,33.0,135516.0,188.0,135516.0,188.0,0.0,0.0,0.0,0.0,56856.0,79.0,56856.0,79.0,4009261.0,5568.0,4009261.0,5568.0,4107.0,6.0,4107.0,6.0,0.0,0.0,0.0,0.0,607396.0,844.0,607396.0,844.0,388899.0,540.0,388899.0,540.0,445459.0,619.0,445459.0,619.0,0.0,0.0,0.0,0.0,0.0,0.0,0.0,0.0,0.0,0.0,0.0,0.0,0.0,0.0,0.0,0.0,0.0,0.0,0.0,0.0,0.0,0.0,0.0,0.0,0.0,0.0,0.0,0.0
2025-26,budget filed with TEA (PEIMS),101912290,Crespo El,507,5019263.0,9900.0,5019263.0,9900.0,4419743.0,8717.0,4419743.0,8717.0,592228.0,1168.0,592228.0,1168.0,7292.0,14.0,7292.0,14.0,5011971.0,9886.0,5011971.0,9886.0,3628001.0,7156.0,3628001.0,7156.0,4898.0,10.0,4898.0,10.0,54011.0,107.0,54011.0,107.0,204722.0,404.0,204722.0,404.0,642940.0,1268.0,642940.0,1268.0,172324.0,340.0,172324.0,340.0,2147.0,4.0,2147.0,4.0,92029.0,182.0,92029.0,182.0,0.0,0.0,0.0,0.0,16200.0,32.0,16200.0,32.0,154182.0,304.0,154182.0,304.0,7100.0,14.0,7100.0,14.0,33417.0,66.0,33417.0,66.0,3164887.0,6242.0,3164887.0,6242.0,2937.0,6.0,2937.0,6.0,0.0,0.0,0.0,0.0,656949.0,1296.0,656949.0,1296.0,289829.0,572.0,289829.0,572.0,431186.0,850.0,431186.0,850.0,0.0,0.0,0.0,0.0,0.0,0.0,0.0,0.0,0.0,0.0,0.0,0.0,0.0,0.0,0.0,0.0,0.0,0.0,0.0,0.0,0.0,0.0,0.0,0.0,0.0,0.0,0.0,0.0
2025-26,budget filed with TEA (PEIMS),101912135,Crockett El,447,4731054.0,10584.0,4731054.0,10584.0,4300683.0,9621.0,4300683.0,9621.0,397577.0,889.0,397577.0,889.0,32794.0,73.0,32794.0,73.0,4698260.0,10511.0,4698260.0,10511.0,3578924.0,8007.0,3578924.0,8007.0,3730.0,8.0,3730.0,8.0,25177.0,56.0,25177.0,56.0,160448.0,359.0,160448.0,359.0,587117.0,1313.0,587117.0,1313.0,134703.0,301.0,134703.0,301.0,1184.0,3.0,1184.0,3.0,88853.0,199.0,88853.0,199.0,0.0,0.0,0.0,0.0,24475.0,55.0,24475.0,55.0,93649.0,210.0,93649.0,210.0,0.0,0.0,0.0,0.0,0.0,0.0,0.0,0.0,3544106.0,7929.0,3544106.0,7929.0,0.0,0.0,0.0,0.0,0.0,0.0,0.0,0.0,626131.0,1401.0,626131.0,1401.0,9000.0,20.0,9000.0,20.0,322868.0,722.0,322868.0,722.0,0.0,0.0,0.0,0.0,0.0,0.0,0.0,0.0,0.0,0.0,0.0,0.0,0.0,0.0,0.0,0.0,0.0,0.0,0.0,0.0,0.0,0.0,0.0,0.0,0.0,0.0,0.0,0.0
2025-26,budget filed with TEA (PEIMS),101912044,Cullen Middle,318,6006383.0,18888.0,6006383.0,18888.0,5290497.0,16637.0,5290497.0,16637.0,711327.0,2237.0,711327.0,2237.0,4559.0,14.0,4559.0,14.0,6001824.0,18874.0,6001824.0,18874.0,4188553.0,13172.0,4188553.0,13172.0,4572.0,14.0,4572.0,14.0,22568.0,71.0,22568.0,71.0,223490.0,703.0,223490.0,703.0,932965.0,2934.0,932965.0,2934.0,188112.0,592.0,188112.0,592.0,2196.0,7.0,2196.0,7.0,75482.0,237.0,75482.0,237.0,0.0,0.0,0.0,0.0,123684.0,389.0,123684.0,389.0,239902.0,754.0,239902.0,754.0,300.0,1.0,300.0,1.0,0.0,0.0,0.0,0.0,3276631.0,10304.0,3276631.0,10304.0,0.0,0.0,0.0,0.0,0.0,0.0,0.0,0.0,2104922.0,6619.0,2104922.0,6619.0,69349.0,218.0,69349.0,218.0,0.0,0.0,0.0,0.0,0.0,0.0,0.0,0.0,47000.0,148.0,47000.0,148.0,0.0,0.0,0.0,0.0,0.0,0.0,0.0,0.0,0.0,0.0,0.0,0.0,0.0,0.0,0.0,0.0,0.0,0.0,0.0,0.0
2025-26,budget filed with TEA (PEIMS),101912136,Cunningham El,523,4942062.0,9449.0,4942062.0,9449.0,4509448.0,8622.0,4509448.0,8622.0,428855.0,820.0,428855.0,820.0,3759.0,7.0,3759.0,7.0,4938303.0,9442.0,4938303.0,9442.0,3604598.0,6892.0,3604598.0,6892.0,8047.0,15.0,8047.0,15.0,41946.0,80.0,41946.0,80.0,202215.0,387.0,202215.0,387.0,651145.0,1245.0,651145.0,1245.0,168518.0,322.0,168518.0,322.0,3791.0,7.0,3791.0,7.0,109602.0,210.0,109602.0,210.0,0.0,0.0,0.0,0.0,200.0,0.0,200.0,0.0,147491.0,282.0,147491.0,282.0,750.0,1.0,750.0,1.0,0.0,0.0,0.0,0.0,2336860.0,4468.0,2336860.0,4468.0,2255.0,4.0,2255.0,4.0,0.0,0.0,0.0,0.0,1341829.0,2566.0,1341829.0,2566.0,140381.0,268.0,140381.0,268.0,334250.0,639.0,334250.0,639.0,0.0,0.0,0.0,0.0,0.0,0.0,0.0,0.0,0.0,0.0,0.0,0.0,34619.0,66.0,34619.0,66.0,0.0,0.0,0.0,0.0,0.0,0.0,0.0,0.0,0.0,0.0,0.0,0.0
2025-26,budget filed with TEA (PEIMS),101912297,Davila El,408,4482320.0,10986.0,4482320.0,10986.0,4047842.0,9921.0,4047842.0,9921.0,405415.0,994.0,405415.0,994.0,29063.0,71.0,29063.0,71.0,4453257.0,10915.0,4453257.0,10915.0,2979913.0,7304.0,2979913.0,7304.0,100894.0,247.0,100894.0,247.0,99483.0,244.0,99483.0,244.0,173243.0,425.0,173243.0,425.0,695996.0,1706.0,695996.0,1706.0,152209.0,373.0,152209.0,373.0,2793.0,7.0,2793.0,7.0,100859.0,247.0,100859.0,247.0,0.0,0.0,0.0,0.0,3000.0,7.0,3000.0,7.0,98103.0,240.0,98103.0,240.0,2000.0,5.0,2000.0,5.0,44764.0,110.0,44764.0,110.0,2230355.0,5467.0,2230355.0,5467.0,2335.0,6.0,2335.0,6.0,0.0,0.0,0.0,0.0,1126758.0,2762.0,1126758.0,2762.0,121427.0,298.0,121427.0,298.0,387273.0,949.0,387273.0,949.0,0.0,0.0,0.0,0.0,0.0,0.0,0.0,0.0,0.0,0.0,0.0,0.0,0.0,0.0,0.0,0.0,0.0,0.0,0.0,0.0,0.0,0.0,0.0,0.0,0.0,0.0,0.0,0.0
2025-26,budget filed with TEA (PEIMS),101912137,De Chaumes El,623,5602723.0,8993.0,5602723.0,8993.0,5129122.0,8233.0,5129122.0,8233.0,464805.0,746.0,464805.0,746.0,8796.0,14.0,8796.0,14.0,5593927.0,8979.0,5593927.0,8979.0,4064289.0,6524.0,4064289.0,6524.0,101040.0,162.0,101040.0,162.0,67579.0,108.0,67579.0,108.0,227485.0,365.0,227485.0,365.0,732324.0,1175.0,732324.0,1175.0,72249.0,116.0,72249.0,116.0,2936.0,5.0,2936.0,5.0,113058.0,181.0,113058.0,181.0,0.0,0.0,0.0,0.0,1500.0,2.0,1500.0,2.0,142434.0,229.0,142434.0,229.0,5500.0,9.0,5500.0,9.0,63533.0,102.0,63533.0,102.0,3155615.0,5065.0,3155615.0,5065.0,3704.0,6.0,3704.0,6.0,0.0,0.0,0.0,0.0,789318.0,1267.0,789318.0,1267.0,530570.0,852.0,530570.0,852.0,462856.0,743.0,462856.0,743.0,0.0,0.0,0.0,0.0,0.0,0.0,0.0,0.0,0.0,0.0,0.0,0.0,34172.0,55.0,34172.0,55.0,0.0,0.0,0.0,0.0,0.0,0.0,0.0,0.0,0.0,0.0,0.0,0.0
2025-26,budget filed with TEA (PEIMS),101912138,De ZavalaEl,218,3392490.0,15562.0,3392490.0,15562.0,2982619.0,13682.0,2982619.0,13682.0,353479.0,1621.0,353479.0,1621.0,56392.0,259.0,56392.0,259.0,3336098.0,15303.0,3336098.0,15303.0,2370681.0,10875.0,2370681.0,10875.0,2527.0,12.0,2527.0,12.0,23065.0,106.0,23065.0,106.0,116462.0,534.0,116462.0,534.0,479330.0,2199.0,479330.0,2199.0,120736.0,554.0,120736.0,554.0,931.0,4.0,931.0,4.0,94586.0,434.0,94586.0,434.0,0.0,0.0,0.0,0.0,13200.0,61.0,13200.0,61.0,114580.0,526.0,114580.0,526.0,0.0,0.0,0.0,0.0,0.0,0.0,0.0,0.0,2151450.0,9869.0,2151450.0,9869.0,0.0,0.0,0.0,0.0,0.0,0.0,0.0,0.0,647992.0,2972.0,647992.0,2972.0,2106.0,10.0,2106.0,10.0,328739.0,1508.0,328739.0,1508.0,0.0,0.0,0.0,0.0,0.0,0.0,0.0,0.0,0.0,0.0,0.0,0.0,0.0,0.0,0.0,0.0,0.0,0.0,0.0,0.0,0.0,0.0,0.0,0.0,0.0,0.0,0.0,0.0
2025-26,budget filed with TEA (PEIMS),101912045,Deady Middle,360,5694982.0,15819.0,5694982.0,15819.0,4972234.0,13812.0,4972234.0,13812.0,719817.0,1999.0,719817.0,1999.0,2931.0,8.0,2931.0,8.0,5692051.0,15811.0,5692051.0,15811.0,3922514.0,10896.0,3922514.0,10896.0,3971.0,11.0,3971.0,11.0,19812.0,55.0,19812.0,55.0,179794.0,499.0,179794.0,499.0,874239.0,2428.0,874239.0,2428.0,173229.0,481.0,173229.0,481.0,1642.0,5.0,1642.0,5.0,101931.0,283.0,101931.0,283.0,0.0,0.0,0.0,0.0,143304.0,398.0,143304.0,398.0,268865.0,747.0,268865.0,747.0,2750.0,8.0,2750.0,8.0,0.0,0.0,0.0,0.0,3489812.0,9694.0,3489812.0,9694.0,0.0,0.0,0.0,0.0,0.0,0.0,0.0,0.0,1559528.0,4332.0,1559528.0,4332.0,138699.0,385.0,138699.0,385.0,0.0,0.0,0.0,0.0,0.0,0.0,0.0,0.0,0.0,0.0,0.0,0.0,0.0,0.0,0.0,0.0,0.0,0.0,0.0,0.0,0.0,0.0,0.0,0.0,0.0,0.0,0.0,0.0,0.0,0.0,0.0,0.0
2025-26,budget filed with TEA (PEIMS),101912383,Deanda El,658,6131950.0,9319.0,6131950.0,9319.0,5601467.0,8513.0,5601467.0,8513.0,517184.0,786.0,517184.0,786.0,13299.0,20.0,13299.0,20.0,6118651.0,9299.0,6118651.0,9299.0,4579661.0,6960.0,4579661.0,6960.0,7161.0,11.0,7161.0,11.0,63437.0,96.0,63437.0,96.0,260920.0,397.0,260920.0,397.0,767420.0,1166.0,767420.0,1166.0,133319.0,203.0,133319.0,203.0,3926.0,6.0,3926.0,6.0,89507.0,136.0,89507.0,136.0,0.0,0.0,0.0,0.0,3000.0,5.0,3000.0,5.0,164779.0,250.0,164779.0,250.0,1000.0,2.0,1000.0,2.0,44521.0,68.0,44521.0,68.0,3597056.0,5467.0,3597056.0,5467.0,2738.0,4.0,2738.0,4.0,0.0,0.0,0.0,0.0,894597.0,1360.0,894597.0,1360.0,402416.0,612.0,402416.0,612.0,533080.0,810.0,533080.0,810.0,0.0,0.0,0.0,0.0,0.0,0.0,0.0,0.0,0.0,0.0,0.0,0.0,0.0,0.0,0.0,0.0,0.0,0.0,0.0,0.0,0.0,0.0,0.0,0.0,0.0,0.0,0.0,0.0
2025-26,budget filed with TEA (PEIMS),101912026,Debakey H S For Health Prof,931,8905731.0,9566.0,8905731.0,9566.0,7178529.0,7711.0,7178529.0,7711.0,1692850.0,1818.0,1692850.0,1818.0,34352.0,37.0,34352.0,37.0,8871379.0,9529.0,8871379.0,9529.0,5674821.0,6095.0,5674821.0,6095.0,98877.0,106.0,98877.0,106.0,276582.0,297.0,276582.0,297.0,395587.0,425.0,395587.0,425.0,889680.0,956.0,889680.0,956.0,380973.0,409.0,380973.0,409.0,3723.0,4.0,3723.0,4.0,74630.0,80.0,74630.0,80.0,0.0,0.0,0.0,0.0,35770.0,38.0,35770.0,38.0,829347.0,891.0,829347.0,891.0,90526.0,97.0,90526.0,97.0,120863.0,130.0,120863.0,130.0,5065389.0,5441.0,5065389.0,5441.0,2210.0,2.0,2210.0,2.0,1894833.0,2035.0,1894833.0,2035.0,252305.0,271.0,252305.0,271.0,5291.0,6.0,5291.0,6.0,0.0,0.0,0.0,0.0,0.0,0.0,0.0,0.0,0.0,0.0,0.0,0.0,0.0,0.0,0.0,0.0,0.0,0.0,0.0,0.0,0.0,0.0,0.0,0.0,0.0,0.0,0.0,0.0,0.0,0.0,0.0,0.0
2025-26,budget filed with TEA (PEIMS),101912140,Dogan El,426,4656922.0,10932.0,4656922.0,10932.0,4174959.0,9800.0,4174959.0,9800.0,479107.0,1125.0,479107.0,1125.0,2856.0,7.0,2856.0,7.0,4654066.0,10925.0,4654066.0,10925.0,3348739.0,7861.0,3348739.0,7861.0,4451.0,10.0,4451.0,10.0,42185.0,99.0,42185.0,99.0,213253.0,501.0,213253.0,501.0,630863.0,1481.0,630863.0,1481.0,153808.0,361.0,153808.0,361.0,1704.0,4.0,1704.0,4.0,93687.0,220.0,93687.0,220.0,0.0,0.0,0.0,0.0,23430.0,55.0,23430.0,55.0,141946.0,333.0,141946.0,333.0,0.0,0.0,0.0,0.0,0.0,0.0,0.0,0.0,2915429.0,6844.0,2915429.0,6844.0,0.0,0.0,0.0,0.0,0.0,0.0,0.0,0.0,1064714.0,2499.0,1064714.0,2499.0,9000.0,21.0,9000.0,21.0,421516.0,989.0,421516.0,989.0,0.0,0.0,0.0,0.0,0.0,0.0,0.0,0.0,0.0,0.0,0.0,0.0,0.0,0.0,0.0,0.0,0.0,0.0,0.0,0.0,0.0,0.0,0.0,0.0,0.0,0.0,0.0,0.0
2025-26,budget filed with TEA (PEIMS),101912115,Durham El,498,4188687.0,8411.0,4188687.0,8411.0,3851516.0,7734.0,3851516.0,7734.0,329977.0,663.0,329977.0,663.0,7194.0,14.0,7194.0,14.0,4181493.0,8397.0,4181493.0,8397.0,3080145.0,6185.0,3080145.0,6185.0,90549.0,182.0,90549.0,182.0,43331.0,87.0,43331.0,87.0,195734.0,393.0,195734.0,393.0,514179.0,1032.0,514179.0,1032.0,58554.0,118.0,58554.0,118.0,2080.0,4.0,2080.0,4.0,92613.0,186.0,92613.0,186.0,0.0,0.0,0.0,0.0,0.0,0.0,0.0,0.0,104308.0,209.0,104308.0,209.0,0.0,0.0,0.0,0.0,0.0,0.0,0.0,0.0,2862255.0,5748.0,2862255.0,5748.0,6361.0,13.0,6361.0,13.0,0.0,0.0,0.0,0.0,443416.0,890.0,443416.0,890.0,264513.0,531.0,264513.0,531.0,258552.0,519.0,258552.0,519.0,0.0,0.0,0.0,0.0,0.0,0.0,0.0,0.0,0.0,0.0,0.0,0.0,0.0,0.0,0.0,0.0,0.0,0.0,0.0,0.0,0.0,0.0,0.0,0.0,0.0,0.0,0.0,0.0
2025-26,budget filed with TEA (PEIMS),101912144,Durkee El,415,4484830.0,10807.0,4484830.0,10807.0,3999631.0,9638.0,3999631.0,9638.0,461930.0,1113.0,461930.0,1113.0,23269.0,56.0,23269.0,56.0,4461561.0,10751.0,4461561.0,10751.0,3204761.0,7722.0,3204761.0,7722.0,3730.0,9.0,3730.0,9.0,19955.0,48.0,19955.0,48.0,163751.0,395.0,163751.0,395.0,644131.0,1552.0,644131.0,1552.0,154357.0,372.0,154357.0,372.0,1448.0,3.0,1448.0,3.0,100932.0,243.0,100932.0,243.0,0.0,0.0,0.0,0.0,25020.0,60.0,25020.0,60.0,143476.0,346.0,143476.0,346.0,0.0,0.0,0.0,0.0,0.0,0.0,0.0,0.0,3164710.0,7626.0,3164710.0,7626.0,0.0,0.0,0.0,0.0,0.0,0.0,0.0,0.0,1042224.0,2511.0,1042224.0,2511.0,8100.0,20.0,8100.0,20.0,0.0,0.0,0.0,0.0,0.0,0.0,0.0,0.0,0.0,0.0,0.0,0.0,0.0,0.0,0.0,0.0,0.0,0.0,0.0,0.0,0.0,0.0,0.0,0.0,0.0,0.0,0.0,0.0,0.0,0.0,0.0,0.0
2025-26,budget filed with TEA (PEIMS),101912345,East Early College H S,463,3875156.0,8370.0,3875156.0,8370.0,3308039.0,7145.0,3308039.0,7145.0,557952.0,1205.0,557952.0,1205.0,9165.0,20.0,9165.0,20.0,3865991.0,8350.0,3865991.0,8350.0,2336525.0,5046.0,2336525.0,5046.0,4221.0,9.0,4221.0,9.0,93560.0,202.0,93560.0,202.0,167419.0,362.0,167419.0,362.0,837597.0,1809.0,837597.0,1809.0,39778.0,86.0,39778.0,86.0,67398.0,146.0,67398.0,146.0,87423.0,189.0,87423.0,189.0,0.0,0.0,0.0,0.0,0.0,0.0,0.0,0.0,232070.0,501.0,232070.0,501.0,0.0,0.0,0.0,0.0,0.0,0.0,0.0,0.0,2163403.0,4673.0,2163403.0,4673.0,13930.0,30.0,13930.0,30.0,820961.0,1773.0,820961.0,1773.0,58147.0,126.0,58147.0,126.0,9152.0,20.0,9152.0,20.0,0.0,0.0,0.0,0.0,0.0,0.0,0.0,0.0,0.0,0.0,0.0,0.0,0.0,0.0,0.0,0.0,0.0,0.0,0.0,0.0,0.0,0.0,0.0,0.0,0.0,0.0,0.0,0.0,0.0,0.0,0.0,0.0
2025-26,budget filed with TEA (PEIMS),101912301,EastwoodAcademy,396,3316783.0,8376.0,3316783.0,8376.0,3028474.0,7648.0,3028474.0,7648.0,279760.0,706.0,279760.0,706.0,8549.0,22.0,8549.0,22.0,3308234.0,8354.0,3308234.0,8354.0,2058486.0,5198.0,2058486.0,5198.0,3415.0,9.0,3415.0,9.0,11735.0,30.0,11735.0,30.0,161989.0,409.0,161989.0,409.0,758801.0,1916.0,758801.0,1916.0,107645.0,272.0,107645.0,272.0,2015.0,5.0,2015.0,5.0,93184.0,235.0,93184.0,235.0,0.0,0.0,0.0,0.0,1500.0,4.0,1500.0,4.0,105464.0,266.0,105464.0,266.0,4000.0,10.0,4000.0,10.0,0.0,0.0,0.0,0.0,1811463.0,4574.0,1811463.0,4574.0,13599.0,34.0,13599.0,34.0,788982.0,1992.0,788982.0,1992.0,152139.0,384.0,152139.0,384.0,10538.0,27.0,10538.0,27.0,0.0,0.0,0.0,0.0,0.0,0.0,0.0,0.0,66555.0,168.0,66555.0,168.0,0.0,0.0,0.0,0.0,0.0,0.0,0.0,0.0,0.0,0.0,0.0,0.0,0.0,0.0,0.0,0.0,0.0,0.0,0.0,0.0
2025-26,budget filed with TEA (PEIMS),101912046,Edison Middle,334,5676746.0,16996.0,5676746.0,16996.0,5028724.0,15056.0,5028724.0,15056.0,583348.0,1747.0,583348.0,1747.0,64674.0,194.0,64674.0,194.0,5612072.0,16803.0,5612072.0,16803.0,3981996.0,11922.0,3981996.0,11922.0,3850.0,12.0,3850.0,12.0,18265.0,55.0,18265.0,55.0,193053.0,578.0,193053.0,578.0,810418.0,2426.0,810418.0,2426.0,177615.0,532.0,177615.0,532.0,1939.0,6.0,1939.0,6.0,104637.0,313.0,104637.0,313.0,0.0,0.0,0.0,0.0,126181.0,378.0,126181.0,378.0,192875.0,577.0,192875.0,577.0,1243.0,4.0,1243.0,4.0,0.0,0.0,0.0,0.0,3116574.0,9331.0,3116574.0,9331.0,0.0,0.0,0.0,0.0,0.0,0.0,0.0,0.0,2033400.0,6088.0,2033400.0,6088.0,70548.0,211.0,70548.0,211.0,0.0,0.0,0.0,0.0,0.0,0.0,0.0,0.0,0.0,0.0,0.0,0.0,0.0,0.0,0.0,0.0,0.0,0.0,0.0,0.0,0.0,0.0,0.0,0.0,0.0,0.0,0.0,0.0,0.0,0.0,0.0,0.0
2025-26,budget filed with TEA (PEIMS),101912466,El Daep,2,592455.0,296228.0,592455.0,296228.0,538474.0,269237.0,538474.0,269237.0,45874.0,22937.0,45874.0,22937.0,8107.0,4054.0,8107.0,4054.0,584348.0,292174.0,584348.0,292174.0,507091.0,253546.0,507091.0,253546.0,4102.0,2051.0,4102.0,2051.0,3437.0,1719.0,3437.0,1719.0,25950.0,12975.0,25950.0,12975.0,29649.0,14825.0,29649.0,14825.0,10402.0,5201.0,10402.0,5201.0,224.0,112.0,224.0,112.0,3493.0,1747.0,3493.0,1747.0,0.0,0.0,0.0,0.0,0.0,0.0,0.0,0.0,0.0,0.0,0.0,0.0,0.0,0.0,0.0,0.0,0.0,0.0,0.0,0.0,0.0,0.0,0.0,0.0,0.0,0.0,0.0,0.0,0.0,0.0,0.0,0.0,156065.0,78033.0,156065.0,78033.0,0.0,0.0,0.0,0.0,0.0,0.0,0.0,0.0,0.0,0.0,0.0,0.0,0.0,0.0,0.0,0.0,0.0,0.0,0.0,0.0,0.0,0.0,0.0,0.0,0.0,0.0,0.0,0.0,428283.0,214142.0,428283.0,214142.0,0.0,0.0,0.0,0.0
2025-26,budget filed with TEA (PEIMS),101912147,Eliot El,446,5232540.0,11732.0,5232540.0,11732.0,4580249.0,10270.0,4580249.0,10270.0,628102.0,1408.0,628102.0,1408.0,24189.0,54.0,24189.0,54.0,5208351.0,11678.0,5208351.0,11678.0,3767340.0,8447.0,3767340.0,8447.0,4452.0,10.0,4452.0,10.0,36712.0,82.0,36712.0,82.0,209693.0,470.0,209693.0,470.0,608118.0,1363.0,608118.0,1363.0,160087.0,359.0,160087.0,359.0,1639.0,4.0,1639.0,4.0,93086.0,209.0,93086.0,209.0,0.0,0.0,0.0,0.0,24530.0,55.0,24530.0,55.0,302694.0,679.0,302694.0,679.0,0.0,0.0,0.0,0.0,0.0,0.0,0.0,0.0,3223990.0,7229.0,3223990.0,7229.0,0.0,0.0,0.0,0.0,0.0,0.0,0.0,0.0,1024593.0,2297.0,1024593.0,2297.0,9600.0,22.0,9600.0,22.0,552927.0,1240.0,552927.0,1240.0,0.0,0.0,0.0,0.0,0.0,0.0,0.0,0.0,0.0,0.0,0.0,0.0,0.0,0.0,0.0,0.0,0.0,0.0,0.0,0.0,0.0,0.0,0.0,0.0,0.0,0.0,0.0,0.0
2025-26,budget filed with TEA (PEIMS),101912259,Ella J Baker Montessori School,642,5643041.0,8790.0,5643041.0,8790.0,5209210.0,8114.0,5209210.0,8114.0,413788.0,645.0,413788.0,645.0,20043.0,31.0,20043.0,31.0,5622998.0,8759.0,5622998.0,8759.0,4225935.0,6582.0,4225935.0,6582.0,35010.0,55.0,35010.0,55.0,38706.0,60.0,38706.0,60.0,243173.0,379.0,243173.0,379.0,683458.0,1065.0,683458.0,1065.0,161745.0,252.0,161745.0,252.0,3714.0,6.0,3714.0,6.0,113414.0,177.0,113414.0,177.0,0.0,0.0,0.0,0.0,1500.0,2.0,1500.0,2.0,115343.0,180.0,115343.0,180.0,1000.0,2.0,1000.0,2.0,0.0,0.0,0.0,0.0,3880628.0,6045.0,3880628.0,6045.0,10583.0,16.0,10583.0,16.0,104633.0,163.0,104633.0,163.0,501433.0,781.0,501433.0,781.0,107012.0,167.0,107012.0,167.0,439697.0,685.0,439697.0,685.0,0.0,0.0,0.0,0.0,0.0,0.0,0.0,0.0,0.0,0.0,0.0,0.0,87902.0,137.0,87902.0,137.0,0.0,0.0,0.0,0.0,0.0,0.0,0.0,0.0,0.0,0.0,0.0,0.0
2025-26,budget filed with TEA (PEIMS),101912475,Elmore El,412,5020113.0,12185.0,5020113.0,12185.0,4482178.0,10879.0,4482178.0,10879.0,534772.0,1298.0,534772.0,1298.0,3163.0,8.0,3163.0,8.0,5016950.0,12177.0,5016950.0,12177.0,3644583.0,8846.0,3644583.0,8846.0,4091.0,10.0,4091.0,10.0,24746.0,60.0,24746.0,60.0,196011.0,476.0,196011.0,476.0,658812.0,1599.0,658812.0,1599.0,167699.0,407.0,167699.0,407.0,1740.0,4.0,1740.0,4.0,102839.0,250.0,102839.0,250.0,0.0,0.0,0.0,0.0,20735.0,50.0,20735.0,50.0,195694.0,475.0,195694.0,475.0,0.0,0.0,0.0,0.0,0.0,0.0,0.0,0.0,3047965.0,7398.0,3047965.0,7398.0,0.0,0.0,0.0,0.0,0.0,0.0,0.0,0.0,1347637.0,3271.0,1347637.0,3271.0,78349.0,190.0,78349.0,190.0,248539.0,603.0,248539.0,603.0,0.0,0.0,0.0,0.0,0.0,0.0,0.0,0.0,0.0,0.0,0.0,0.0,0.0,0.0,0.0,0.0,0.0,0.0,0.0,0.0,0.0,0.0,0.0,0.0,0.0,0.0,0.0,0.0
2025-26,budget filed with TEA (PEIMS),101912148,Elrod El,650,6678389.0,10274.0,6678389.0,10274.0,5802357.0,8927.0,5802357.0,8927.0,836044.0,1286.0,836044.0,1286.0,39988.0,62.0,39988.0,62.0,6638401.0,10213.0,6638401.0,10213.0,5031529.0,7741.0,5031529.0,7741.0,59873.0,92.0,59873.0,92.0,64534.0,99.0,64534.0,99.0,260002.0,400.0,260002.0,400.0,760464.0,1170.0,760464.0,1170.0,137348.0,211.0,137348.0,211.0,3869.0,6.0,3869.0,6.0,107443.0,165.0,107443.0,165.0,0.0,0.0,0.0,0.0,250.0,0.0,250.0,0.0,169733.0,261.0,169733.0,261.0,0.0,0.0,0.0,0.0,43356.0,67.0,43356.0,67.0,4198266.0,6459.0,4198266.0,6459.0,1852.0,3.0,1852.0,3.0,0.0,0.0,0.0,0.0,694269.0,1068.0,694269.0,1068.0,466614.0,718.0,466614.0,718.0,396649.0,610.0,396649.0,610.0,0.0,0.0,0.0,0.0,0.0,0.0,0.0,0.0,0.0,0.0,0.0,0.0,0.0,0.0,0.0,0.0,0.0,0.0,0.0,0.0,0.0,0.0,0.0,0.0,0.0,0.0,0.0,0.0
2025-26,budget filed with TEA (PEIMS),101912149,Emerson El,928,7401105.0,7975.0,7401105.0,7975.0,6484774.0,6988.0,6484774.0,6988.0,789070.0,850.0,789070.0,850.0,127261.0,137.0,127261.0,137.0,7273844.0,7838.0,7273844.0,7838.0,5478439.0,5903.0,5478439.0,5903.0,8997.0,10.0,8997.0,10.0,48878.0,53.0,48878.0,53.0,281948.0,304.0,281948.0,304.0,939962.0,1013.0,939962.0,1013.0,174214.0,188.0,174214.0,188.0,4669.0,5.0,4669.0,5.0,106932.0,115.0,106932.0,115.0,0.0,0.0,0.0,0.0,4000.0,4.0,4000.0,4.0,163916.0,177.0,163916.0,177.0,5000.0,5.0,5000.0,5.0,56889.0,61.0,56889.0,61.0,5231757.0,5638.0,5231757.0,5638.0,2174.0,2.0,2174.0,2.0,0.0,0.0,0.0,0.0,453224.0,488.0,453224.0,488.0,147653.0,159.0,147653.0,159.0,329353.0,355.0,329353.0,355.0,0.0,0.0,0.0,0.0,0.0,0.0,0.0,0.0,0.0,0.0,0.0,0.0,19347.0,21.0,19347.0,21.0,0.0,0.0,0.0,0.0,0.0,0.0,0.0,0.0,0.0,0.0,0.0,0.0
2025-26,budget filed with TEA (PEIMS),101912350,Energized For Excellence Academy E,168,1387234.0,8257.0,1387234.0,8257.0,84836.0,505.0,84836.0,505.0,1302229.0,7751.0,1302229.0,7751.0,169.0,1.0,169.0,1.0,1387065.0,8256.0,1387065.0,8256.0,1343501.0,7997.0,1343501.0,7997.0,602.0,4.0,602.0,4.0,2711.0,16.0,2711.0,16.0,22403.0,133.0,22403.0,133.0,12908.0,77.0,12908.0,77.0,3262.0,19.0,3262.0,19.0,159.0,1.0,159.0,1.0,1519.0,9.0,1519.0,9.0,0.0,0.0,0.0,0.0,0.0,0.0,0.0,0.0,0.0,0.0,0.0,0.0,0.0,0.0,0.0,0.0,0.0,0.0,0.0,0.0,1105724.0,6582.0,1105724.0,6582.0,0.0,0.0,0.0,0.0,0.0,0.0,0.0,0.0,2519.0,15.0,2519.0,15.0,37774.0,225.0,37774.0,225.0,0.0,0.0,0.0,0.0,0.0,0.0,0.0,0.0,0.0,0.0,0.0,0.0,0.0,0.0,0.0,0.0,0.0,0.0,0.0,0.0,0.0,0.0,0.0,0.0,0.0,0.0,0.0,0.0,0.0,0.0,0.0,0.0
2025-26,budget filed with TEA (PEIMS),101912364,Energized For Excellence Academy E,771,5743215.0,7449.0,5743215.0,7449.0,458923.0,595.0,458923.0,595.0,5283377.0,6853.0,5283377.0,6853.0,915.0,1.0,915.0,1.0,5742300.0,7448.0,5742300.0,7448.0,5507060.0,7143.0,5507060.0,7143.0,3249.0,4.0,3249.0,4.0,14636.0,19.0,14636.0,19.0,120980.0,157.0,120980.0,157.0,69697.0,90.0,69697.0,90.0,17615.0,23.0,17615.0,23.0,860.0,1.0,860.0,1.0,8203.0,11.0,8203.0,11.0,0.0,0.0,0.0,0.0,0.0,0.0,0.0,0.0,0.0,0.0,0.0,0.0,0.0,0.0,0.0,0.0,0.0,0.0,0.0,0.0,4499534.0,5836.0,4499534.0,5836.0,17269.0,22.0,17269.0,22.0,0.0,0.0,0.0,0.0,49492.0,64.0,49492.0,64.0,370107.0,480.0,370107.0,480.0,0.0,0.0,0.0,0.0,0.0,0.0,0.0,0.0,0.0,0.0,0.0,0.0,0.0,0.0,0.0,0.0,0.0,0.0,0.0,0.0,0.0,0.0,0.0,0.0,0.0,0.0,0.0,0.0,0.0,0.0,0.0,0.0
2025-26,budget filed with TEA (PEIMS),101912342,Energized For Excellence Academy I,530,3454757.0,6518.0,3454757.0,6518.0,238348.0,450.0,238348.0,450.0,3215935.0,6068.0,3215935.0,6068.0,474.0,1.0,474.0,1.0,3454283.0,6518.0,3454283.0,6518.0,3332310.0,6287.0,3332310.0,6287.0,1684.0,3.0,1684.0,3.0,7588.0,14.0,7588.0,14.0,62730.0,118.0,62730.0,118.0,36138.0,68.0,36138.0,68.0,9134.0,17.0,9134.0,17.0,446.0,1.0,446.0,1.0,4253.0,8.0,4253.0,8.0,0.0,0.0,0.0,0.0,0.0,0.0,0.0,0.0,0.0,0.0,0.0,0.0,0.0,0.0,0.0,0.0,0.0,0.0,0.0,0.0,2683572.0,5063.0,2683572.0,5063.0,33951.0,64.0,33951.0,64.0,0.0,0.0,0.0,0.0,30091.0,57.0,30091.0,57.0,211303.0,399.0,211303.0,399.0,0.0,0.0,0.0,0.0,0.0,0.0,0.0,0.0,0.0,0.0,0.0,0.0,0.0,0.0,0.0,0.0,0.0,0.0,0.0,0.0,0.0,0.0,0.0,0.0,0.0,0.0,0.0,0.0,0.0,0.0,0.0,0.0
2025-26,budget filed with TEA (PEIMS),101912321,Energized For Stem Academy H S,492,3864429.0,7855.0,3864429.0,7855.0,288442.0,586.0,288442.0,586.0,3575411.0,7267.0,3575411.0,7267.0,576.0,1.0,576.0,1.0,3863853.0,7853.0,3863853.0,7853.0,3715742.0,7552.0,3715742.0,7552.0,2044.0,4.0,2044.0,4.0,9215.0,19.0,9215.0,19.0,76172.0,155.0,76172.0,155.0,43883.0,89.0,43883.0,89.0,11091.0,23.0,11091.0,23.0,541.0,1.0,541.0,1.0,5165.0,10.0,5165.0,10.0,0.0,0.0,0.0,0.0,0.0,0.0,0.0,0.0,0.0,0.0,0.0,0.0,0.0,0.0,0.0,0.0,0.0,0.0,0.0,0.0,2872884.0,5839.0,2872884.0,5839.0,25585.0,52.0,25585.0,52.0,260028.0,529.0,260028.0,529.0,24031.0,49.0,24031.0,49.0,192670.0,392.0,192670.0,392.0,0.0,0.0,0.0,0.0,0.0,0.0,0.0,0.0,0.0,0.0,0.0,0.0,0.0,0.0,0.0,0.0,0.0,0.0,0.0,0.0,0.0,0.0,0.0,0.0,0.0,0.0,0.0,0.0,0.0,0.0,0.0,0.0
2025-26,budget filed with TEA (PEIMS),101912390,Energized For Stem Academy Middle,296,2303699.0,7783.0,2303699.0,7783.0,152705.0,516.0,152705.0,516.0,2150688.0,7266.0,2150688.0,7266.0,306.0,1.0,306.0,1.0,2303393.0,7782.0,2303393.0,7782.0,2224982.0,7517.0,2224982.0,7517.0,1083.0,4.0,1083.0,4.0,4879.0,16.0,4879.0,16.0,40326.0,136.0,40326.0,136.0,23233.0,78.0,23233.0,78.0,5871.0,20.0,5871.0,20.0,286.0,1.0,286.0,1.0,2733.0,9.0,2733.0,9.0,0.0,0.0,0.0,0.0,0.0,0.0,0.0,0.0,0.0,0.0,0.0,0.0,0.0,0.0,0.0,0.0,0.0,0.0,0.0,0.0,1784479.0,6029.0,1784479.0,6029.0,14168.0,48.0,14168.0,48.0,0.0,0.0,0.0,0.0,23703.0,80.0,23703.0,80.0,139711.0,472.0,139711.0,472.0,0.0,0.0,0.0,0.0,0.0,0.0,0.0,0.0,0.0,0.0,0.0,0.0,0.0,0.0,0.0,0.0,0.0,0.0,0.0,0.0,0.0,0.0,0.0,0.0,0.0,0.0,0.0,0.0,0.0,0.0,0.0,0.0
2025-26,budget filed with TEA (PEIMS),101912468,Energy Institute H S,698,5803395.0,8314.0,5803395.0,8314.0,5329549.0,7635.0,5329549.0,7635.0,456724.0,654.0,456724.0,654.0,17122.0,25.0,17122.0,25.0,5786273.0,8290.0,5786273.0,8290.0,4035571.0,5782.0,4035571.0,5782.0,7301.0,10.0,7301.0,10.0,79953.0,115.0,79953.0,115.0,348550.0,499.0,348550.0,499.0,980160.0,1404.0,980160.0,1404.0,89755.0,129.0,89755.0,129.0,4287.0,6.0,4287.0,6.0,96431.0,138.0,96431.0,138.0,0.0,0.0,0.0,0.0,5800.0,8.0,5800.0,8.0,138465.0,198.0,138465.0,198.0,0.0,0.0,0.0,0.0,0.0,0.0,0.0,0.0,2874281.0,4118.0,2874281.0,4118.0,78539.0,113.0,78539.0,113.0,1399998.0,2006.0,1399998.0,2006.0,549723.0,788.0,549723.0,788.0,5784.0,8.0,5784.0,8.0,0.0,0.0,0.0,0.0,0.0,0.0,0.0,0.0,0.0,0.0,0.0,0.0,0.0,0.0,0.0,0.0,0.0,0.0,0.0,0.0,0.0,0.0,0.0,0.0,0.0,0.0,0.0,0.0,0.0,0.0,0.0,0.0
2025-26,budget filed with TEA (PEIMS),101912352,Farias Early Childhood Center,391,3703705.0,9472.0,3703705.0,9472.0,3382497.0,8651.0,3382497.0,8651.0,315609.0,807.0,315609.0,807.0,5599.0,14.0,5599.0,14.0,3698106.0,9458.0,3698106.0,9458.0,2473668.0,6327.0,2473668.0,6327.0,4633.0,12.0,4633.0,12.0,78125.0,200.0,78125.0,200.0,229638.0,587.0,229638.0,587.0,557723.0,1426.0,557723.0,1426.0,136304.0,349.0,136304.0,349.0,1945.0,5.0,1945.0,5.0,106983.0,274.0,106983.0,274.0,0.0,0.0,0.0,0.0,1000.0,3.0,1000.0,3.0,107087.0,274.0,107087.0,274.0,1000.0,3.0,1000.0,3.0,0.0,0.0,0.0,0.0,1092528.0,2794.0,1092528.0,2794.0,0.0,0.0,0.0,0.0,0.0,0.0,0.0,0.0,389753.0,997.0,389753.0,997.0,198626.0,508.0,198626.0,508.0,1687276.0,4315.0,1687276.0,4315.0,0.0,0.0,0.0,0.0,0.0,0.0,0.0,0.0,0.0,0.0,0.0,0.0,0.0,0.0,0.0,0.0,0.0,0.0,0.0,0.0,0.0,0.0,0.0,0.0,0.0,0.0,0.0,0.0
2025-26,budget filed with TEA (PEIMS),101912152,Field El,559,4576278.0,8187.0,4576278.0,8187.0,4219709.0,7549.0,4219709.0,7549.0,348712.0,624.0,348712.0,624.0,7857.0,14.0,7857.0,14.0,4568421.0,8172.0,4568421.0,8172.0,3299458.0,5902.0,3299458.0,5902.0,101962.0,182.0,101962.0,182.0,27152.0,49.0,27152.0,49.0,183532.0,328.0,183532.0,328.0,578314.0,1035.0,578314.0,1035.0,119320.0,213.0,119320.0,213.0,2180.0,4.0,2180.0,4.0,101301.0,181.0,101301.0,181.0,0.0,0.0,0.0,0.0,0.0,0.0,0.0,0.0,139572.0,250.0,139572.0,250.0,14630.0,26.0,14630.0,26.0,0.0,0.0,0.0,0.0,3107596.0,5559.0,3107596.0,5559.0,1378.0,2.0,1378.0,2.0,0.0,0.0,0.0,0.0,782514.0,1400.0,782514.0,1400.0,12608.0,23.0,12608.0,23.0,184821.0,331.0,184821.0,331.0,0.0,0.0,0.0,0.0,0.0,0.0,0.0,0.0,0.0,0.0,0.0,0.0,0.0,0.0,0.0,0.0,0.0,0.0,0.0,0.0,0.0,0.0,0.0,0.0,0.0,0.0,0.0,0.0
2025-26,budget filed with TEA (PEIMS),101912078,Fleming Middle,288,4636120.0,16098.0,4636120.0,16098.0,4074927.0,14149.0,4074927.0,14149.0,558568.0,1939.0,558568.0,1939.0,2625.0,9.0,2625.0,9.0,4633495.0,16089.0,4633495.0,16089.0,3158035.0,10965.0,3158035.0,10965.0,2887.0,10.0,2887.0,10.0,13949.0,48.0,13949.0,48.0,139462.0,484.0,139462.0,484.0,736441.0,2557.0,736441.0,2557.0,150808.0,524.0,150808.0,524.0,1355.0,5.0,1355.0,5.0,93171.0,324.0,93171.0,324.0,0.0,0.0,0.0,0.0,150100.0,521.0,150100.0,521.0,182990.0,635.0,182990.0,635.0,4297.0,15.0,4297.0,15.0,0.0,0.0,0.0,0.0,2630221.0,9133.0,2630221.0,9133.0,0.0,0.0,0.0,0.0,0.0,0.0,0.0,0.0,1493369.0,5185.0,1493369.0,5185.0,101267.0,352.0,101267.0,352.0,0.0,0.0,0.0,0.0,0.0,0.0,0.0,0.0,0.0,0.0,0.0,0.0,0.0,0.0,0.0,0.0,0.0,0.0,0.0,0.0,0.0,0.0,0.0,0.0,0.0,0.0,0.0,0.0,0.0,0.0,0.0,0.0
2025-26,budget filed with TEA (PEIMS),101912271,Foerster El,493,5394378.0,10942.0,5394378.0,10942.0,4936772.0,10014.0,4936772.0,10014.0,449513.0,912.0,449513.0,912.0,8093.0,16.0,8093.0,16.0,5386285.0,10926.0,5386285.0,10926.0,3999125.0,8112.0,3999125.0,8112.0,4932.0,10.0,4932.0,10.0,44304.0,90.0,44304.0,90.0,231994.0,471.0,231994.0,471.0,732475.0,1486.0,732475.0,1486.0,161619.0,328.0,161619.0,328.0,1897.0,4.0,1897.0,4.0,104363.0,212.0,104363.0,212.0,0.0,0.0,0.0,0.0,26455.0,54.0,26455.0,54.0,79121.0,160.0,79121.0,160.0,0.0,0.0,0.0,0.0,0.0,0.0,0.0,0.0,3430153.0,6958.0,3430153.0,6958.0,0.0,0.0,0.0,0.0,0.0,0.0,0.0,0.0,1213326.0,2461.0,1213326.0,2461.0,70749.0,144.0,70749.0,144.0,496464.0,1007.0,496464.0,1007.0,0.0,0.0,0.0,0.0,0.0,0.0,0.0,0.0,0.0,0.0,0.0,0.0,0.0,0.0,0.0,0.0,0.0,0.0,0.0,0.0,0.0,0.0,0.0,0.0,0.0,0.0,0.0,0.0
2025-26,budget filed with TEA (PEIMS),101912153,Fondren El,321,3467281.0,10801.0,3467281.0,10801.0,3155347.0,9830.0,3155347.0,9830.0,306196.0,954.0,306196.0,954.0,5738.0,18.0,5738.0,18.0,3461543.0,10784.0,3461543.0,10784.0,2521444.0,7855.0,2521444.0,7855.0,3009.0,9.0,3009.0,9.0,24034.0,75.0,24034.0,75.0,150492.0,469.0,150492.0,469.0,415657.0,1295.0,415657.0,1295.0,117150.0,365.0,117150.0,365.0,1255.0,4.0,1255.0,4.0,80058.0,249.0,80058.0,249.0,0.0,0.0,0.0,0.0,1000.0,3.0,1000.0,3.0,96532.0,301.0,96532.0,301.0,0.0,0.0,0.0,0.0,50912.0,159.0,50912.0,159.0,1719972.0,5358.0,1719972.0,5358.0,322.0,1.0,322.0,1.0,0.0,0.0,0.0,0.0,1000634.0,3117.0,1000634.0,3117.0,24571.0,77.0,24571.0,77.0,407162.0,1268.0,407162.0,1268.0,0.0,0.0,0.0,0.0,0.0,0.0,0.0,0.0,0.0,0.0,0.0,0.0,0.0,0.0,0.0,0.0,0.0,0.0,0.0,0.0,0.0,0.0,0.0,0.0,0.0,0.0,0.0,0.0
2025-26,budget filed with TEA (PEIMS),101912072,Fondren Middle,606,7302568.0,12050.0,7302568.0,12050.0,6486623.0,10704.0,6486623.0,10704.0,808226.0,1334.0,808226.0,1334.0,7719.0,13.0,7719.0,13.0,7294849.0,12038.0,7294849.0,12038.0,5313824.0,8769.0,5313824.0,8769.0,5171.0,9.0,5171.0,9.0,39071.0,64.0,39071.0,64.0,228468.0,377.0,228468.0,377.0,916560.0,1512.0,916560.0,1512.0,282330.0,466.0,282330.0,466.0,1959.0,3.0,1959.0,3.0,107276.0,177.0,107276.0,177.0,0.0,0.0,0.0,0.0,159604.0,263.0,159604.0,263.0,237836.0,392.0,237836.0,392.0,2750.0,5.0,2750.0,5.0,0.0,0.0,0.0,0.0,5144942.0,8490.0,5144942.0,8490.0,0.0,0.0,0.0,0.0,0.0,0.0,0.0,0.0,1389464.0,2293.0,1389464.0,2293.0,282222.0,466.0,282222.0,466.0,0.0,0.0,0.0,0.0,0.0,0.0,0.0,0.0,0.0,0.0,0.0,0.0,0.0,0.0,0.0,0.0,0.0,0.0,0.0,0.0,0.0,0.0,0.0,0.0,0.0,0.0,0.0,0.0,0.0,0.0,0.0,0.0
2025-26,budget filed with TEA (PEIMS),101912047,FonvilleMiddle,555,6851390.0,12345.0,6851390.0,12345.0,5976128.0,10768.0,5976128.0,10768.0,869624.0,1567.0,869624.0,1567.0,5638.0,10.0,5638.0,10.0,6845752.0,12335.0,6845752.0,12335.0,4954667.0,8927.0,4954667.0,8927.0,5599.0,10.0,5599.0,10.0,24065.0,43.0,24065.0,43.0,230633.0,416.0,230633.0,416.0,880903.0,1587.0,880903.0,1587.0,194778.0,351.0,194778.0,351.0,2778.0,5.0,2778.0,5.0,105813.0,191.0,105813.0,191.0,0.0,0.0,0.0,0.0,156249.0,282.0,156249.0,282.0,286966.0,517.0,286966.0,517.0,3301.0,6.0,3301.0,6.0,0.0,0.0,0.0,0.0,4315061.0,7775.0,4315061.0,7775.0,0.0,0.0,0.0,0.0,0.0,0.0,0.0,0.0,1819011.0,3277.0,1819011.0,3277.0,91616.0,165.0,91616.0,165.0,0.0,0.0,0.0,0.0,0.0,0.0,0.0,0.0,0.0,0.0,0.0,0.0,0.0,0.0,0.0,0.0,0.0,0.0,0.0,0.0,0.0,0.0,0.0,0.0,0.0,0.0,0.0,0.0,0.0,0.0,0.0,0.0
2025-26,budget filed with TEA (PEIMS),101912470,Fonwood Early Childhood Ctr,352,4065289.0,11549.0,4065289.0,11549.0,3732215.0,10603.0,3732215.0,10603.0,326712.0,928.0,326712.0,928.0,6362.0,18.0,6362.0,18.0,4058927.0,11531.0,4058927.0,11531.0,2944359.0,8365.0,2944359.0,8365.0,4175.0,12.0,4175.0,12.0,51407.0,146.0,51407.0,146.0,197860.0,562.0,197860.0,562.0,585177.0,1662.0,585177.0,1662.0,57756.0,164.0,57756.0,164.0,2079.0,6.0,2079.0,6.0,102956.0,292.0,102956.0,292.0,0.0,0.0,0.0,0.0,0.0,0.0,0.0,0.0,113158.0,321.0,113158.0,321.0,0.0,0.0,0.0,0.0,0.0,0.0,0.0,0.0,1275159.0,3623.0,1275159.0,3623.0,0.0,0.0,0.0,0.0,0.0,0.0,0.0,0.0,806030.0,2290.0,806030.0,2290.0,93575.0,266.0,93575.0,266.0,1214157.0,3449.0,1214157.0,3449.0,0.0,0.0,0.0,0.0,0.0,0.0,0.0,0.0,0.0,0.0,0.0,0.0,97242.0,276.0,97242.0,276.0,0.0,0.0,0.0,0.0,0.0,0.0,0.0,0.0,0.0,0.0,0.0,0.0
2025-26,budget filed with TEA (PEIMS),101912476,Forest Brook Middle,550,6756855.0,12285.0,6756855.0,12285.0,5842110.0,10622.0,5842110.0,10622.0,910668.0,1656.0,910668.0,1656.0,4077.0,7.0,4077.0,7.0,6752778.0,12278.0,6752778.0,12278.0,4809604.0,8745.0,4809604.0,8745.0,5174.0,9.0,5174.0,9.0,28366.0,52.0,28366.0,52.0,238796.0,434.0,238796.0,434.0,853960.0,1553.0,853960.0,1553.0,195656.0,356.0,195656.0,356.0,2223.0,4.0,2223.0,4.0,99019.0,180.0,99019.0,180.0,0.0,0.0,0.0,0.0,136952.0,249.0,136952.0,249.0,381927.0,694.0,381927.0,694.0,1101.0,2.0,1101.0,2.0,0.0,0.0,0.0,0.0,4109966.0,7473.0,4109966.0,7473.0,0.0,0.0,0.0,0.0,0.0,0.0,0.0,0.0,1944474.0,3535.0,1944474.0,3535.0,100327.0,182.0,100327.0,182.0,0.0,0.0,0.0,0.0,0.0,0.0,0.0,0.0,0.0,0.0,0.0,0.0,0.0,0.0,0.0,0.0,0.0,0.0,0.0,0.0,0.0,0.0,0.0,0.0,0.0,0.0,0.0,0.0,0.0,0.0,0.0,0.0
2025-26,budget filed with TEA (PEIMS),101912154,Foster El,247,2932369.0,11872.0,2932369.0,11872.0,2556711.0,10351.0,2556711.0,10351.0,373976.0,1514.0,373976.0,1514.0,1682.0,7.0,1682.0,7.0,2930687.0,11865.0,2930687.0,11865.0,1858327.0,7524.0,1858327.0,7524.0,98739.0,400.0,98739.0,400.0,17180.0,70.0,17180.0,70.0,115885.0,469.0,115885.0,469.0,460183.0,1863.0,460183.0,1863.0,110774.0,448.0,110774.0,448.0,1021.0,4.0,1021.0,4.0,85530.0,346.0,85530.0,346.0,0.0,0.0,0.0,0.0,0.0,0.0,0.0,0.0,183048.0,741.0,183048.0,741.0,0.0,0.0,0.0,0.0,0.0,0.0,0.0,0.0,1720373.0,6965.0,1720373.0,6965.0,0.0,0.0,0.0,0.0,0.0,0.0,0.0,0.0,720850.0,2918.0,720850.0,2918.0,1287.0,5.0,1287.0,5.0,294392.0,1192.0,294392.0,1192.0,0.0,0.0,0.0,0.0,0.0,0.0,0.0,0.0,0.0,0.0,0.0,0.0,0.0,0.0,0.0,0.0,0.0,0.0,0.0,0.0,0.0,0.0,0.0,0.0,0.0,0.0,0.0,0.0
2025-26,budget filed with TEA (PEIMS),101912155,Franklin El,207,3178257.0,15354.0,3178257.0,15354.0,2884694.0,13936.0,2884694.0,13936.0,288281.0,1393.0,288281.0,1393.0,5282.0,26.0,5282.0,26.0,3172975.0,15328.0,3172975.0,15328.0,2252264.0,10881.0,2252264.0,10881.0,2527.0,12.0,2527.0,12.0,18703.0,90.0,18703.0,90.0,120017.0,580.0,120017.0,580.0,434570.0,2099.0,434570.0,2099.0,131642.0,636.0,131642.0,636.0,997.0,5.0,997.0,5.0,95191.0,460.0,95191.0,460.0,0.0,0.0,0.0,0.0,10945.0,53.0,10945.0,53.0,106119.0,513.0,106119.0,513.0,0.0,0.0,0.0,0.0,0.0,0.0,0.0,0.0,1987353.0,9601.0,1987353.0,9601.0,0.0,0.0,0.0,0.0,0.0,0.0,0.0,0.0,743301.0,3591.0,743301.0,3591.0,5400.0,26.0,5400.0,26.0,248606.0,1201.0,248606.0,1201.0,0.0,0.0,0.0,0.0,0.0,0.0,0.0,0.0,0.0,0.0,0.0,0.0,0.0,0.0,0.0,0.0,0.0,0.0,0.0,0.0,0.0,0.0,0.0,0.0,0.0,0.0,0.0,0.0
2025-26,budget filed with TEA (PEIMS),101912156,Frost El,402,4763308.0,11849.0,4763308.0,11849.0,4243584.0,10556.0,4243584.0,10556.0,503973.0,1254.0,503973.0,1254.0,15751.0,39.0,15751.0,39.0,4747557.0,11810.0,4747557.0,11810.0,3444985.0,8570.0,3444985.0,8570.0,4210.0,10.0,4210.0,10.0,32101.0,80.0,32101.0,80.0,201564.0,501.0,201564.0,501.0,601399.0,1496.0,601399.0,1496.0,152473.0,379.0,152473.0,379.0,1640.0,4.0,1640.0,4.0,101248.0,252.0,101248.0,252.0,0.0,0.0,0.0,0.0,19965.0,50.0,19965.0,50.0,187972.0,468.0,187972.0,468.0,0.0,0.0,0.0,0.0,0.0,0.0,0.0,0.0,2871616.0,7143.0,2871616.0,7143.0,0.0,0.0,0.0,0.0,0.0,0.0,0.0,0.0,1106936.0,2754.0,1106936.0,2754.0,9000.0,22.0,9000.0,22.0,479233.0,1192.0,479233.0,1192.0,2818.0,7.0,2818.0,7.0,0.0,0.0,0.0,0.0,0.0,0.0,0.0,0.0,0.0,0.0,0.0,0.0,0.0,0.0,0.0,0.0,0.0,0.0,0.0,0.0,0.0,0.0,0.0,0.0
2025-26,budget filed with TEA (PEIMS),101912004,Furr H S,724,11712007.0,16177.0,11712007.0,16177.0,10425636.0,14400.0,10425636.0,14400.0,1264723.0,1747.0,1264723.0,1747.0,21648.0,30.0,21648.0,30.0,11690359.0,16147.0,11690359.0,16147.0,7955524.0,10988.0,7955524.0,10988.0,7684.0,11.0,7684.0,11.0,41579.0,57.0,41579.0,57.0,919674.0,1270.0,919674.0,1270.0,1291117.0,1783.0,1291117.0,1783.0,532604.0,736.0,532604.0,736.0,2691.0,4.0,2691.0,4.0,83592.0,115.0,83592.0,115.0,0.0,0.0,0.0,0.0,548986.0,758.0,548986.0,758.0,300726.0,415.0,300726.0,415.0,6182.0,9.0,6182.0,9.0,0.0,0.0,0.0,0.0,7255151.0,10021.0,7255151.0,10021.0,0.0,0.0,0.0,0.0,1077066.0,1488.0,1077066.0,1488.0,1669347.0,2306.0,1669347.0,2306.0,0.0,0.0,0.0,0.0,0.0,0.0,0.0,0.0,0.0,0.0,0.0,0.0,754870.0,1043.0,754870.0,1043.0,0.0,0.0,0.0,0.0,0.0,0.0,0.0,0.0,0.0,0.0,0.0,0.0,0.0,0.0,0.0,0.0,0.0,0.0,0.0,0.0
2025-26,budget filed with TEA (PEIMS),101912291,GallegosEl,316,4336915.0,13724.0,4336915.0,13724.0,3928608.0,12432.0,3928608.0,12432.0,405920.0,1285.0,405920.0,1285.0,2387.0,8.0,2387.0,8.0,4334528.0,13717.0,4334528.0,13717.0,3265830.0,10335.0,3265830.0,10335.0,3488.0,11.0,3488.0,11.0,28475.0,90.0,28475.0,90.0,165676.0,524.0,165676.0,524.0,520595.0,1647.0,520595.0,1647.0,149865.0,474.0,149865.0,474.0,1384.0,4.0,1384.0,4.0,67632.0,214.0,67632.0,214.0,0.0,0.0,0.0,0.0,19195.0,61.0,19195.0,61.0,112388.0,356.0,112388.0,356.0,0.0,0.0,0.0,0.0,0.0,0.0,0.0,0.0,2658062.0,8412.0,2658062.0,8412.0,0.0,0.0,0.0,0.0,0.0,0.0,0.0,0.0,1009552.0,3195.0,1009552.0,3195.0,8100.0,26.0,8100.0,26.0,455980.0,1443.0,455980.0,1443.0,0.0,0.0,0.0,0.0,0.0,0.0,0.0,0.0,0.0,0.0,0.0,0.0,0.0,0.0,0.0,0.0,0.0,0.0,0.0,0.0,0.0,0.0,0.0,0.0,0.0,0.0,0.0,0.0
2025-26,budget filed with TEA (PEIMS),101912283,Garcia El,306,2747374.0,8978.0,2747374.0,8978.0,2510351.0,8204.0,2510351.0,8204.0,232285.0,759.0,232285.0,759.0,4738.0,15.0,4738.0,15.0,2742636.0,8963.0,2742636.0,8963.0,1961117.0,6409.0,1961117.0,6409.0,3776.0,12.0,3776.0,12.0,22309.0,73.0,22309.0,73.0,122591.0,401.0,122591.0,401.0,388725.0,1270.0,388725.0,1270.0,72950.0,238.0,72950.0,238.0,2438.0,8.0,2438.0,8.0,88748.0,290.0,88748.0,290.0,0.0,0.0,0.0,0.0,1000.0,3.0,1000.0,3.0,78982.0,258.0,78982.0,258.0,0.0,0.0,0.0,0.0,0.0,0.0,0.0,0.0,1432151.0,4680.0,1432151.0,4680.0,886.0,3.0,886.0,3.0,0.0,0.0,0.0,0.0,770311.0,2517.0,770311.0,2517.0,20257.0,66.0,20257.0,66.0,53399.0,175.0,53399.0,175.0,0.0,0.0,0.0,0.0,0.0,0.0,0.0,0.0,0.0,0.0,0.0,0.0,0.0,0.0,0.0,0.0,0.0,0.0,0.0,0.0,0.0,0.0,0.0,0.0,0.0,0.0,0.0,0.0
2025-26,budget filed with TEA (PEIMS),101912157,Garden Oaks Montessori,747,7190646.0,9626.0,7190646.0,9626.0,6722004.0,8999.0,6722004.0,8999.0,434960.0,582.0,434960.0,582.0,33682.0,45.0,33682.0,45.0,7156964.0,9581.0,7156964.0,9581.0,5510229.0,7376.0,5510229.0,7376.0,95811.0,128.0,95811.0,128.0,42163.0,56.0,42163.0,56.0,254180.0,340.0,254180.0,340.0,837679.0,1121.0,837679.0,1121.0,177660.0,238.0,177660.0,238.0,3417.0,5.0,3417.0,5.0,98198.0,131.0,98198.0,131.0,0.0,0.0,0.0,0.0,10200.0,14.0,10200.0,14.0,126527.0,169.0,126527.0,169.0,900.0,1.0,900.0,1.0,0.0,0.0,0.0,0.0,4521130.0,6052.0,4521130.0,6052.0,11338.0,15.0,11338.0,15.0,0.0,0.0,0.0,0.0,1349965.0,1807.0,1349965.0,1807.0,37897.0,51.0,37897.0,51.0,396041.0,530.0,396041.0,530.0,0.0,0.0,0.0,0.0,0.0,0.0,0.0,0.0,0.0,0.0,0.0,0.0,33977.0,45.0,33977.0,45.0,0.0,0.0,0.0,0.0,0.0,0.0,0.0,0.0,0.0,0.0,0.0,0.0
2025-26,budget filed with TEA (PEIMS),101912158,Garden Villas El,321,3795529.0,11824.0,3795529.0,11824.0,3278385.0,10213.0,3278385.0,10213.0,492964.0,1536.0,492964.0,1536.0,24180.0,75.0,24180.0,75.0,3771349.0,11749.0,3771349.0,11749.0,2685942.0,8367.0,2685942.0,8367.0,4499.0,14.0,4499.0,14.0,24501.0,76.0,24501.0,76.0,149897.0,467.0,149897.0,467.0,426865.0,1330.0,426865.0,1330.0,145113.0,452.0,145113.0,452.0,2565.0,8.0,2565.0,8.0,88015.0,274.0,88015.0,274.0,0.0,0.0,0.0,0.0,2000.0,6.0,2000.0,6.0,239952.0,748.0,239952.0,748.0,0.0,0.0,0.0,0.0,2000.0,6.0,2000.0,6.0,2294743.0,7149.0,2294743.0,7149.0,966.0,3.0,966.0,3.0,0.0,0.0,0.0,0.0,530494.0,1653.0,530494.0,1653.0,98662.0,307.0,98662.0,307.0,216778.0,675.0,216778.0,675.0,0.0,0.0,0.0,0.0,0.0,0.0,0.0,0.0,0.0,0.0,0.0,0.0,0.0,0.0,0.0,0.0,0.0,0.0,0.0,0.0,0.0,0.0,0.0,0.0,0.0,0.0,0.0,0.0
2025-26,budget filed with TEA (PEIMS),101912159,Golfcrest El,309,4337593.0,14038.0,4337593.0,14038.0,3933838.0,12731.0,3933838.0,12731.0,401065.0,1298.0,401065.0,1298.0,2690.0,9.0,2690.0,9.0,4334903.0,14029.0,4334903.0,14029.0,3202261.0,10363.0,3202261.0,10363.0,3849.0,12.0,3849.0,12.0,25742.0,83.0,25742.0,83.0,182668.0,591.0,182668.0,591.0,531184.0,1719.0,531184.0,1719.0,156669.0,507.0,156669.0,507.0,1544.0,5.0,1544.0,5.0,102521.0,332.0,102521.0,332.0,0.0,0.0,0.0,0.0,18590.0,60.0,18590.0,60.0,106921.0,346.0,106921.0,346.0,0.0,0.0,0.0,0.0,2954.0,10.0,2954.0,10.0,2750109.0,8900.0,2750109.0,8900.0,0.0,0.0,0.0,0.0,0.0,0.0,0.0,0.0,1031576.0,3338.0,1031576.0,3338.0,8100.0,26.0,8100.0,26.0,338622.0,1096.0,338622.0,1096.0,0.0,0.0,0.0,0.0,0.0,0.0,0.0,0.0,0.0,0.0,0.0,0.0,0.0,0.0,0.0,0.0,0.0,0.0,0.0,0.0,0.0,0.0,0.0,0.0,0.0,0.0,0.0,0.0
2025-26,budget filed with TEA (PEIMS),101912162,Gregg El,248,3596405.0,14502.0,3596405.0,14502.0,3220031.0,12984.0,3220031.0,12984.0,373327.0,1505.0,373327.0,1505.0,3047.0,12.0,3047.0,12.0,3593358.0,14489.0,3593358.0,14489.0,2546615.0,10269.0,2546615.0,10269.0,2997.0,12.0,2997.0,12.0,26896.0,108.0,26896.0,108.0,143863.0,580.0,143863.0,580.0,498790.0,2011.0,498790.0,2011.0,144411.0,582.0,144411.0,582.0,1187.0,5.0,1187.0,5.0,90814.0,366.0,90814.0,366.0,0.0,0.0,0.0,0.0,15785.0,64.0,15785.0,64.0,122000.0,492.0,122000.0,492.0,0.0,0.0,0.0,0.0,0.0,0.0,0.0,0.0,2069366.0,8344.0,2069366.0,8344.0,0.0,0.0,0.0,0.0,0.0,0.0,0.0,0.0,967330.0,3901.0,967330.0,3901.0,6600.0,27.0,6600.0,27.0,361998.0,1460.0,361998.0,1460.0,0.0,0.0,0.0,0.0,0.0,0.0,0.0,0.0,0.0,0.0,0.0,0.0,0.0,0.0,0.0,0.0,0.0,0.0,0.0,0.0,0.0,0.0,0.0,0.0,0.0,0.0,0.0,0.0
2025-26,budget filed with TEA (PEIMS),101912058,Gregory-Lincoln Ed Ctr,384,6395236.0,16654.0,6395236.0,16654.0,5713286.0,14878.0,5713286.0,14878.0,679733.0,1770.0,679733.0,1770.0,2217.0,6.0,2217.0,6.0,6393019.0,16648.0,6393019.0,16648.0,4404537.0,11470.0,4404537.0,11470.0,4332.0,11.0,4332.0,11.0,30987.0,81.0,30987.0,81.0,192671.0,502.0,192671.0,502.0,1084377.0,2824.0,1084377.0,2824.0,258923.0,674.0,258923.0,674.0,1476.0,4.0,1476.0,4.0,101936.0,265.0,101936.0,265.0,0.0,0.0,0.0,0.0,114251.0,298.0,114251.0,298.0,196779.0,512.0,196779.0,512.0,2750.0,7.0,2750.0,7.0,0.0,0.0,0.0,0.0,4432079.0,11542.0,4432079.0,11542.0,0.0,0.0,0.0,0.0,0.0,0.0,0.0,0.0,974188.0,2537.0,974188.0,2537.0,104976.0,273.0,104976.0,273.0,439686.0,1145.0,439686.0,1145.0,0.0,0.0,0.0,0.0,0.0,0.0,0.0,0.0,0.0,0.0,0.0,0.0,0.0,0.0,0.0,0.0,0.0,0.0,0.0,0.0,0.0,0.0,0.0,0.0,0.0,0.0,0.0,0.0
2025-26,budget filed with TEA (PEIMS),101912262,Grissom El,396,4756511.0,12011.0,4756511.0,12011.0,4361748.0,11015.0,4361748.0,11015.0,389336.0,983.0,389336.0,983.0,5427.0,14.0,5427.0,14.0,4751084.0,11998.0,4751084.0,11998.0,3528165.0,8910.0,3528165.0,8910.0,3971.0,10.0,3971.0,10.0,33327.0,84.0,33327.0,84.0,184683.0,466.0,184683.0,466.0,644233.0,1627.0,644233.0,1627.0,150329.0,380.0,150329.0,380.0,1380.0,3.0,1380.0,3.0,98835.0,250.0,98835.0,250.0,0.0,0.0,0.0,0.0,22110.0,56.0,22110.0,56.0,84051.0,212.0,84051.0,212.0,0.0,0.0,0.0,0.0,0.0,0.0,0.0,0.0,3136796.0,7921.0,3136796.0,7921.0,0.0,0.0,0.0,0.0,0.0,0.0,0.0,0.0,765591.0,1933.0,765591.0,1933.0,79249.0,200.0,79249.0,200.0,585256.0,1478.0,585256.0,1478.0,0.0,0.0,0.0,0.0,0.0,0.0,0.0,0.0,0.0,0.0,0.0,0.0,0.0,0.0,0.0,0.0,0.0,0.0,0.0,0.0,0.0,0.0,0.0,0.0,0.0,0.0,0.0,0.0
2025-26,budget filed with TEA (PEIMS),101912369,Gross El,321,4005590.0,12478.0,4005590.0,12478.0,3606317.0,11235.0,3606317.0,11235.0,391834.0,1221.0,391834.0,1221.0,7439.0,23.0,7439.0,23.0,3998151.0,12455.0,3998151.0,12455.0,2945540.0,9176.0,2945540.0,9176.0,3487.0,11.0,3487.0,11.0,24927.0,78.0,24927.0,78.0,156680.0,488.0,156680.0,488.0,509888.0,1588.0,509888.0,1588.0,148986.0,464.0,148986.0,464.0,1318.0,4.0,1318.0,4.0,67029.0,209.0,67029.0,209.0,0.0,0.0,0.0,0.0,13035.0,41.0,13035.0,41.0,127261.0,396.0,127261.0,396.0,0.0,0.0,0.0,0.0,0.0,0.0,0.0,0.0,2714810.0,8457.0,2714810.0,8457.0,0.0,0.0,0.0,0.0,0.0,0.0,0.0,0.0,874464.0,2724.0,874464.0,2724.0,7800.0,24.0,7800.0,24.0,182750.0,569.0,182750.0,569.0,0.0,0.0,0.0,0.0,0.0,0.0,0.0,0.0,0.0,0.0,0.0,0.0,0.0,0.0,0.0,0.0,0.0,0.0,0.0,0.0,0.0,0.0,0.0,0.0,0.0,0.0,0.0,0.0
2025-26,budget filed with TEA (PEIMS),101912456,H S Ahead Academy,160,1738119.0,10863.0,1738119.0,10863.0,1521691.0,9511.0,1521691.0,9511.0,214849.0,1343.0,214849.0,1343.0,1579.0,10.0,1579.0,10.0,1736540.0,10853.0,1736540.0,10853.0,1082800.0,6768.0,1082800.0,6768.0,1528.0,10.0,1528.0,10.0,6718.0,42.0,6718.0,42.0,35845.0,224.0,35845.0,224.0,475194.0,2970.0,475194.0,2970.0,123622.0,773.0,123622.0,773.0,927.0,6.0,927.0,6.0,2472.0,15.0,2472.0,15.0,0.0,0.0,0.0,0.0,5001.0,31.0,5001.0,31.0,2191.0,14.0,2191.0,14.0,0.0,0.0,0.0,0.0,242.0,2.0,242.0,2.0,1410741.0,8817.0,1410741.0,8817.0,161.0,1.0,161.0,1.0,0.0,0.0,0.0,0.0,113293.0,708.0,113293.0,708.0,5577.0,35.0,5577.0,35.0,0.0,0.0,0.0,0.0,0.0,0.0,0.0,0.0,0.0,0.0,0.0,0.0,0.0,0.0,0.0,0.0,0.0,0.0,0.0,0.0,0.0,0.0,0.0,0.0,0.0,0.0,0.0,0.0,0.0,0.0,0.0,0.0
2025-26,budget filed with TEA (PEIMS),101912034,H S For Law And Justice,410,4287054.0,10456.0,4287054.0,10456.0,3726169.0,9088.0,3726169.0,9088.0,529851.0,1292.0,529851.0,1292.0,31034.0,76.0,31034.0,76.0,4256020.0,10381.0,4256020.0,10381.0,2408178.0,5874.0,2408178.0,5874.0,3031.0,7.0,3031.0,7.0,107197.0,261.0,107197.0,261.0,696996.0,1700.0,696996.0,1700.0,717997.0,1751.0,717997.0,1751.0,57294.0,140.0,57294.0,140.0,1326.0,3.0,1326.0,3.0,96822.0,236.0,96822.0,236.0,0.0,0.0,0.0,0.0,0.0,0.0,0.0,0.0,155179.0,378.0,155179.0,378.0,12000.0,29.0,12000.0,29.0,0.0,0.0,0.0,0.0,1632282.0,3981.0,1632282.0,3981.0,9277.0,23.0,9277.0,23.0,1239818.0,3024.0,1239818.0,3024.0,177610.0,433.0,177610.0,433.0,7722.0,19.0,7722.0,19.0,0.0,0.0,0.0,0.0,0.0,0.0,0.0,0.0,837388.0,2042.0,837388.0,2042.0,0.0,0.0,0.0,0.0,0.0,0.0,0.0,0.0,0.0,0.0,0.0,0.0,0.0,0.0,0.0,0.0,0.0,0.0,0.0,0.0
2025-26,budget filed with TEA (PEIMS),101912131,Halpin Early Childhood Ctr,260,3388614.0,13033.0,3388614.0,13033.0,3052551.0,11741.0,3052551.0,11741.0,330349.0,1271.0,330349.0,1271.0,5714.0,22.0,5714.0,22.0,3382900.0,13011.0,3382900.0,13011.0,2217994.0,8531.0,2217994.0,8531.0,85819.0,330.0,85819.0,330.0,28854.0,111.0,28854.0,111.0,149086.0,573.0,149086.0,573.0,520552.0,2002.0,520552.0,2002.0,142360.0,548.0,142360.0,548.0,2602.0,10.0,2602.0,10.0,91250.0,351.0,91250.0,351.0,0.0,0.0,0.0,0.0,0.0,0.0,0.0,0.0,144383.0,555.0,144383.0,555.0,0.0,0.0,0.0,0.0,0.0,0.0,0.0,0.0,1178767.0,4534.0,1178767.0,4534.0,0.0,0.0,0.0,0.0,0.0,0.0,0.0,0.0,951879.0,3661.0,951879.0,3661.0,125549.0,483.0,125549.0,483.0,459055.0,1766.0,459055.0,1766.0,0.0,0.0,0.0,0.0,0.0,0.0,0.0,0.0,0.0,0.0,0.0,0.0,18198.0,70.0,18198.0,70.0,0.0,0.0,0.0,0.0,0.0,0.0,0.0,0.0,0.0,0.0,0.0,0.0
2025-26,budget filed with TEA (PEIMS),101912049,HamiltonMiddle,964,8638020.0,8961.0,8638020.0,8961.0,7424226.0,7701.0,7424226.0,7701.0,1140190.0,1183.0,1140190.0,1183.0,73604.0,76.0,73604.0,76.0,8564416.0,8884.0,8564416.0,8884.0,5922418.0,6144.0,5922418.0,6144.0,99827.0,104.0,99827.0,104.0,138661.0,144.0,138661.0,144.0,329614.0,342.0,329614.0,342.0,1164614.0,1208.0,1164614.0,1208.0,286619.0,297.0,286619.0,297.0,3437.0,4.0,3437.0,4.0,120530.0,125.0,120530.0,125.0,0.0,0.0,0.0,0.0,254707.0,264.0,254707.0,264.0,227488.0,236.0,227488.0,236.0,16501.0,17.0,16501.0,17.0,0.0,0.0,0.0,0.0,5711959.0,5925.0,5711959.0,5925.0,16685.0,17.0,16685.0,17.0,110359.0,114.0,110359.0,114.0,1862460.0,1932.0,1862460.0,1932.0,54202.0,56.0,54202.0,56.0,0.0,0.0,0.0,0.0,0.0,0.0,0.0,0.0,0.0,0.0,0.0,0.0,0.0,0.0,0.0,0.0,0.0,0.0,0.0,0.0,0.0,0.0,0.0,0.0,0.0,0.0,0.0,0.0,0.0,0.0,0.0,0.0
2025-26,budget filed with TEA (PEIMS),101912351,Harper Daep,118,4912387.0,41630.0,4912387.0,41630.0,4419352.0,37452.0,4419352.0,37452.0,447988.0,3797.0,447988.0,3797.0,45047.0,382.0,45047.0,382.0,4867340.0,41249.0,4867340.0,41249.0,2446854.0,20736.0,2446854.0,20736.0,3478.0,29.0,3478.0,29.0,25965.0,220.0,25965.0,220.0,180175.0,1527.0,180175.0,1527.0,1300825.0,11024.0,1300825.0,11024.0,504808.0,4278.0,504808.0,4278.0,1315.0,11.0,1315.0,11.0,97905.0,830.0,97905.0,830.0,0.0,0.0,0.0,0.0,0.0,0.0,0.0,0.0,189764.0,1608.0,189764.0,1608.0,1000.0,8.0,1000.0,8.0,115251.0,977.0,115251.0,977.0,0.0,0.0,0.0,0.0,0.0,0.0,0.0,0.0,248519.0,2106.0,248519.0,2106.0,676354.0,5732.0,676354.0,5732.0,0.0,0.0,0.0,0.0,0.0,0.0,0.0,0.0,0.0,0.0,0.0,0.0,0.0,0.0,0.0,0.0,0.0,0.0,0.0,0.0,0.0,0.0,0.0,0.0,0.0,0.0,0.0,0.0,3636452.0,30817.0,3636452.0,30817.0,0.0,0.0,0.0,0.0
2025-26,budget filed with TEA (PEIMS),101912320,Harris Co J J A E P,9,792000.0,88000.0,792000.0,88000.0,0.0,0.0,0.0,0.0,792000.0,88000.0,792000.0,88000.0,0.0,0.0,0.0,0.0,792000.0,88000.0,792000.0,88000.0,0.0,0.0,0.0,0.0,0.0,0.0,0.0,0.0,0.0,0.0,0.0,0.0,0.0,0.0,0.0,0.0,0.0,0.0,0.0,0.0,0.0,0.0,0.0,0.0,0.0,0.0,0.0,0.0,0.0,0.0,0.0,0.0,0.0,0.0,0.0,0.0,0.0,0.0,0.0,0.0,0.0,0.0,0.0,0.0,0.0,0.0,0.0,0.0,0.0,0.0,0.0,0.0,0.0,0.0,0.0,0.0,0.0,0.0,0.0,0.0,0.0,0.0,0.0,0.0,0.0,0.0,0.0,0.0,0.0,0.0,0.0,0.0,0.0,0.0,0.0,0.0,0.0,0.0,0.0,0.0,0.0,0.0,0.0,0.0,0.0,0.0,0.0,0.0,0.0,0.0,0.0,0.0,0.0,0.0,0.0,0.0,792000.0,88000.0,792000.0,88000.0,0.0,0.0,0.0,0.0
2025-26,budget filed with TEA (PEIMS),101912166,Harris J R El,284,3545662.0,12485.0,3545662.0,12485.0,3207185.0,11293.0,3207185.0,11293.0,336868.0,1186.0,336868.0,1186.0,1609.0,6.0,1609.0,6.0,3544053.0,12479.0,3544053.0,12479.0,2559371.0,9012.0,2559371.0,9012.0,2887.0,10.0,2887.0,10.0,25566.0,90.0,25566.0,90.0,138091.0,486.0,138091.0,486.0,499965.0,1760.0,499965.0,1760.0,135551.0,477.0,135551.0,477.0,1027.0,4.0,1027.0,4.0,64306.0,226.0,64306.0,226.0,0.0,0.0,0.0,0.0,15290.0,54.0,15290.0,54.0,101999.0,359.0,101999.0,359.0,0.0,0.0,0.0,0.0,0.0,0.0,0.0,0.0,2151095.0,7574.0,2151095.0,7574.0,0.0,0.0,0.0,0.0,0.0,0.0,0.0,0.0,686593.0,2418.0,686593.0,2418.0,6600.0,23.0,6600.0,23.0,504445.0,1776.0,504445.0,1776.0,0.0,0.0,0.0,0.0,0.0,0.0,0.0,0.0,0.0,0.0,0.0,0.0,0.0,0.0,0.0,0.0,0.0,0.0,0.0,0.0,0.0,0.0,0.0,0.0,0.0,0.0,0.0,0.0
2025-26,budget filed with TEA (PEIMS),101912167,Harris R P El,327,4180721.0,12785.0,4180721.0,12785.0,3827656.0,11705.0,3827656.0,11705.0,348429.0,1066.0,348429.0,1066.0,4636.0,14.0,4636.0,14.0,4176085.0,12771.0,4176085.0,12771.0,3143865.0,9614.0,3143865.0,9614.0,3490.0,11.0,3490.0,11.0,26604.0,81.0,26604.0,81.0,158587.0,485.0,158587.0,485.0,502509.0,1537.0,502509.0,1537.0,143978.0,440.0,143978.0,440.0,1252.0,4.0,1252.0,4.0,89649.0,274.0,89649.0,274.0,0.0,0.0,0.0,0.0,20690.0,63.0,20690.0,63.0,85461.0,261.0,85461.0,261.0,0.0,0.0,0.0,0.0,0.0,0.0,0.0,0.0,2760817.0,8443.0,2760817.0,8443.0,0.0,0.0,0.0,0.0,0.0,0.0,0.0,0.0,774305.0,2368.0,774305.0,2368.0,109010.0,333.0,109010.0,333.0,347771.0,1064.0,347771.0,1064.0,0.0,0.0,0.0,0.0,0.0,0.0,0.0,0.0,0.0,0.0,0.0,0.0,0.0,0.0,0.0,0.0,0.0,0.0,0.0,0.0,0.0,0.0,0.0,0.0,0.0,0.0,0.0,0.0
2025-26,budget filed with TEA (PEIMS),101912051,Hartman Middle,568,7301459.0,12855.0,7301459.0,12855.0,6374044.0,11222.0,6374044.0,11222.0,918775.0,1618.0,918775.0,1618.0,8640.0,15.0,8640.0,15.0,7292819.0,12839.0,7292819.0,12839.0,5263792.0,9267.0,5263792.0,9267.0,6245.0,11.0,6245.0,11.0,29504.0,52.0,29504.0,52.0,267347.0,471.0,267347.0,471.0,921178.0,1622.0,921178.0,1622.0,211343.0,372.0,211343.0,372.0,3098.0,5.0,3098.0,5.0,111105.0,196.0,111105.0,196.0,0.0,0.0,0.0,0.0,146335.0,258.0,146335.0,258.0,331771.0,584.0,331771.0,584.0,1101.0,2.0,1101.0,2.0,0.0,0.0,0.0,0.0,4384807.0,7720.0,4384807.0,7720.0,0.0,0.0,0.0,0.0,0.0,0.0,0.0,0.0,2189668.0,3855.0,2189668.0,3855.0,69349.0,122.0,69349.0,122.0,0.0,0.0,0.0,0.0,0.0,0.0,0.0,0.0,0.0,0.0,0.0,0.0,0.0,0.0,0.0,0.0,0.0,0.0,0.0,0.0,0.0,0.0,0.0,0.0,0.0,0.0,0.0,0.0,0.0,0.0,0.0,0.0
2025-26,budget filed with TEA (PEIMS),101912168,Hartsfield El,263,3703726.0,14083.0,3703726.0,14083.0,3379796.0,12851.0,3379796.0,12851.0,321881.0,1224.0,321881.0,1224.0,2049.0,8.0,2049.0,8.0,3701677.0,14075.0,3701677.0,14075.0,2685163.0,10210.0,2685163.0,10210.0,3006.0,11.0,3006.0,11.0,24638.0,94.0,24638.0,94.0,144211.0,548.0,144211.0,548.0,502066.0,1909.0,502066.0,1909.0,142121.0,540.0,142121.0,540.0,1190.0,5.0,1190.0,5.0,98307.0,374.0,98307.0,374.0,0.0,0.0,0.0,0.0,15125.0,58.0,15125.0,58.0,85850.0,326.0,85850.0,326.0,0.0,0.0,0.0,0.0,0.0,0.0,0.0,0.0,2213034.0,8415.0,2213034.0,8415.0,0.0,0.0,0.0,0.0,0.0,0.0,0.0,0.0,919690.0,3497.0,919690.0,3497.0,6600.0,25.0,6600.0,25.0,391361.0,1488.0,391361.0,1488.0,0.0,0.0,0.0,0.0,0.0,0.0,0.0,0.0,0.0,0.0,0.0,0.0,0.0,0.0,0.0,0.0,0.0,0.0,0.0,0.0,0.0,0.0,0.0,0.0,0.0,0.0,0.0,0.0
2025-26,budget filed with TEA (PEIMS),101912169,Harvard El,663,5050630.0,7618.0,5050630.0,7618.0,4636057.0,6993.0,4636057.0,6993.0,395251.0,596.0,395251.0,596.0,19322.0,29.0,19322.0,29.0,5031308.0,7589.0,5031308.0,7589.0,3772244.0,5690.0,3772244.0,5690.0,95891.0,145.0,95891.0,145.0,75399.0,114.0,75399.0,114.0,196158.0,296.0,196158.0,296.0,474442.0,716.0,474442.0,716.0,64236.0,97.0,64236.0,97.0,85914.0,130.0,85914.0,130.0,101466.0,153.0,101466.0,153.0,0.0,0.0,0.0,0.0,1300.0,2.0,1300.0,2.0,110220.0,166.0,110220.0,166.0,9000.0,14.0,9000.0,14.0,45038.0,68.0,45038.0,68.0,3860919.0,5823.0,3860919.0,5823.0,15299.0,23.0,15299.0,23.0,0.0,0.0,0.0,0.0,623282.0,940.0,623282.0,940.0,3861.0,6.0,3861.0,6.0,68761.0,104.0,68761.0,104.0,0.0,0.0,0.0,0.0,0.0,0.0,0.0,0.0,0.0,0.0,0.0,0.0,2750.0,4.0,2750.0,4.0,0.0,0.0,0.0,0.0,0.0,0.0,0.0,0.0,0.0,0.0,0.0,0.0
2025-26,budget filed with TEA (PEIMS),101912097,Hcc Life Skills Program,61,2461499.0,40352.0,2461499.0,40352.0,2376486.0,38959.0,2376486.0,38959.0,82500.0,1352.0,82500.0,1352.0,2513.0,41.0,2513.0,41.0,2458986.0,40311.0,2458986.0,40311.0,2144816.0,35161.0,2144816.0,35161.0,1285.0,21.0,1285.0,21.0,5838.0,96.0,5838.0,96.0,85742.0,1406.0,85742.0,1406.0,27463.0,450.0,27463.0,450.0,183128.0,3002.0,183128.0,3002.0,1042.0,17.0,1042.0,17.0,9672.0,159.0,9672.0,159.0,0.0,0.0,0.0,0.0,0.0,0.0,0.0,0.0,0.0,0.0,0.0,0.0,0.0,0.0,0.0,0.0,0.0,0.0,0.0,0.0,0.0,0.0,0.0,0.0,0.0,0.0,0.0,0.0,0.0,0.0,0.0,0.0,2458986.0,40311.0,2458986.0,40311.0,0.0,0.0,0.0,0.0,0.0,0.0,0.0,0.0,0.0,0.0,0.0,0.0,0.0,0.0,0.0,0.0,0.0,0.0,0.0,0.0,0.0,0.0,0.0,0.0,0.0,0.0,0.0,0.0,0.0,0.0,0.0,0.0,0.0,0.0,0.0,0.0
2025-26,budget filed with TEA (PEIMS),101912012,Heights H S,2462,20506042.0,8329.0,20506042.0,8329.0,17907385.0,7274.0,17907385.0,7274.0,2509931.0,1019.0,2509931.0,1019.0,88726.0,36.0,88726.0,36.0,20417316.0,8293.0,20417316.0,8293.0,13243854.0,5379.0,13243854.0,5379.0,18081.0,7.0,18081.0,7.0,142998.0,58.0,142998.0,58.0,1637434.0,665.0,1637434.0,665.0,2791500.0,1134.0,2791500.0,1134.0,915920.0,372.0,915920.0,372.0,8601.0,3.0,8601.0,3.0,150855.0,61.0,150855.0,61.0,0.0,0.0,0.0,0.0,657831.0,267.0,657831.0,267.0,711577.0,289.0,711577.0,289.0,42600.0,17.0,42600.0,17.0,96065.0,39.0,96065.0,39.0,10606449.0,4308.0,10606449.0,4308.0,116499.0,47.0,116499.0,47.0,2856986.0,1160.0,2856986.0,1160.0,2832384.0,1150.0,2832384.0,1150.0,48355.0,20.0,48355.0,20.0,0.0,0.0,0.0,0.0,0.0,0.0,0.0,0.0,1486208.0,604.0,1486208.0,604.0,0.0,0.0,0.0,0.0,0.0,0.0,0.0,0.0,0.0,0.0,0.0,0.0,0.0,0.0,0.0,0.0,0.0,0.0,0.0,0.0
2025-26,budget filed with TEA (PEIMS),101912170,HelmsEl,522,4334337.0,8303.0,4334337.0,8303.0,3987406.0,7639.0,3987406.0,7639.0,334956.0,642.0,334956.0,642.0,11975.0,23.0,11975.0,23.0,4322362.0,8280.0,4322362.0,8280.0,3198267.0,6127.0,3198267.0,6127.0,4296.0,8.0,4296.0,8.0,24789.0,47.0,24789.0,47.0,166941.0,320.0,166941.0,320.0,587916.0,1126.0,587916.0,1126.0,59985.0,115.0,59985.0,115.0,94683.0,181.0,94683.0,181.0,99119.0,190.0,99119.0,190.0,0.0,0.0,0.0,0.0,0.0,0.0,0.0,0.0,86366.0,165.0,86366.0,165.0,0.0,0.0,0.0,0.0,0.0,0.0,0.0,0.0,2848380.0,5457.0,2848380.0,5457.0,0.0,0.0,0.0,0.0,0.0,0.0,0.0,0.0,872165.0,1671.0,872165.0,1671.0,155610.0,298.0,155610.0,298.0,141373.0,271.0,141373.0,271.0,0.0,0.0,0.0,0.0,0.0,0.0,0.0,0.0,0.0,0.0,0.0,0.0,0.0,0.0,0.0,0.0,0.0,0.0,0.0,0.0,0.0,0.0,0.0,0.0,0.0,0.0,0.0,0.0
2025-26,budget filed with TEA (PEIMS),101912171,Henderson J El,346,3272741.0,9459.0,3272741.0,9459.0,2907097.0,8402.0,2907097.0,8402.0,360393.0,1042.0,360393.0,1042.0,5251.0,15.0,5251.0,15.0,3267490.0,9444.0,3267490.0,9444.0,2122749.0,6135.0,2122749.0,6135.0,3212.0,9.0,3212.0,9.0,19824.0,57.0,19824.0,57.0,113851.0,329.0,113851.0,329.0,636204.0,1839.0,636204.0,1839.0,140443.0,406.0,140443.0,406.0,1504.0,4.0,1504.0,4.0,86492.0,250.0,86492.0,250.0,0.0,0.0,0.0,0.0,1000.0,3.0,1000.0,3.0,139711.0,404.0,139711.0,404.0,2000.0,6.0,2000.0,6.0,500.0,1.0,500.0,1.0,2370687.0,6852.0,2370687.0,6852.0,2657.0,8.0,2657.0,8.0,0.0,0.0,0.0,0.0,288513.0,834.0,288513.0,834.0,36351.0,105.0,36351.0,105.0,190834.0,552.0,190834.0,552.0,0.0,0.0,0.0,0.0,0.0,0.0,0.0,0.0,0.0,0.0,0.0,0.0,0.0,0.0,0.0,0.0,0.0,0.0,0.0,0.0,0.0,0.0,0.0,0.0,0.0,0.0,0.0,0.0
2025-26,budget filed with TEA (PEIMS),101912172,Henderson N El,257,3410566.0,13271.0,3410566.0,13271.0,3119535.0,12138.0,3119535.0,12138.0,288783.0,1124.0,288783.0,1124.0,2248.0,9.0,2248.0,9.0,3408318.0,13262.0,3408318.0,13262.0,2446574.0,9520.0,2446574.0,9520.0,3007.0,12.0,3007.0,12.0,24971.0,97.0,24971.0,97.0,146939.0,572.0,146939.0,572.0,450582.0,1753.0,450582.0,1753.0,140497.0,547.0,140497.0,547.0,1190.0,5.0,1190.0,5.0,110208.0,429.0,110208.0,429.0,0.0,0.0,0.0,0.0,14135.0,55.0,14135.0,55.0,70215.0,273.0,70215.0,273.0,0.0,0.0,0.0,0.0,0.0,0.0,0.0,0.0,1927694.0,7501.0,1927694.0,7501.0,0.0,0.0,0.0,0.0,0.0,0.0,0.0,0.0,919174.0,3577.0,919174.0,3577.0,6000.0,23.0,6000.0,23.0,393069.0,1529.0,393069.0,1529.0,0.0,0.0,0.0,0.0,0.0,0.0,0.0,0.0,0.0,0.0,0.0,0.0,0.0,0.0,0.0,0.0,0.0,0.0,0.0,0.0,0.0,0.0,0.0,0.0,0.0,0.0,0.0,0.0
2025-26,budget filed with TEA (PEIMS),101912052,Henry Middle,460,6605058.0,14359.0,6605058.0,14359.0,5809023.0,12628.0,5809023.0,12628.0,791462.0,1721.0,791462.0,1721.0,4573.0,10.0,4573.0,10.0,6600485.0,14349.0,6600485.0,14349.0,4834276.0,10509.0,4834276.0,10509.0,4452.0,10.0,4452.0,10.0,25120.0,55.0,25120.0,55.0,215456.0,468.0,215456.0,468.0,853320.0,1855.0,853320.0,1855.0,158289.0,344.0,158289.0,344.0,2098.0,5.0,2098.0,5.0,107157.0,233.0,107157.0,233.0,0.0,0.0,0.0,0.0,160218.0,348.0,160218.0,348.0,237899.0,517.0,237899.0,517.0,2200.0,5.0,2200.0,5.0,0.0,0.0,0.0,0.0,3814005.0,8291.0,3814005.0,8291.0,0.0,0.0,0.0,0.0,0.0,0.0,0.0,0.0,2235294.0,4859.0,2235294.0,4859.0,100590.0,219.0,100590.0,219.0,0.0,0.0,0.0,0.0,0.0,0.0,0.0,0.0,0.0,0.0,0.0,0.0,0.0,0.0,0.0,0.0,0.0,0.0,0.0,0.0,0.0,0.0,0.0,0.0,0.0,0.0,0.0,0.0,0.0,0.0,0.0,0.0
2025-26,budget filed with TEA (PEIMS),101912173,Herod El,647,5425064.0,8385.0,5425064.0,8385.0,4922269.0,7608.0,4922269.0,7608.0,483049.0,747.0,483049.0,747.0,19746.0,31.0,19746.0,31.0,5405318.0,8354.0,5405318.0,8354.0,4027838.0,6225.0,4027838.0,6225.0,6035.0,9.0,6035.0,9.0,90732.0,140.0,90732.0,140.0,220293.0,340.0,220293.0,340.0,620684.0,959.0,620684.0,959.0,83034.0,128.0,83034.0,128.0,88998.0,138.0,88998.0,138.0,107472.0,166.0,107472.0,166.0,0.0,0.0,0.0,0.0,1300.0,2.0,1300.0,2.0,156831.0,242.0,156831.0,242.0,1101.0,2.0,1101.0,2.0,1000.0,2.0,1000.0,2.0,3611664.0,5582.0,3611664.0,5582.0,53365.0,82.0,53365.0,82.0,0.0,0.0,0.0,0.0,996992.0,1541.0,996992.0,1541.0,32296.0,50.0,32296.0,50.0,324272.0,501.0,324272.0,501.0,0.0,0.0,0.0,0.0,0.0,0.0,0.0,0.0,0.0,0.0,0.0,0.0,69083.0,107.0,69083.0,107.0,0.0,0.0,0.0,0.0,0.0,0.0,0.0,0.0,0.0,0.0,0.0,0.0
2025-26,budget filed with TEA (PEIMS),101912286,Herrera El,679,6131135.0,9030.0,6131135.0,9030.0,5680174.0,8365.0,5680174.0,8365.0,436387.0,643.0,436387.0,643.0,14574.0,21.0,14574.0,21.0,6116561.0,9008.0,6116561.0,9008.0,4608440.0,6787.0,4608440.0,6787.0,7630.0,11.0,7630.0,11.0,155687.0,229.0,155687.0,229.0,238808.0,352.0,238808.0,352.0,792504.0,1167.0,792504.0,1167.0,82948.0,122.0,82948.0,122.0,4525.0,7.0,4525.0,7.0,125260.0,184.0,125260.0,184.0,0.0,0.0,0.0,0.0,0.0,0.0,0.0,0.0,100759.0,148.0,100759.0,148.0,0.0,0.0,0.0,0.0,0.0,0.0,0.0,0.0,3925870.0,5782.0,3925870.0,5782.0,4187.0,6.0,4187.0,6.0,0.0,0.0,0.0,0.0,868527.0,1279.0,868527.0,1279.0,273695.0,403.0,273695.0,403.0,272791.0,402.0,272791.0,402.0,0.0,0.0,0.0,0.0,0.0,0.0,0.0,0.0,0.0,0.0,0.0,0.0,33310.0,49.0,33310.0,49.0,0.0,0.0,0.0,0.0,0.0,0.0,0.0,0.0,0.0,0.0,0.0,0.0
2025-26,budget filed with TEA (PEIMS),101912174,Highland Hts El,422,4782993.0,11334.0,4782993.0,11334.0,4289172.0,10164.0,4289172.0,10164.0,491298.0,1164.0,491298.0,1164.0,2523.0,6.0,2523.0,6.0,4780470.0,11328.0,4780470.0,11328.0,3460592.0,8200.0,3460592.0,8200.0,3970.0,9.0,3970.0,9.0,31277.0,74.0,31277.0,74.0,183600.0,435.0,183600.0,435.0,656224.0,1555.0,656224.0,1555.0,155831.0,369.0,155831.0,369.0,1511.0,4.0,1511.0,4.0,101228.0,240.0,101228.0,240.0,0.0,0.0,0.0,0.0,23705.0,56.0,23705.0,56.0,162532.0,385.0,162532.0,385.0,0.0,0.0,0.0,0.0,0.0,0.0,0.0,0.0,3068134.0,7270.0,3068134.0,7270.0,0.0,0.0,0.0,0.0,0.0,0.0,0.0,0.0,1051840.0,2493.0,1051840.0,2493.0,9300.0,22.0,9300.0,22.0,386928.0,917.0,386928.0,917.0,0.0,0.0,0.0,0.0,0.0,0.0,0.0,0.0,0.0,0.0,0.0,0.0,0.0,0.0,0.0,0.0,0.0,0.0,0.0,0.0,0.0,0.0,0.0,0.0,0.0,0.0,0.0,0.0
2025-26,budget filed with TEA (PEIMS),101912473,Hilliard El,582,5225626.0,8979.0,5225626.0,8979.0,4649038.0,7988.0,4649038.0,7988.0,570533.0,980.0,570533.0,980.0,6055.0,10.0,6055.0,10.0,5219571.0,8968.0,5219571.0,8968.0,3770514.0,6479.0,3770514.0,6479.0,5074.0,9.0,5074.0,9.0,37233.0,64.0,37233.0,64.0,206688.0,355.0,206688.0,355.0,732341.0,1258.0,732341.0,1258.0,158787.0,273.0,158787.0,273.0,2147.0,4.0,2147.0,4.0,69174.0,119.0,69174.0,119.0,0.0,0.0,0.0,0.0,30305.0,52.0,30305.0,52.0,207308.0,356.0,207308.0,356.0,0.0,0.0,0.0,0.0,0.0,0.0,0.0,0.0,3451676.0,5931.0,3451676.0,5931.0,0.0,0.0,0.0,0.0,0.0,0.0,0.0,0.0,754458.0,1296.0,754458.0,1296.0,9900.0,17.0,9900.0,17.0,593036.0,1019.0,593036.0,1019.0,0.0,0.0,0.0,0.0,0.0,0.0,0.0,0.0,0.0,0.0,0.0,0.0,0.0,0.0,0.0,0.0,0.0,0.0,0.0,0.0,0.0,0.0,0.0,0.0,0.0,0.0,0.0,0.0
2025-26,budget filed with TEA (PEIMS),101912395,Hines-Caldwell,619,4936188.0,7974.0,4936188.0,7974.0,4436285.0,7167.0,4436285.0,7167.0,435903.0,704.0,435903.0,704.0,64000.0,103.0,64000.0,103.0,4872188.0,7871.0,4872188.0,7871.0,3565053.0,5759.0,3565053.0,5759.0,5459.0,9.0,5459.0,9.0,42540.0,69.0,42540.0,69.0,198805.0,321.0,198805.0,321.0,606776.0,980.0,606776.0,980.0,165600.0,268.0,165600.0,268.0,2886.0,5.0,2886.0,5.0,83481.0,135.0,83481.0,135.0,0.0,0.0,0.0,0.0,1964.0,3.0,1964.0,3.0,198149.0,320.0,198149.0,320.0,1475.0,2.0,1475.0,2.0,0.0,0.0,0.0,0.0,3087704.0,4988.0,3087704.0,4988.0,3497.0,6.0,3497.0,6.0,0.0,0.0,0.0,0.0,757904.0,1224.0,757904.0,1224.0,193441.0,313.0,193441.0,313.0,250261.0,404.0,250261.0,404.0,0.0,0.0,0.0,0.0,0.0,0.0,0.0,0.0,0.0,0.0,0.0,0.0,0.0,0.0,0.0,0.0,0.0,0.0,0.0,0.0,0.0,0.0,0.0,0.0,0.0,0.0,0.0,0.0
2025-26,budget filed with TEA (PEIMS),101912175,Hobby El,417,4758485.0,11411.0,4758485.0,11411.0,4327065.0,10377.0,4327065.0,10377.0,416783.0,999.0,416783.0,999.0,14637.0,35.0,14637.0,35.0,4743848.0,11376.0,4743848.0,11376.0,3571555.0,8565.0,3571555.0,8565.0,4091.0,10.0,4091.0,10.0,32821.0,79.0,32821.0,79.0,188086.0,451.0,188086.0,451.0,573682.0,1376.0,573682.0,1376.0,122434.0,294.0,122434.0,294.0,1543.0,4.0,1543.0,4.0,101749.0,244.0,101749.0,244.0,0.0,0.0,0.0,0.0,22935.0,55.0,22935.0,55.0,118467.0,284.0,118467.0,284.0,6485.0,16.0,6485.0,16.0,0.0,0.0,0.0,0.0,3079626.0,7385.0,3079626.0,7385.0,0.0,0.0,0.0,0.0,0.0,0.0,0.0,0.0,1103953.0,2647.0,1103953.0,2647.0,9600.0,23.0,9600.0,23.0,332765.0,798.0,332765.0,798.0,0.0,0.0,0.0,0.0,0.0,0.0,0.0,0.0,0.0,0.0,0.0,0.0,0.0,0.0,0.0,0.0,0.0,0.0,0.0,0.0,0.0,0.0,0.0,0.0,0.0,0.0,0.0,0.0
2025-26,budget filed with TEA (PEIMS),101912053,Hogg Middle,1149,9696658.0,8439.0,9696658.0,8439.0,8543264.0,7435.0,8543264.0,7435.0,1129202.0,983.0,1129202.0,983.0,24192.0,21.0,24192.0,21.0,9672466.0,8418.0,9672466.0,8418.0,6828919.0,5943.0,6828919.0,5943.0,105058.0,91.0,105058.0,91.0,50203.0,44.0,50203.0,44.0,343714.0,299.0,343714.0,299.0,1441061.0,1254.0,1441061.0,1254.0,202753.0,176.0,202753.0,176.0,4233.0,4.0,4233.0,4.0,106925.0,93.0,106925.0,93.0,0.0,0.0,0.0,0.0,83709.0,73.0,83709.0,73.0,465431.0,405.0,465431.0,405.0,1885.0,2.0,1885.0,2.0,38575.0,34.0,38575.0,34.0,6652718.0,5790.0,6652718.0,5790.0,80115.0,70.0,80115.0,70.0,157793.0,137.0,157793.0,137.0,1600050.0,1393.0,1600050.0,1393.0,25883.0,23.0,25883.0,23.0,0.0,0.0,0.0,0.0,0.0,0.0,0.0,0.0,71539.0,62.0,71539.0,62.0,0.0,0.0,0.0,0.0,0.0,0.0,0.0,0.0,0.0,0.0,0.0,0.0,0.0,0.0,0.0,0.0,0.0,0.0,0.0,0.0
2025-26,budget filed with TEA (PEIMS),101912050,HollandMiddle,440,5336255.0,12128.0,5336255.0,12128.0,4696478.0,10674.0,4696478.0,10674.0,560458.0,1274.0,560458.0,1274.0,79319.0,180.0,79319.0,180.0,5256936.0,11948.0,5256936.0,11948.0,3719129.0,8453.0,3719129.0,8453.0,3730.0,8.0,3730.0,8.0,23013.0,52.0,23013.0,52.0,167281.0,380.0,167281.0,380.0,767778.0,1745.0,767778.0,1745.0,169369.0,385.0,169369.0,385.0,1513.0,3.0,1513.0,3.0,101224.0,230.0,101224.0,230.0,0.0,0.0,0.0,0.0,120286.0,273.0,120286.0,273.0,180312.0,410.0,180312.0,410.0,3301.0,8.0,3301.0,8.0,0.0,0.0,0.0,0.0,3352005.0,7618.0,3352005.0,7618.0,0.0,0.0,0.0,0.0,0.0,0.0,0.0,0.0,1430418.0,3251.0,1430418.0,3251.0,100597.0,229.0,100597.0,229.0,0.0,0.0,0.0,0.0,0.0,0.0,0.0,0.0,0.0,0.0,0.0,0.0,0.0,0.0,0.0,0.0,0.0,0.0,0.0,0.0,0.0,0.0,0.0,0.0,0.0,0.0,0.0,0.0,0.0,0.0,0.0,0.0
2025-26,budget filed with TEA (PEIMS),101912178,Horn El,752,5979648.0,7952.0,5979648.0,7952.0,5488002.0,7298.0,5488002.0,7298.0,457293.0,608.0,457293.0,608.0,34353.0,46.0,34353.0,46.0,5945295.0,7906.0,5945295.0,7906.0,4392993.0,5842.0,4392993.0,5842.0,104333.0,139.0,104333.0,139.0,32910.0,44.0,32910.0,44.0,230599.0,307.0,230599.0,307.0,694555.0,924.0,694555.0,924.0,142290.0,189.0,142290.0,189.0,2832.0,4.0,2832.0,4.0,122749.0,163.0,122749.0,163.0,0.0,0.0,0.0,0.0,3303.0,4.0,3303.0,4.0,120840.0,161.0,120840.0,161.0,5000.0,7.0,5000.0,7.0,92891.0,124.0,92891.0,124.0,4368410.0,5809.0,4368410.0,5809.0,70229.0,93.0,70229.0,93.0,0.0,0.0,0.0,0.0,771983.0,1027.0,771983.0,1027.0,104723.0,139.0,104723.0,139.0,101457.0,135.0,101457.0,135.0,0.0,0.0,0.0,0.0,0.0,0.0,0.0,0.0,0.0,0.0,0.0,0.0,163010.0,217.0,163010.0,217.0,0.0,0.0,0.0,0.0,0.0,0.0,0.0,0.0,0.0,0.0,0.0,0.0
2025-26,budget filed with TEA (PEIMS),101912348,Houston Academy For International,471,3801711.0,8072.0,3801711.0,8072.0,3320132.0,7049.0,3320132.0,7049.0,450950.0,957.0,450950.0,957.0,30629.0,65.0,30629.0,65.0,3771082.0,8007.0,3771082.0,8007.0,2219663.0,4713.0,2219663.0,4713.0,3454.0,7.0,3454.0,7.0,106606.0,226.0,106606.0,226.0,218565.0,464.0,218565.0,464.0,783489.0,1663.0,783489.0,1663.0,110492.0,235.0,110492.0,235.0,1960.0,4.0,1960.0,4.0,80427.0,171.0,80427.0,171.0,0.0,0.0,0.0,0.0,11500.0,24.0,11500.0,24.0,88904.0,189.0,88904.0,189.0,2200.0,5.0,2200.0,5.0,87822.0,186.0,87822.0,186.0,1777502.0,3774.0,1777502.0,3774.0,16063.0,34.0,16063.0,34.0,1299334.0,2759.0,1299334.0,2759.0,34524.0,73.0,34524.0,73.0,6517.0,14.0,6517.0,14.0,0.0,0.0,0.0,0.0,0.0,0.0,0.0,0.0,0.0,0.0,0.0,0.0,0.0,0.0,0.0,0.0,0.0,0.0,0.0,0.0,0.0,0.0,0.0,0.0,0.0,0.0,0.0,0.0,0.0,0.0,0.0,0.0
2025-26,budget filed with TEA (PEIMS),101912310,Houston Math Science And Technolog,2074,23431135.0,11298.0,23431135.0,11298.0,21333179.0,10286.0,21333179.0,10286.0,2037354.0,982.0,2037354.0,982.0,60602.0,29.0,60602.0,29.0,23370533.0,11268.0,23370533.0,11268.0,16339757.0,7878.0,16339757.0,7878.0,17195.0,8.0,17195.0,8.0,81374.0,39.0,81374.0,39.0,1673146.0,807.0,1673146.0,807.0,2752043.0,1327.0,2752043.0,1327.0,1077430.0,519.0,1077430.0,519.0,6653.0,3.0,6653.0,3.0,132936.0,64.0,132936.0,64.0,0.0,0.0,0.0,0.0,706092.0,340.0,706092.0,340.0,495158.0,239.0,495158.0,239.0,26000.0,13.0,26000.0,13.0,62749.0,30.0,62749.0,30.0,14304058.0,6897.0,14304058.0,6897.0,0.0,0.0,0.0,0.0,1881280.0,907.0,1881280.0,907.0,4684563.0,2259.0,4684563.0,2259.0,0.0,0.0,0.0,0.0,0.0,0.0,0.0,0.0,0.0,0.0,0.0,0.0,1132602.0,546.0,1132602.0,546.0,0.0,0.0,0.0,0.0,0.0,0.0,0.0,0.0,0.0,0.0,0.0,0.0,0.0,0.0,0.0,0.0,0.0,0.0,0.0,0.0
2025-26,budget filed with TEA (PEIMS),101912180,Isaacs El,239,3171593.0,13270.0,3171593.0,13270.0,2913374.0,12190.0,2913374.0,12190.0,245885.0,1029.0,245885.0,1029.0,12334.0,52.0,12334.0,52.0,3159259.0,13219.0,3159259.0,13219.0,2246269.0,9399.0,2246269.0,9399.0,2527.0,11.0,2527.0,11.0,21676.0,91.0,21676.0,91.0,120025.0,502.0,120025.0,502.0,482552.0,2019.0,482552.0,2019.0,136365.0,571.0,136365.0,571.0,997.0,4.0,997.0,4.0,87021.0,364.0,87021.0,364.0,0.0,0.0,0.0,0.0,12430.0,52.0,12430.0,52.0,49397.0,207.0,49397.0,207.0,0.0,0.0,0.0,0.0,0.0,0.0,0.0,0.0,1967498.0,8232.0,1967498.0,8232.0,0.0,0.0,0.0,0.0,0.0,0.0,0.0,0.0,777714.0,3254.0,777714.0,3254.0,5700.0,24.0,5700.0,24.0,268489.0,1123.0,268489.0,1123.0,0.0,0.0,0.0,0.0,0.0,0.0,0.0,0.0,0.0,0.0,0.0,0.0,0.0,0.0,0.0,0.0,0.0,0.0,0.0,0.0,0.0,0.0,0.0,0.0,0.0,0.0,0.0,0.0
2025-26,budget filed with TEA (PEIMS),101912181,Janowski El,394,4165970.0,10574.0,4165970.0,10574.0,3671067.0,9317.0,3671067.0,9317.0,488594.0,1240.0,488594.0,1240.0,6309.0,16.0,6309.0,16.0,4159661.0,10558.0,4159661.0,10558.0,2970363.0,7539.0,2970363.0,7539.0,4617.0,12.0,4617.0,12.0,48570.0,123.0,48570.0,123.0,170984.0,434.0,170984.0,434.0,580159.0,1472.0,580159.0,1472.0,86648.0,220.0,86648.0,220.0,2728.0,7.0,2728.0,7.0,93230.0,237.0,93230.0,237.0,0.0,0.0,0.0,0.0,0.0,0.0,0.0,0.0,202362.0,514.0,202362.0,514.0,0.0,0.0,0.0,0.0,0.0,0.0,0.0,0.0,2088252.0,5300.0,2088252.0,5300.0,2094.0,5.0,2094.0,5.0,0.0,0.0,0.0,0.0,925378.0,2349.0,925378.0,2349.0,210596.0,535.0,210596.0,535.0,275453.0,699.0,275453.0,699.0,0.0,0.0,0.0,0.0,0.0,0.0,0.0,0.0,0.0,0.0,0.0,0.0,0.0,0.0,0.0,0.0,0.0,0.0,0.0,0.0,0.0,0.0,0.0,0.0,0.0,0.0,0.0,0.0
2025-26,budget filed with TEA (PEIMS),101912182,Jefferson El,282,4280170.0,15178.0,4280170.0,15178.0,3858774.0,13684.0,3858774.0,13684.0,413543.0,1466.0,413543.0,1466.0,7853.0,28.0,7853.0,28.0,4272317.0,15150.0,4272317.0,15150.0,3152284.0,11178.0,3152284.0,11178.0,3248.0,12.0,3248.0,12.0,28865.0,102.0,28865.0,102.0,164287.0,583.0,164287.0,583.0,523219.0,1855.0,523219.0,1855.0,152103.0,539.0,152103.0,539.0,1385.0,5.0,1385.0,5.0,99490.0,353.0,99490.0,353.0,0.0,0.0,0.0,0.0,17875.0,63.0,17875.0,63.0,129561.0,459.0,129561.0,459.0,0.0,0.0,0.0,0.0,0.0,0.0,0.0,0.0,2358937.0,8365.0,2358937.0,8365.0,0.0,0.0,0.0,0.0,0.0,0.0,0.0,0.0,1145620.0,4062.0,1145620.0,4062.0,158288.0,561.0,158288.0,561.0,384005.0,1362.0,384005.0,1362.0,0.0,0.0,0.0,0.0,0.0,0.0,0.0,0.0,0.0,0.0,0.0,0.0,0.0,0.0,0.0,0.0,0.0,0.0,0.0,0.0,0.0,0.0,0.0,0.0,0.0,0.0,0.0,0.0
2025-26,budget filed with TEA (PEIMS),101912006,Jones Futures Academy,342,4036056.0,11801.0,4036056.0,11801.0,3369654.0,9853.0,3369654.0,9853.0,653921.0,1912.0,653921.0,1912.0,12481.0,36.0,12481.0,36.0,4023575.0,11765.0,4023575.0,11765.0,2625631.0,7677.0,2625631.0,7677.0,3127.0,9.0,3127.0,9.0,17758.0,52.0,17758.0,52.0,229293.0,670.0,229293.0,670.0,608915.0,1780.0,608915.0,1780.0,200875.0,587.0,200875.0,587.0,1288.0,4.0,1288.0,4.0,30113.0,88.0,30113.0,88.0,0.0,0.0,0.0,0.0,11450.0,33.0,11450.0,33.0,294625.0,861.0,294625.0,861.0,500.0,1.0,500.0,1.0,0.0,0.0,0.0,0.0,1638083.0,4790.0,1638083.0,4790.0,2900.0,8.0,2900.0,8.0,935894.0,2737.0,935894.0,2737.0,1064634.0,3113.0,1064634.0,3113.0,570.0,2.0,570.0,2.0,0.0,0.0,0.0,0.0,0.0,0.0,0.0,0.0,0.0,0.0,0.0,0.0,0.0,0.0,0.0,0.0,0.0,0.0,0.0,0.0,0.0,0.0,0.0,0.0,0.0,0.0,0.0,0.0,0.0,0.0,0.0,0.0
2025-26,budget filed with TEA (PEIMS),101912185,Kashmere Gardens El,276,3854272.0,13965.0,3854272.0,13965.0,3510380.0,12719.0,3510380.0,12719.0,325436.0,1179.0,325436.0,1179.0,18456.0,67.0,18456.0,67.0,3835816.0,13898.0,3835816.0,13898.0,2877395.0,10425.0,2877395.0,10425.0,2886.0,10.0,2886.0,10.0,26395.0,96.0,26395.0,96.0,139720.0,506.0,139720.0,506.0,499493.0,1810.0,499493.0,1810.0,135497.0,491.0,135497.0,491.0,1158.0,4.0,1158.0,4.0,65509.0,237.0,65509.0,237.0,0.0,0.0,0.0,0.0,16995.0,62.0,16995.0,62.0,70768.0,256.0,70768.0,256.0,0.0,0.0,0.0,0.0,0.0,0.0,0.0,0.0,2341781.0,8485.0,2341781.0,8485.0,0.0,0.0,0.0,0.0,0.0,0.0,0.0,0.0,951874.0,3449.0,951874.0,3449.0,6900.0,25.0,6900.0,25.0,369467.0,1339.0,369467.0,1339.0,0.0,0.0,0.0,0.0,0.0,0.0,0.0,0.0,0.0,0.0,0.0,0.0,0.0,0.0,0.0,0.0,0.0,0.0,0.0,0.0,0.0,0.0,0.0,0.0,0.0,0.0,0.0,0.0
2025-26,budget filed with TEA (PEIMS),101912007,Kashmere H S,601,11118122.0,18499.0,11118122.0,18499.0,9971469.0,16591.0,9971469.0,16591.0,1088739.0,1812.0,1088739.0,1812.0,57914.0,96.0,57914.0,96.0,11060208.0,18403.0,11060208.0,18403.0,7218743.0,12011.0,7218743.0,12011.0,7572.0,13.0,7572.0,13.0,44558.0,74.0,44558.0,74.0,914742.0,1522.0,914742.0,1522.0,1305210.0,2172.0,1305210.0,2172.0,580877.0,967.0,580877.0,967.0,3188.0,5.0,3188.0,5.0,118799.0,198.0,118799.0,198.0,0.0,0.0,0.0,0.0,490533.0,816.0,490533.0,816.0,366586.0,610.0,366586.0,610.0,9400.0,16.0,9400.0,16.0,0.0,0.0,0.0,0.0,6070184.0,10100.0,6070184.0,10100.0,0.0,0.0,0.0,0.0,773236.0,1287.0,773236.0,1287.0,2534507.0,4217.0,2534507.0,4217.0,0.0,0.0,0.0,0.0,0.0,0.0,0.0,0.0,0.0,0.0,0.0,0.0,765483.0,1274.0,765483.0,1274.0,0.0,0.0,0.0,0.0,0.0,0.0,0.0,0.0,0.0,0.0,0.0,0.0,0.0,0.0,0.0,0.0,0.0,0.0,0.0,0.0
2025-26,budget filed with TEA (PEIMS),101912187,Kelso El,346,3893232.0,11252.0,3893232.0,11252.0,3506048.0,10133.0,3506048.0,10133.0,369418.0,1068.0,369418.0,1068.0,17766.0,51.0,17766.0,51.0,3875466.0,11201.0,3875466.0,11201.0,2879859.0,8323.0,2879859.0,8323.0,3008.0,9.0,3008.0,9.0,29021.0,84.0,29021.0,84.0,143376.0,414.0,143376.0,414.0,468770.0,1355.0,468770.0,1355.0,134844.0,390.0,134844.0,390.0,1125.0,3.0,1125.0,3.0,90434.0,261.0,90434.0,261.0,0.0,0.0,0.0,0.0,19690.0,57.0,19690.0,57.0,105339.0,304.0,105339.0,304.0,0.0,0.0,0.0,0.0,0.0,0.0,0.0,0.0,2416197.0,6983.0,2416197.0,6983.0,0.0,0.0,0.0,0.0,0.0,0.0,0.0,0.0,832232.0,2405.0,832232.0,2405.0,76849.0,222.0,76849.0,222.0,374880.0,1083.0,374880.0,1083.0,0.0,0.0,0.0,0.0,0.0,0.0,0.0,0.0,0.0,0.0,0.0,0.0,0.0,0.0,0.0,0.0,0.0,0.0,0.0,0.0,0.0,0.0,0.0,0.0,0.0,0.0,0.0,0.0
2025-26,budget filed with TEA (PEIMS),101912188,Kennedy El,458,4714412.0,10293.0,4714412.0,10293.0,4278133.0,9341.0,4278133.0,9341.0,433724.0,947.0,433724.0,947.0,2555.0,6.0,2555.0,6.0,4711857.0,10288.0,4711857.0,10288.0,3493834.0,7628.0,3493834.0,7628.0,4091.0,9.0,4091.0,9.0,28911.0,63.0,28911.0,63.0,190814.0,417.0,190814.0,417.0,605178.0,1321.0,605178.0,1321.0,158204.0,345.0,158204.0,345.0,1543.0,3.0,1543.0,3.0,100344.0,219.0,100344.0,219.0,0.0,0.0,0.0,0.0,22880.0,50.0,22880.0,50.0,106058.0,232.0,106058.0,232.0,0.0,0.0,0.0,0.0,0.0,0.0,0.0,0.0,3074524.0,6713.0,3074524.0,6713.0,0.0,0.0,0.0,0.0,0.0,0.0,0.0,0.0,1026506.0,2241.0,1026506.0,2241.0,9300.0,20.0,9300.0,20.0,394558.0,861.0,394558.0,861.0,0.0,0.0,0.0,0.0,0.0,0.0,0.0,0.0,0.0,0.0,0.0,0.0,0.0,0.0,0.0,0.0,0.0,0.0,0.0,0.0,0.0,0.0,0.0,0.0,0.0,0.0,0.0,0.0
2025-26,budget filed with TEA (PEIMS),101912389,Ketelsen El,339,4684387.0,13818.0,4684387.0,13818.0,4158141.0,12266.0,4158141.0,12266.0,523286.0,1544.0,523286.0,1544.0,2960.0,9.0,2960.0,9.0,4681427.0,13810.0,4681427.0,13810.0,3439621.0,10146.0,3439621.0,10146.0,4091.0,12.0,4091.0,12.0,26834.0,79.0,26834.0,79.0,195198.0,576.0,195198.0,576.0,535977.0,1581.0,535977.0,1581.0,153546.0,453.0,153546.0,453.0,1673.0,5.0,1673.0,5.0,102235.0,302.0,102235.0,302.0,0.0,0.0,0.0,0.0,19415.0,57.0,19415.0,57.0,202037.0,596.0,202037.0,596.0,0.0,0.0,0.0,0.0,0.0,0.0,0.0,0.0,2823439.0,8329.0,2823439.0,8329.0,0.0,0.0,0.0,0.0,0.0,0.0,0.0,0.0,1234227.0,3641.0,1234227.0,3641.0,8700.0,26.0,8700.0,26.0,322792.0,952.0,322792.0,952.0,0.0,0.0,0.0,0.0,0.0,0.0,0.0,0.0,0.0,0.0,0.0,0.0,0.0,0.0,0.0,0.0,0.0,0.0,0.0,0.0,0.0,0.0,0.0,0.0,0.0,0.0,0.0,0.0
2025-26,budget filed with TEA (PEIMS),101912079,Key Middle,423,6715592.0,15876.0,6715592.0,15876.0,5957948.0,14085.0,5957948.0,14085.0,752400.0,1779.0,752400.0,1779.0,5244.0,12.0,5244.0,12.0,6710348.0,15864.0,6710348.0,15864.0,5004398.0,11831.0,5004398.0,11831.0,4572.0,11.0,4572.0,11.0,24167.0,57.0,24167.0,57.0,223490.0,528.0,223490.0,528.0,775474.0,1833.0,775474.0,1833.0,196854.0,465.0,196854.0,465.0,2196.0,5.0,2196.0,5.0,107064.0,253.0,107064.0,253.0,0.0,0.0,0.0,0.0,146298.0,346.0,146298.0,346.0,224955.0,532.0,224955.0,532.0,880.0,2.0,880.0,2.0,0.0,0.0,0.0,0.0,3954485.0,9349.0,3954485.0,9349.0,0.0,0.0,0.0,0.0,0.0,0.0,0.0,0.0,2204916.0,5213.0,2204916.0,5213.0,100106.0,237.0,100106.0,237.0,0.0,0.0,0.0,0.0,0.0,0.0,0.0,0.0,0.0,0.0,0.0,0.0,0.0,0.0,0.0,0.0,0.0,0.0,0.0,0.0,0.0,0.0,0.0,0.0,0.0,0.0,0.0,0.0,0.0,0.0,0.0,0.0
2025-26,budget filed with TEA (PEIMS),101912025,Kinder H S For Performing And Visu,798,7311686.0,9163.0,7311686.0,9163.0,6289706.0,7882.0,6289706.0,7882.0,1010896.0,1267.0,1010896.0,1267.0,11084.0,14.0,11084.0,14.0,7300602.0,9149.0,7300602.0,9149.0,4914836.0,6159.0,4914836.0,6159.0,5594.0,7.0,5594.0,7.0,123704.0,155.0,123704.0,155.0,237630.0,298.0,237630.0,298.0,853868.0,1070.0,853868.0,1070.0,288324.0,361.0,288324.0,361.0,1480.0,2.0,1480.0,2.0,94681.0,119.0,94681.0,119.0,0.0,0.0,0.0,0.0,12775.0,16.0,12775.0,16.0,743210.0,931.0,743210.0,931.0,24000.0,30.0,24000.0,30.0,500.0,1.0,500.0,1.0,5940314.0,7444.0,5940314.0,7444.0,132215.0,166.0,132215.0,166.0,272712.0,342.0,272712.0,342.0,124256.0,156.0,124256.0,156.0,3321.0,4.0,3321.0,4.0,0.0,0.0,0.0,0.0,0.0,0.0,0.0,0.0,0.0,0.0,0.0,0.0,0.0,0.0,0.0,0.0,0.0,0.0,0.0,0.0,0.0,0.0,0.0,0.0,0.0,0.0,0.0,0.0,0.0,0.0,0.0,0.0
2025-26,budget filed with TEA (PEIMS),101912355,King Early Childhood Ctr,294,2953724.0,10047.0,2953724.0,10047.0,2654644.0,9029.0,2654644.0,9029.0,294905.0,1003.0,294905.0,1003.0,4175.0,14.0,4175.0,14.0,2949549.0,10032.0,2949549.0,10032.0,1910471.0,6498.0,1910471.0,6498.0,89037.0,303.0,89037.0,303.0,50236.0,171.0,50236.0,171.0,159549.0,543.0,159549.0,543.0,512329.0,1743.0,512329.0,1743.0,34285.0,117.0,34285.0,117.0,1566.0,5.0,1566.0,5.0,94732.0,322.0,94732.0,322.0,0.0,0.0,0.0,0.0,0.0,0.0,0.0,0.0,97344.0,331.0,97344.0,331.0,0.0,0.0,0.0,0.0,0.0,0.0,0.0,0.0,943805.0,3210.0,943805.0,3210.0,0.0,0.0,0.0,0.0,0.0,0.0,0.0,0.0,295299.0,1004.0,295299.0,1004.0,94934.0,323.0,94934.0,323.0,1224888.0,4166.0,1224888.0,4166.0,0.0,0.0,0.0,0.0,0.0,0.0,0.0,0.0,0.0,0.0,0.0,0.0,0.0,0.0,0.0,0.0,0.0,0.0,0.0,0.0,0.0,0.0,0.0,0.0,0.0,0.0,0.0,0.0
2025-26,budget filed with TEA (PEIMS),101912189,Kolter El,773,6020194.0,7788.0,6020194.0,7788.0,5196559.0,6723.0,5196559.0,6723.0,684931.0,886.0,684931.0,886.0,138704.0,179.0,138704.0,179.0,5881490.0,7609.0,5881490.0,7609.0,4562568.0,5902.0,4562568.0,5902.0,97778.0,126.0,97778.0,126.0,36001.0,47.0,36001.0,47.0,230950.0,299.0,230950.0,299.0,585779.0,758.0,585779.0,758.0,129552.0,168.0,129552.0,168.0,2615.0,3.0,2615.0,3.0,96578.0,125.0,96578.0,125.0,0.0,0.0,0.0,0.0,28650.0,37.0,28650.0,37.0,111019.0,144.0,111019.0,144.0,0.0,0.0,0.0,0.0,0.0,0.0,0.0,0.0,4256781.0,5507.0,4256781.0,5507.0,18394.0,24.0,18394.0,24.0,0.0,0.0,0.0,0.0,826876.0,1070.0,826876.0,1070.0,17589.0,23.0,17589.0,23.0,41782.0,54.0,41782.0,54.0,0.0,0.0,0.0,0.0,0.0,0.0,0.0,0.0,0.0,0.0,0.0,0.0,167664.0,217.0,167664.0,217.0,0.0,0.0,0.0,0.0,0.0,0.0,0.0,0.0,0.0,0.0,0.0,0.0
2025-26,budget filed with TEA (PEIMS),101912008,Lamar H S,2780,23443874.0,8433.0,23466333.0,8441.0,21056913.0,7574.0,21079372.0,7583.0,2326029.0,837.0,2326029.0,837.0,60932.0,22.0,60932.0,22.0,23382942.0,8411.0,23405401.0,8419.0,15329236.0,5514.0,15329236.0,5514.0,20339.0,7.0,20339.0,7.0,438343.0,158.0,438343.0,158.0,1708011.0,614.0,1708011.0,614.0,3456769.0,1243.0,3456769.0,1243.0,504538.0,181.0,504538.0,181.0,215160.0,77.0,215160.0,77.0,182993.0,66.0,182993.0,66.0,0.0,0.0,22459.0,8.0,721488.0,260.0,721488.0,260.0,531493.0,191.0,531493.0,191.0,87423.0,31.0,87423.0,31.0,187149.0,67.0,187149.0,67.0,12638822.0,4546.0,12638822.0,4546.0,72307.0,26.0,72307.0,26.0,4304853.0,1549.0,4304853.0,1549.0,3108899.0,1118.0,3108899.0,1118.0,51051.0,18.0,51051.0,18.0,0.0,0.0,0.0,0.0,0.0,0.0,0.0,0.0,768810.0,277.0,768810.0,277.0,0.0,0.0,0.0,0.0,0.0,0.0,0.0,0.0,0.0,0.0,0.0,0.0,0.0,0.0,0.0,0.0,0.0,0.0,0.0,0.0
2025-26,budget filed with TEA (PEIMS),101912057,Lanier Middle,1484,10694442.0,7206.0,10694442.0,7206.0,9481459.0,6389.0,9481459.0,6389.0,1099163.0,741.0,1099163.0,741.0,113820.0,77.0,113820.0,77.0,10580622.0,7130.0,10580622.0,7130.0,7521274.0,5068.0,7521274.0,5068.0,108695.0,73.0,108695.0,73.0,155160.0,105.0,155160.0,105.0,369112.0,249.0,369112.0,249.0,1452138.0,979.0,1452138.0,979.0,132380.0,89.0,132380.0,89.0,186553.0,126.0,186553.0,126.0,123814.0,83.0,123814.0,83.0,0.0,0.0,0.0,0.0,211991.0,143.0,211991.0,143.0,279804.0,189.0,279804.0,189.0,16501.0,11.0,16501.0,11.0,23200.0,16.0,23200.0,16.0,8603222.0,5797.0,8603222.0,5797.0,133445.0,90.0,133445.0,90.0,62643.0,42.0,62643.0,42.0,1070031.0,721.0,1070031.0,721.0,16501.0,11.0,16501.0,11.0,0.0,0.0,0.0,0.0,0.0,0.0,0.0,0.0,0.0,0.0,0.0,0.0,0.0,0.0,0.0,0.0,112620.0,76.0,112620.0,76.0,0.0,0.0,0.0,0.0,0.0,0.0,0.0,0.0,0.0,0.0,0.0,0.0
2025-26,budget filed with TEA (PEIMS),101912192,Lantrip El,351,3042468.0,8668.0,3042468.0,8668.0,2643858.0,7532.0,2643858.0,7532.0,393756.0,1122.0,393756.0,1122.0,4854.0,14.0,4854.0,14.0,3037614.0,8654.0,3037614.0,8654.0,2021592.0,5760.0,2021592.0,5760.0,4221.0,12.0,4221.0,12.0,121665.0,347.0,121665.0,347.0,114201.0,325.0,114201.0,325.0,424892.0,1211.0,424892.0,1211.0,43653.0,124.0,43653.0,124.0,2882.0,8.0,2882.0,8.0,104260.0,297.0,104260.0,297.0,0.0,0.0,0.0,0.0,0.0,0.0,0.0,0.0,200248.0,571.0,200248.0,571.0,0.0,0.0,0.0,0.0,0.0,0.0,0.0,0.0,1611064.0,4590.0,1611064.0,4590.0,2762.0,8.0,2762.0,8.0,0.0,0.0,0.0,0.0,338971.0,966.0,338971.0,966.0,97443.0,278.0,97443.0,278.0,294315.0,839.0,294315.0,839.0,0.0,0.0,0.0,0.0,0.0,0.0,0.0,0.0,0.0,0.0,0.0,0.0,0.0,0.0,0.0,0.0,0.0,0.0,0.0,0.0,0.0,0.0,0.0,0.0,0.0,0.0,0.0,0.0
2025-26,budget filed with TEA (PEIMS),101912340,Las Americas,0,1956464.0,0.0,1956464.0,0.0,1872424.0,0.0,1872424.0,0.0,84040.0,0.0,84040.0,0.0,0.0,0.0,0.0,0.0,1956464.0,0.0,1956464.0,0.0,1255754.0,0.0,1255754.0,0.0,0.0,0.0,0.0,0.0,500.0,0.0,500.0,0.0,0.0,0.0,0.0,0.0,502572.0,0.0,502572.0,0.0,104556.0,0.0,104556.0,0.0,0.0,0.0,0.0,0.0,85800.0,0.0,85800.0,0.0,0.0,0.0,0.0,0.0,3780.0,0.0,3780.0,0.0,3502.0,0.0,3502.0,0.0,0.0,0.0,0.0,0.0,0.0,0.0,0.0,0.0,1006821.0,0.0,1006821.0,0.0,0.0,0.0,0.0,0.0,0.0,0.0,0.0,0.0,71206.0,0.0,71206.0,0.0,100853.0,0.0,100853.0,0.0,0.0,0.0,0.0,0.0,0.0,0.0,0.0,0.0,0.0,0.0,0.0,0.0,0.0,0.0,0.0,0.0,0.0,0.0,0.0,0.0,0.0,0.0,0.0,0.0,0.0,0.0,0.0,0.0,0.0,0.0,0.0,0.0
2025-26,budget filed with TEA (PEIMS),101912357,Laurenzo Early Childhood Ctr,244,3334177.0,13665.0,3334177.0,13665.0,2739220.0,11226.0,2739220.0,11226.0,590946.0,2422.0,590946.0,2422.0,4011.0,16.0,4011.0,16.0,3330166.0,13648.0,3330166.0,13648.0,2321276.0,9513.0,2321276.0,9513.0,2767.0,11.0,2767.0,11.0,51301.0,210.0,51301.0,210.0,150066.0,615.0,150066.0,615.0,504391.0,2067.0,504391.0,2067.0,35890.0,147.0,35890.0,147.0,53075.0,218.0,53075.0,218.0,86286.0,354.0,86286.0,354.0,0.0,0.0,0.0,0.0,0.0,0.0,0.0,0.0,75114.0,308.0,75114.0,308.0,50000.0,205.0,50000.0,205.0,0.0,0.0,0.0,0.0,1150565.0,4715.0,1150565.0,4715.0,0.0,0.0,0.0,0.0,0.0,0.0,0.0,0.0,107127.0,439.0,107127.0,439.0,201632.0,826.0,201632.0,826.0,1359268.0,5571.0,1359268.0,5571.0,0.0,0.0,0.0,0.0,0.0,0.0,0.0,0.0,0.0,0.0,0.0,0.0,0.0,0.0,0.0,0.0,0.0,0.0,0.0,0.0,0.0,0.0,0.0,0.0,0.0,0.0,0.0,0.0
2025-26,budget filed with TEA (PEIMS),101912263,Law El,305,3178197.0,10420.0,3178197.0,10420.0,2849060.0,9341.0,2849060.0,9341.0,323426.0,1060.0,323426.0,1060.0,5711.0,19.0,5711.0,19.0,3172486.0,10402.0,3172486.0,10402.0,2205268.0,7230.0,2205268.0,7230.0,2769.0,9.0,2769.0,9.0,14579.0,48.0,14579.0,48.0,123517.0,405.0,123517.0,405.0,487933.0,1600.0,487933.0,1600.0,135538.0,444.0,135538.0,444.0,1060.0,3.0,1060.0,3.0,78246.0,257.0,78246.0,257.0,0.0,0.0,0.0,0.0,0.0,0.0,0.0,0.0,123576.0,405.0,123576.0,405.0,0.0,0.0,0.0,0.0,0.0,0.0,0.0,0.0,1850034.0,6066.0,1850034.0,6066.0,242.0,1.0,242.0,1.0,0.0,0.0,0.0,0.0,620618.0,2035.0,620618.0,2035.0,13989.0,46.0,13989.0,46.0,289377.0,949.0,289377.0,949.0,0.0,0.0,0.0,0.0,0.0,0.0,0.0,0.0,0.0,0.0,0.0,0.0,0.0,0.0,0.0,0.0,0.0,0.0,0.0,0.0,0.0,0.0,0.0,0.0,0.0,0.0,0.0,0.0
2025-26,budget filed with TEA (PEIMS),101912075,Lawson Middle,952,11664534.0,12253.0,11664534.0,12253.0,10364228.0,10887.0,10364228.0,10887.0,1292493.0,1358.0,1292493.0,1358.0,7813.0,8.0,7813.0,8.0,11656721.0,12244.0,11656721.0,12244.0,8577905.0,9010.0,8577905.0,9010.0,9145.0,10.0,9145.0,10.0,54317.0,57.0,54317.0,57.0,432782.0,455.0,432782.0,455.0,1392811.0,1463.0,1392811.0,1463.0,488684.0,513.0,488684.0,513.0,4129.0,4.0,4129.0,4.0,124537.0,131.0,124537.0,131.0,0.0,0.0,0.0,0.0,201886.0,212.0,201886.0,212.0,368875.0,387.0,368875.0,387.0,1650.0,2.0,1650.0,2.0,0.0,0.0,0.0,0.0,7287164.0,7655.0,7287164.0,7655.0,0.0,0.0,0.0,0.0,0.0,0.0,0.0,0.0,3649766.0,3834.0,3649766.0,3834.0,69349.0,73.0,69349.0,73.0,0.0,0.0,0.0,0.0,0.0,0.0,0.0,0.0,0.0,0.0,0.0,0.0,0.0,0.0,0.0,0.0,0.0,0.0,0.0,0.0,0.0,0.0,0.0,0.0,0.0,0.0,0.0,0.0,0.0,0.0,0.0,0.0
2025-26,budget filed with TEA (PEIMS),101912194,Lewis El,550,5777621.0,10505.0,5777621.0,10505.0,5164611.0,9390.0,5164611.0,9390.0,609475.0,1108.0,609475.0,1108.0,3535.0,6.0,3535.0,6.0,5774086.0,10498.0,5774086.0,10498.0,4298734.0,7816.0,4298734.0,7816.0,4954.0,9.0,4954.0,9.0,23859.0,43.0,23859.0,43.0,217063.0,395.0,217063.0,395.0,774082.0,1407.0,774082.0,1407.0,176921.0,322.0,176921.0,322.0,1914.0,3.0,1914.0,3.0,105549.0,192.0,105549.0,192.0,0.0,0.0,0.0,0.0,32890.0,60.0,32890.0,60.0,136520.0,248.0,136520.0,248.0,0.0,0.0,0.0,0.0,1600.0,3.0,1600.0,3.0,4257908.0,7742.0,4257908.0,7742.0,0.0,0.0,0.0,0.0,0.0,0.0,0.0,0.0,1254760.0,2281.0,1254760.0,2281.0,11700.0,21.0,11700.0,21.0,0.0,0.0,0.0,0.0,0.0,0.0,0.0,0.0,0.0,0.0,0.0,0.0,0.0,0.0,0.0,0.0,0.0,0.0,0.0,0.0,0.0,0.0,0.0,0.0,0.0,0.0,0.0,0.0,0.0,0.0,0.0,0.0
2025-26,budget filed with TEA (PEIMS),101912324,Liberty H S,314,2795383.0,8902.0,2795383.0,8902.0,2180574.0,6945.0,2180574.0,6945.0,610987.0,1946.0,610987.0,1946.0,3822.0,12.0,3822.0,12.0,2791561.0,8890.0,2791561.0,8890.0,1406065.0,4478.0,1406065.0,4478.0,1930.0,6.0,1930.0,6.0,4931.0,16.0,4931.0,16.0,40332.0,128.0,40332.0,128.0,659182.0,2099.0,659182.0,2099.0,79892.0,254.0,79892.0,254.0,32488.0,103.0,32488.0,103.0,84667.0,270.0,84667.0,270.0,0.0,0.0,0.0,0.0,11472.0,37.0,11472.0,37.0,465102.0,1481.0,465102.0,1481.0,5500.0,18.0,5500.0,18.0,0.0,0.0,0.0,0.0,1750806.0,5576.0,1750806.0,5576.0,0.0,0.0,0.0,0.0,77108.0,246.0,77108.0,246.0,70844.0,226.0,70844.0,226.0,59410.0,189.0,59410.0,189.0,0.0,0.0,0.0,0.0,0.0,0.0,0.0,0.0,0.0,0.0,0.0,0.0,0.0,0.0,0.0,0.0,31191.0,99.0,31191.0,99.0,0.0,0.0,0.0,0.0,0.0,0.0,0.0,0.0,0.0,0.0,0.0,0.0
2025-26,budget filed with TEA (PEIMS),101912195,Lockhart El,257,3960436.0,15410.0,3960436.0,15410.0,3584813.0,13949.0,3584813.0,13949.0,368317.0,1433.0,368317.0,1433.0,7306.0,28.0,7306.0,28.0,3953130.0,15382.0,3953130.0,15382.0,2899230.0,11281.0,2899230.0,11281.0,3008.0,12.0,3008.0,12.0,25860.0,101.0,25860.0,101.0,152123.0,592.0,152123.0,592.0,494681.0,1925.0,494681.0,1925.0,152460.0,593.0,152460.0,593.0,1386.0,5.0,1386.0,5.0,90641.0,353.0,90641.0,353.0,0.0,0.0,0.0,0.0,15125.0,59.0,15125.0,59.0,114016.0,444.0,114016.0,444.0,4600.0,18.0,4600.0,18.0,0.0,0.0,0.0,0.0,2254783.0,8773.0,2254783.0,8773.0,0.0,0.0,0.0,0.0,0.0,0.0,0.0,0.0,1191879.0,4638.0,1191879.0,4638.0,0.0,0.0,0.0,0.0,294019.0,1144.0,294019.0,1144.0,0.0,0.0,0.0,0.0,0.0,0.0,0.0,0.0,0.0,0.0,0.0,0.0,0.0,0.0,0.0,0.0,0.0,0.0,0.0,0.0,0.0,0.0,0.0,0.0,0.0,0.0,0.0,0.0
2025-26,budget filed with TEA (PEIMS),101912059,Long Academy,566,8579130.0,15157.0,8579130.0,15157.0,7564216.0,13364.0,7564216.0,13364.0,1005324.0,1776.0,1005324.0,1776.0,9590.0,17.0,9590.0,17.0,8569540.0,15141.0,8569540.0,15141.0,6192525.0,10941.0,6192525.0,10941.0,5970.0,11.0,5970.0,11.0,41207.0,73.0,41207.0,73.0,265394.0,469.0,265394.0,469.0,1093661.0,1932.0,1093661.0,1932.0,267510.0,473.0,267510.0,473.0,2105.0,4.0,2105.0,4.0,75970.0,134.0,75970.0,134.0,0.0,0.0,0.0,0.0,245817.0,434.0,245817.0,434.0,378171.0,668.0,378171.0,668.0,1210.0,2.0,1210.0,2.0,0.0,0.0,0.0,0.0,6179842.0,10918.0,6179842.0,10918.0,0.0,0.0,0.0,0.0,151313.0,267.0,151313.0,267.0,1321222.0,2334.0,1321222.0,2334.0,170435.0,301.0,170435.0,301.0,0.0,0.0,0.0,0.0,0.0,0.0,0.0,0.0,0.0,0.0,0.0,0.0,0.0,0.0,0.0,0.0,0.0,0.0,0.0,0.0,0.0,0.0,0.0,0.0,0.0,0.0,0.0,0.0,0.0,0.0,0.0,0.0
2025-26,budget filed with TEA (PEIMS),101912196,Longfellow El,587,6109116.0,10407.0,6109116.0,10407.0,5544464.0,9445.0,5544464.0,9445.0,556872.0,949.0,556872.0,949.0,7780.0,13.0,7780.0,13.0,6101336.0,10394.0,6101336.0,10394.0,4664144.0,7946.0,4664144.0,7946.0,5241.0,9.0,5241.0,9.0,44199.0,75.0,44199.0,75.0,243526.0,415.0,243526.0,415.0,708969.0,1208.0,708969.0,1208.0,176932.0,301.0,176932.0,301.0,1978.0,3.0,1978.0,3.0,104926.0,179.0,104926.0,179.0,0.0,0.0,0.0,0.0,28820.0,49.0,28820.0,49.0,122601.0,209.0,122601.0,209.0,0.0,0.0,0.0,0.0,0.0,0.0,0.0,0.0,4091587.0,6970.0,4091587.0,6970.0,0.0,0.0,0.0,0.0,0.0,0.0,0.0,0.0,1299954.0,2215.0,1299954.0,2215.0,3700.0,6.0,3700.0,6.0,476643.0,812.0,476643.0,812.0,0.0,0.0,0.0,0.0,0.0,0.0,0.0,0.0,0.0,0.0,0.0,0.0,0.0,0.0,0.0,0.0,0.0,0.0,0.0,0.0,0.0,0.0,0.0,0.0,0.0,0.0,0.0,0.0
2025-26,budget filed with TEA (PEIMS),101912197,Looscan El,196,3051287.0,15568.0,3051287.0,15568.0,2763447.0,14099.0,2763447.0,14099.0,279518.0,1426.0,279518.0,1426.0,8322.0,42.0,8322.0,42.0,3042965.0,15525.0,3042965.0,15525.0,2111459.0,10773.0,2111459.0,10773.0,2166.0,11.0,2166.0,11.0,16041.0,82.0,16041.0,82.0,99479.0,508.0,99479.0,508.0,478113.0,2439.0,478113.0,2439.0,125783.0,642.0,125783.0,642.0,770.0,4.0,770.0,4.0,84904.0,433.0,84904.0,433.0,0.0,0.0,0.0,0.0,12430.0,63.0,12430.0,63.0,111820.0,571.0,111820.0,571.0,0.0,0.0,0.0,0.0,0.0,0.0,0.0,0.0,2032762.0,10371.0,2032762.0,10371.0,0.0,0.0,0.0,0.0,0.0,0.0,0.0,0.0,542658.0,2769.0,542658.0,2769.0,5400.0,28.0,5400.0,28.0,267878.0,1367.0,267878.0,1367.0,0.0,0.0,0.0,0.0,0.0,0.0,0.0,0.0,0.0,0.0,0.0,0.0,0.0,0.0,0.0,0.0,0.0,0.0,0.0,0.0,0.0,0.0,0.0,0.0,0.0,0.0,0.0,0.0
2025-26,budget filed with TEA (PEIMS),101912198,Love El,368,3590463.0,9757.0,3590463.0,9757.0,3195068.0,8682.0,3195068.0,8682.0,324206.0,881.0,324206.0,881.0,71189.0,193.0,71189.0,193.0,3519274.0,9563.0,3519274.0,9563.0,2677392.0,7276.0,2677392.0,7276.0,4701.0,13.0,4701.0,13.0,23681.0,64.0,23681.0,64.0,135675.0,369.0,135675.0,369.0,423111.0,1150.0,423111.0,1150.0,144558.0,393.0,144558.0,393.0,3077.0,8.0,3077.0,8.0,16153.0,44.0,16153.0,44.0,0.0,0.0,0.0,0.0,0.0,0.0,0.0,0.0,90726.0,247.0,90726.0,247.0,0.0,0.0,0.0,0.0,200.0,1.0,200.0,1.0,2071382.0,5629.0,2071382.0,5629.0,2094.0,6.0,2094.0,6.0,0.0,0.0,0.0,0.0,578914.0,1573.0,578914.0,1573.0,95375.0,259.0,95375.0,259.0,304924.0,829.0,304924.0,829.0,0.0,0.0,0.0,0.0,0.0,0.0,0.0,0.0,0.0,0.0,0.0,0.0,0.0,0.0,0.0,0.0,0.0,0.0,0.0,0.0,0.0,0.0,0.0,0.0,0.0,0.0,0.0,0.0
2025-26,budget filed with TEA (PEIMS),101912199,Lovett El,649,6406127.0,9871.0,6406127.0,9871.0,5802711.0,8941.0,5802711.0,8941.0,588125.0,906.0,588125.0,906.0,15291.0,24.0,15291.0,24.0,6390836.0,9847.0,6390836.0,9847.0,5024057.0,7741.0,5024057.0,7741.0,87910.0,135.0,87910.0,135.0,31067.0,48.0,31067.0,48.0,256466.0,395.0,256466.0,395.0,602461.0,928.0,602461.0,928.0,145969.0,225.0,145969.0,225.0,4183.0,6.0,4183.0,6.0,96297.0,148.0,96297.0,148.0,0.0,0.0,0.0,0.0,5650.0,9.0,5650.0,9.0,133776.0,206.0,133776.0,206.0,3000.0,5.0,3000.0,5.0,0.0,0.0,0.0,0.0,4381074.0,6750.0,4381074.0,6750.0,21495.0,33.0,21495.0,33.0,0.0,0.0,0.0,0.0,1015633.0,1565.0,1015633.0,1565.0,21316.0,33.0,21316.0,33.0,102300.0,158.0,102300.0,158.0,0.0,0.0,0.0,0.0,0.0,0.0,0.0,0.0,0.0,0.0,0.0,0.0,90837.0,140.0,90837.0,140.0,0.0,0.0,0.0,0.0,0.0,0.0,0.0,0.0,0.0,0.0,0.0,0.0
2025-26,budget filed with TEA (PEIMS),101912128,Lyons El,728,5732951.0,7875.0,5732951.0,7875.0,5342564.0,7339.0,5342564.0,7339.0,372983.0,512.0,372983.0,512.0,17404.0,24.0,17404.0,24.0,5715547.0,7851.0,5715547.0,7851.0,4269552.0,5865.0,4269552.0,5865.0,92557.0,127.0,92557.0,127.0,68058.0,93.0,68058.0,93.0,237012.0,326.0,237012.0,326.0,676655.0,929.0,676655.0,929.0,153275.0,211.0,153275.0,211.0,4275.0,6.0,4275.0,6.0,99930.0,137.0,99930.0,137.0,0.0,0.0,0.0,0.0,2050.0,3.0,2050.0,3.0,111183.0,153.0,111183.0,153.0,1000.0,1.0,1000.0,1.0,0.0,0.0,0.0,0.0,3277360.0,4502.0,3277360.0,4502.0,4429.0,6.0,4429.0,6.0,0.0,0.0,0.0,0.0,507582.0,697.0,507582.0,697.0,445643.0,612.0,445643.0,612.0,506222.0,695.0,506222.0,695.0,2249.0,3.0,2249.0,3.0,0.0,0.0,0.0,0.0,0.0,0.0,0.0,0.0,32911.0,45.0,32911.0,45.0,0.0,0.0,0.0,0.0,0.0,0.0,0.0,0.0,0.0,0.0,0.0,0.0
2025-26,budget filed with TEA (PEIMS),101912201,Macgregor El,374,3639887.0,9732.0,3639887.0,9732.0,3232169.0,8642.0,3232169.0,8642.0,401756.0,1074.0,401756.0,1074.0,5962.0,16.0,5962.0,16.0,3633925.0,9716.0,3633925.0,9716.0,2638710.0,7055.0,2638710.0,7055.0,67404.0,180.0,67404.0,180.0,29634.0,79.0,29634.0,79.0,155902.0,417.0,155902.0,417.0,499619.0,1336.0,499619.0,1336.0,63654.0,170.0,63654.0,170.0,2599.0,7.0,2599.0,7.0,41379.0,111.0,41379.0,111.0,0.0,0.0,0.0,0.0,0.0,0.0,0.0,0.0,132024.0,353.0,132024.0,353.0,500.0,1.0,500.0,1.0,2500.0,7.0,2500.0,7.0,2034132.0,5439.0,2034132.0,5439.0,1771.0,5.0,1771.0,5.0,0.0,0.0,0.0,0.0,736353.0,1969.0,736353.0,1969.0,6053.0,16.0,6053.0,16.0,429224.0,1148.0,429224.0,1148.0,0.0,0.0,0.0,0.0,0.0,0.0,0.0,0.0,0.0,0.0,0.0,0.0,0.0,0.0,0.0,0.0,0.0,0.0,0.0,0.0,0.0,0.0,0.0,0.0,0.0,0.0,0.0,0.0
2025-26,budget filed with TEA (PEIMS),101912203,Mading El,286,2956059.0,10336.0,2956059.0,10336.0,2600468.0,9093.0,2600468.0,9093.0,341526.0,1194.0,341526.0,1194.0,14065.0,49.0,14065.0,49.0,2941994.0,10287.0,2941994.0,10287.0,1932304.0,6756.0,1932304.0,6756.0,3091.0,11.0,3091.0,11.0,20214.0,71.0,20214.0,71.0,123552.0,432.0,123552.0,432.0,488823.0,1709.0,488823.0,1709.0,110772.0,387.0,110772.0,387.0,1734.0,6.0,1734.0,6.0,96176.0,336.0,96176.0,336.0,0.0,0.0,0.0,0.0,278.0,1.0,278.0,1.0,163550.0,572.0,163550.0,572.0,500.0,2.0,500.0,2.0,1000.0,3.0,1000.0,3.0,1642425.0,5743.0,1642425.0,5743.0,242.0,1.0,242.0,1.0,0.0,0.0,0.0,0.0,671393.0,2348.0,671393.0,2348.0,11778.0,41.0,11778.0,41.0,285086.0,997.0,285086.0,997.0,0.0,0.0,0.0,0.0,0.0,0.0,0.0,0.0,0.0,0.0,0.0,0.0,0.0,0.0,0.0,0.0,0.0,0.0,0.0,0.0,0.0,0.0,0.0,0.0,0.0,0.0,0.0,0.0
2025-26,budget filed with TEA (PEIMS),101912010,Madison H S,1429,18849462.0,13191.0,18849462.0,13191.0,16684540.0,11676.0,16684540.0,11676.0,2138976.0,1497.0,2138976.0,1497.0,25946.0,18.0,25946.0,18.0,18823516.0,13173.0,18823516.0,13173.0,12881128.0,9014.0,12881128.0,9014.0,14622.0,10.0,14622.0,10.0,68360.0,48.0,68360.0,48.0,1553196.0,1087.0,1553196.0,1087.0,1996346.0,1397.0,1996346.0,1397.0,824371.0,577.0,824371.0,577.0,6417.0,4.0,6417.0,4.0,115986.0,81.0,115986.0,81.0,0.0,0.0,0.0,0.0,648336.0,454.0,648336.0,454.0,710553.0,497.0,710553.0,497.0,4201.0,3.0,4201.0,3.0,0.0,0.0,0.0,0.0,10036237.0,7023.0,10036237.0,7023.0,0.0,0.0,0.0,0.0,1881191.0,1316.0,1881191.0,1316.0,4272580.0,2990.0,4272580.0,2990.0,0.0,0.0,0.0,0.0,0.0,0.0,0.0,0.0,0.0,0.0,0.0,0.0,1091690.0,764.0,1091690.0,764.0,0.0,0.0,0.0,0.0,0.0,0.0,0.0,0.0,0.0,0.0,0.0,0.0,0.0,0.0,0.0,0.0,0.0,0.0,0.0,0.0
2025-26,budget filed with TEA (PEIMS),101912460,Mandarin Immersion Magnet School,840,6856357.0,8162.0,6856357.0,8162.0,6210602.0,7394.0,6210602.0,7394.0,618906.0,737.0,618906.0,737.0,26849.0,32.0,26849.0,32.0,6829508.0,8130.0,6829508.0,8130.0,4954867.0,5899.0,4954867.0,5899.0,85089.0,101.0,85089.0,101.0,133918.0,159.0,133918.0,159.0,260199.0,310.0,260199.0,310.0,817715.0,973.0,817715.0,973.0,248893.0,296.0,248893.0,296.0,2003.0,2.0,2003.0,2.0,99187.0,118.0,99187.0,118.0,0.0,0.0,0.0,0.0,74252.0,88.0,74252.0,88.0,107427.0,128.0,107427.0,128.0,2000.0,2.0,2000.0,2.0,43958.0,52.0,43958.0,52.0,5270905.0,6275.0,5270905.0,6275.0,82321.0,98.0,82321.0,98.0,23883.0,28.0,23883.0,28.0,711583.0,847.0,711583.0,847.0,156309.0,186.0,156309.0,186.0,141885.0,169.0,141885.0,169.0,0.0,0.0,0.0,0.0,0.0,0.0,0.0,0.0,0.0,0.0,0.0,0.0,85097.0,101.0,85097.0,101.0,0.0,0.0,0.0,0.0,0.0,0.0,0.0,0.0,0.0,0.0,0.0,0.0
2025-26,budget filed with TEA (PEIMS),101912483,Mark White El,399,3869571.0,9698.0,3869571.0,9698.0,3542272.0,8878.0,3542272.0,8878.0,314849.0,789.0,314849.0,789.0,12450.0,31.0,12450.0,31.0,3857121.0,9667.0,3857121.0,9667.0,2776531.0,6959.0,2776531.0,6959.0,4416.0,11.0,4416.0,11.0,27866.0,70.0,27866.0,70.0,185402.0,465.0,185402.0,465.0,599681.0,1503.0,599681.0,1503.0,65411.0,164.0,65411.0,164.0,2235.0,6.0,2235.0,6.0,94772.0,238.0,94772.0,238.0,0.0,0.0,0.0,0.0,950.0,2.0,950.0,2.0,99857.0,250.0,99857.0,250.0,0.0,0.0,0.0,0.0,0.0,0.0,0.0,0.0,1982636.0,4969.0,1982636.0,4969.0,1610.0,4.0,1610.0,4.0,0.0,0.0,0.0,0.0,959545.0,2405.0,959545.0,2405.0,54216.0,136.0,54216.0,136.0,489596.0,1227.0,489596.0,1227.0,0.0,0.0,0.0,0.0,0.0,0.0,0.0,0.0,0.0,0.0,0.0,0.0,76545.0,192.0,76545.0,192.0,0.0,0.0,0.0,0.0,0.0,0.0,0.0,0.0,0.0,0.0,0.0,0.0
2025-26,budget filed with TEA (PEIMS),101912480,Marshall El,405,4648711.0,11478.0,4648711.0,11478.0,4122868.0,10180.0,4122868.0,10180.0,522127.0,1289.0,522127.0,1289.0,3716.0,9.0,3716.0,9.0,4644995.0,11469.0,4644995.0,11469.0,3430697.0,8471.0,3430697.0,8471.0,3838.0,9.0,3838.0,9.0,30084.0,74.0,30084.0,74.0,175890.0,434.0,175890.0,434.0,508184.0,1255.0,508184.0,1255.0,158612.0,392.0,158612.0,392.0,1474.0,4.0,1474.0,4.0,99700.0,246.0,99700.0,246.0,0.0,0.0,0.0,0.0,21000.0,52.0,21000.0,52.0,215203.0,531.0,215203.0,531.0,63.0,0.0,63.0,0.0,0.0,0.0,0.0,0.0,2963720.0,7318.0,2963720.0,7318.0,0.0,0.0,0.0,0.0,0.0,0.0,0.0,0.0,1096106.0,2706.0,1096106.0,2706.0,9000.0,22.0,9000.0,22.0,222244.0,549.0,222244.0,549.0,0.0,0.0,0.0,0.0,0.0,0.0,0.0,0.0,0.0,0.0,0.0,0.0,0.0,0.0,0.0,0.0,0.0,0.0,0.0,0.0,0.0,0.0,0.0,0.0,0.0,0.0,0.0,0.0
2025-26,budget filed with TEA (PEIMS),101912061,Marshall Middle,336,5704381.0,16977.0,5704381.0,16977.0,4943703.0,14713.0,4943703.0,14713.0,752976.0,2241.0,752976.0,2241.0,7702.0,23.0,7702.0,23.0,5696679.0,16954.0,5696679.0,16954.0,3916317.0,11656.0,3916317.0,11656.0,3248.0,10.0,3248.0,10.0,16664.0,50.0,16664.0,50.0,142266.0,423.0,142266.0,423.0,872745.0,2597.0,872745.0,2597.0,162711.0,484.0,162711.0,484.0,1254.0,4.0,1254.0,4.0,89943.0,268.0,89943.0,268.0,0.0,0.0,0.0,0.0,123761.0,368.0,123761.0,368.0,366340.0,1090.0,366340.0,1090.0,1430.0,4.0,1430.0,4.0,0.0,0.0,0.0,0.0,3750944.0,11164.0,3750944.0,11164.0,0.0,0.0,0.0,0.0,0.0,0.0,0.0,0.0,1175041.0,3497.0,1175041.0,3497.0,200455.0,597.0,200455.0,597.0,0.0,0.0,0.0,0.0,0.0,0.0,0.0,0.0,0.0,0.0,0.0,0.0,0.0,0.0,0.0,0.0,0.0,0.0,0.0,0.0,0.0,0.0,0.0,0.0,0.0,0.0,0.0,0.0,0.0,0.0,0.0,0.0
2025-26,budget filed with TEA (PEIMS),101912289,Martinez C El,244,2942759.0,12060.0,2942759.0,12060.0,2656010.0,10885.0,2656010.0,10885.0,252375.0,1034.0,252375.0,1034.0,34374.0,141.0,34374.0,141.0,2908385.0,11920.0,2908385.0,11920.0,1967353.0,8063.0,1967353.0,8063.0,4100.0,17.0,4100.0,17.0,21531.0,88.0,21531.0,88.0,111975.0,459.0,111975.0,459.0,489957.0,2008.0,489957.0,2008.0,129309.0,530.0,129309.0,530.0,2917.0,12.0,2917.0,12.0,85026.0,348.0,85026.0,348.0,0.0,0.0,0.0,0.0,1000.0,4.0,1000.0,4.0,86190.0,353.0,86190.0,353.0,6300.0,26.0,6300.0,26.0,2727.0,11.0,2727.0,11.0,1387856.0,5688.0,1387856.0,5688.0,161.0,1.0,161.0,1.0,0.0,0.0,0.0,0.0,518639.0,2126.0,518639.0,2126.0,17954.0,74.0,17954.0,74.0,307788.0,1261.0,307788.0,1261.0,0.0,0.0,0.0,0.0,0.0,0.0,0.0,0.0,0.0,0.0,0.0,0.0,0.0,0.0,0.0,0.0,0.0,0.0,0.0,0.0,0.0,0.0,0.0,0.0,0.0,0.0,0.0,0.0
2025-26,budget filed with TEA (PEIMS),101912298,Martinez R El,342,4111992.0,12023.0,4111992.0,12023.0,3714772.0,10862.0,3714772.0,10862.0,391770.0,1146.0,391770.0,1146.0,5450.0,16.0,5450.0,16.0,4106542.0,12007.0,4106542.0,12007.0,3014993.0,8816.0,3014993.0,8816.0,3370.0,10.0,3370.0,10.0,24820.0,73.0,24820.0,73.0,151383.0,443.0,151383.0,443.0,530311.0,1551.0,530311.0,1551.0,145534.0,426.0,145534.0,426.0,1220.0,4.0,1220.0,4.0,98006.0,287.0,98006.0,287.0,0.0,0.0,0.0,0.0,19635.0,57.0,19635.0,57.0,117270.0,343.0,117270.0,343.0,0.0,0.0,0.0,0.0,0.0,0.0,0.0,0.0,2704608.0,7908.0,2704608.0,7908.0,0.0,0.0,0.0,0.0,0.0,0.0,0.0,0.0,887462.0,2595.0,887462.0,2595.0,8400.0,25.0,8400.0,25.0,299150.0,875.0,299150.0,875.0,0.0,0.0,0.0,0.0,0.0,0.0,0.0,0.0,0.0,0.0,0.0,0.0,0.0,0.0,0.0,0.0,0.0,0.0,0.0,0.0,0.0,0.0,0.0,0.0,0.0,0.0,0.0,0.0
2025-26,budget filed with TEA (PEIMS),101912179,Mcgowen El,418,4443498.0,10630.0,4443498.0,10630.0,4015335.0,9606.0,4015335.0,9606.0,424612.0,1016.0,424612.0,1016.0,3551.0,8.0,3551.0,8.0,4439947.0,10622.0,4439947.0,10622.0,3167979.0,7579.0,3167979.0,7579.0,4091.0,10.0,4091.0,10.0,40178.0,96.0,40178.0,96.0,196269.0,470.0,196269.0,470.0,650114.0,1555.0,650114.0,1555.0,154298.0,369.0,154298.0,369.0,1543.0,4.0,1543.0,4.0,92825.0,222.0,92825.0,222.0,0.0,0.0,0.0,0.0,21175.0,51.0,21175.0,51.0,111475.0,267.0,111475.0,267.0,0.0,0.0,0.0,0.0,0.0,0.0,0.0,0.0,2690857.0,6437.0,2690857.0,6437.0,0.0,0.0,0.0,0.0,0.0,0.0,0.0,0.0,996554.0,2384.0,996554.0,2384.0,4400.0,11.0,4400.0,11.0,545469.0,1305.0,545469.0,1305.0,0.0,0.0,0.0,0.0,0.0,0.0,0.0,0.0,0.0,0.0,0.0,0.0,0.0,0.0,0.0,0.0,0.0,0.0,0.0,0.0,0.0,0.0,0.0,0.0,0.0,0.0,0.0,0.0
2025-26,budget filed with TEA (PEIMS),101912227,Mcnamara El,808,6770958.0,8380.0,6770958.0,8380.0,6154355.0,7617.0,6154355.0,7617.0,592233.0,733.0,592233.0,733.0,24370.0,30.0,24370.0,30.0,6746588.0,8350.0,6746588.0,8350.0,5070557.0,6275.0,5070557.0,6275.0,6784.0,8.0,6784.0,8.0,75618.0,94.0,75618.0,94.0,272126.0,337.0,272126.0,337.0,880188.0,1089.0,880188.0,1089.0,135616.0,168.0,135616.0,168.0,3106.0,4.0,3106.0,4.0,68344.0,85.0,68344.0,85.0,0.0,0.0,0.0,0.0,4806.0,6.0,4806.0,6.0,104570.0,129.0,104570.0,129.0,6550.0,8.0,6550.0,8.0,118323.0,146.0,118323.0,146.0,3926544.0,4860.0,3926544.0,4860.0,2421.0,3.0,2421.0,3.0,0.0,0.0,0.0,0.0,553396.0,685.0,553396.0,685.0,483858.0,599.0,483858.0,599.0,970878.0,1202.0,970878.0,1202.0,0.0,0.0,0.0,0.0,0.0,0.0,0.0,0.0,0.0,0.0,0.0,0.0,0.0,0.0,0.0,0.0,0.0,0.0,0.0,0.0,0.0,0.0,0.0,0.0,0.0,0.0,0.0,0.0
2025-26,budget filed with TEA (PEIMS),101912062,Mcreynolds Middle,270,4928109.0,18252.0,4928109.0,18252.0,4244696.0,15721.0,4244696.0,15721.0,659533.0,2443.0,659533.0,2443.0,23880.0,88.0,23880.0,88.0,4904229.0,18164.0,4904229.0,18164.0,3237144.0,11989.0,3237144.0,11989.0,2887.0,11.0,2887.0,11.0,19316.0,72.0,19316.0,72.0,146567.0,543.0,146567.0,543.0,815667.0,3021.0,815667.0,3021.0,168086.0,623.0,168086.0,623.0,1487.0,6.0,1487.0,6.0,74470.0,276.0,74470.0,276.0,0.0,0.0,0.0,0.0,155442.0,576.0,155442.0,576.0,282062.0,1045.0,282062.0,1045.0,1101.0,4.0,1101.0,4.0,0.0,0.0,0.0,0.0,2423966.0,8978.0,2423966.0,8978.0,0.0,0.0,0.0,0.0,0.0,0.0,0.0,0.0,1863030.0,6900.0,1863030.0,6900.0,100597.0,373.0,100597.0,373.0,0.0,0.0,0.0,0.0,0.0,0.0,0.0,0.0,0.0,0.0,0.0,0.0,0.0,0.0,0.0,0.0,0.0,0.0,0.0,0.0,0.0,0.0,0.0,0.0,0.0,0.0,0.0,0.0,0.0,0.0,0.0,0.0
2025-26,budget filed with TEA (PEIMS),101912204,Memorial El,465,4218009.0,9071.0,4218009.0,9071.0,3821389.0,8218.0,3821389.0,8218.0,383771.0,825.0,383771.0,825.0,12849.0,28.0,12849.0,28.0,4205160.0,9043.0,4205160.0,9043.0,2975947.0,6400.0,2975947.0,6400.0,93770.0,202.0,93770.0,202.0,30108.0,65.0,30108.0,65.0,167281.0,360.0,167281.0,360.0,576691.0,1240.0,576691.0,1240.0,159412.0,343.0,159412.0,343.0,2858.0,6.0,2858.0,6.0,82564.0,178.0,82564.0,178.0,0.0,0.0,0.0,0.0,3650.0,8.0,3650.0,8.0,107879.0,232.0,107879.0,232.0,5000.0,11.0,5000.0,11.0,0.0,0.0,0.0,0.0,2641200.0,5680.0,2641200.0,5680.0,5654.0,12.0,5654.0,12.0,0.0,0.0,0.0,0.0,1070110.0,2301.0,1070110.0,2301.0,38816.0,83.0,38816.0,83.0,34403.0,74.0,34403.0,74.0,0.0,0.0,0.0,0.0,0.0,0.0,0.0,0.0,0.0,0.0,0.0,0.0,0.0,0.0,0.0,0.0,0.0,0.0,0.0,0.0,0.0,0.0,0.0,0.0,0.0,0.0,0.0,0.0
2025-26,budget filed with TEA (PEIMS),101912055,Meyerland Middle,1168,10686390.0,9149.0,10686390.0,9149.0,9559947.0,8185.0,9559947.0,8185.0,1055798.0,904.0,1055798.0,904.0,70645.0,60.0,70645.0,60.0,10615745.0,9089.0,10615745.0,9089.0,7624814.0,6528.0,7624814.0,6528.0,83590.0,72.0,83590.0,72.0,138034.0,118.0,138034.0,118.0,395936.0,339.0,395936.0,339.0,1229486.0,1053.0,1229486.0,1053.0,323416.0,277.0,323416.0,277.0,7984.0,7.0,7984.0,7.0,104870.0,90.0,104870.0,90.0,0.0,0.0,0.0,0.0,88798.0,76.0,88798.0,76.0,563917.0,483.0,563917.0,483.0,0.0,0.0,0.0,0.0,54900.0,47.0,54900.0,47.0,6343509.0,5431.0,6343509.0,5431.0,20297.0,17.0,20297.0,17.0,127753.0,109.0,127753.0,109.0,1916566.0,1641.0,1916566.0,1641.0,47199.0,40.0,47199.0,40.0,200.0,0.0,200.0,0.0,0.0,0.0,0.0,0.0,106593.0,91.0,106593.0,91.0,0.0,0.0,0.0,0.0,0.0,0.0,0.0,0.0,0.0,0.0,0.0,0.0,0.0,0.0,0.0,0.0,0.0,0.0,0.0,0.0
2025-26,budget filed with TEA (PEIMS),101912458,Mickey Leland College Prep Acad Fo,204,3048162.0,14942.0,3048162.0,14942.0,2636876.0,12926.0,2636876.0,12926.0,405995.0,1990.0,405995.0,1990.0,5291.0,26.0,5291.0,26.0,3042871.0,14916.0,3042871.0,14916.0,2000623.0,9807.0,2000623.0,9807.0,3293.0,16.0,3293.0,16.0,11254.0,55.0,11254.0,55.0,120621.0,591.0,120621.0,591.0,468005.0,2294.0,468005.0,2294.0,143122.0,702.0,143122.0,702.0,2115.0,10.0,2115.0,10.0,8299.0,41.0,8299.0,41.0,0.0,0.0,0.0,0.0,135952.0,666.0,135952.0,666.0,144577.0,709.0,144577.0,709.0,50.0,0.0,50.0,0.0,4100.0,20.0,4100.0,20.0,1543618.0,7567.0,1543618.0,7567.0,253.0,1.0,253.0,1.0,382892.0,1877.0,382892.0,1877.0,590608.0,2895.0,590608.0,2895.0,7573.0,37.0,7573.0,37.0,0.0,0.0,0.0,0.0,0.0,0.0,0.0,0.0,0.0,0.0,0.0,0.0,0.0,0.0,0.0,0.0,0.0,0.0,0.0,0.0,0.0,0.0,0.0,0.0,0.0,0.0,0.0,0.0,0.0,0.0,0.0,0.0
2025-26,budget filed with TEA (PEIMS),101912485,Middle College H S At Hcc Fraga,127,1274873.0,10038.0,1274873.0,10038.0,1207101.0,9505.0,1207101.0,9505.0,57194.0,450.0,57194.0,450.0,10578.0,83.0,10578.0,83.0,1264295.0,9955.0,1264295.0,9955.0,918693.0,7234.0,918693.0,7234.0,1971.0,16.0,1971.0,16.0,4136.0,33.0,4136.0,33.0,46030.0,362.0,46030.0,362.0,207248.0,1632.0,207248.0,1632.0,79970.0,630.0,79970.0,630.0,1567.0,12.0,1567.0,12.0,4680.0,37.0,4680.0,37.0,0.0,0.0,0.0,0.0,0.0,0.0,0.0,0.0,0.0,0.0,0.0,0.0,0.0,0.0,0.0,0.0,0.0,0.0,0.0,0.0,628379.0,4948.0,628379.0,4948.0,1691.0,13.0,1691.0,13.0,157909.0,1243.0,157909.0,1243.0,26627.0,210.0,26627.0,210.0,5458.0,43.0,5458.0,43.0,0.0,0.0,0.0,0.0,0.0,0.0,0.0,0.0,0.0,0.0,0.0,0.0,0.0,0.0,0.0,0.0,0.0,0.0,0.0,0.0,0.0,0.0,0.0,0.0,0.0,0.0,0.0,0.0,0.0,0.0,0.0,0.0
2025-26,budget filed with TEA (PEIMS),101912484,Middle College H S At Hcc Gulfton,59,1306602.0,22146.0,1306602.0,22146.0,1202307.0,20378.0,1202307.0,20378.0,92310.0,1565.0,92310.0,1565.0,11985.0,203.0,11985.0,203.0,1294617.0,21943.0,1294617.0,21943.0,820571.0,13908.0,820571.0,13908.0,678.0,11.0,678.0,11.0,4424.0,75.0,4424.0,75.0,39889.0,676.0,39889.0,676.0,414536.0,7026.0,414536.0,7026.0,7311.0,124.0,7311.0,124.0,178.0,3.0,178.0,3.0,2182.0,37.0,2182.0,37.0,0.0,0.0,0.0,0.0,400.0,7.0,400.0,7.0,4448.0,75.0,4448.0,75.0,0.0,0.0,0.0,0.0,0.0,0.0,0.0,0.0,1016879.0,17235.0,1016879.0,17235.0,81.0,1.0,81.0,1.0,170566.0,2891.0,170566.0,2891.0,51610.0,875.0,51610.0,875.0,30968.0,525.0,30968.0,525.0,0.0,0.0,0.0,0.0,0.0,0.0,0.0,0.0,0.0,0.0,0.0,0.0,0.0,0.0,0.0,0.0,19520.0,331.0,19520.0,331.0,0.0,0.0,0.0,0.0,0.0,0.0,0.0,0.0,0.0,0.0,0.0,0.0
2025-26,budget filed with TEA (PEIMS),101912011,Milby H S,2083,18748142.0,9001.0,18748142.0,9001.0,15883943.0,7626.0,15883943.0,7626.0,2743590.0,1317.0,2743590.0,1317.0,120609.0,58.0,120609.0,58.0,18627533.0,8943.0,18627533.0,8943.0,11246909.0,5399.0,11246909.0,5399.0,111426.0,53.0,111426.0,53.0,166474.0,80.0,166474.0,80.0,1198193.0,575.0,1198193.0,575.0,3204150.0,1538.0,3204150.0,1538.0,698953.0,336.0,698953.0,336.0,316755.0,152.0,316755.0,152.0,134086.0,64.0,134086.0,64.0,0.0,0.0,0.0,0.0,764875.0,367.0,764875.0,367.0,603353.0,290.0,603353.0,290.0,15910.0,8.0,15910.0,8.0,165949.0,80.0,165949.0,80.0,10138647.0,4867.0,10138647.0,4867.0,30479.0,15.0,30479.0,15.0,2614769.0,1255.0,2614769.0,1255.0,2135978.0,1025.0,2135978.0,1025.0,139813.0,67.0,139813.0,67.0,0.0,0.0,0.0,0.0,0.0,0.0,0.0,0.0,818971.0,393.0,818971.0,393.0,0.0,0.0,0.0,0.0,0.0,0.0,0.0,0.0,0.0,0.0,0.0,0.0,0.0,0.0,0.0,0.0,0.0,0.0,0.0,0.0
2025-26,budget filed with TEA (PEIMS),101912299,Milne El,428,5601250.0,13087.0,5601250.0,13087.0,5174972.0,12091.0,5174972.0,12091.0,423361.0,989.0,423361.0,989.0,2917.0,7.0,2917.0,7.0,5598333.0,13080.0,5598333.0,13080.0,4227377.0,9877.0,4227377.0,9877.0,5438.0,13.0,5438.0,13.0,40435.0,94.0,40435.0,94.0,228327.0,533.0,228327.0,533.0,677152.0,1582.0,677152.0,1582.0,164559.0,384.0,164559.0,384.0,2380.0,6.0,2380.0,6.0,105666.0,247.0,105666.0,247.0,0.0,0.0,0.0,0.0,26335.0,62.0,26335.0,62.0,120664.0,282.0,120664.0,282.0,0.0,0.0,0.0,0.0,0.0,0.0,0.0,0.0,3626090.0,8472.0,3626090.0,8472.0,0.0,0.0,0.0,0.0,0.0,0.0,0.0,0.0,1047898.0,2448.0,1047898.0,2448.0,145597.0,340.0,145597.0,340.0,468186.0,1094.0,468186.0,1094.0,0.0,0.0,0.0,0.0,0.0,0.0,0.0,0.0,0.0,0.0,0.0,0.0,0.0,0.0,0.0,0.0,0.0,0.0,0.0,0.0,0.0,0.0,0.0,0.0,0.0,0.0,0.0,0.0
2025-26,budget filed with TEA (PEIMS),101912354,Mistral Center For Early Childhood,276,3567925.0,12927.0,3567925.0,12927.0,3081122.0,11163.0,3081122.0,11163.0,482153.0,1747.0,482153.0,1747.0,4650.0,17.0,4650.0,17.0,3563275.0,12910.0,3563275.0,12910.0,2518653.0,9126.0,2518653.0,9126.0,91285.0,331.0,91285.0,331.0,66491.0,241.0,66491.0,241.0,146725.0,532.0,146725.0,532.0,406178.0,1472.0,406178.0,1472.0,84858.0,307.0,84858.0,307.0,765.0,3.0,765.0,3.0,91552.0,332.0,91552.0,332.0,0.0,0.0,0.0,0.0,0.0,0.0,0.0,0.0,114045.0,413.0,114045.0,413.0,0.0,0.0,0.0,0.0,42723.0,155.0,42723.0,155.0,1353613.0,4904.0,1353613.0,4904.0,0.0,0.0,0.0,0.0,0.0,0.0,0.0,0.0,105984.0,384.0,105984.0,384.0,466604.0,1691.0,466604.0,1691.0,1097681.0,3977.0,1097681.0,3977.0,0.0,0.0,0.0,0.0,0.0,0.0,0.0,0.0,0.0,0.0,0.0,0.0,0.0,0.0,0.0,0.0,0.0,0.0,0.0,0.0,0.0,0.0,0.0,0.0,0.0,0.0,0.0,0.0
2025-26,budget filed with TEA (PEIMS),101912264,Mitchell El,477,5632661.0,11809.0,5632661.0,11809.0,5169439.0,10837.0,5169439.0,10837.0,444837.0,933.0,444837.0,933.0,18385.0,39.0,18385.0,39.0,5614276.0,11770.0,5614276.0,11770.0,4234539.0,8877.0,4234539.0,8877.0,4933.0,10.0,4933.0,10.0,45761.0,96.0,45761.0,96.0,235799.0,494.0,235799.0,494.0,724348.0,1519.0,724348.0,1519.0,164551.0,345.0,164551.0,345.0,1767.0,4.0,1767.0,4.0,94300.0,198.0,94300.0,198.0,0.0,0.0,0.0,0.0,27885.0,58.0,27885.0,58.0,80393.0,169.0,80393.0,169.0,0.0,0.0,0.0,0.0,0.0,0.0,0.0,0.0,3467945.0,7270.0,3467945.0,7270.0,0.0,0.0,0.0,0.0,0.0,0.0,0.0,0.0,1026304.0,2152.0,1026304.0,2152.0,80449.0,169.0,80449.0,169.0,861283.0,1806.0,861283.0,1806.0,0.0,0.0,0.0,0.0,0.0,0.0,0.0,0.0,0.0,0.0,0.0,0.0,0.0,0.0,0.0,0.0,0.0,0.0,0.0,0.0,0.0,0.0,0.0,0.0,0.0,0.0,0.0,0.0
2025-26,budget filed with TEA (PEIMS),101912207,Montgomery El,381,4374213.0,11481.0,4374213.0,11481.0,3979076.0,10444.0,3979076.0,10444.0,385457.0,1012.0,385457.0,1012.0,9680.0,25.0,9680.0,25.0,4364533.0,11455.0,4364533.0,11455.0,3275043.0,8596.0,3275043.0,8596.0,3850.0,10.0,3850.0,10.0,32832.0,86.0,32832.0,86.0,185391.0,487.0,185391.0,487.0,516325.0,1355.0,516325.0,1355.0,149148.0,391.0,149148.0,391.0,1544.0,4.0,1544.0,4.0,92166.0,242.0,92166.0,242.0,0.0,0.0,0.0,0.0,18535.0,49.0,18535.0,49.0,89699.0,235.0,89699.0,235.0,0.0,0.0,0.0,0.0,0.0,0.0,0.0,0.0,2658331.0,6977.0,2658331.0,6977.0,0.0,0.0,0.0,0.0,0.0,0.0,0.0,0.0,1069757.0,2808.0,1069757.0,2808.0,77449.0,203.0,77449.0,203.0,372731.0,978.0,372731.0,978.0,0.0,0.0,0.0,0.0,0.0,0.0,0.0,0.0,0.0,0.0,0.0,0.0,0.0,0.0,0.0,0.0,0.0,0.0,0.0,0.0,0.0,0.0,0.0,0.0,0.0,0.0,0.0,0.0
2025-26,budget filed with TEA (PEIMS),101912359,Moreno El,678,5541731.0,8174.0,5541731.0,8174.0,4858371.0,7166.0,4858371.0,7166.0,674107.0,994.0,674107.0,994.0,9253.0,14.0,9253.0,14.0,5532478.0,8160.0,5532478.0,8160.0,4128669.0,6089.0,4128669.0,6089.0,5940.0,9.0,5940.0,9.0,52876.0,78.0,52876.0,78.0,218008.0,322.0,218008.0,322.0,755117.0,1114.0,755117.0,1114.0,73872.0,109.0,73872.0,109.0,3013.0,4.0,3013.0,4.0,67419.0,99.0,67419.0,99.0,0.0,0.0,0.0,0.0,0.0,0.0,0.0,0.0,216214.0,319.0,216214.0,319.0,8000.0,12.0,8000.0,12.0,3350.0,5.0,3350.0,5.0,3500961.0,5164.0,3500961.0,5164.0,1449.0,2.0,1449.0,2.0,0.0,0.0,0.0,0.0,820800.0,1211.0,820800.0,1211.0,289400.0,427.0,289400.0,427.0,192079.0,283.0,192079.0,283.0,0.0,0.0,0.0,0.0,0.0,0.0,0.0,0.0,0.0,0.0,0.0,0.0,0.0,0.0,0.0,0.0,0.0,0.0,0.0,0.0,0.0,0.0,0.0,0.0,0.0,0.0,0.0,0.0
2025-26,budget filed with TEA (PEIMS),101912054,Navarro Middle,302,5305430.0,17568.0,5305430.0,17568.0,4544348.0,15048.0,4544348.0,15048.0,752353.0,2491.0,752353.0,2491.0,8729.0,29.0,8729.0,29.0,5296701.0,17539.0,5296701.0,17539.0,3590386.0,11889.0,3590386.0,11889.0,3248.0,11.0,3248.0,11.0,14678.0,49.0,14678.0,49.0,152909.0,506.0,152909.0,506.0,779444.0,2581.0,779444.0,2581.0,167983.0,556.0,167983.0,556.0,1451.0,5.0,1451.0,5.0,100108.0,331.0,100108.0,331.0,0.0,0.0,0.0,0.0,83483.0,276.0,83483.0,276.0,401910.0,1331.0,401910.0,1331.0,1101.0,4.0,1101.0,4.0,0.0,0.0,0.0,0.0,3035217.0,10050.0,3035217.0,10050.0,0.0,0.0,0.0,0.0,0.0,0.0,0.0,0.0,1495772.0,4953.0,1495772.0,4953.0,201187.0,666.0,201187.0,666.0,0.0,0.0,0.0,0.0,0.0,0.0,0.0,0.0,0.0,0.0,0.0,0.0,0.0,0.0,0.0,0.0,0.0,0.0,0.0,0.0,0.0,0.0,0.0,0.0,0.0,0.0,0.0,0.0,0.0,0.0,0.0,0.0
2025-26,budget filed with TEA (PEIMS),101912209,Neff Ecc,530,4866447.0,9182.0,4866447.0,9182.0,4424187.0,8348.0,4424187.0,8348.0,429882.0,811.0,429882.0,811.0,12378.0,23.0,12378.0,23.0,4854069.0,9159.0,4854069.0,9159.0,3490175.0,6585.0,3490175.0,6585.0,5544.0,10.0,5544.0,10.0,73097.0,138.0,73097.0,138.0,207612.0,392.0,207612.0,392.0,690936.0,1304.0,690936.0,1304.0,112485.0,212.0,112485.0,212.0,3298.0,6.0,3298.0,6.0,107046.0,202.0,107046.0,202.0,0.0,0.0,0.0,0.0,0.0,0.0,0.0,0.0,163876.0,309.0,163876.0,309.0,0.0,0.0,0.0,0.0,0.0,0.0,0.0,0.0,1623898.0,3064.0,1623898.0,3064.0,81.0,0.0,81.0,0.0,0.0,0.0,0.0,0.0,519195.0,980.0,519195.0,980.0,504824.0,952.0,504824.0,952.0,1237701.0,2335.0,1237701.0,2335.0,0.0,0.0,0.0,0.0,0.0,0.0,0.0,0.0,0.0,0.0,0.0,0.0,0.0,0.0,0.0,0.0,0.0,0.0,0.0,0.0,0.0,0.0,0.0,0.0,0.0,0.0,0.0,0.0
2025-26,budget filed with TEA (PEIMS),101912394,Neff El,664,6792364.0,10229.0,6792364.0,10229.0,6237388.0,9394.0,6237388.0,9394.0,517077.0,779.0,517077.0,779.0,37899.0,57.0,37899.0,57.0,6754465.0,10172.0,6754465.0,10172.0,5117815.0,7708.0,5117815.0,7708.0,5653.0,9.0,5653.0,9.0,38186.0,58.0,38186.0,58.0,238930.0,360.0,238930.0,360.0,882734.0,1329.0,882734.0,1329.0,274665.0,414.0,274665.0,414.0,2022.0,3.0,2022.0,3.0,106234.0,160.0,106234.0,160.0,0.0,0.0,0.0,0.0,20318.0,31.0,20318.0,31.0,58545.0,88.0,58545.0,88.0,9363.0,14.0,9363.0,14.0,0.0,0.0,0.0,0.0,5195587.0,7825.0,5195587.0,7825.0,0.0,0.0,0.0,0.0,0.0,0.0,0.0,0.0,1240722.0,1869.0,1240722.0,1869.0,151899.0,229.0,151899.0,229.0,0.0,0.0,0.0,0.0,0.0,0.0,0.0,0.0,0.0,0.0,0.0,0.0,0.0,0.0,0.0,0.0,0.0,0.0,0.0,0.0,0.0,0.0,0.0,0.0,0.0,0.0,0.0,0.0,0.0,0.0,0.0,0.0
2025-26,budget filed with TEA (PEIMS),101912477,North Forest H S,773,11890666.0,15382.0,11904817.0,15401.0,10412340.0,13470.0,10426491.0,13488.0,1461936.0,1891.0,1461936.0,1891.0,16390.0,21.0,16390.0,21.0,11874276.0,15361.0,11888427.0,15380.0,7722993.0,9991.0,7722993.0,9991.0,8044.0,10.0,8044.0,10.0,45952.0,59.0,45952.0,59.0,939974.0,1216.0,939974.0,1216.0,1346214.0,1742.0,1346214.0,1742.0,586373.0,759.0,586373.0,759.0,3180.0,4.0,3180.0,4.0,92680.0,120.0,92680.0,120.0,0.0,0.0,14151.0,18.0,545077.0,705.0,545077.0,705.0,581589.0,752.0,581589.0,752.0,2200.0,3.0,2200.0,3.0,0.0,0.0,0.0,0.0,6623869.0,8569.0,6623869.0,8569.0,0.0,0.0,0.0,0.0,849854.0,1099.0,849854.0,1099.0,2430287.0,3144.0,2430287.0,3144.0,0.0,0.0,0.0,0.0,0.0,0.0,0.0,0.0,0.0,0.0,0.0,0.0,763369.0,988.0,763369.0,988.0,0.0,0.0,0.0,0.0,0.0,0.0,0.0,0.0,0.0,0.0,0.0,0.0,0.0,0.0,0.0,0.0,0.0,0.0,0.0,0.0
2025-26,budget filed with TEA (PEIMS),101912308,North Houston Early College H S,486,4074497.0,8384.0,4074497.0,8384.0,3740045.0,7696.0,3740045.0,7696.0,323823.0,666.0,323823.0,666.0,10629.0,22.0,10629.0,22.0,4063868.0,8362.0,4063868.0,8362.0,2455300.0,5052.0,2455300.0,5052.0,3316.0,7.0,3316.0,7.0,13787.0,28.0,13787.0,28.0,175729.0,362.0,175729.0,362.0,982024.0,2021.0,982024.0,2021.0,150355.0,309.0,150355.0,309.0,1400.0,3.0,1400.0,3.0,118276.0,243.0,118276.0,243.0,0.0,0.0,0.0,0.0,7825.0,16.0,7825.0,16.0,62441.0,128.0,62441.0,128.0,14000.0,29.0,14000.0,29.0,79415.0,163.0,79415.0,163.0,2697468.0,5550.0,2697468.0,5550.0,18264.0,38.0,18264.0,38.0,849774.0,1749.0,849774.0,1749.0,90066.0,185.0,90066.0,185.0,14064.0,29.0,14064.0,29.0,0.0,0.0,0.0,0.0,0.0,0.0,0.0,0.0,0.0,0.0,0.0,0.0,0.0,0.0,0.0,0.0,0.0,0.0,0.0,0.0,0.0,0.0,0.0,0.0,0.0,0.0,0.0,0.0,0.0,0.0,0.0,0.0
2025-26,budget filed with TEA (PEIMS),101912210,Northline El,351,4310079.0,12279.0,4310079.0,12279.0,3917206.0,11160.0,3917206.0,11160.0,390652.0,1113.0,390652.0,1113.0,2221.0,6.0,2221.0,6.0,4307858.0,12273.0,4307858.0,12273.0,3255495.0,9275.0,3255495.0,9275.0,3609.0,10.0,3609.0,10.0,22558.0,64.0,22558.0,64.0,163878.0,467.0,163878.0,467.0,487121.0,1388.0,487121.0,1388.0,149122.0,425.0,149122.0,425.0,1349.0,4.0,1349.0,4.0,98525.0,281.0,98525.0,281.0,0.0,0.0,0.0,0.0,19030.0,54.0,19030.0,54.0,107171.0,305.0,107171.0,305.0,0.0,0.0,0.0,0.0,0.0,0.0,0.0,0.0,2805861.0,7994.0,2805861.0,7994.0,0.0,0.0,0.0,0.0,0.0,0.0,0.0,0.0,1030949.0,2937.0,1030949.0,2937.0,8100.0,23.0,8100.0,23.0,246049.0,701.0,246049.0,701.0,0.0,0.0,0.0,0.0,0.0,0.0,0.0,0.0,0.0,0.0,0.0,0.0,0.0,0.0,0.0,0.0,0.0,0.0,0.0,0.0,0.0,0.0,0.0,0.0,0.0,0.0,0.0,0.0
2025-26,budget filed with TEA (PEIMS),101912003,Northside H S,918,13499039.0,14705.0,13499039.0,14705.0,12124637.0,13208.0,12124637.0,13208.0,1325919.0,1444.0,1325919.0,1444.0,48483.0,53.0,48483.0,53.0,13450556.0,14652.0,13450556.0,14652.0,9122589.0,9937.0,9122589.0,9937.0,9255.0,10.0,9255.0,10.0,53384.0,58.0,53384.0,58.0,1028971.0,1121.0,1028971.0,1121.0,1503821.0,1638.0,1503821.0,1638.0,559765.0,610.0,559765.0,610.0,3500.0,4.0,3500.0,4.0,129733.0,141.0,129733.0,141.0,0.0,0.0,0.0,0.0,661691.0,721.0,661691.0,721.0,372017.0,405.0,372017.0,405.0,5830.0,6.0,5830.0,6.0,0.0,0.0,0.0,0.0,7812596.0,8510.0,7812596.0,8510.0,0.0,0.0,0.0,0.0,1378694.0,1502.0,1378694.0,1502.0,2419443.0,2636.0,2419443.0,2636.0,0.0,0.0,0.0,0.0,0.0,0.0,0.0,0.0,0.0,0.0,0.0,0.0,750006.0,817.0,750006.0,817.0,0.0,0.0,0.0,0.0,0.0,0.0,0.0,0.0,0.0,0.0,0.0,0.0,0.0,0.0,0.0,0.0,0.0,0.0,0.0,0.0
2025-26,budget filed with TEA (PEIMS),101912211,Oak Forest El,992,8032314.0,8097.0,8032314.0,8097.0,7372207.0,7432.0,7372207.0,7432.0,647393.0,653.0,647393.0,653.0,12714.0,13.0,12714.0,13.0,8019600.0,8084.0,8019600.0,8084.0,5920606.0,5968.0,5920606.0,5968.0,96255.0,97.0,96255.0,97.0,48921.0,49.0,48921.0,49.0,291936.0,294.0,291936.0,294.0,948843.0,956.0,948843.0,956.0,192598.0,194.0,192598.0,194.0,3577.0,4.0,3577.0,4.0,101373.0,102.0,101373.0,102.0,0.0,0.0,0.0,0.0,3000.0,3.0,3000.0,3.0,412491.0,416.0,412491.0,416.0,0.0,0.0,0.0,0.0,0.0,0.0,0.0,0.0,5899185.0,5947.0,5899185.0,5947.0,170340.0,172.0,170340.0,172.0,0.0,0.0,0.0,0.0,791116.0,797.0,791116.0,797.0,234094.0,236.0,234094.0,236.0,45757.0,46.0,45757.0,46.0,0.0,0.0,0.0,0.0,0.0,0.0,0.0,0.0,0.0,0.0,0.0,0.0,70888.0,71.0,70888.0,71.0,0.0,0.0,0.0,0.0,0.0,0.0,0.0,0.0,0.0,0.0,0.0,0.0
2025-26,budget filed with TEA (PEIMS),101912212,Oates El,210,3453072.0,16443.0,3453072.0,16443.0,3148971.0,14995.0,3148971.0,14995.0,302354.0,1440.0,302354.0,1440.0,1747.0,8.0,1747.0,8.0,3451325.0,16435.0,3451325.0,16435.0,2475842.0,11790.0,2475842.0,11790.0,2647.0,13.0,2647.0,13.0,19005.0,91.0,19005.0,91.0,124492.0,593.0,124492.0,593.0,474913.0,2261.0,474913.0,2261.0,136063.0,648.0,136063.0,648.0,1029.0,5.0,1029.0,5.0,95492.0,455.0,95492.0,455.0,0.0,0.0,0.0,0.0,11825.0,56.0,11825.0,56.0,110017.0,524.0,110017.0,524.0,0.0,0.0,0.0,0.0,0.0,0.0,0.0,0.0,2010183.0,9572.0,2010183.0,9572.0,0.0,0.0,0.0,0.0,0.0,0.0,0.0,0.0,858434.0,4088.0,858434.0,4088.0,6000.0,29.0,6000.0,29.0,376835.0,1794.0,376835.0,1794.0,0.0,0.0,0.0,0.0,0.0,0.0,0.0,0.0,0.0,0.0,0.0,0.0,0.0,0.0,0.0,0.0,0.0,0.0,0.0,0.0,0.0,0.0,0.0,0.0,0.0,0.0,0.0,0.0
2025-26,budget filed with TEA (PEIMS),101912338,Ortiz Middle,650,7659026.0,11783.0,7659026.0,11783.0,6684432.0,10284.0,6684432.0,10284.0,965318.0,1485.0,965318.0,1485.0,9276.0,14.0,9276.0,14.0,7649750.0,11769.0,7649750.0,11769.0,5660373.0,8708.0,5660373.0,8708.0,6137.0,9.0,6137.0,9.0,35701.0,55.0,35701.0,55.0,271101.0,417.0,271101.0,417.0,822680.0,1266.0,822680.0,1266.0,301753.0,464.0,301753.0,464.0,2412.0,4.0,2412.0,4.0,77325.0,119.0,77325.0,119.0,0.0,0.0,0.0,0.0,181208.0,279.0,181208.0,279.0,286959.0,441.0,286959.0,441.0,4101.0,6.0,4101.0,6.0,0.0,0.0,0.0,0.0,5570979.0,8571.0,5570979.0,8571.0,0.0,0.0,0.0,0.0,0.0,0.0,0.0,0.0,1467137.0,2257.0,1467137.0,2257.0,69349.0,107.0,69349.0,107.0,0.0,0.0,0.0,0.0,0.0,0.0,0.0,0.0,0.0,0.0,0.0,0.0,0.0,0.0,0.0,0.0,0.0,0.0,0.0,0.0,0.0,0.0,0.0,0.0,0.0,0.0,0.0,0.0,0.0,0.0,0.0,0.0
2025-26,budget filed with TEA (PEIMS),101912213,Osborne El,286,4022007.0,14063.0,4022007.0,14063.0,3676367.0,12854.0,3676367.0,12854.0,343088.0,1200.0,343088.0,1200.0,2552.0,9.0,2552.0,9.0,4019455.0,14054.0,4019455.0,14054.0,2973072.0,10395.0,2973072.0,10395.0,3368.0,12.0,3368.0,12.0,27848.0,97.0,27848.0,97.0,167476.0,586.0,167476.0,586.0,483997.0,1692.0,483997.0,1692.0,151007.0,528.0,151007.0,528.0,1417.0,5.0,1417.0,5.0,99123.0,347.0,99123.0,347.0,0.0,0.0,0.0,0.0,13695.0,48.0,13695.0,48.0,98452.0,344.0,98452.0,344.0,0.0,0.0,0.0,0.0,0.0,0.0,0.0,0.0,2263616.0,7915.0,2263616.0,7915.0,0.0,0.0,0.0,0.0,0.0,0.0,0.0,0.0,1164188.0,4071.0,1164188.0,4071.0,6600.0,23.0,6600.0,23.0,402887.0,1409.0,402887.0,1409.0,0.0,0.0,0.0,0.0,0.0,0.0,0.0,0.0,0.0,0.0,0.0,0.0,0.0,0.0,0.0,0.0,0.0,0.0,0.0,0.0,0.0,0.0,0.0,0.0,0.0,0.0,0.0,0.0
2025-26,budget filed with TEA (PEIMS),101912214,Park Place El,625,5632306.0,9012.0,5632306.0,9012.0,5112630.0,8180.0,5112630.0,8180.0,510313.0,817.0,510313.0,817.0,9363.0,15.0,9363.0,15.0,5622943.0,8997.0,5622943.0,8997.0,4253098.0,6805.0,4253098.0,6805.0,6063.0,10.0,6063.0,10.0,38602.0,62.0,38602.0,62.0,226181.0,362.0,226181.0,362.0,673953.0,1078.0,673953.0,1078.0,152153.0,243.0,152153.0,243.0,3129.0,5.0,3129.0,5.0,68325.0,109.0,68325.0,109.0,0.0,0.0,0.0,0.0,625.0,1.0,625.0,1.0,200814.0,321.0,200814.0,321.0,0.0,0.0,0.0,0.0,0.0,0.0,0.0,0.0,3399328.0,5439.0,3399328.0,5439.0,3077.0,5.0,3077.0,5.0,0.0,0.0,0.0,0.0,984486.0,1575.0,984486.0,1575.0,138959.0,222.0,138959.0,222.0,324474.0,519.0,324474.0,519.0,0.0,0.0,0.0,0.0,0.0,0.0,0.0,0.0,0.0,0.0,0.0,0.0,29961.0,48.0,29961.0,48.0,0.0,0.0,0.0,0.0,0.0,0.0,0.0,0.0,0.0,0.0,0.0,0.0
2025-26,budget filed with TEA (PEIMS),101912215,Parker El,897,8603021.0,9591.0,8603021.0,9591.0,7865699.0,8769.0,7865699.0,8769.0,723141.0,806.0,723141.0,806.0,14181.0,16.0,14181.0,16.0,8588840.0,9575.0,8588840.0,9575.0,6742549.0,7517.0,6742549.0,7517.0,86251.0,96.0,86251.0,96.0,49720.0,55.0,49720.0,55.0,316250.0,353.0,316250.0,353.0,856992.0,955.0,856992.0,955.0,219811.0,245.0,219811.0,245.0,55928.0,62.0,55928.0,62.0,99911.0,111.0,99911.0,111.0,0.0,0.0,0.0,0.0,1500.0,2.0,1500.0,2.0,140495.0,157.0,140495.0,157.0,14433.0,16.0,14433.0,16.0,5000.0,6.0,5000.0,6.0,5905245.0,6583.0,5905245.0,6583.0,100113.0,112.0,100113.0,112.0,0.0,0.0,0.0,0.0,1049956.0,1171.0,1049956.0,1171.0,180495.0,201.0,180495.0,201.0,268046.0,299.0,268046.0,299.0,0.0,0.0,0.0,0.0,0.0,0.0,0.0,0.0,0.0,0.0,0.0,0.0,30015.0,33.0,30015.0,33.0,0.0,0.0,0.0,0.0,0.0,0.0,0.0,0.0,0.0,0.0,0.0,0.0
2025-26,budget filed with TEA (PEIMS),101912216,Patterson El,830,6712058.0,8087.0,6712058.0,8087.0,6146225.0,7405.0,6146225.0,7405.0,550299.0,663.0,550299.0,663.0,15534.0,19.0,15534.0,19.0,6696524.0,8068.0,6696524.0,8068.0,4898721.0,5902.0,4898721.0,5902.0,8330.0,10.0,8330.0,10.0,157236.0,189.0,157236.0,189.0,309527.0,373.0,309527.0,373.0,902696.0,1088.0,902696.0,1088.0,102430.0,123.0,102430.0,123.0,4372.0,5.0,4372.0,5.0,110084.0,133.0,110084.0,133.0,0.0,0.0,0.0,0.0,10000.0,12.0,10000.0,12.0,135723.0,164.0,135723.0,164.0,1200.0,1.0,1200.0,1.0,56205.0,68.0,56205.0,68.0,4060764.0,4892.0,4060764.0,4892.0,3704.0,4.0,3704.0,4.0,0.0,0.0,0.0,0.0,1171551.0,1412.0,1171551.0,1412.0,236685.0,285.0,236685.0,285.0,431530.0,520.0,431530.0,520.0,0.0,0.0,0.0,0.0,0.0,0.0,0.0,0.0,0.0,0.0,0.0,0.0,0.0,0.0,0.0,0.0,0.0,0.0,0.0,0.0,0.0,0.0,0.0,0.0,0.0,0.0,0.0,0.0
2025-26,budget filed with TEA (PEIMS),101912217,Peck El,322,4361878.0,13546.0,4361878.0,13546.0,3872007.0,12025.0,3872007.0,12025.0,486816.0,1512.0,486816.0,1512.0,3055.0,9.0,3055.0,9.0,4358823.0,13537.0,4358823.0,13537.0,3126029.0,9708.0,3126029.0,9708.0,3730.0,12.0,3730.0,12.0,27701.0,86.0,27701.0,86.0,188009.0,584.0,188009.0,584.0,529662.0,1645.0,529662.0,1645.0,160051.0,497.0,160051.0,497.0,1645.0,5.0,1645.0,5.0,102527.0,318.0,102527.0,318.0,0.0,0.0,0.0,0.0,15290.0,47.0,15290.0,47.0,204179.0,634.0,204179.0,634.0,0.0,0.0,0.0,0.0,0.0,0.0,0.0,0.0,2245756.0,6974.0,2245756.0,6974.0,0.0,0.0,0.0,0.0,0.0,0.0,0.0,0.0,1329593.0,4129.0,1329593.0,4129.0,7200.0,22.0,7200.0,22.0,478774.0,1487.0,478774.0,1487.0,0.0,0.0,0.0,0.0,0.0,0.0,0.0,0.0,0.0,0.0,0.0,0.0,0.0,0.0,0.0,0.0,0.0,0.0,0.0,0.0,0.0,0.0,0.0,0.0,0.0,0.0,0.0,0.0
2025-26,budget filed with TEA (PEIMS),101912064,Pershing Middle,989,9925854.0,10036.0,9925854.0,10036.0,8205062.0,8296.0,8205062.0,8296.0,1639145.0,1657.0,1639145.0,1657.0,81647.0,83.0,81647.0,83.0,9844207.0,9954.0,9844207.0,9954.0,7070304.0,7149.0,7070304.0,7149.0,8708.0,9.0,8708.0,9.0,34558.0,35.0,34558.0,35.0,350168.0,354.0,350168.0,354.0,1204837.0,1218.0,1204837.0,1218.0,298910.0,302.0,298910.0,302.0,4337.0,4.0,4337.0,4.0,91890.0,93.0,91890.0,93.0,0.0,0.0,0.0,0.0,67183.0,68.0,67183.0,68.0,643212.0,650.0,643212.0,650.0,0.0,0.0,0.0,0.0,70100.0,71.0,70100.0,71.0,6219471.0,6289.0,6219471.0,6289.0,23592.0,24.0,23592.0,24.0,202567.0,205.0,202567.0,205.0,2175589.0,2200.0,2175589.0,2200.0,20750.0,21.0,20750.0,21.0,0.0,0.0,0.0,0.0,0.0,0.0,0.0,0.0,0.0,0.0,0.0,0.0,0.0,0.0,0.0,0.0,0.0,0.0,0.0,0.0,0.0,0.0,0.0,0.0,0.0,0.0,0.0,0.0,0.0,0.0,0.0,0.0
2025-26,budget filed with TEA (PEIMS),101912265,Petersen El,325,4262813.0,13116.0,4262813.0,13116.0,3868274.0,11902.0,3868274.0,11902.0,386616.0,1190.0,386616.0,1190.0,7923.0,24.0,7923.0,24.0,4254890.0,13092.0,4254890.0,13092.0,3186278.0,9804.0,3186278.0,9804.0,3608.0,11.0,3608.0,11.0,29662.0,91.0,29662.0,91.0,177251.0,545.0,177251.0,545.0,520523.0,1602.0,520523.0,1602.0,122948.0,378.0,122948.0,378.0,1545.0,5.0,1545.0,5.0,101019.0,311.0,101019.0,311.0,0.0,0.0,0.0,0.0,18590.0,57.0,18590.0,57.0,93466.0,288.0,93466.0,288.0,0.0,0.0,0.0,0.0,0.0,0.0,0.0,0.0,2406046.0,7403.0,2406046.0,7403.0,0.0,0.0,0.0,0.0,0.0,0.0,0.0,0.0,1334000.0,4105.0,1334000.0,4105.0,8100.0,25.0,8100.0,25.0,316657.0,974.0,316657.0,974.0,0.0,0.0,0.0,0.0,0.0,0.0,0.0,0.0,0.0,0.0,0.0,0.0,0.0,0.0,0.0,0.0,0.0,0.0,0.0,0.0,0.0,0.0,0.0,0.0,0.0,0.0,0.0,0.0
2025-26,budget filed with TEA (PEIMS),101912218,Pilgrim Academy,1155,10481270.0,9075.0,10481270.0,9075.0,9277699.0,8033.0,9277699.0,8033.0,1187699.0,1028.0,1187699.0,1028.0,15872.0,14.0,15872.0,14.0,10465398.0,9061.0,10465398.0,9061.0,7573044.0,6557.0,7573044.0,6557.0,93798.0,81.0,93798.0,81.0,115353.0,100.0,115353.0,100.0,389677.0,337.0,389677.0,337.0,1380611.0,1195.0,1380611.0,1195.0,341575.0,296.0,341575.0,296.0,4706.0,4.0,4706.0,4.0,119824.0,104.0,119824.0,104.0,0.0,0.0,0.0,0.0,97407.0,84.0,97407.0,84.0,215001.0,186.0,215001.0,186.0,32000.0,28.0,32000.0,28.0,102402.0,89.0,102402.0,89.0,6766462.0,5858.0,6766462.0,5858.0,6621.0,6.0,6621.0,6.0,0.0,0.0,0.0,0.0,1023561.0,886.0,1023561.0,886.0,795389.0,689.0,795389.0,689.0,586580.0,508.0,586580.0,508.0,0.0,0.0,0.0,0.0,0.0,0.0,0.0,0.0,0.0,0.0,0.0,0.0,0.0,0.0,0.0,0.0,0.0,0.0,0.0,0.0,0.0,0.0,0.0,0.0,0.0,0.0,0.0,0.0
2025-26,budget filed with TEA (PEIMS),101912337,Pin Oak Middle,1280,10634085.0,8308.0,10634085.0,8308.0,9328622.0,7288.0,9328622.0,7288.0,1254148.0,980.0,1254148.0,980.0,51315.0,40.0,51315.0,40.0,10582770.0,8268.0,10582770.0,8268.0,7259368.0,5671.0,7259368.0,5671.0,97670.0,76.0,97670.0,76.0,57662.0,45.0,57662.0,45.0,363352.0,284.0,363352.0,284.0,1568460.0,1225.0,1568460.0,1225.0,345767.0,270.0,345767.0,270.0,4293.0,3.0,4293.0,3.0,123713.0,97.0,123713.0,97.0,0.0,0.0,0.0,0.0,176608.0,138.0,176608.0,138.0,511777.0,400.0,511777.0,400.0,10915.0,9.0,10915.0,9.0,63185.0,49.0,63185.0,49.0,7116235.0,5560.0,7116235.0,5560.0,156393.0,122.0,156393.0,122.0,78078.0,61.0,78078.0,61.0,1514552.0,1183.0,1514552.0,1183.0,185960.0,145.0,185960.0,145.0,0.0,0.0,0.0,0.0,0.0,0.0,0.0,0.0,188281.0,147.0,188281.0,147.0,0.0,0.0,0.0,0.0,127258.0,99.0,127258.0,99.0,0.0,0.0,0.0,0.0,0.0,0.0,0.0,0.0,0.0,0.0,0.0,0.0
2025-26,budget filed with TEA (PEIMS),101912219,Piney Point El,1078,10035799.0,9310.0,10035799.0,9310.0,8458615.0,7847.0,8458615.0,7847.0,1482437.0,1375.0,1482437.0,1375.0,94747.0,88.0,94747.0,88.0,9941052.0,9222.0,9941052.0,9222.0,7411911.0,6876.0,7411911.0,6876.0,67061.0,62.0,67061.0,62.0,79992.0,74.0,79992.0,74.0,361568.0,335.0,361568.0,335.0,1318910.0,1223.0,1318910.0,1223.0,256562.0,238.0,256562.0,238.0,3936.0,4.0,3936.0,4.0,78232.0,73.0,78232.0,73.0,0.0,0.0,0.0,0.0,6500.0,6.0,6500.0,6.0,260222.0,241.0,260222.0,241.0,16501.0,15.0,16501.0,15.0,79657.0,74.0,79657.0,74.0,6853881.0,6358.0,6853881.0,6358.0,5027.0,5.0,5027.0,5.0,0.0,0.0,0.0,0.0,962485.0,893.0,962485.0,893.0,338162.0,314.0,338162.0,314.0,601753.0,558.0,601753.0,558.0,0.0,0.0,0.0,0.0,0.0,0.0,0.0,0.0,0.0,0.0,0.0,0.0,0.0,0.0,0.0,0.0,0.0,0.0,0.0,0.0,0.0,0.0,0.0,0.0,0.0,0.0,0.0,0.0
2025-26,budget filed with TEA (PEIMS),101912220,PleasantvilleEl,181,2302585.0,12721.0,2302585.0,12721.0,1989899.0,10994.0,1989899.0,10994.0,309470.0,1710.0,309470.0,1710.0,3216.0,18.0,3216.0,18.0,2299369.0,12704.0,2299369.0,12704.0,1444413.0,7980.0,1444413.0,7980.0,1684.0,9.0,1684.0,9.0,11783.0,65.0,11783.0,65.0,78826.0,436.0,78826.0,436.0,464527.0,2566.0,464527.0,2566.0,115025.0,635.0,115025.0,635.0,642.0,4.0,642.0,4.0,92394.0,510.0,92394.0,510.0,0.0,0.0,0.0,0.0,500.0,3.0,500.0,3.0,84975.0,469.0,84975.0,469.0,4600.0,25.0,4600.0,25.0,0.0,0.0,0.0,0.0,1398812.0,7728.0,1398812.0,7728.0,322.0,2.0,322.0,2.0,0.0,0.0,0.0,0.0,585701.0,3236.0,585701.0,3236.0,7007.0,39.0,7007.0,39.0,172824.0,955.0,172824.0,955.0,0.0,0.0,0.0,0.0,0.0,0.0,0.0,0.0,0.0,0.0,0.0,0.0,0.0,0.0,0.0,0.0,0.0,0.0,0.0,0.0,0.0,0.0,0.0,0.0,0.0,0.0,0.0,0.0
2025-26,budget filed with TEA (PEIMS),101912221,Poe El,682,5535174.0,8116.0,5535174.0,8116.0,5139254.0,7536.0,5139254.0,7536.0,386124.0,566.0,386124.0,566.0,9796.0,14.0,9796.0,14.0,5525378.0,8102.0,5525378.0,8102.0,4169762.0,6114.0,4169762.0,6114.0,83836.0,123.0,83836.0,123.0,45612.0,67.0,45612.0,67.0,232365.0,341.0,232365.0,341.0,586550.0,860.0,586550.0,860.0,131506.0,193.0,131506.0,193.0,3075.0,5.0,3075.0,5.0,86500.0,127.0,86500.0,127.0,0.0,0.0,0.0,0.0,11400.0,17.0,11400.0,17.0,168772.0,247.0,168772.0,247.0,5000.0,7.0,5000.0,7.0,1000.0,1.0,1000.0,1.0,3910078.0,5733.0,3910078.0,5733.0,15372.0,23.0,15372.0,23.0,0.0,0.0,0.0,0.0,663830.0,973.0,663830.0,973.0,244454.0,358.0,244454.0,358.0,220107.0,323.0,220107.0,323.0,0.0,0.0,0.0,0.0,0.0,0.0,0.0,0.0,0.0,0.0,0.0,0.0,0.0,0.0,0.0,0.0,0.0,0.0,0.0,0.0,0.0,0.0,0.0,0.0,0.0,0.0,0.0,0.0
2025-26,budget filed with TEA (PEIMS),101912222,Port Houston El,254,3543070.0,13949.0,3543070.0,13949.0,3230285.0,12718.0,3230285.0,12718.0,310266.0,1222.0,310266.0,1222.0,2519.0,10.0,2519.0,10.0,3540551.0,13939.0,3540551.0,13939.0,2573905.0,10133.0,2573905.0,10133.0,3248.0,13.0,3248.0,13.0,28121.0,111.0,28121.0,111.0,162996.0,642.0,162996.0,642.0,510315.0,2009.0,510315.0,2009.0,113808.0,448.0,113808.0,448.0,1385.0,5.0,1385.0,5.0,67625.0,266.0,67625.0,266.0,0.0,0.0,0.0,0.0,14410.0,57.0,14410.0,57.0,64229.0,253.0,64229.0,253.0,509.0,2.0,509.0,2.0,0.0,0.0,0.0,0.0,1871179.0,7367.0,1871179.0,7367.0,0.0,0.0,0.0,0.0,0.0,0.0,0.0,0.0,1124048.0,4425.0,1124048.0,4425.0,6600.0,26.0,6600.0,26.0,381545.0,1502.0,381545.0,1502.0,0.0,0.0,0.0,0.0,0.0,0.0,0.0,0.0,0.0,0.0,0.0,0.0,0.0,0.0,0.0,0.0,0.0,0.0,0.0,0.0,0.0,0.0,0.0,0.0,0.0,0.0,0.0,0.0
2025-26,budget filed with TEA (PEIMS),101912071,Project Chrysalis Middle,258,3151073.0,12213.0,3151073.0,12213.0,2989365.0,11587.0,2989365.0,11587.0,157516.0,611.0,157516.0,611.0,4192.0,16.0,4192.0,16.0,3146881.0,12197.0,3146881.0,12197.0,1997101.0,7741.0,1997101.0,7741.0,2165.0,8.0,2165.0,8.0,11359.0,44.0,11359.0,44.0,87744.0,340.0,87744.0,340.0,801302.0,3106.0,801302.0,3106.0,131683.0,510.0,131683.0,510.0,705.0,3.0,705.0,3.0,93832.0,364.0,93832.0,364.0,0.0,0.0,0.0,0.0,16575.0,64.0,16575.0,64.0,4415.0,17.0,4415.0,17.0,0.0,0.0,0.0,0.0,0.0,0.0,0.0,0.0,2619197.0,10152.0,2619197.0,10152.0,0.0,0.0,0.0,0.0,0.0,0.0,0.0,0.0,436677.0,1693.0,436677.0,1693.0,0.0,0.0,0.0,0.0,0.0,0.0,0.0,0.0,0.0,0.0,0.0,0.0,0.0,0.0,0.0,0.0,0.0,0.0,0.0,0.0,0.0,0.0,0.0,0.0,0.0,0.0,0.0,0.0,0.0,0.0,0.0,0.0,0.0,0.0,0.0,0.0
2025-26,budget filed with TEA (PEIMS),101912223,Pugh El,248,3670913.0,14802.0,3670913.0,14802.0,3362387.0,13558.0,3362387.0,13558.0,306542.0,1236.0,306542.0,1236.0,1984.0,8.0,1984.0,8.0,3668929.0,14794.0,3668929.0,14794.0,2687973.0,10839.0,2687973.0,10839.0,2766.0,11.0,2766.0,11.0,18764.0,76.0,18764.0,76.0,132527.0,534.0,132527.0,534.0,497798.0,2007.0,497798.0,2007.0,141239.0,570.0,141239.0,570.0,1126.0,5.0,1126.0,5.0,97088.0,391.0,97088.0,391.0,0.0,0.0,0.0,0.0,13640.0,55.0,13640.0,55.0,76008.0,306.0,76008.0,306.0,0.0,0.0,0.0,0.0,0.0,0.0,0.0,0.0,2288612.0,9228.0,2288612.0,9228.0,0.0,0.0,0.0,0.0,0.0,0.0,0.0,0.0,878675.0,3543.0,878675.0,3543.0,6600.0,27.0,6600.0,27.0,335377.0,1352.0,335377.0,1352.0,0.0,0.0,0.0,0.0,0.0,0.0,0.0,0.0,0.0,0.0,0.0,0.0,0.0,0.0,0.0,0.0,0.0,0.0,0.0,0.0,0.0,0.0,0.0,0.0,0.0,0.0,0.0,0.0
2025-26,budget filed with TEA (PEIMS),101912396,Ray Daily El,826,6666118.0,8070.0,6666118.0,8070.0,5857796.0,7092.0,5857796.0,7092.0,796833.0,965.0,796833.0,965.0,11489.0,14.0,11489.0,14.0,6654629.0,8056.0,6654629.0,8056.0,4871221.0,5897.0,4871221.0,5897.0,96744.0,117.0,96744.0,117.0,52887.0,64.0,52887.0,64.0,271468.0,329.0,271468.0,329.0,925695.0,1121.0,925695.0,1121.0,142997.0,173.0,142997.0,173.0,4035.0,5.0,4035.0,5.0,89271.0,108.0,89271.0,108.0,0.0,0.0,0.0,0.0,1300.0,2.0,1300.0,2.0,199011.0,241.0,199011.0,241.0,0.0,0.0,0.0,0.0,0.0,0.0,0.0,0.0,4349167.0,5265.0,4349167.0,5265.0,6892.0,8.0,6892.0,8.0,0.0,0.0,0.0,0.0,794755.0,962.0,794755.0,962.0,208293.0,252.0,208293.0,252.0,509384.0,617.0,509384.0,617.0,0.0,0.0,0.0,0.0,0.0,0.0,0.0,0.0,0.0,0.0,0.0,0.0,0.0,0.0,0.0,0.0,0.0,0.0,0.0,0.0,0.0,0.0,0.0,0.0,0.0,0.0,0.0,0.0
2025-26,budget filed with TEA (PEIMS),101912382,Reagan K-8 Educational Ctr,636,7782987.0,12237.0,7782987.0,12237.0,6899326.0,10848.0,6899326.0,10848.0,873088.0,1373.0,873088.0,1373.0,10573.0,17.0,10573.0,17.0,7772414.0,12221.0,7772414.0,12221.0,5500301.0,8648.0,5500301.0,8648.0,6360.0,10.0,6360.0,10.0,41374.0,65.0,41374.0,65.0,257825.0,405.0,257825.0,405.0,1112136.0,1749.0,1112136.0,1749.0,274277.0,431.0,274277.0,431.0,2732.0,4.0,2732.0,4.0,106061.0,167.0,106061.0,167.0,0.0,0.0,0.0,0.0,103826.0,163.0,103826.0,163.0,365138.0,574.0,365138.0,574.0,2384.0,4.0,2384.0,4.0,0.0,0.0,0.0,0.0,5252718.0,8259.0,5252718.0,8259.0,0.0,0.0,0.0,0.0,0.0,0.0,0.0,0.0,1531026.0,2407.0,1531026.0,2407.0,301282.0,474.0,301282.0,474.0,0.0,0.0,0.0,0.0,0.0,0.0,0.0,0.0,0.0,0.0,0.0,0.0,0.0,0.0,0.0,0.0,0.0,0.0,0.0,0.0,0.0,0.0,0.0,0.0,0.0,0.0,0.0,0.0,0.0,0.0,0.0,0.0
2025-26,budget filed with TEA (PEIMS),101912224,Red El,501,4778270.0,9537.0,4778270.0,9537.0,4295377.0,8574.0,4295377.0,8574.0,451496.0,901.0,451496.0,901.0,31397.0,63.0,31397.0,63.0,4746873.0,9475.0,4746873.0,9475.0,3458393.0,6903.0,3458393.0,6903.0,5462.0,11.0,5462.0,11.0,36195.0,72.0,36195.0,72.0,214643.0,428.0,214643.0,428.0,667809.0,1333.0,667809.0,1333.0,163974.0,327.0,163974.0,327.0,3279.0,7.0,3279.0,7.0,100883.0,201.0,100883.0,201.0,0.0,0.0,0.0,0.0,4050.0,8.0,4050.0,8.0,90235.0,180.0,90235.0,180.0,1950.0,4.0,1950.0,4.0,0.0,0.0,0.0,0.0,2635195.0,5260.0,2635195.0,5260.0,3739.0,7.0,3739.0,7.0,0.0,0.0,0.0,0.0,1298954.0,2593.0,1298954.0,2593.0,183291.0,366.0,183291.0,366.0,196912.0,393.0,196912.0,393.0,0.0,0.0,0.0,0.0,0.0,0.0,0.0,0.0,0.0,0.0,0.0,0.0,0.0,0.0,0.0,0.0,0.0,0.0,0.0,0.0,0.0,0.0,0.0,0.0,0.0,0.0,0.0,0.0
2025-26,budget filed with TEA (PEIMS),101912060,Revere Middle,866,10844273.0,12522.0,10844273.0,12522.0,9582651.0,11065.0,9582651.0,11065.0,1251348.0,1445.0,1251348.0,1445.0,10274.0,12.0,10274.0,12.0,10833999.0,12510.0,10833999.0,12510.0,8023569.0,9265.0,8023569.0,9265.0,7459.0,9.0,7459.0,9.0,37273.0,43.0,37273.0,43.0,327456.0,378.0,327456.0,378.0,1321600.0,1526.0,1321600.0,1526.0,438105.0,506.0,438105.0,506.0,2894.0,3.0,2894.0,3.0,119061.0,137.0,119061.0,137.0,0.0,0.0,0.0,0.0,189747.0,219.0,189747.0,219.0,364635.0,421.0,364635.0,421.0,2200.0,3.0,2200.0,3.0,0.0,0.0,0.0,0.0,7773651.0,8977.0,7773651.0,8977.0,0.0,0.0,0.0,0.0,0.0,0.0,0.0,0.0,2063456.0,2383.0,2063456.0,2383.0,362279.0,418.0,362279.0,418.0,0.0,0.0,0.0,0.0,0.0,0.0,0.0,0.0,0.0,0.0,0.0,0.0,0.0,0.0,0.0,0.0,0.0,0.0,0.0,0.0,0.0,0.0,0.0,0.0,0.0,0.0,0.0,0.0,0.0,0.0,0.0,0.0
2025-26,budget filed with TEA (PEIMS),101912225,Reynolds El,325,4002142.0,12314.0,4034297.0,12413.0,3521446.0,10835.0,3553601.0,10934.0,455503.0,1402.0,455503.0,1402.0,25193.0,78.0,25193.0,78.0,3976949.0,12237.0,4009104.0,12336.0,2781794.0,8559.0,2781794.0,8559.0,3488.0,11.0,3488.0,11.0,27037.0,83.0,27037.0,83.0,177140.0,545.0,177140.0,545.0,518526.0,1595.0,518526.0,1595.0,161030.0,495.0,161030.0,495.0,1646.0,5.0,1646.0,5.0,93061.0,286.0,93061.0,286.0,0.0,0.0,32155.0,99.0,16170.0,50.0,16170.0,50.0,197057.0,606.0,197057.0,606.0,0.0,0.0,0.0,0.0,0.0,0.0,0.0,0.0,1880277.0,5785.0,1880277.0,5785.0,0.0,0.0,0.0,0.0,0.0,0.0,0.0,0.0,1440302.0,4432.0,1440302.0,4432.0,6600.0,20.0,6600.0,20.0,366526.0,1128.0,366526.0,1128.0,0.0,0.0,0.0,0.0,0.0,0.0,0.0,0.0,0.0,0.0,0.0,0.0,0.0,0.0,0.0,0.0,0.0,0.0,0.0,0.0,0.0,0.0,0.0,0.0,0.0,0.0,0.0,0.0
2025-26,budget filed with TEA (PEIMS),101912080,Rice Sch /La Escuela Rice,1059,8844146.0,8351.0,8844146.0,8351.0,8177742.0,7722.0,8177742.0,7722.0,651638.0,615.0,651638.0,615.0,14766.0,14.0,14766.0,14.0,8829380.0,8337.0,8829380.0,8337.0,6695738.0,6323.0,6695738.0,6323.0,104386.0,99.0,104386.0,99.0,150125.0,142.0,150125.0,142.0,347989.0,329.0,347989.0,329.0,939655.0,887.0,939655.0,887.0,115893.0,109.0,115893.0,109.0,3520.0,3.0,3520.0,3.0,81534.0,77.0,81534.0,77.0,0.0,0.0,0.0,0.0,97565.0,92.0,97565.0,92.0,221065.0,209.0,221065.0,209.0,7701.0,7.0,7701.0,7.0,64209.0,61.0,64209.0,61.0,6696859.0,6324.0,6696859.0,6324.0,16722.0,16.0,16722.0,16.0,0.0,0.0,0.0,0.0,1324726.0,1251.0,1324726.0,1251.0,110051.0,104.0,110051.0,104.0,0.0,0.0,0.0,0.0,0.0,0.0,0.0,0.0,0.0,0.0,0.0,0.0,0.0,0.0,0.0,0.0,0.0,0.0,0.0,0.0,0.0,0.0,0.0,0.0,0.0,0.0,0.0,0.0,0.0,0.0,0.0,0.0
2025-26,budget filed with TEA (PEIMS),101912228,River Oaks El,732,6098583.0,8331.0,6098583.0,8331.0,5410854.0,7392.0,5410854.0,7392.0,657318.0,898.0,657318.0,898.0,30411.0,42.0,30411.0,42.0,6068172.0,8290.0,6068172.0,8290.0,4380723.0,5985.0,4380723.0,5985.0,84998.0,116.0,84998.0,116.0,163396.0,223.0,163396.0,223.0,223997.0,306.0,223997.0,306.0,752505.0,1028.0,752505.0,1028.0,99237.0,136.0,99237.0,136.0,71124.0,97.0,71124.0,97.0,106727.0,146.0,106727.0,146.0,0.0,0.0,0.0,0.0,5650.0,8.0,5650.0,8.0,172065.0,235.0,172065.0,235.0,6750.0,9.0,6750.0,9.0,1000.0,1.0,1000.0,1.0,4256739.0,5815.0,4256739.0,5815.0,278035.0,380.0,278035.0,380.0,0.0,0.0,0.0,0.0,819607.0,1120.0,819607.0,1120.0,339706.0,464.0,339706.0,464.0,0.0,0.0,0.0,0.0,0.0,0.0,0.0,0.0,0.0,0.0,0.0,0.0,0.0,0.0,0.0,0.0,139611.0,191.0,139611.0,191.0,0.0,0.0,0.0,0.0,0.0,0.0,0.0,0.0,0.0,0.0,0.0,0.0
2025-26,budget filed with TEA (PEIMS),101912229,Roberts El,737,5533223.0,7508.0,5533223.0,7508.0,4985937.0,6765.0,4985937.0,6765.0,534973.0,726.0,534973.0,726.0,12313.0,17.0,12313.0,17.0,5520910.0,7491.0,5520910.0,7491.0,4142298.0,5620.0,4142298.0,5620.0,97927.0,133.0,97927.0,133.0,39595.0,54.0,39595.0,54.0,213962.0,290.0,213962.0,290.0,653339.0,886.0,653339.0,886.0,159102.0,216.0,159102.0,216.0,1803.0,2.0,1803.0,2.0,68250.0,93.0,68250.0,93.0,0.0,0.0,0.0,0.0,0.0,0.0,0.0,0.0,144634.0,196.0,144634.0,196.0,0.0,0.0,0.0,0.0,0.0,0.0,0.0,0.0,4229845.0,5739.0,4229845.0,5739.0,22351.0,30.0,22351.0,30.0,0.0,0.0,0.0,0.0,812190.0,1102.0,812190.0,1102.0,20900.0,28.0,20900.0,28.0,0.0,0.0,0.0,0.0,0.0,0.0,0.0,0.0,0.0,0.0,0.0,0.0,0.0,0.0,0.0,0.0,143256.0,194.0,143256.0,194.0,0.0,0.0,0.0,0.0,0.0,0.0,0.0,0.0,0.0,0.0,0.0,0.0
2025-26,budget filed with TEA (PEIMS),101912186,Robinson El,356,4166699.0,11704.0,4166699.0,11704.0,3721903.0,10455.0,3721903.0,10455.0,443017.0,1244.0,443017.0,1244.0,1779.0,5.0,1779.0,5.0,4164920.0,11699.0,4164920.0,11699.0,3022079.0,8489.0,3022079.0,8489.0,3489.0,10.0,3489.0,10.0,28278.0,79.0,28278.0,79.0,160495.0,451.0,160495.0,451.0,526258.0,1478.0,526258.0,1478.0,143167.0,402.0,143167.0,402.0,1186.0,3.0,1186.0,3.0,97017.0,273.0,97017.0,273.0,0.0,0.0,0.0,0.0,19195.0,54.0,19195.0,54.0,163756.0,460.0,163756.0,460.0,0.0,0.0,0.0,0.0,0.0,0.0,0.0,0.0,2846850.0,7997.0,2846850.0,7997.0,0.0,0.0,0.0,0.0,0.0,0.0,0.0,0.0,572326.0,1608.0,572326.0,1608.0,8100.0,23.0,8100.0,23.0,484676.0,1361.0,484676.0,1361.0,0.0,0.0,0.0,0.0,0.0,0.0,0.0,0.0,0.0,0.0,0.0,0.0,0.0,0.0,0.0,0.0,0.0,0.0,0.0,0.0,0.0,0.0,0.0,0.0,0.0,0.0,0.0,0.0
2025-26,budget filed with TEA (PEIMS),101912113,Roderick R Paige El,363,4537860.0,12501.0,4537860.0,12501.0,4013674.0,11057.0,4013674.0,11057.0,519146.0,1430.0,519146.0,1430.0,5040.0,14.0,5040.0,14.0,4532820.0,12487.0,4532820.0,12487.0,3329053.0,9171.0,3329053.0,9171.0,3850.0,11.0,3850.0,11.0,29239.0,81.0,29239.0,81.0,179127.0,493.0,179127.0,493.0,519824.0,1432.0,519824.0,1432.0,153814.0,424.0,153814.0,424.0,1479.0,4.0,1479.0,4.0,70754.0,195.0,70754.0,195.0,0.0,0.0,0.0,0.0,19690.0,54.0,19690.0,54.0,219101.0,604.0,219101.0,604.0,4044.0,11.0,4044.0,11.0,2845.0,8.0,2845.0,8.0,2790933.0,7689.0,2790933.0,7689.0,0.0,0.0,0.0,0.0,0.0,0.0,0.0,0.0,1086527.0,2993.0,1086527.0,2993.0,8700.0,24.0,8700.0,24.0,322949.0,890.0,322949.0,890.0,0.0,0.0,0.0,0.0,0.0,0.0,0.0,0.0,0.0,0.0,0.0,0.0,0.0,0.0,0.0,0.0,0.0,0.0,0.0,0.0,0.0,0.0,0.0,0.0,0.0,0.0,0.0,0.0
2025-26,budget filed with TEA (PEIMS),101912372,Rodriguez El,850,6763676.0,7957.0,6763676.0,7957.0,6129877.0,7212.0,6129877.0,7212.0,621555.0,731.0,621555.0,731.0,12244.0,14.0,12244.0,14.0,6751432.0,7943.0,6751432.0,7943.0,4916322.0,5784.0,4916322.0,5784.0,12444.0,15.0,12444.0,15.0,48826.0,57.0,48826.0,57.0,288337.0,339.0,288337.0,339.0,981627.0,1155.0,981627.0,1155.0,154524.0,182.0,154524.0,182.0,2969.0,3.0,2969.0,3.0,73132.0,86.0,73132.0,86.0,0.0,0.0,0.0,0.0,0.0,0.0,0.0,0.0,237896.0,280.0,237896.0,280.0,0.0,0.0,0.0,0.0,35355.0,42.0,35355.0,42.0,4334642.0,5100.0,4334642.0,5100.0,2692.0,3.0,2692.0,3.0,0.0,0.0,0.0,0.0,1014144.0,1193.0,1014144.0,1193.0,270021.0,318.0,270021.0,318.0,289236.0,340.0,289236.0,340.0,0.0,0.0,0.0,0.0,0.0,0.0,0.0,0.0,0.0,0.0,0.0,0.0,213472.0,251.0,213472.0,251.0,0.0,0.0,0.0,0.0,0.0,0.0,0.0,0.0,0.0,0.0,0.0,0.0
2025-26,budget filed with TEA (PEIMS),101912231,RooseveltEl,379,3452723.0,9110.0,3452723.0,9110.0,3137137.0,8277.0,3137137.0,8277.0,301934.0,797.0,301934.0,797.0,13652.0,36.0,13652.0,36.0,3439071.0,9074.0,3439071.0,9074.0,2448793.0,6461.0,2448793.0,6461.0,4255.0,11.0,4255.0,11.0,20450.0,54.0,20450.0,54.0,138864.0,366.0,138864.0,366.0,514997.0,1359.0,514997.0,1359.0,46394.0,122.0,46394.0,122.0,2435.0,6.0,2435.0,6.0,99416.0,262.0,99416.0,262.0,0.0,0.0,0.0,0.0,1000.0,3.0,1000.0,3.0,122029.0,322.0,122029.0,322.0,1038.0,3.0,1038.0,3.0,1500.0,4.0,1500.0,4.0,2045005.0,5396.0,2045005.0,5396.0,3060.0,8.0,3060.0,8.0,0.0,0.0,0.0,0.0,526689.0,1390.0,526689.0,1390.0,36704.0,97.0,36704.0,97.0,363460.0,959.0,363460.0,959.0,0.0,0.0,0.0,0.0,0.0,0.0,0.0,0.0,0.0,0.0,0.0,0.0,0.0,0.0,0.0,0.0,0.0,0.0,0.0,0.0,0.0,0.0,0.0,0.0,0.0,0.0,0.0,0.0
2025-26,budget filed with TEA (PEIMS),101912232,RossEl,253,3720913.0,14707.0,3720913.0,14707.0,3398701.0,13434.0,3398701.0,13434.0,318228.0,1258.0,318228.0,1258.0,3984.0,16.0,3984.0,16.0,3716929.0,14691.0,3716929.0,14691.0,2773201.0,10961.0,2773201.0,10961.0,3007.0,12.0,3007.0,12.0,21349.0,84.0,21349.0,84.0,145031.0,573.0,145031.0,573.0,474045.0,1874.0,474045.0,1874.0,143812.0,568.0,143812.0,568.0,1256.0,5.0,1256.0,5.0,66882.0,264.0,66882.0,264.0,0.0,0.0,0.0,0.0,9170.0,36.0,9170.0,36.0,79176.0,313.0,79176.0,313.0,0.0,0.0,0.0,0.0,0.0,0.0,0.0,0.0,2235765.0,8837.0,2235765.0,8837.0,0.0,0.0,0.0,0.0,0.0,0.0,0.0,0.0,982794.0,3885.0,982794.0,3885.0,70252.0,278.0,70252.0,278.0,261064.0,1032.0,261064.0,1032.0,0.0,0.0,0.0,0.0,0.0,0.0,0.0,0.0,0.0,0.0,0.0,0.0,0.0,0.0,0.0,0.0,0.0,0.0,0.0,0.0,0.0,0.0,0.0,0.0,0.0,0.0,0.0,0.0
2025-26,budget filed with TEA (PEIMS),101912233,Rucker El,382,4995611.0,13078.0,4995611.0,13078.0,4483133.0,11736.0,4483133.0,11736.0,504569.0,1321.0,504569.0,1321.0,7909.0,21.0,7909.0,21.0,4987702.0,13057.0,4987702.0,13057.0,3639462.0,9527.0,3639462.0,9527.0,4330.0,11.0,4330.0,11.0,38100.0,100.0,38100.0,100.0,216679.0,567.0,216679.0,567.0,641587.0,1680.0,641587.0,1680.0,171477.0,449.0,171477.0,449.0,1869.0,5.0,1869.0,5.0,103657.0,271.0,103657.0,271.0,0.0,0.0,0.0,0.0,14315.0,37.0,14315.0,37.0,156226.0,409.0,156226.0,409.0,0.0,0.0,0.0,0.0,0.0,0.0,0.0,0.0,2855895.0,7476.0,2855895.0,7476.0,0.0,0.0,0.0,0.0,0.0,0.0,0.0,0.0,1427173.0,3736.0,1427173.0,3736.0,4900.0,13.0,4900.0,13.0,459176.0,1202.0,459176.0,1202.0,0.0,0.0,0.0,0.0,0.0,0.0,0.0,0.0,0.0,0.0,0.0,0.0,0.0,0.0,0.0,0.0,0.0,0.0,0.0,0.0,0.0,0.0,0.0,0.0,0.0,0.0,0.0,0.0
2025-26,budget filed with TEA (PEIMS),101912281,Sanchez El,307,4447312.0,14486.0,4447312.0,14486.0,4033927.0,13140.0,4033927.0,13140.0,410092.0,1336.0,410092.0,1336.0,3293.0,11.0,3293.0,11.0,4444019.0,14476.0,4444019.0,14476.0,3329766.0,10846.0,3329766.0,10846.0,4361.0,14.0,4361.0,14.0,23317.0,76.0,23317.0,76.0,187524.0,611.0,187524.0,611.0,534749.0,1742.0,534749.0,1742.0,169550.0,552.0,169550.0,552.0,2361.0,8.0,2361.0,8.0,71565.0,233.0,71565.0,233.0,0.0,0.0,0.0,0.0,17985.0,59.0,17985.0,59.0,102819.0,335.0,102819.0,335.0,22.0,0.0,22.0,0.0,0.0,0.0,0.0,0.0,2426764.0,7905.0,2426764.0,7905.0,0.0,0.0,0.0,0.0,0.0,0.0,0.0,0.0,1448188.0,4717.0,1448188.0,4717.0,76360.0,249.0,76360.0,249.0,199145.0,649.0,199145.0,649.0,0.0,0.0,0.0,0.0,0.0,0.0,0.0,0.0,0.0,0.0,0.0,0.0,0.0,0.0,0.0,0.0,0.0,0.0,0.0,0.0,0.0,0.0,0.0,0.0,0.0,0.0,0.0,0.0
2025-26,budget filed with TEA (PEIMS),101912237,Scarborough El,797,7217620.0,9056.0,7217620.0,9056.0,5910594.0,7416.0,5910594.0,7416.0,1295691.0,1626.0,1295691.0,1626.0,11335.0,14.0,11335.0,14.0,7206285.0,9042.0,7206285.0,9042.0,5287226.0,6634.0,5287226.0,6634.0,91932.0,115.0,91932.0,115.0,40921.0,51.0,40921.0,51.0,259306.0,325.0,259306.0,325.0,1052908.0,1321.0,1052908.0,1321.0,205741.0,258.0,205741.0,258.0,4729.0,6.0,4729.0,6.0,115147.0,144.0,115147.0,144.0,0.0,0.0,0.0,0.0,15000.0,19.0,15000.0,19.0,93375.0,117.0,93375.0,117.0,40000.0,50.0,40000.0,50.0,0.0,0.0,0.0,0.0,4824087.0,6053.0,4824087.0,6053.0,2818.0,4.0,2818.0,4.0,0.0,0.0,0.0,0.0,878442.0,1102.0,878442.0,1102.0,199918.0,251.0,199918.0,251.0,337797.0,424.0,337797.0,424.0,0.0,0.0,0.0,0.0,0.0,0.0,0.0,0.0,0.0,0.0,0.0,0.0,37205.0,47.0,37205.0,47.0,0.0,0.0,0.0,0.0,0.0,0.0,0.0,0.0,0.0,0.0,0.0,0.0
2025-26,budget filed with TEA (PEIMS),101912024,Scarborough H S,588,10900649.0,18539.0,10900649.0,18539.0,9860197.0,16769.0,9860197.0,16769.0,1015443.0,1727.0,1015443.0,1727.0,25009.0,43.0,25009.0,43.0,10875640.0,18496.0,10875640.0,18496.0,7248639.0,12328.0,7248639.0,12328.0,7046.0,12.0,7046.0,12.0,34061.0,58.0,34061.0,58.0,877256.0,1492.0,877256.0,1492.0,1275758.0,2170.0,1275758.0,2170.0,516416.0,878.0,516416.0,878.0,2720.0,5.0,2720.0,5.0,115771.0,197.0,115771.0,197.0,0.0,0.0,0.0,0.0,520150.0,885.0,520150.0,885.0,273022.0,464.0,273022.0,464.0,4801.0,8.0,4801.0,8.0,0.0,0.0,0.0,0.0,6180785.0,10512.0,6180785.0,10512.0,0.0,0.0,0.0,0.0,875446.0,1489.0,875446.0,1489.0,2183996.0,3714.0,2183996.0,3714.0,0.0,0.0,0.0,0.0,0.0,0.0,0.0,0.0,0.0,0.0,0.0,0.0,767423.0,1305.0,767423.0,1305.0,0.0,0.0,0.0,0.0,0.0,0.0,0.0,0.0,0.0,0.0,0.0,0.0,0.0,0.0,0.0,0.0,0.0,0.0,0.0,0.0
2025-26,budget filed with TEA (PEIMS),101912353,School At St George Place,710,6140000.0,8648.0,6140000.0,8648.0,5418393.0,7632.0,5418393.0,7632.0,710654.0,1001.0,710654.0,1001.0,10953.0,15.0,10953.0,15.0,6129047.0,8632.0,6129047.0,8632.0,4622154.0,6510.0,4622154.0,6510.0,6784.0,10.0,6784.0,10.0,134624.0,190.0,134624.0,190.0,244415.0,344.0,244415.0,344.0,630431.0,888.0,630431.0,888.0,184318.0,260.0,184318.0,260.0,3385.0,5.0,3385.0,5.0,110678.0,156.0,110678.0,156.0,0.0,0.0,0.0,0.0,0.0,0.0,0.0,0.0,192258.0,271.0,192258.0,271.0,0.0,0.0,0.0,0.0,0.0,0.0,0.0,0.0,3965333.0,5585.0,3965333.0,5585.0,46258.0,65.0,46258.0,65.0,0.0,0.0,0.0,0.0,952270.0,1341.0,952270.0,1341.0,44247.0,62.0,44247.0,62.0,278758.0,393.0,278758.0,393.0,0.0,0.0,0.0,0.0,0.0,0.0,0.0,0.0,0.0,0.0,0.0,0.0,123692.0,174.0,123692.0,174.0,0.0,0.0,0.0,0.0,0.0,0.0,0.0,0.0,0.0,0.0,0.0,0.0
2025-26,budget filed with TEA (PEIMS),101912269,Scroggins El,253,3811663.0,15066.0,3811663.0,15066.0,3460424.0,13678.0,3460424.0,13678.0,348769.0,1379.0,348769.0,1379.0,2470.0,10.0,2470.0,10.0,3809193.0,15056.0,3809193.0,15056.0,2789070.0,11024.0,2789070.0,11024.0,3118.0,12.0,3118.0,12.0,20357.0,80.0,20357.0,80.0,152469.0,603.0,152469.0,603.0,502478.0,1986.0,502478.0,1986.0,150961.0,597.0,150961.0,597.0,1346.0,5.0,1346.0,5.0,90278.0,357.0,90278.0,357.0,0.0,0.0,0.0,0.0,15070.0,60.0,15070.0,60.0,84046.0,332.0,84046.0,332.0,0.0,0.0,0.0,0.0,0.0,0.0,0.0,0.0,2189582.0,8654.0,2189582.0,8654.0,0.0,0.0,0.0,0.0,0.0,0.0,0.0,0.0,1130452.0,4468.0,1130452.0,4468.0,6300.0,25.0,6300.0,25.0,305712.0,1208.0,305712.0,1208.0,0.0,0.0,0.0,0.0,0.0,0.0,0.0,0.0,0.0,0.0,0.0,0.0,0.0,0.0,0.0,0.0,0.0,0.0,0.0,0.0,0.0,0.0,0.0,0.0,0.0,0.0,0.0,0.0
2025-26,budget filed with TEA (PEIMS),101912402,Secondary Daep,81,4456135.0,55014.0,4456135.0,55014.0,3772929.0,46579.0,3772929.0,46579.0,445094.0,5495.0,445094.0,5495.0,238112.0,2940.0,238112.0,2940.0,4218023.0,52074.0,4218023.0,52074.0,2581345.0,31868.0,2581345.0,31868.0,2956.0,36.0,2956.0,36.0,32994.0,407.0,32994.0,407.0,124287.0,1534.0,124287.0,1534.0,1066201.0,13163.0,1066201.0,13163.0,313270.0,3868.0,313270.0,3868.0,1045.0,13.0,1045.0,13.0,34420.0,425.0,34420.0,425.0,0.0,0.0,0.0,0.0,0.0,0.0,0.0,0.0,32488.0,401.0,32488.0,401.0,0.0,0.0,0.0,0.0,26017.0,321.0,26017.0,321.0,0.0,0.0,0.0,0.0,0.0,0.0,0.0,0.0,0.0,0.0,0.0,0.0,564956.0,6975.0,564956.0,6975.0,0.0,0.0,0.0,0.0,0.0,0.0,0.0,0.0,0.0,0.0,0.0,0.0,0.0,0.0,0.0,0.0,0.0,0.0,0.0,0.0,0.0,0.0,0.0,0.0,0.0,0.0,0.0,0.0,3591562.0,44340.0,3591562.0,44340.0,0.0,0.0,0.0,0.0
2025-26,budget filed with TEA (PEIMS),101912373,Seguin El,372,4717908.0,12683.0,4717908.0,12683.0,4252928.0,11433.0,4252928.0,11433.0,462290.0,1243.0,462290.0,1243.0,2690.0,7.0,2690.0,7.0,4715218.0,12675.0,4715218.0,12675.0,3462739.0,9308.0,3462739.0,9308.0,3850.0,10.0,3850.0,10.0,28815.0,77.0,28815.0,77.0,182675.0,491.0,182675.0,491.0,646134.0,1737.0,646134.0,1737.0,122758.0,330.0,122758.0,330.0,1544.0,4.0,1544.0,4.0,102662.0,276.0,102662.0,276.0,0.0,0.0,0.0,0.0,21725.0,58.0,21725.0,58.0,142316.0,383.0,142316.0,383.0,0.0,0.0,0.0,0.0,0.0,0.0,0.0,0.0,2799803.0,7526.0,2799803.0,7526.0,0.0,0.0,0.0,0.0,0.0,0.0,0.0,0.0,1287925.0,3462.0,1287925.0,3462.0,9000.0,24.0,9000.0,24.0,376418.0,1012.0,376418.0,1012.0,0.0,0.0,0.0,0.0,0.0,0.0,0.0,0.0,0.0,0.0,0.0,0.0,0.0,0.0,0.0,0.0,0.0,0.0,0.0,0.0,0.0,0.0,0.0,0.0,0.0,0.0,0.0,0.0
2025-26,budget filed with TEA (PEIMS),101912276,Shadowbriar El,281,3472900.0,12359.0,3472900.0,12359.0,2993239.0,10652.0,2993239.0,10652.0,473420.0,1685.0,473420.0,1685.0,6241.0,22.0,6241.0,22.0,3466659.0,12337.0,3466659.0,12337.0,2410197.0,8577.0,2410197.0,8577.0,2767.0,10.0,2767.0,10.0,96932.0,345.0,96932.0,345.0,147534.0,525.0,147534.0,525.0,469364.0,1670.0,469364.0,1670.0,117829.0,419.0,117829.0,419.0,1474.0,5.0,1474.0,5.0,101045.0,360.0,101045.0,360.0,0.0,0.0,0.0,0.0,7500.0,27.0,7500.0,27.0,110517.0,393.0,110517.0,393.0,1500.0,5.0,1500.0,5.0,0.0,0.0,0.0,0.0,1558020.0,5545.0,1558020.0,5545.0,322.0,1.0,322.0,1.0,0.0,0.0,0.0,0.0,1437706.0,5116.0,1437706.0,5116.0,8008.0,28.0,8008.0,28.0,246980.0,879.0,246980.0,879.0,0.0,0.0,0.0,0.0,0.0,0.0,0.0,0.0,0.0,0.0,0.0,0.0,88468.0,315.0,88468.0,315.0,0.0,0.0,0.0,0.0,0.0,0.0,0.0,0.0,0.0,0.0,0.0,0.0
2025-26,budget filed with TEA (PEIMS),101912479,Shadydale El,564,5498659.0,9749.0,5498659.0,9749.0,4912006.0,8709.0,4912006.0,8709.0,580173.0,1029.0,580173.0,1029.0,6480.0,11.0,6480.0,11.0,5492179.0,9738.0,5492179.0,9738.0,4013436.0,7116.0,4013436.0,7116.0,5027.0,9.0,5027.0,9.0,27309.0,48.0,27309.0,48.0,226271.0,401.0,226271.0,401.0,731061.0,1296.0,731061.0,1296.0,179319.0,318.0,179319.0,318.0,2054.0,4.0,2054.0,4.0,105807.0,188.0,105807.0,188.0,0.0,0.0,0.0,0.0,30250.0,54.0,30250.0,54.0,171645.0,304.0,171645.0,304.0,0.0,0.0,0.0,0.0,0.0,0.0,0.0,0.0,3849802.0,6826.0,3849802.0,6826.0,0.0,0.0,0.0,0.0,0.0,0.0,0.0,0.0,1379403.0,2446.0,1379403.0,2446.0,10800.0,19.0,10800.0,19.0,0.0,0.0,0.0,0.0,0.0,0.0,0.0,0.0,0.0,0.0,0.0,0.0,0.0,0.0,0.0,0.0,0.0,0.0,0.0,0.0,0.0,0.0,0.0,0.0,0.0,0.0,0.0,0.0,0.0,0.0,0.0,0.0
2025-26,budget filed with TEA (PEIMS),101912023,Sharpstown H S,1310,17250590.0,13168.0,17266112.0,13180.0,15569791.0,11885.0,15585313.0,11897.0,1641517.0,1253.0,1641517.0,1253.0,39282.0,30.0,39282.0,30.0,17211308.0,13138.0,17226830.0,13150.0,11908102.0,9090.0,11908102.0,9090.0,12057.0,9.0,12057.0,9.0,74923.0,57.0,74923.0,57.0,1166394.0,890.0,1166394.0,890.0,2144689.0,1637.0,2144689.0,1637.0,745294.0,569.0,745294.0,569.0,4046.0,3.0,4046.0,3.0,122753.0,94.0,122753.0,94.0,0.0,0.0,15522.0,12.0,639959.0,489.0,639959.0,489.0,387057.0,295.0,387057.0,295.0,5284.0,4.0,5284.0,4.0,750.0,1.0,750.0,1.0,11353770.0,8667.0,11353770.0,8667.0,0.0,0.0,0.0,0.0,1822499.0,1391.0,1822499.0,1391.0,2199393.0,1679.0,2199393.0,1679.0,0.0,0.0,0.0,0.0,0.0,0.0,0.0,0.0,0.0,0.0,0.0,0.0,732579.0,559.0,732579.0,559.0,0.0,0.0,0.0,0.0,0.0,0.0,0.0,0.0,0.0,0.0,0.0,0.0,0.0,0.0,0.0,0.0,0.0,0.0,0.0,0.0
2025-26,budget filed with TEA (PEIMS),101912081,Sharpstown International School,1359,11047658.0,8129.0,11047658.0,8129.0,9729745.0,7159.0,9729745.0,7159.0,1160491.0,854.0,1160491.0,854.0,157422.0,116.0,157422.0,116.0,10890236.0,8013.0,10890236.0,8013.0,7584019.0,5581.0,7584019.0,5581.0,12617.0,9.0,12617.0,9.0,101098.0,74.0,101098.0,74.0,420778.0,310.0,420778.0,310.0,1724769.0,1269.0,1724769.0,1269.0,345410.0,254.0,345410.0,254.0,7463.0,5.0,7463.0,5.0,105423.0,78.0,105423.0,78.0,0.0,0.0,0.0,0.0,130862.0,96.0,130862.0,96.0,337256.0,248.0,337256.0,248.0,29000.0,21.0,29000.0,21.0,91541.0,67.0,91541.0,67.0,7096080.0,5222.0,7096080.0,5222.0,24939.0,18.0,24939.0,18.0,742790.0,547.0,742790.0,547.0,1150881.0,847.0,1150881.0,847.0,100591.0,74.0,100591.0,74.0,0.0,0.0,0.0,0.0,0.0,0.0,0.0,0.0,0.0,0.0,0.0,0.0,0.0,0.0,0.0,0.0,0.0,0.0,0.0,0.0,0.0,0.0,0.0,0.0,0.0,0.0,0.0,0.0,0.0,0.0,0.0,0.0
2025-26,budget filed with TEA (PEIMS),101912239,Shearn El,447,3810329.0,8524.0,3810329.0,8524.0,3547776.0,7937.0,3547776.0,7937.0,260365.0,582.0,260365.0,582.0,2188.0,5.0,2188.0,5.0,3808141.0,8519.0,3808141.0,8519.0,2660411.0,5952.0,2660411.0,5952.0,93052.0,208.0,93052.0,208.0,45541.0,102.0,45541.0,102.0,164855.0,369.0,164855.0,369.0,537521.0,1203.0,537521.0,1203.0,143586.0,321.0,143586.0,321.0,1932.0,4.0,1932.0,4.0,83751.0,187.0,83751.0,187.0,0.0,0.0,0.0,0.0,450.0,1.0,450.0,1.0,77042.0,172.0,77042.0,172.0,0.0,0.0,0.0,0.0,0.0,0.0,0.0,0.0,1937729.0,4335.0,1937729.0,4335.0,1072.0,2.0,1072.0,2.0,0.0,0.0,0.0,0.0,754917.0,1689.0,754917.0,1689.0,210385.0,471.0,210385.0,471.0,502768.0,1125.0,502768.0,1125.0,0.0,0.0,0.0,0.0,0.0,0.0,0.0,0.0,0.0,0.0,0.0,0.0,125196.0,280.0,125196.0,280.0,0.0,0.0,0.0,0.0,0.0,0.0,0.0,0.0,0.0,0.0,0.0,0.0
2025-26,budget filed with TEA (PEIMS),101912240,Sherman El,416,3956297.0,9510.0,3956297.0,9510.0,3622172.0,8707.0,3622172.0,8707.0,327834.0,788.0,327834.0,788.0,6291.0,15.0,6291.0,15.0,3950006.0,9495.0,3950006.0,9495.0,2766238.0,6650.0,2766238.0,6650.0,4331.0,10.0,4331.0,10.0,26625.0,64.0,26625.0,64.0,152756.0,367.0,152756.0,367.0,631097.0,1517.0,631097.0,1517.0,143426.0,345.0,143426.0,345.0,2586.0,6.0,2586.0,6.0,100110.0,241.0,100110.0,241.0,0.0,0.0,0.0,0.0,2000.0,5.0,2000.0,5.0,115837.0,278.0,115837.0,278.0,2500.0,6.0,2500.0,6.0,2500.0,6.0,2500.0,6.0,2234007.0,5370.0,2234007.0,5370.0,1454.0,3.0,1454.0,3.0,0.0,0.0,0.0,0.0,836228.0,2010.0,836228.0,2010.0,113343.0,272.0,113343.0,272.0,245117.0,589.0,245117.0,589.0,0.0,0.0,0.0,0.0,0.0,0.0,0.0,0.0,0.0,0.0,0.0,0.0,0.0,0.0,0.0,0.0,0.0,0.0,0.0,0.0,0.0,0.0,0.0,0.0,0.0,0.0,0.0,0.0
2025-26,budget filed with TEA (PEIMS),101912241,Sinclair El,774,6315004.0,8159.0,6315004.0,8159.0,5873032.0,7588.0,5873032.0,7588.0,420244.0,543.0,420244.0,543.0,21728.0,28.0,21728.0,28.0,6293276.0,8131.0,6293276.0,8131.0,4739061.0,6123.0,4739061.0,6123.0,86641.0,112.0,86641.0,112.0,34596.0,45.0,34596.0,45.0,261781.0,338.0,261781.0,338.0,688335.0,889.0,688335.0,889.0,149427.0,193.0,149427.0,193.0,3581.0,5.0,3581.0,5.0,103915.0,134.0,103915.0,134.0,0.0,0.0,0.0,0.0,2000.0,3.0,2000.0,3.0,125013.0,162.0,125013.0,162.0,4750.0,6.0,4750.0,6.0,68614.0,89.0,68614.0,89.0,3881009.0,5014.0,3881009.0,5014.0,14507.0,19.0,14507.0,19.0,0.0,0.0,0.0,0.0,1342265.0,1734.0,1342265.0,1734.0,81977.0,106.0,81977.0,106.0,88443.0,114.0,88443.0,114.0,0.0,0.0,0.0,0.0,0.0,0.0,0.0,0.0,0.0,0.0,0.0,0.0,29875.0,39.0,29875.0,39.0,0.0,0.0,0.0,0.0,0.0,0.0,0.0,0.0,0.0,0.0,0.0,0.0
2025-26,budget filed with TEA (PEIMS),101912242,Smith El,649,7104681.0,10947.0,7104681.0,10947.0,6385327.0,9839.0,6385327.0,9839.0,715857.0,1103.0,715857.0,1103.0,3497.0,5.0,3497.0,5.0,7101184.0,10942.0,7101184.0,10942.0,5308758.0,8180.0,5308758.0,8180.0,6017.0,9.0,6017.0,9.0,41775.0,64.0,41775.0,64.0,275067.0,424.0,275067.0,424.0,877123.0,1351.0,877123.0,1351.0,279167.0,430.0,279167.0,430.0,2184.0,3.0,2184.0,3.0,95618.0,147.0,95618.0,147.0,0.0,0.0,0.0,0.0,39820.0,61.0,39820.0,61.0,175655.0,271.0,175655.0,271.0,0.0,0.0,0.0,0.0,0.0,0.0,0.0,0.0,4787307.0,7376.0,4787307.0,7376.0,0.0,0.0,0.0,0.0,0.0,0.0,0.0,0.0,1321712.0,2037.0,1321712.0,2037.0,14400.0,22.0,14400.0,22.0,684259.0,1054.0,684259.0,1054.0,0.0,0.0,0.0,0.0,0.0,0.0,0.0,0.0,0.0,0.0,0.0,0.0,0.0,0.0,0.0,0.0,0.0,0.0,0.0,0.0,0.0,0.0,0.0,0.0,0.0,0.0,0.0,0.0
2025-26,budget filed with TEA (PEIMS),101912486,South Early College H S,525,3599952.0,6857.0,3599952.0,6857.0,3234441.0,6161.0,3234441.0,6161.0,343151.0,654.0,343151.0,654.0,22360.0,43.0,22360.0,43.0,3577592.0,6814.0,3577592.0,6814.0,2176707.0,4146.0,2176707.0,4146.0,3379.0,6.0,3379.0,6.0,98283.0,187.0,98283.0,187.0,143241.0,273.0,143241.0,273.0,835439.0,1591.0,835439.0,1591.0,145952.0,278.0,145952.0,278.0,1956.0,4.0,1956.0,4.0,85649.0,163.0,85649.0,163.0,0.0,0.0,0.0,0.0,13200.0,25.0,13200.0,25.0,5048.0,10.0,5048.0,10.0,12100.0,23.0,12100.0,23.0,52267.0,100.0,52267.0,100.0,2183960.0,4160.0,2183960.0,4160.0,8696.0,17.0,8696.0,17.0,711988.0,1356.0,711988.0,1356.0,148949.0,284.0,148949.0,284.0,9867.0,19.0,9867.0,19.0,0.0,0.0,0.0,0.0,0.0,0.0,0.0,0.0,0.0,0.0,0.0,0.0,0.0,0.0,0.0,0.0,0.0,0.0,0.0,0.0,0.0,0.0,0.0,0.0,0.0,0.0,0.0,0.0,0.0,0.0,0.0,0.0
2025-26,budget filed with TEA (PEIMS),101912244,Southmayd El,292,4527792.0,15506.0,4527792.0,15506.0,4137972.0,14171.0,4137972.0,14171.0,366562.0,1255.0,366562.0,1255.0,23258.0,80.0,23258.0,80.0,4504534.0,15426.0,4504534.0,15426.0,3403618.0,11656.0,3403618.0,11656.0,3482.0,12.0,3482.0,12.0,31105.0,107.0,31105.0,107.0,176331.0,604.0,176331.0,604.0,522903.0,1791.0,522903.0,1791.0,157076.0,538.0,157076.0,538.0,1512.0,5.0,1512.0,5.0,100700.0,345.0,100700.0,345.0,0.0,0.0,0.0,0.0,17325.0,59.0,17325.0,59.0,90482.0,310.0,90482.0,310.0,0.0,0.0,0.0,0.0,0.0,0.0,0.0,0.0,2503236.0,8573.0,2503236.0,8573.0,0.0,0.0,0.0,0.0,0.0,0.0,0.0,0.0,1228073.0,4206.0,1228073.0,4206.0,177018.0,606.0,177018.0,606.0,418383.0,1433.0,418383.0,1433.0,0.0,0.0,0.0,0.0,0.0,0.0,0.0,0.0,0.0,0.0,0.0,0.0,0.0,0.0,0.0,0.0,0.0,0.0,0.0,0.0,0.0,0.0,0.0,0.0,0.0,0.0,0.0,0.0
2025-26,budget filed with TEA (PEIMS),101912014,Sterling H S,1037,14433120.0,13918.0,14433120.0,13918.0,12988043.0,12525.0,12988043.0,12525.0,1420849.0,1370.0,1420849.0,1370.0,24228.0,23.0,24228.0,23.0,14408892.0,13895.0,14408892.0,13895.0,10225197.0,9860.0,10225197.0,9860.0,10816.0,10.0,10816.0,10.0,53906.0,52.0,53906.0,52.0,900844.0,869.0,900844.0,869.0,1511005.0,1457.0,1511005.0,1457.0,619726.0,598.0,619726.0,598.0,4241.0,4.0,4241.0,4.0,131399.0,127.0,131399.0,127.0,0.0,0.0,0.0,0.0,675101.0,651.0,675101.0,651.0,264556.0,255.0,264556.0,255.0,12101.0,12.0,12101.0,12.0,0.0,0.0,0.0,0.0,7976139.0,7692.0,7976139.0,7692.0,0.0,0.0,0.0,0.0,1913667.0,1845.0,1913667.0,1845.0,3038732.0,2930.0,3038732.0,2930.0,0.0,0.0,0.0,0.0,0.0,0.0,0.0,0.0,0.0,0.0,0.0,0.0,450565.0,434.0,450565.0,434.0,0.0,0.0,0.0,0.0,0.0,0.0,0.0,0.0,0.0,0.0,0.0,0.0,0.0,0.0,0.0,0.0,0.0,0.0,0.0,0.0
2025-26,budget filed with TEA (PEIMS),101912245,StevensEl,551,6149574.0,11161.0,6149574.0,11161.0,5583270.0,10133.0,5583270.0,10133.0,555011.0,1007.0,555011.0,1007.0,11293.0,20.0,11293.0,20.0,6138281.0,11140.0,6138281.0,11140.0,4754141.0,8628.0,4754141.0,8628.0,4933.0,9.0,4933.0,9.0,32709.0,59.0,32709.0,59.0,225717.0,410.0,225717.0,410.0,712508.0,1293.0,712508.0,1293.0,168163.0,305.0,168163.0,305.0,1830.0,3.0,1830.0,3.0,103762.0,188.0,103762.0,188.0,0.0,0.0,0.0,0.0,30360.0,55.0,30360.0,55.0,104158.0,189.0,104158.0,189.0,0.0,0.0,0.0,0.0,0.0,0.0,0.0,0.0,4231098.0,7679.0,4231098.0,7679.0,0.0,0.0,0.0,0.0,0.0,0.0,0.0,0.0,1108509.0,2012.0,1108509.0,2012.0,80749.0,147.0,80749.0,147.0,504699.0,916.0,504699.0,916.0,0.0,0.0,0.0,0.0,0.0,0.0,0.0,0.0,0.0,0.0,0.0,0.0,0.0,0.0,0.0,0.0,0.0,0.0,0.0,0.0,0.0,0.0,0.0,0.0,0.0,0.0,0.0,0.0
2025-26,budget filed with TEA (PEIMS),101912098,StevensonMiddle,988,8124663.0,8223.0,8124663.0,8223.0,7186343.0,7274.0,7186343.0,7274.0,922168.0,933.0,922168.0,933.0,16152.0,16.0,16152.0,16.0,8108511.0,8207.0,8108511.0,8207.0,5370925.0,5436.0,5370925.0,5436.0,8514.0,9.0,8514.0,9.0,114822.0,116.0,114822.0,116.0,297806.0,301.0,297806.0,301.0,1335928.0,1352.0,1335928.0,1352.0,374719.0,379.0,374719.0,379.0,58784.0,59.0,58784.0,59.0,108408.0,110.0,108408.0,110.0,0.0,0.0,0.0,0.0,125177.0,127.0,125177.0,127.0,249419.0,252.0,249419.0,252.0,0.0,0.0,0.0,0.0,64009.0,65.0,64009.0,65.0,4844188.0,4903.0,4844188.0,4903.0,13608.0,14.0,13608.0,14.0,282518.0,286.0,282518.0,286.0,1684890.0,1705.0,1684890.0,1705.0,73288.0,74.0,73288.0,74.0,0.0,0.0,0.0,0.0,0.0,0.0,0.0,0.0,0.0,0.0,0.0,0.0,0.0,0.0,0.0,0.0,0.0,0.0,0.0,0.0,0.0,0.0,0.0,0.0,0.0,0.0,0.0,0.0,0.0,0.0,0.0,0.0
2025-26,budget filed with TEA (PEIMS),101912163,Sugar Grove Academy,627,7880178.0,12568.0,7880178.0,12568.0,7039205.0,11227.0,7039205.0,11227.0,833466.0,1329.0,833466.0,1329.0,7507.0,12.0,7507.0,12.0,7872671.0,12556.0,7872671.0,12556.0,5773509.0,9208.0,5773509.0,9208.0,5313.0,8.0,5313.0,8.0,45052.0,72.0,45052.0,72.0,241982.0,386.0,241982.0,386.0,1009237.0,1610.0,1009237.0,1610.0,298731.0,476.0,298731.0,476.0,2063.0,3.0,2063.0,3.0,105924.0,169.0,105924.0,169.0,0.0,0.0,0.0,0.0,160433.0,256.0,160433.0,256.0,223267.0,356.0,223267.0,356.0,6160.0,10.0,6160.0,10.0,1000.0,2.0,1000.0,2.0,5137922.0,8194.0,5137922.0,8194.0,0.0,0.0,0.0,0.0,0.0,0.0,0.0,0.0,1697996.0,2708.0,1697996.0,2708.0,575876.0,918.0,575876.0,918.0,0.0,0.0,0.0,0.0,0.0,0.0,0.0,0.0,0.0,0.0,0.0,0.0,0.0,0.0,0.0,0.0,0.0,0.0,0.0,0.0,0.0,0.0,0.0,0.0,0.0,0.0,0.0,0.0,0.0,0.0,0.0,0.0
2025-26,budget filed with TEA (PEIMS),101912248,Sutton El,709,6511039.0,9183.0,6511039.0,9183.0,5895705.0,8316.0,5895705.0,8316.0,542207.0,765.0,542207.0,765.0,73127.0,103.0,73127.0,103.0,6437912.0,9080.0,6437912.0,9080.0,4776168.0,6736.0,4776168.0,6736.0,7351.0,10.0,7351.0,10.0,73228.0,103.0,73228.0,103.0,276234.0,390.0,276234.0,390.0,864318.0,1219.0,864318.0,1219.0,167133.0,236.0,167133.0,236.0,4104.0,6.0,4104.0,6.0,72895.0,103.0,72895.0,103.0,0.0,0.0,0.0,0.0,4050.0,6.0,4050.0,6.0,192431.0,271.0,192431.0,271.0,0.0,0.0,0.0,0.0,0.0,0.0,0.0,0.0,3637267.0,5130.0,3637267.0,5130.0,3191.0,5.0,3191.0,5.0,0.0,0.0,0.0,0.0,987812.0,1393.0,987812.0,1393.0,473182.0,667.0,473182.0,667.0,453969.0,640.0,453969.0,640.0,0.0,0.0,0.0,0.0,0.0,0.0,0.0,0.0,0.0,0.0,0.0,0.0,96804.0,137.0,96804.0,137.0,0.0,0.0,0.0,0.0,0.0,0.0,0.0,0.0,0.0,0.0,0.0,0.0
2025-26,budget filed with TEA (PEIMS),101912039,T H Rogers School,1108,9476090.0,8552.0,9476090.0,8552.0,8187295.0,7389.0,8187295.0,7389.0,1261659.0,1139.0,1261659.0,1139.0,27136.0,24.0,27136.0,24.0,9448954.0,8528.0,9448954.0,8528.0,6663489.0,6014.0,6663489.0,6014.0,86251.0,78.0,86251.0,78.0,140473.0,127.0,140473.0,127.0,381059.0,344.0,381059.0,344.0,1153631.0,1041.0,1153631.0,1041.0,277380.0,250.0,277380.0,250.0,3263.0,3.0,3263.0,3.0,107370.0,97.0,107370.0,97.0,0.0,0.0,0.0,0.0,106061.0,96.0,106061.0,96.0,514977.0,465.0,514977.0,465.0,15000.0,14.0,15000.0,14.0,0.0,0.0,0.0,0.0,5188114.0,4682.0,5188114.0,4682.0,1256497.0,1134.0,1256497.0,1134.0,133067.0,120.0,133067.0,120.0,2073311.0,1871.0,2073311.0,1871.0,93810.0,85.0,93810.0,85.0,0.0,0.0,0.0,0.0,0.0,0.0,0.0,0.0,0.0,0.0,0.0,0.0,0.0,0.0,0.0,0.0,8075.0,7.0,8075.0,7.0,0.0,0.0,0.0,0.0,0.0,0.0,0.0,0.0,0.0,0.0,0.0,0.0
2025-26,budget filed with TEA (PEIMS),101912068,TanglewoodMiddle,817,6593663.0,8071.0,6593663.0,8071.0,5914966.0,7240.0,5914966.0,7240.0,652344.0,798.0,652344.0,798.0,26353.0,32.0,26353.0,32.0,6567310.0,8038.0,6567310.0,8038.0,4789614.0,5862.0,4789614.0,5862.0,7348.0,9.0,7348.0,9.0,26157.0,32.0,26157.0,32.0,268672.0,329.0,268672.0,329.0,878646.0,1075.0,878646.0,1075.0,160403.0,196.0,160403.0,196.0,4067.0,5.0,4067.0,5.0,104334.0,128.0,104334.0,128.0,0.0,0.0,0.0,0.0,132300.0,162.0,132300.0,162.0,178769.0,219.0,178769.0,219.0,0.0,0.0,0.0,0.0,17000.0,21.0,17000.0,21.0,3932851.0,4814.0,3932851.0,4814.0,8634.0,11.0,8634.0,11.0,283821.0,347.0,283821.0,347.0,1365348.0,1671.0,1365348.0,1671.0,65060.0,80.0,65060.0,80.0,0.0,0.0,0.0,0.0,0.0,0.0,0.0,0.0,0.0,0.0,0.0,0.0,0.0,0.0,0.0,0.0,103121.0,126.0,103121.0,126.0,0.0,0.0,0.0,0.0,0.0,0.0,0.0,0.0,0.0,0.0,0.0,0.0
2025-26,budget filed with TEA (PEIMS),101912100,TexasConnections Academy At Houst,11316,58867343.0,5202.0,58867343.0,5202.0,6413614.0,567.0,6413614.0,567.0,52440922.0,4634.0,52440922.0,4634.0,12807.0,1.0,12807.0,1.0,58854536.0,5201.0,58854536.0,5201.0,55561197.0,4910.0,55561197.0,4910.0,45480.0,4.0,45480.0,4.0,204892.0,18.0,204892.0,18.0,1693719.0,150.0,1693719.0,150.0,975755.0,86.0,975755.0,86.0,246602.0,22.0,246602.0,22.0,12040.0,1.0,12040.0,1.0,114851.0,10.0,114851.0,10.0,0.0,0.0,0.0,0.0,0.0,0.0,0.0,0.0,0.0,0.0,0.0,0.0,0.0,0.0,0.0,0.0,0.0,0.0,0.0,0.0,52118311.0,4606.0,52118311.0,4606.0,45573.0,4.0,45573.0,4.0,0.0,0.0,0.0,0.0,1885934.0,167.0,1885934.0,167.0,195659.0,17.0,195659.0,17.0,0.0,0.0,0.0,0.0,0.0,0.0,0.0,0.0,0.0,0.0,0.0,0.0,0.0,0.0,0.0,0.0,0.0,0.0,0.0,0.0,0.0,0.0,0.0,0.0,0.0,0.0,0.0,0.0,0.0,0.0,0.0,0.0
2025-26,budget filed with TEA (PEIMS),101912077,ThomasMiddle,366,5657272.0,15457.0,5657272.0,15457.0,5040139.0,13771.0,5040139.0,13771.0,606140.0,1656.0,606140.0,1656.0,10993.0,30.0,10993.0,30.0,5646279.0,15427.0,5646279.0,15427.0,3985301.0,10889.0,3985301.0,10889.0,4173.0,11.0,4173.0,11.0,27863.0,76.0,27863.0,76.0,207836.0,568.0,207836.0,568.0,819885.0,2240.0,819885.0,2240.0,188898.0,516.0,188898.0,516.0,2024.0,6.0,2024.0,6.0,74321.0,203.0,74321.0,203.0,0.0,0.0,0.0,0.0,158132.0,432.0,158132.0,432.0,176145.0,481.0,176145.0,481.0,1701.0,5.0,1701.0,5.0,0.0,0.0,0.0,0.0,3032545.0,8286.0,3032545.0,8286.0,0.0,0.0,0.0,0.0,0.0,0.0,0.0,0.0,2081242.0,5686.0,2081242.0,5686.0,126497.0,346.0,126497.0,346.0,0.0,0.0,0.0,0.0,0.0,0.0,0.0,0.0,0.0,0.0,0.0,0.0,0.0,0.0,0.0,0.0,0.0,0.0,0.0,0.0,0.0,0.0,0.0,0.0,0.0,0.0,0.0,0.0,0.0,0.0,0.0,0.0
2025-26,budget filed with TEA (PEIMS),101912243,ThompsonEl,378,4170508.0,11033.0,4170508.0,11033.0,3640324.0,9630.0,3640324.0,9630.0,517665.0,1369.0,517665.0,1369.0,12519.0,33.0,12519.0,33.0,4157989.0,11000.0,4157989.0,11000.0,3007689.0,7957.0,3007689.0,7957.0,3487.0,9.0,3487.0,9.0,32700.0,87.0,32700.0,87.0,175377.0,464.0,175377.0,464.0,468347.0,1239.0,468347.0,1239.0,148504.0,393.0,148504.0,393.0,1513.0,4.0,1513.0,4.0,68822.0,182.0,68822.0,182.0,0.0,0.0,0.0,0.0,19855.0,53.0,19855.0,53.0,231695.0,613.0,231695.0,613.0,0.0,0.0,0.0,0.0,0.0,0.0,0.0,0.0,2282020.0,6037.0,2282020.0,6037.0,0.0,0.0,0.0,0.0,0.0,0.0,0.0,0.0,1161607.0,3073.0,1161607.0,3073.0,7500.0,20.0,7500.0,20.0,385295.0,1019.0,385295.0,1019.0,0.0,0.0,0.0,0.0,0.0,0.0,0.0,0.0,0.0,0.0,0.0,0.0,0.0,0.0,0.0,0.0,0.0,0.0,0.0,0.0,0.0,0.0,0.0,0.0,0.0,0.0,0.0,0.0
2025-26,budget filed with TEA (PEIMS),101912279,Tijerina El,282,3608839.0,12797.0,3608839.0,12797.0,3172085.0,11249.0,3172085.0,11249.0,411294.0,1458.0,411294.0,1458.0,25460.0,90.0,25460.0,90.0,3583379.0,12707.0,3583379.0,12707.0,2467991.0,8752.0,2467991.0,8752.0,93375.0,331.0,93375.0,331.0,37124.0,132.0,37124.0,132.0,157542.0,559.0,157542.0,559.0,504005.0,1787.0,504005.0,1787.0,78294.0,278.0,78294.0,278.0,2633.0,9.0,2633.0,9.0,100361.0,356.0,100361.0,356.0,0.0,0.0,0.0,0.0,0.0,0.0,0.0,0.0,142054.0,504.0,142054.0,504.0,0.0,0.0,0.0,0.0,0.0,0.0,0.0,0.0,1913664.0,6786.0,1913664.0,6786.0,1047.0,4.0,1047.0,4.0,0.0,0.0,0.0,0.0,768169.0,2724.0,768169.0,2724.0,204490.0,725.0,204490.0,725.0,257277.0,912.0,257277.0,912.0,0.0,0.0,0.0,0.0,0.0,0.0,0.0,0.0,0.0,0.0,0.0,0.0,0.0,0.0,0.0,0.0,0.0,0.0,0.0,0.0,0.0,0.0,0.0,0.0,0.0,0.0,0.0,0.0
2025-26,budget filed with TEA (PEIMS),101912374,Tinsley El,548,5816287.0,10614.0,5816287.0,10614.0,5250285.0,9581.0,5250285.0,9581.0,526879.0,961.0,526879.0,961.0,39123.0,71.0,39123.0,71.0,5777164.0,10542.0,5777164.0,10542.0,4337117.0,7914.0,4337117.0,7914.0,4933.0,9.0,4933.0,9.0,28907.0,53.0,28907.0,53.0,215645.0,394.0,215645.0,394.0,717562.0,1309.0,717562.0,1309.0,172527.0,315.0,172527.0,315.0,1896.0,3.0,1896.0,3.0,96503.0,176.0,96503.0,176.0,0.0,0.0,0.0,0.0,23780.0,43.0,23780.0,43.0,178294.0,325.0,178294.0,325.0,0.0,0.0,0.0,0.0,0.0,0.0,0.0,0.0,4238307.0,7734.0,4238307.0,7734.0,0.0,0.0,0.0,0.0,0.0,0.0,0.0,0.0,1163991.0,2124.0,1163991.0,2124.0,94761.0,173.0,94761.0,173.0,0.0,0.0,0.0,0.0,0.0,0.0,0.0,0.0,0.0,0.0,0.0,0.0,0.0,0.0,0.0,0.0,0.0,0.0,0.0,0.0,0.0,0.0,0.0,0.0,0.0,0.0,0.0,0.0,0.0,0.0,0.0,0.0
2025-26,budget filed with TEA (PEIMS),101912249,Travis El,780,6212685.0,7965.0,6212685.0,7965.0,5605378.0,7186.0,5605378.0,7186.0,583983.0,749.0,583983.0,749.0,23324.0,30.0,23324.0,30.0,6189361.0,7935.0,6189361.0,7935.0,4631548.0,5938.0,4631548.0,5938.0,79572.0,102.0,79572.0,102.0,34166.0,44.0,34166.0,44.0,244220.0,313.0,244220.0,313.0,750657.0,962.0,750657.0,962.0,121748.0,156.0,121748.0,156.0,2600.0,3.0,2600.0,3.0,100638.0,129.0,100638.0,129.0,0.0,0.0,0.0,0.0,1650.0,2.0,1650.0,2.0,221059.0,283.0,221059.0,283.0,503.0,1.0,503.0,1.0,1000.0,1.0,1000.0,1.0,4707588.0,6035.0,4707588.0,6035.0,76940.0,99.0,76940.0,99.0,0.0,0.0,0.0,0.0,746629.0,957.0,746629.0,957.0,78968.0,101.0,78968.0,101.0,127369.0,163.0,127369.0,163.0,0.0,0.0,0.0,0.0,0.0,0.0,0.0,0.0,0.0,0.0,0.0,0.0,0.0,0.0,0.0,0.0,0.0,0.0,0.0,0.0,0.0,0.0,0.0,0.0,0.0,0.0,0.0,0.0
2025-26,budget filed with TEA (PEIMS),101912251,Twain El,860,7099288.0,8255.0,7099288.0,8255.0,6199919.0,7209.0,6199919.0,7209.0,885077.0,1029.0,885077.0,1029.0,14292.0,17.0,14292.0,17.0,7084996.0,8238.0,7084996.0,8238.0,5331491.0,6199.0,5331491.0,6199.0,75593.0,88.0,75593.0,88.0,45524.0,53.0,45524.0,53.0,270295.0,314.0,270295.0,314.0,766786.0,892.0,766786.0,892.0,188193.0,219.0,188193.0,219.0,2148.0,2.0,2148.0,2.0,120765.0,140.0,120765.0,140.0,0.0,0.0,0.0,0.0,1500.0,2.0,1500.0,2.0,240126.0,279.0,240126.0,279.0,4000.0,5.0,4000.0,5.0,38575.0,45.0,38575.0,45.0,5569096.0,6476.0,5569096.0,6476.0,30451.0,35.0,30451.0,35.0,0.0,0.0,0.0,0.0,870677.0,1012.0,870677.0,1012.0,182914.0,213.0,182914.0,213.0,0.0,0.0,0.0,0.0,0.0,0.0,0.0,0.0,0.0,0.0,0.0,0.0,0.0,0.0,0.0,0.0,116802.0,136.0,116802.0,136.0,0.0,0.0,0.0,0.0,0.0,0.0,0.0,0.0,0.0,0.0,0.0,0.0
2025-26,budget filed with TEA (PEIMS),101912285,Valley West El,485,5464308.0,11267.0,5464308.0,11267.0,4896739.0,10096.0,4896739.0,10096.0,552495.0,1139.0,552495.0,1139.0,15074.0,31.0,15074.0,31.0,5449234.0,11236.0,5449234.0,11236.0,4114365.0,8483.0,4114365.0,8483.0,4693.0,10.0,4693.0,10.0,35122.0,72.0,35122.0,72.0,213225.0,440.0,213225.0,440.0,610685.0,1259.0,610685.0,1259.0,164549.0,339.0,164549.0,339.0,1702.0,4.0,1702.0,4.0,101865.0,210.0,101865.0,210.0,0.0,0.0,0.0,0.0,22585.0,47.0,22585.0,47.0,180443.0,372.0,180443.0,372.0,0.0,0.0,0.0,0.0,0.0,0.0,0.0,0.0,3790351.0,7815.0,3790351.0,7815.0,0.0,0.0,0.0,0.0,0.0,0.0,0.0,0.0,943807.0,1946.0,943807.0,1946.0,79549.0,164.0,79549.0,164.0,382220.0,788.0,382220.0,788.0,0.0,0.0,0.0,0.0,0.0,0.0,0.0,0.0,0.0,0.0,0.0,0.0,0.0,0.0,0.0,0.0,0.0,0.0,0.0,0.0,0.0,0.0,0.0,0.0,0.0,0.0,0.0,0.0
2025-26,budget filed with TEA (PEIMS),101912252,Wainwright El,312,4929976.0,15801.0,4929976.0,15801.0,4525162.0,14504.0,4525162.0,14504.0,364468.0,1168.0,364468.0,1168.0,40346.0,129.0,40346.0,129.0,4889630.0,15672.0,4889630.0,15672.0,3811785.0,12217.0,3811785.0,12217.0,3850.0,12.0,3850.0,12.0,23666.0,76.0,23666.0,76.0,190594.0,611.0,190594.0,611.0,493808.0,1583.0,493808.0,1583.0,165746.0,531.0,165746.0,531.0,1742.0,6.0,1742.0,6.0,102833.0,330.0,102833.0,330.0,0.0,0.0,0.0,0.0,20185.0,65.0,20185.0,65.0,75421.0,242.0,75421.0,242.0,0.0,0.0,0.0,0.0,0.0,0.0,0.0,0.0,2940602.0,9425.0,2940602.0,9425.0,0.0,0.0,0.0,0.0,0.0,0.0,0.0,0.0,1425008.0,4567.0,1425008.0,4567.0,9900.0,32.0,9900.0,32.0,340483.0,1091.0,340483.0,1091.0,0.0,0.0,0.0,0.0,0.0,0.0,0.0,0.0,0.0,0.0,0.0,0.0,0.0,0.0,0.0,0.0,0.0,0.0,0.0,0.0,0.0,0.0,0.0,0.0,0.0,0.0,0.0,0.0
2025-26,budget filed with TEA (PEIMS),101912253,Walnut Bend El,608,5744133.0,9448.0,5744133.0,9448.0,5185530.0,8529.0,5185530.0,8529.0,510456.0,840.0,510456.0,840.0,48147.0,79.0,48147.0,79.0,5695986.0,9368.0,5695986.0,9368.0,4204666.0,6916.0,4204666.0,6916.0,5173.0,9.0,5173.0,9.0,40064.0,66.0,40064.0,66.0,242874.0,399.0,242874.0,399.0,762264.0,1254.0,762264.0,1254.0,170739.0,281.0,170739.0,281.0,1895.0,3.0,1895.0,3.0,96010.0,158.0,96010.0,158.0,0.0,0.0,0.0,0.0,26085.0,43.0,26085.0,43.0,146216.0,240.0,146216.0,240.0,0.0,0.0,0.0,0.0,0.0,0.0,0.0,0.0,3580830.0,5890.0,3580830.0,5890.0,0.0,0.0,0.0,0.0,0.0,0.0,0.0,0.0,1146118.0,1885.0,1146118.0,1885.0,79849.0,131.0,79849.0,131.0,625157.0,1028.0,625157.0,1028.0,0.0,0.0,0.0,0.0,0.0,0.0,0.0,0.0,0.0,0.0,0.0,0.0,0.0,0.0,0.0,0.0,0.0,0.0,0.0,0.0,0.0,0.0,0.0,0.0,0.0,0.0,0.0,0.0
2025-26,budget filed with TEA (PEIMS),101912015,Waltrip H S,1519,13706040.0,9023.0,13706040.0,9023.0,12257632.0,8070.0,12257632.0,8070.0,1343078.0,884.0,1343078.0,884.0,105330.0,69.0,105330.0,69.0,13600710.0,8954.0,13600710.0,8954.0,9397014.0,6186.0,9397014.0,6186.0,21505.0,14.0,21505.0,14.0,103354.0,68.0,103354.0,68.0,1120322.0,738.0,1120322.0,738.0,1473591.0,970.0,1473591.0,970.0,712616.0,469.0,712616.0,469.0,8445.0,6.0,8445.0,6.0,41665.0,27.0,41665.0,27.0,0.0,0.0,0.0,0.0,289961.0,191.0,289961.0,191.0,426482.0,281.0,426482.0,281.0,5755.0,4.0,5755.0,4.0,0.0,0.0,0.0,0.0,6040022.0,3976.0,6040022.0,3976.0,611.0,0.0,611.0,0.0,1787560.0,1177.0,1787560.0,1177.0,2541357.0,1673.0,2541357.0,1673.0,79144.0,52.0,79144.0,52.0,196629.0,129.0,196629.0,129.0,0.0,0.0,0.0,0.0,854791.0,563.0,854791.0,563.0,0.0,0.0,0.0,0.0,0.0,0.0,0.0,0.0,0.0,0.0,0.0,0.0,0.0,0.0,0.0,0.0,0.0,0.0,0.0,0.0
2025-26,budget filed with TEA (PEIMS),101912016,Washington B T H S,704,11233181.0,15956.0,11233181.0,15956.0,10070935.0,14305.0,10070935.0,14305.0,1142269.0,1623.0,1142269.0,1623.0,19977.0,28.0,19977.0,28.0,11213204.0,15928.0,11213204.0,15928.0,7301956.0,10372.0,7301956.0,10372.0,7473.0,11.0,7473.0,11.0,87668.0,125.0,87668.0,125.0,915250.0,1300.0,915250.0,1300.0,1318917.0,1873.0,1318917.0,1873.0,578165.0,821.0,578165.0,821.0,2964.0,4.0,2964.0,4.0,118876.0,169.0,118876.0,169.0,0.0,0.0,0.0,0.0,539224.0,766.0,539224.0,766.0,337040.0,479.0,337040.0,479.0,5671.0,8.0,5671.0,8.0,0.0,0.0,0.0,0.0,6243388.0,8868.0,6243388.0,8868.0,0.0,0.0,0.0,0.0,959088.0,1362.0,959088.0,1362.0,2234819.0,3174.0,2234819.0,3174.0,0.0,0.0,0.0,0.0,0.0,0.0,0.0,0.0,0.0,0.0,0.0,0.0,815943.0,1159.0,815943.0,1159.0,0.0,0.0,0.0,0.0,0.0,0.0,0.0,0.0,0.0,0.0,0.0,0.0,0.0,0.0,0.0,0.0,0.0,0.0,0.0,0.0
2025-26,budget filed with TEA (PEIMS),101912056,Welch Middle,478,6654799.0,13922.0,6654799.0,13922.0,5795467.0,12124.0,5795467.0,12124.0,853962.0,1787.0,853962.0,1787.0,5370.0,11.0,5370.0,11.0,6649429.0,13911.0,6649429.0,13911.0,4802159.0,10046.0,4802159.0,10046.0,4813.0,10.0,4813.0,10.0,26228.0,55.0,26228.0,55.0,214699.0,449.0,214699.0,449.0,875053.0,1831.0,875053.0,1831.0,181825.0,380.0,181825.0,380.0,1930.0,4.0,1930.0,4.0,75499.0,158.0,75499.0,158.0,0.0,0.0,0.0,0.0,151447.0,317.0,151447.0,317.0,313376.0,656.0,313376.0,656.0,2400.0,5.0,2400.0,5.0,0.0,0.0,0.0,0.0,4329441.0,9057.0,4329441.0,9057.0,0.0,0.0,0.0,0.0,0.0,0.0,0.0,0.0,1601495.0,3350.0,1601495.0,3350.0,200991.0,420.0,200991.0,420.0,0.0,0.0,0.0,0.0,0.0,0.0,0.0,0.0,0.0,0.0,0.0,0.0,0.0,0.0,0.0,0.0,0.0,0.0,0.0,0.0,0.0,0.0,0.0,0.0,0.0,0.0,0.0,0.0,0.0,0.0,0.0,0.0
2025-26,budget filed with TEA (PEIMS),101912254,Wesley El,233,3481182.0,14941.0,3481182.0,14941.0,3181537.0,13655.0,3181537.0,13655.0,294158.0,1262.0,294158.0,1262.0,5487.0,24.0,5487.0,24.0,3475695.0,14917.0,3475695.0,14917.0,2541853.0,10909.0,2541853.0,10909.0,2285.0,10.0,2285.0,10.0,16576.0,71.0,16576.0,71.0,100395.0,431.0,100395.0,431.0,484090.0,2078.0,484090.0,2078.0,125258.0,538.0,125258.0,538.0,736.0,3.0,736.0,3.0,93465.0,401.0,93465.0,401.0,0.0,0.0,0.0,0.0,16940.0,73.0,16940.0,73.0,89841.0,386.0,89841.0,386.0,4256.0,18.0,4256.0,18.0,0.0,0.0,0.0,0.0,2371790.0,10179.0,2371790.0,10179.0,0.0,0.0,0.0,0.0,0.0,0.0,0.0,0.0,481329.0,2066.0,481329.0,2066.0,75349.0,323.0,75349.0,323.0,366173.0,1572.0,366173.0,1572.0,0.0,0.0,0.0,0.0,0.0,0.0,0.0,0.0,0.0,0.0,0.0,0.0,0.0,0.0,0.0,0.0,0.0,0.0,0.0,0.0,0.0,0.0,0.0,0.0,0.0,0.0,0.0,0.0
2025-26,budget filed with TEA (PEIMS),101912099,West Briar Middle,844,7622943.0,9032.0,7622943.0,9032.0,6753960.0,8002.0,6753960.0,8002.0,808251.0,958.0,808251.0,958.0,60732.0,72.0,60732.0,72.0,7562211.0,8960.0,7562211.0,8960.0,5246250.0,6216.0,5246250.0,6216.0,113000.0,134.0,113000.0,134.0,28862.0,34.0,28862.0,34.0,287155.0,340.0,287155.0,340.0,1063379.0,1260.0,1063379.0,1260.0,227813.0,270.0,227813.0,270.0,3953.0,5.0,3953.0,5.0,117265.0,139.0,117265.0,139.0,0.0,0.0,0.0,0.0,167278.0,198.0,167278.0,198.0,305756.0,362.0,305756.0,362.0,500.0,1.0,500.0,1.0,1000.0,1.0,1000.0,1.0,4591064.0,5440.0,4591064.0,5440.0,6268.0,7.0,6268.0,7.0,100608.0,119.0,100608.0,119.0,1894083.0,2244.0,1894083.0,2244.0,41835.0,50.0,41835.0,50.0,0.0,0.0,0.0,0.0,0.0,0.0,0.0,0.0,0.0,0.0,0.0,0.0,0.0,0.0,0.0,0.0,51573.0,61.0,51573.0,61.0,0.0,0.0,0.0,0.0,0.0,0.0,0.0,0.0,0.0,0.0,0.0,0.0
2025-26,budget filed with TEA (PEIMS),101912255,West University El,1192,8828885.0,7407.0,8828885.0,7407.0,8095981.0,6792.0,8095981.0,6792.0,718160.0,602.0,718160.0,602.0,14744.0,12.0,14744.0,12.0,8814141.0,7394.0,8814141.0,7394.0,6477112.0,5434.0,6477112.0,5434.0,87750.0,74.0,87750.0,74.0,50205.0,42.0,50205.0,42.0,327471.0,275.0,327471.0,275.0,1220325.0,1024.0,1220325.0,1024.0,217557.0,183.0,217557.0,183.0,3101.0,3.0,3101.0,3.0,114543.0,96.0,114543.0,96.0,0.0,0.0,0.0,0.0,0.0,0.0,0.0,0.0,316077.0,265.0,316077.0,265.0,0.0,0.0,0.0,0.0,0.0,0.0,0.0,0.0,7224092.0,6060.0,7224092.0,6060.0,240499.0,202.0,240499.0,202.0,0.0,0.0,0.0,0.0,544366.0,457.0,544366.0,457.0,1728.0,1.0,1728.0,1.0,159013.0,133.0,159013.0,133.0,0.0,0.0,0.0,0.0,0.0,0.0,0.0,0.0,0.0,0.0,0.0,0.0,135112.0,113.0,135112.0,113.0,0.0,0.0,0.0,0.0,0.0,0.0,0.0,0.0,0.0,0.0,0.0,0.0
2025-26,budget filed with TEA (PEIMS),101912017,Westbury H S,1756,21597208.0,12299.0,21597208.0,12299.0,18879537.0,10751.0,18879537.0,10751.0,2675581.0,1524.0,2675581.0,1524.0,42090.0,24.0,42090.0,24.0,21555118.0,12275.0,21555118.0,12275.0,14268998.0,8126.0,14268998.0,8126.0,15245.0,9.0,15245.0,9.0,83163.0,47.0,83163.0,47.0,1393640.0,794.0,1393640.0,794.0,2601842.0,1482.0,2601842.0,1482.0,1038468.0,591.0,1038468.0,591.0,5809.0,3.0,5809.0,3.0,149829.0,85.0,149829.0,85.0,0.0,0.0,0.0,0.0,822557.0,468.0,822557.0,468.0,1152567.0,656.0,1152567.0,656.0,23000.0,13.0,23000.0,13.0,0.0,0.0,0.0,0.0,12554437.0,7149.0,12554437.0,7149.0,0.0,0.0,0.0,0.0,2441640.0,1390.0,2441640.0,1390.0,3668083.0,2089.0,3668083.0,2089.0,0.0,0.0,0.0,0.0,0.0,0.0,0.0,0.0,0.0,0.0,0.0,0.0,752798.0,429.0,752798.0,429.0,0.0,0.0,0.0,0.0,0.0,0.0,0.0,0.0,0.0,0.0,0.0,0.0,0.0,0.0,0.0,0.0,0.0,0.0,0.0,0.0
2025-26,budget filed with TEA (PEIMS),101912036,Westside H S,2477,22033149.0,8895.0,22063965.0,8908.0,19405807.0,7834.0,19436623.0,7847.0,2571790.0,1038.0,2571790.0,1038.0,55552.0,22.0,55552.0,22.0,21977597.0,8873.0,22008413.0,8885.0,14830390.0,5987.0,14830390.0,5987.0,23374.0,9.0,23374.0,9.0,155299.0,63.0,155299.0,63.0,1562676.0,631.0,1562676.0,631.0,3047805.0,1230.0,3047805.0,1230.0,528330.0,213.0,528330.0,213.0,13649.0,6.0,13649.0,6.0,170416.0,69.0,170416.0,69.0,0.0,0.0,30816.0,12.0,717192.0,290.0,717192.0,290.0,822264.0,332.0,822264.0,332.0,36000.0,15.0,36000.0,15.0,70202.0,28.0,70202.0,28.0,10901530.0,4401.0,10901530.0,4401.0,44532.0,18.0,44532.0,18.0,3363715.0,1358.0,3363715.0,1358.0,2869278.0,1158.0,2869278.0,1158.0,191133.0,77.0,191133.0,77.0,0.0,0.0,0.0,0.0,0.0,0.0,0.0,0.0,714292.0,288.0,714292.0,288.0,0.0,0.0,0.0,0.0,0.0,0.0,0.0,0.0,0.0,0.0,0.0,0.0,0.0,0.0,0.0,0.0,0.0,0.0,0.0,0.0
2025-26,budget filed with TEA (PEIMS),101912256,Wharton K-8 Dual Language Academy,733,5804607.0,7919.0,5804607.0,7919.0,5324989.0,7265.0,5324989.0,7265.0,464320.0,633.0,464320.0,633.0,15298.0,21.0,15298.0,21.0,5789309.0,7898.0,5789309.0,7898.0,4343616.0,5926.0,4343616.0,5926.0,79642.0,109.0,79642.0,109.0,70090.0,96.0,70090.0,96.0,234680.0,320.0,234680.0,320.0,782072.0,1067.0,782072.0,1067.0,66171.0,90.0,66171.0,90.0,2883.0,4.0,2883.0,4.0,66779.0,91.0,66779.0,91.0,0.0,0.0,0.0,0.0,1500.0,2.0,1500.0,2.0,136376.0,186.0,136376.0,186.0,5000.0,7.0,5000.0,7.0,500.0,1.0,500.0,1.0,4222595.0,5761.0,4222595.0,5761.0,2775.0,4.0,2775.0,4.0,0.0,0.0,0.0,0.0,296227.0,404.0,296227.0,404.0,354598.0,484.0,354598.0,484.0,400685.0,547.0,400685.0,547.0,0.0,0.0,0.0,0.0,0.0,0.0,0.0,0.0,0.0,0.0,0.0,0.0,0.0,0.0,0.0,0.0,0.0,0.0,0.0,0.0,0.0,0.0,0.0,0.0,0.0,0.0,0.0,0.0
2025-26,budget filed with TEA (PEIMS),101912018,Wheatley H S,494,10628225.0,21515.0,10628225.0,21515.0,9026094.0,18271.0,9026094.0,18271.0,1447713.0,2931.0,1447713.0,2931.0,154418.0,313.0,154418.0,313.0,10473807.0,21202.0,10473807.0,21202.0,6337134.0,12828.0,6337134.0,12828.0,7092.0,14.0,7092.0,14.0,38122.0,77.0,38122.0,77.0,937265.0,1897.0,937265.0,1897.0,1137126.0,2302.0,1137126.0,2302.0,577131.0,1168.0,577131.0,1168.0,2995.0,6.0,2995.0,6.0,120212.0,243.0,120212.0,243.0,0.0,0.0,0.0,0.0,527277.0,1067.0,527277.0,1067.0,775443.0,1570.0,775443.0,1570.0,14010.0,28.0,14010.0,28.0,0.0,0.0,0.0,0.0,4564345.0,9240.0,4564345.0,9240.0,0.0,0.0,0.0,0.0,1227237.0,2484.0,1227237.0,2484.0,2480869.0,5022.0,2480869.0,5022.0,0.0,0.0,0.0,0.0,0.0,0.0,0.0,0.0,0.0,0.0,0.0,0.0,755639.0,1530.0,755639.0,1530.0,0.0,0.0,0.0,0.0,0.0,0.0,0.0,0.0,0.0,0.0,0.0,0.0,0.0,0.0,0.0,0.0,0.0,0.0,0.0,0.0
2025-26,budget filed with TEA (PEIMS),101912257,Whidby El,328,4145520.0,12639.0,4145520.0,12639.0,3773783.0,11505.0,3773783.0,11505.0,368701.0,1124.0,368701.0,1124.0,3036.0,9.0,3036.0,9.0,4142484.0,12630.0,4142484.0,12630.0,3094526.0,9435.0,3094526.0,9435.0,3489.0,11.0,3489.0,11.0,25906.0,79.0,25906.0,79.0,162119.0,494.0,162119.0,494.0,508205.0,1549.0,508205.0,1549.0,146774.0,447.0,146774.0,447.0,1317.0,4.0,1317.0,4.0,98720.0,301.0,98720.0,301.0,0.0,0.0,0.0,0.0,19745.0,60.0,19745.0,60.0,80658.0,246.0,80658.0,246.0,1025.0,3.0,1025.0,3.0,0.0,0.0,0.0,0.0,2734921.0,8338.0,2734921.0,8338.0,0.0,0.0,0.0,0.0,0.0,0.0,0.0,0.0,877796.0,2676.0,877796.0,2676.0,802.0,2.0,802.0,2.0,349506.0,1066.0,349506.0,1066.0,0.0,0.0,0.0,0.0,0.0,0.0,0.0,0.0,0.0,0.0,0.0,0.0,0.0,0.0,0.0,0.0,0.0,0.0,0.0,0.0,0.0,0.0,0.0,0.0,0.0,0.0,0.0,0.0
2025-26,budget filed with TEA (PEIMS),101912267,White E El,601,5055515.0,8412.0,5055515.0,8412.0,4462228.0,7425.0,4462228.0,7425.0,565936.0,942.0,565936.0,942.0,27351.0,46.0,27351.0,46.0,5028164.0,8366.0,5028164.0,8366.0,3552578.0,5911.0,3552578.0,5911.0,5579.0,9.0,5579.0,9.0,39467.0,66.0,39467.0,66.0,200086.0,333.0,200086.0,333.0,765544.0,1274.0,765544.0,1274.0,152070.0,253.0,152070.0,253.0,2983.0,5.0,2983.0,5.0,104985.0,175.0,104985.0,175.0,0.0,0.0,0.0,0.0,5250.0,9.0,5250.0,9.0,152735.0,254.0,152735.0,254.0,5000.0,8.0,5000.0,8.0,41887.0,70.0,41887.0,70.0,3105788.0,5168.0,3105788.0,5168.0,3140.0,5.0,3140.0,5.0,0.0,0.0,0.0,0.0,861260.0,1433.0,861260.0,1433.0,158405.0,264.0,158405.0,264.0,214944.0,358.0,214944.0,358.0,0.0,0.0,0.0,0.0,0.0,0.0,0.0,0.0,0.0,0.0,0.0,0.0,0.0,0.0,0.0,0.0,0.0,0.0,0.0,0.0,0.0,0.0,0.0,0.0,0.0,0.0,0.0,0.0
2025-26,budget filed with TEA (PEIMS),101912258,Whittier El,306,3754456.0,12269.0,3754456.0,12269.0,3434544.0,11224.0,3434544.0,11224.0,303853.0,993.0,303853.0,993.0,16059.0,52.0,16059.0,52.0,3738397.0,12217.0,3738397.0,12217.0,2759820.0,9019.0,2759820.0,9019.0,3368.0,11.0,3368.0,11.0,24477.0,80.0,24477.0,80.0,158463.0,518.0,158463.0,518.0,470160.0,1536.0,470160.0,1536.0,148563.0,486.0,148563.0,486.0,1352.0,4.0,1352.0,4.0,99520.0,325.0,99520.0,325.0,0.0,0.0,0.0,0.0,17765.0,58.0,17765.0,58.0,54909.0,179.0,54909.0,179.0,0.0,0.0,0.0,0.0,0.0,0.0,0.0,0.0,2431692.0,7947.0,2431692.0,7947.0,0.0,0.0,0.0,0.0,0.0,0.0,0.0,0.0,930976.0,3042.0,930976.0,3042.0,7200.0,24.0,7200.0,24.0,245576.0,803.0,245576.0,803.0,0.0,0.0,0.0,0.0,0.0,0.0,0.0,0.0,0.0,0.0,0.0,0.0,0.0,0.0,0.0,0.0,0.0,0.0,0.0,0.0,0.0,0.0,0.0,0.0,0.0,0.0,0.0,0.0
2025-26,budget filed with TEA (PEIMS),101912082,Williams Middle,270,5281452.0,19561.0,5281452.0,19561.0,4715258.0,17464.0,4715258.0,17464.0,563661.0,2088.0,563661.0,2088.0,2533.0,9.0,2533.0,9.0,5278919.0,19552.0,5278919.0,19552.0,3700841.0,13707.0,3700841.0,13707.0,2736.0,10.0,2736.0,10.0,20371.0,75.0,20371.0,75.0,132981.0,493.0,132981.0,493.0,822310.0,3046.0,822310.0,3046.0,160962.0,596.0,160962.0,596.0,1299.0,5.0,1299.0,5.0,98667.0,365.0,98667.0,365.0,0.0,0.0,0.0,0.0,139092.0,515.0,139092.0,515.0,196010.0,726.0,196010.0,726.0,3650.0,14.0,3650.0,14.0,0.0,0.0,0.0,0.0,3211295.0,11894.0,3211295.0,11894.0,0.0,0.0,0.0,0.0,0.0,0.0,0.0,0.0,1479950.0,5481.0,1479950.0,5481.0,170891.0,633.0,170891.0,633.0,0.0,0.0,0.0,0.0,0.0,0.0,0.0,0.0,0.0,0.0,0.0,0.0,0.0,0.0,0.0,0.0,0.0,0.0,0.0,0.0,0.0,0.0,0.0,0.0,0.0,0.0,0.0,0.0,0.0,0.0,0.0,0.0
2025-26,budget filed with TEA (PEIMS),101912260,Windsor Village El,548,5243824.0,9569.0,5243824.0,9569.0,4881382.0,8908.0,4881382.0,8908.0,346971.0,633.0,346971.0,633.0,15471.0,28.0,15471.0,28.0,5228353.0,9541.0,5228353.0,9541.0,3916197.0,7146.0,3916197.0,7146.0,6469.0,12.0,6469.0,12.0,47381.0,86.0,47381.0,86.0,187680.0,342.0,187680.0,342.0,676840.0,1235.0,676840.0,1235.0,154316.0,282.0,154316.0,282.0,3999.0,7.0,3999.0,7.0,110198.0,201.0,110198.0,201.0,0.0,0.0,0.0,0.0,0.0,0.0,0.0,0.0,125273.0,229.0,125273.0,229.0,0.0,0.0,0.0,0.0,0.0,0.0,0.0,0.0,2931244.0,5349.0,2931244.0,5349.0,5896.0,11.0,5896.0,11.0,0.0,0.0,0.0,0.0,437661.0,799.0,437661.0,799.0,280146.0,511.0,280146.0,511.0,506390.0,924.0,506390.0,924.0,0.0,0.0,0.0,0.0,0.0,0.0,0.0,0.0,0.0,0.0,0.0,0.0,0.0,0.0,0.0,0.0,0.0,0.0,0.0,0.0,0.0,0.0,0.0,0.0,0.0,0.0,0.0,0.0
2025-26,budget filed with TEA (PEIMS),101912009,Wisdom H S,1607,19741472.0,12285.0,19764900.0,12299.0,17705050.0,11017.0,17728478.0,11032.0,2003901.0,1247.0,2003901.0,1247.0,32521.0,20.0,32521.0,20.0,19708951.0,12264.0,19732379.0,12279.0,13658719.0,8500.0,13658719.0,8500.0,14315.0,9.0,14315.0,9.0,80451.0,50.0,80451.0,50.0,1290594.0,803.0,1290594.0,803.0,2343625.0,1458.0,2343625.0,1458.0,881771.0,549.0,881771.0,549.0,4840.0,3.0,4840.0,3.0,138175.0,86.0,138175.0,86.0,0.0,0.0,23428.0,15.0,659135.0,410.0,659135.0,410.0,614360.0,382.0,614360.0,382.0,14266.0,9.0,14266.0,9.0,8700.0,5.0,8700.0,5.0,13170255.0,8196.0,13170255.0,8196.0,0.0,0.0,0.0,0.0,2070937.0,1289.0,2070937.0,1289.0,2370555.0,1475.0,2370555.0,1475.0,0.0,0.0,0.0,0.0,0.0,0.0,0.0,0.0,0.0,0.0,0.0,0.0,749414.0,466.0,749414.0,466.0,0.0,0.0,0.0,0.0,0.0,0.0,0.0,0.0,0.0,0.0,0.0,0.0,0.0,0.0,0.0,0.0,0.0,0.0,0.0,0.0
2025-26,budget filed with TEA (PEIMS),101912127,Woodson School,408,4856555.0,11903.0,4856555.0,11903.0,4026915.0,9870.0,4026915.0,9870.0,826751.0,2026.0,826751.0,2026.0,2889.0,7.0,2889.0,7.0,4853666.0,11896.0,4853666.0,11896.0,3271406.0,8018.0,3271406.0,8018.0,3850.0,9.0,3850.0,9.0,32836.0,80.0,32836.0,80.0,188936.0,463.0,188936.0,463.0,638461.0,1565.0,638461.0,1565.0,152265.0,373.0,152265.0,373.0,1610.0,4.0,1610.0,4.0,69746.0,171.0,69746.0,171.0,0.0,0.0,0.0,0.0,22660.0,56.0,22660.0,56.0,471896.0,1157.0,471896.0,1157.0,0.0,0.0,0.0,0.0,0.0,0.0,0.0,0.0,2634163.0,6456.0,2634163.0,6456.0,0.0,0.0,0.0,0.0,0.0,0.0,0.0,0.0,1258075.0,3084.0,1258075.0,3084.0,9300.0,23.0,9300.0,23.0,379541.0,930.0,379541.0,930.0,0.0,0.0,0.0,0.0,0.0,0.0,0.0,0.0,0.0,0.0,0.0,0.0,0.0,0.0,0.0,0.0,0.0,0.0,0.0,0.0,0.0,0.0,0.0,0.0,0.0,0.0,0.0,0.0
2025-26,budget filed with TEA (PEIMS),101912019,Worthing H S,642,11121777.0,17324.0,11121777.0,17324.0,10193781.0,15878.0,10193781.0,15878.0,911008.0,1419.0,911008.0,1419.0,16988.0,26.0,16988.0,26.0,11104789.0,17297.0,11104789.0,17297.0,7744531.0,12063.0,7744531.0,12063.0,7577.0,12.0,7577.0,12.0,36111.0,56.0,36111.0,56.0,689104.0,1073.0,689104.0,1073.0,1315411.0,2049.0,1315411.0,2049.0,563149.0,877.0,563149.0,877.0,3055.0,5.0,3055.0,5.0,128336.0,200.0,128336.0,200.0,0.0,0.0,0.0,0.0,553327.0,862.0,553327.0,862.0,56944.0,89.0,56944.0,89.0,7244.0,11.0,7244.0,11.0,0.0,0.0,0.0,0.0,6293232.0,9803.0,6293232.0,9803.0,0.0,0.0,0.0,0.0,1220423.0,1901.0,1220423.0,1901.0,2515618.0,3918.0,2515618.0,3918.0,0.0,0.0,0.0,0.0,0.0,0.0,0.0,0.0,0.0,0.0,0.0,0.0,379970.0,592.0,379970.0,592.0,0.0,0.0,0.0,0.0,0.0,0.0,0.0,0.0,0.0,0.0,0.0,0.0,0.0,0.0,0.0,0.0,0.0,0.0,0.0,0.0
2025-26,budget filed with TEA (PEIMS),101912020,Yates H S,739,11300954.0,15292.0,11300954.0,15292.0,10081134.0,13642.0,10081134.0,13642.0,1182501.0,1600.0,1182501.0,1600.0,37319.0,50.0,37319.0,50.0,11263635.0,15242.0,11263635.0,15242.0,7369575.0,9972.0,7369575.0,9972.0,8406.0,11.0,8406.0,11.0,45067.0,61.0,45067.0,61.0,1007297.0,1363.0,1007297.0,1363.0,1150750.0,1557.0,1150750.0,1557.0,569918.0,771.0,569918.0,771.0,3732.0,5.0,3732.0,5.0,116424.0,158.0,116424.0,158.0,0.0,0.0,0.0,0.0,701255.0,949.0,701255.0,949.0,286451.0,388.0,286451.0,388.0,4400.0,6.0,4400.0,6.0,360.0,0.0,360.0,0.0,4990286.0,6753.0,4990286.0,6753.0,0.0,0.0,0.0,0.0,1234193.0,1670.0,1234193.0,1670.0,3224431.0,4363.0,3224431.0,4363.0,0.0,0.0,0.0,0.0,0.0,0.0,0.0,0.0,0.0,0.0,0.0,0.0,748270.0,1013.0,748270.0,1013.0,0.0,0.0,0.0,0.0,0.0,0.0,0.0,0.0,0.0,0.0,0.0,0.0,0.0,0.0,0.0,0.0,0.0,0.0,0.0,0.0
2025-26,budget filed with TEA (PEIMS),101912247,Young El,357,4015988.0,11249.0,4015988.0,11249.0,3643121.0,10205.0,3643121.0,10205.0,369250.0,1034.0,369250.0,1034.0,3617.0,10.0,3617.0,10.0,4012371.0,11239.0,4012371.0,11239.0,2959305.0,8289.0,2959305.0,8289.0,3608.0,10.0,3608.0,10.0,35924.0,101.0,35924.0,101.0,181876.0,509.0,181876.0,509.0,507904.0,1423.0,507904.0,1423.0,120214.0,337.0,120214.0,337.0,1481.0,4.0,1481.0,4.0,99730.0,279.0,99730.0,279.0,0.0,0.0,0.0,0.0,19085.0,53.0,19085.0,53.0,83244.0,233.0,83244.0,233.0,0.0,0.0,0.0,0.0,0.0,0.0,0.0,0.0,2168338.0,6074.0,2168338.0,6074.0,0.0,0.0,0.0,0.0,0.0,0.0,0.0,0.0,1114556.0,3122.0,1114556.0,3122.0,7200.0,20.0,7200.0,20.0,541240.0,1516.0,541240.0,1516.0,0.0,0.0,0.0,0.0,0.0,0.0,0.0,0.0,0.0,0.0,0.0,0.0,0.0,0.0,0.0,0.0,0.0,0.0,0.0,0.0,0.0,0.0,0.0,0.0,0.0,0.0,0.0,0.0
2025-26,budget filed with TEA (PEIMS),101912463,Young Women's College Prep Academy,444,4373834.0,9851.0,4373834.0,9851.0,3641032.0,8201.0,3641032.0,8201.0,728066.0,1640.0,728066.0,1640.0,4736.0,11.0,4736.0,11.0,4369098.0,9840.0,4369098.0,9840.0,2849616.0,6418.0,2849616.0,6418.0,5483.0,12.0,5483.0,12.0,115138.0,259.0,115138.0,259.0,172600.0,389.0,172600.0,389.0,695730.0,1567.0,695730.0,1567.0,119474.0,269.0,119474.0,269.0,4072.0,9.0,4072.0,9.0,77576.0,175.0,77576.0,175.0,0.0,0.0,0.0,0.0,77034.0,174.0,77034.0,174.0,233375.0,526.0,233375.0,526.0,13000.0,29.0,13000.0,29.0,6000.0,14.0,6000.0,14.0,2252233.0,5073.0,2252233.0,5073.0,14312.0,32.0,14312.0,32.0,836358.0,1884.0,836358.0,1884.0,70532.0,159.0,70532.0,159.0,4590.0,10.0,4590.0,10.0,0.0,0.0,0.0,0.0,0.0,0.0,0.0,0.0,0.0,0.0,0.0,0.0,0.0,0.0,0.0,0.0,0.0,0.0,0.0,0.0,0.0,0.0,0.0,0.0,0.0,0.0,0.0,0.0,0.0,0.0,0.0,0.0
