school_year,campus_id,campus_name,membership,total_exp_6100_6600_gf,total_exp_6100_6600_gf_ps,total_exp_6100_6600_af,total_exp_6100_6600_af_ps,payroll_gf,payroll_gf_ps,payroll_af,payroll_af_ps,other_operating_gf,other_operating_gf_ps,other_operating_af,other_operating_af_ps,non_operating_gf,non_operating_gf_ps,non_operating_af,non_operating_af_ps,total_oper_exp_gf,total_oper_exp_gf_ps,total_oper_exp_af,total_oper_exp_af_ps,f11_instruction_gf,f11_instruction_gf_ps,f11_instruction_af,f11_instruction_af_ps,f12_instr_resources_gf,f12_instr_resources_gf_ps,f12_instr_resources_af,f12_instr_resources_af_ps,f13_curriculum_gf,f13_curriculum_gf_ps,f13_curriculum_af,f13_curriculum_af_ps,f21_instr_leadership_gf,f21_instr_leadership_gf_ps,f21_instr_leadership_af,f21_instr_leadership_af_ps,f23_school_leadership_gf,f23_school_leadership_gf_ps,f23_school_leadership_af,f23_school_leadership_af_ps,f31_guidance_gf,f31_guidance_gf_ps,f31_guidance_af,f31_guidance_af_ps,f32_social_work_gf,f32_social_work_gf_ps,f32_social_work_af,f32_social_work_af_ps,f33_health_gf,f33_health_gf_ps,f33_health_af,f33_health_af_ps,f34_transportation_gf,f34_transportation_gf_ps,f34_transportation_af,f34_transportation_af_ps,f35_food_gf,f35_food_gf_ps,f35_food_af,f35_food_af_ps,f36_extracurricular_gf,f36_extracurricular_gf_ps,f36_extracurricular_af,f36_extracurricular_af_ps,f51_plant_gf,f51_plant_gf_ps,f51_plant_af,f51_plant_af_ps,f52_security_gf,f52_security_gf_ps,f52_security_af,f52_security_af_ps,f53_data_processing_gf,f53_data_processing_gf_ps,f53_data_processing_af,f53_data_processing_af_ps,pic_regular_gf,pic_regular_gf_ps,pic_regular_af,pic_regular_af_ps,pic_gt_gf,pic_gt_gf_ps,pic_gt_af,pic_gt_af_ps,pic_cte_gf,pic_cte_gf_ps,pic_cte_af,pic_cte_af_ps,pic_swd_gf,pic_swd_gf_ps,pic_swd_af,pic_swd_af_ps,pic_comp_ed_gf,pic_comp_ed_gf_ps,pic_comp_ed_af,pic_comp_ed_af_ps,pic_bilingual_gf,pic_bilingual_gf_ps,pic_bilingual_af,pic_bilingual_af_ps,pic_early_ed_gf,pic_early_ed_gf_ps,pic_early_ed_af,pic_early_ed_af_ps,pic_dyslexia_gf,pic_dyslexia_gf_ps,pic_dyslexia_af,pic_dyslexia_af_ps,pic_ccmr_gf,pic_ccmr_gf_ps,pic_ccmr_af,pic_ccmr_af_ps,pic_athletics_gf,pic_athletics_gf_ps,pic_athletics_af,pic_athletics_af_ps,pic_unallocated_gf,pic_unallocated_gf_ps,pic_unallocated_af,pic_unallocated_af_ps
2022-23,101912102,Alcott El,191,2457297.0,12865.0,3227470.0,16898.0,1786406.0,9353.0,2260334.0,11834.0,637866.0,3340.0,925711.0,4847.0,33025.0,173.0,41425.0,217.0,2424272.0,12693.0,3186045.0,16681.0,1329983.0,6963.0,1917783.0,10041.0,82145.0,430.0,83229.0,436.0,20130.0,105.0,20130.0,105.0,27848.0,146.0,27848.0,146.0,243161.0,1273.0,256676.0,1344.0,78569.0,411.0,82029.0,429.0,57497.0,301.0,57497.0,301.0,83366.0,436.0,86908.0,455.0,0.0,0.0,0.0,0.0,0.0,0.0,145129.0,760.0,0.0,0.0,0.0,0.0,501573.0,2626.0,508816.0,2664.0,0.0,0.0,0.0,0.0,0.0,0.0,0.0,0.0,1125159.0,5891.0,1443585.0,7558.0,2858.0,15.0,2858.0,15.0,0.0,0.0,0.0,0.0,494554.0,2589.0,511806.0,2680.0,293824.0,1538.0,544088.0,2849.0,6304.0,33.0,9252.0,48.0,0.0,0.0,0.0,0.0,0.0,0.0,0.0,0.0,0.0,0.0,0.0,0.0,0.0,0.0,0.0,0.0,501573.0,2626.0,674456.0,3531.0
2022-23,101912104,Almeda El,800,5225690.0,6532.0,6411107.0,8014.0,4539674.0,5675.0,5136196.0,6420.0,589361.0,737.0,1178256.0,1473.0,96655.0,121.0,96655.0,121.0,5129035.0,6411.0,6314452.0,7893.0,3884881.0,4856.0,4655972.0,5820.0,44781.0,56.0,44781.0,56.0,85683.0,107.0,85683.0,107.0,71066.0,89.0,71066.0,89.0,566558.0,708.0,566939.0,709.0,141073.0,176.0,145626.0,182.0,57614.0,72.0,72307.0,90.0,99395.0,124.0,102439.0,128.0,0.0,0.0,0.0,0.0,0.0,0.0,349120.0,436.0,0.0,0.0,33767.0,42.0,138738.0,173.0,141746.0,177.0,0.0,0.0,0.0,0.0,50.0,0.0,50.0,0.0,3900153.0,4875.0,4355268.0,5444.0,0.0,0.0,0.0,0.0,0.0,0.0,0.0,0.0,383606.0,480.0,394808.0,494.0,169865.0,212.0,436756.0,546.0,196877.0,246.0,233843.0,292.0,300550.0,376.0,300550.0,376.0,0.0,0.0,0.0,0.0,0.0,0.0,0.0,0.0,0.0,0.0,0.0,0.0,177984.0,222.0,576887.0,721.0
2022-23,101912105,Anderson El,638,4289909.0,6724.0,5362512.0,8405.0,3673724.0,5758.0,4377183.0,6861.0,516865.0,810.0,879609.0,1379.0,99320.0,156.0,105720.0,166.0,4190589.0,6568.0,5256792.0,8239.0,2962522.0,4643.0,3722431.0,5835.0,88832.0,139.0,89940.0,141.0,75203.0,118.0,75203.0,118.0,59233.0,93.0,59233.0,93.0,523815.0,821.0,523937.0,821.0,168712.0,264.0,172143.0,270.0,12507.0,20.0,36740.0,58.0,110187.0,173.0,113685.0,178.0,0.0,0.0,0.0,0.0,0.0,0.0,255576.0,401.0,1650.0,3.0,14758.0,23.0,144804.0,227.0,145515.0,228.0,23662.0,37.0,23662.0,37.0,19462.0,31.0,19462.0,31.0,2622379.0,4110.0,2928386.0,4590.0,1867.0,3.0,1867.0,3.0,0.0,0.0,0.0,0.0,700653.0,1098.0,733834.0,1150.0,320731.0,503.0,682993.0,1071.0,186750.0,293.0,217529.0,341.0,168631.0,264.0,168631.0,264.0,0.0,0.0,0.0,0.0,0.0,0.0,0.0,0.0,0.0,0.0,0.0,0.0,189578.0,297.0,482566.0,756.0
2022-23,101912478,Arabic Immersion Magnet School,538,3105458.0,5772.0,3869230.0,7192.0,2911290.0,5411.0,3523850.0,6550.0,182774.0,340.0,329319.0,612.0,11394.0,21.0,16061.0,30.0,3094064.0,5751.0,3853169.0,7162.0,2262647.0,4206.0,2860644.0,5317.0,84717.0,157.0,85812.0,160.0,103065.0,192.0,103065.0,192.0,29516.0,55.0,29516.0,55.0,350760.0,652.0,350760.0,652.0,146973.0,273.0,149330.0,278.0,5902.0,11.0,24435.0,45.0,72308.0,134.0,76263.0,142.0,0.0,0.0,0.0,0.0,0.0,0.0,117536.0,218.0,9875.0,18.0,27507.0,51.0,28301.0,53.0,28301.0,53.0,0.0,0.0,0.0,0.0,0.0,0.0,0.0,0.0,2697103.0,5013.0,3020370.0,5614.0,2160.0,4.0,2160.0,4.0,0.0,0.0,0.0,0.0,17228.0,32.0,17228.0,32.0,133713.0,249.0,206732.0,384.0,205289.0,382.0,370897.0,689.0,395.0,1.0,395.0,1.0,0.0,0.0,0.0,0.0,0.0,0.0,0.0,0.0,0.0,0.0,0.0,0.0,38176.0,71.0,199284.0,370.0
2022-23,101912273,Ashford El,561,4007723.0,7144.0,5385108.0,9599.0,3398302.0,6058.0,4319374.0,7699.0,593833.0,1059.0,1049088.0,1870.0,15588.0,28.0,16646.0,30.0,3992135.0,7116.0,5368462.0,9569.0,2924790.0,5214.0,4011029.0,7150.0,77333.0,138.0,77333.0,138.0,48993.0,87.0,69437.0,124.0,59795.0,107.0,59795.0,107.0,416354.0,742.0,416759.0,743.0,177681.0,317.0,180943.0,323.0,17990.0,32.0,49723.0,89.0,92935.0,166.0,96469.0,172.0,0.0,0.0,0.0,0.0,0.0,0.0,169925.0,303.0,206.0,0.0,40819.0,73.0,175958.0,314.0,177856.0,317.0,0.0,0.0,9233.0,16.0,0.0,0.0,0.0,0.0,2347781.0,4185.0,2861696.0,5101.0,1250.0,2.0,1250.0,2.0,0.0,0.0,0.0,0.0,770477.0,1373.0,921115.0,1642.0,411185.0,733.0,812241.0,1448.0,37354.0,67.0,51962.0,93.0,247824.0,442.0,247824.0,442.0,0.0,0.0,0.0,0.0,0.0,0.0,0.0,0.0,0.0,0.0,0.0,0.0,176264.0,314.0,418352.0,746.0
2022-23,101912274,AskewEl,890,6058294.0,6807.0,7108892.0,7988.0,5331215.0,5990.0,6081359.0,6833.0,713174.0,801.0,1013628.0,1139.0,13905.0,16.0,13905.0,16.0,6044389.0,6791.0,7094987.0,7972.0,4613820.0,5184.0,5377194.0,6042.0,96821.0,109.0,96821.0,109.0,175128.0,197.0,175128.0,197.0,104016.0,117.0,104016.0,117.0,450037.0,506.0,450037.0,506.0,159782.0,180.0,164352.0,185.0,134126.0,151.0,157277.0,177.0,127938.0,144.0,131445.0,148.0,0.0,0.0,0.0,0.0,0.0,0.0,247733.0,278.0,8410.0,9.0,10660.0,12.0,174311.0,196.0,175810.0,198.0,0.0,0.0,0.0,0.0,0.0,0.0,0.0,0.0,3568183.0,4009.0,4000065.0,4494.0,156122.0,175.0,164164.0,184.0,0.0,0.0,0.0,0.0,774662.0,870.0,802556.0,902.0,917164.0,1031.0,1142237.0,1283.0,151350.0,170.0,168286.0,189.0,294187.0,331.0,294187.0,331.0,0.0,0.0,0.0,0.0,0.0,0.0,0.0,0.0,0.0,0.0,0.0,0.0,182721.0,205.0,462481.0,520.0
2022-23,101912106,Atherton El,430,3502534.0,8145.0,4167835.0,9693.0,3117653.0,7250.0,3554421.0,8266.0,349394.0,813.0,577927.0,1344.0,35487.0,83.0,35487.0,83.0,3467047.0,8063.0,4132348.0,9610.0,2385418.0,5547.0,2841962.0,6609.0,79469.0,185.0,79469.0,185.0,221215.0,514.0,221215.0,514.0,44896.0,104.0,44896.0,104.0,355529.0,827.0,355529.0,827.0,152426.0,354.0,154798.0,360.0,6676.0,16.0,9948.0,23.0,84262.0,196.0,88013.0,205.0,0.0,0.0,0.0,0.0,0.0,0.0,197078.0,458.0,0.0,0.0,0.0,0.0,137156.0,319.0,139440.0,324.0,0.0,0.0,0.0,0.0,0.0,0.0,0.0,0.0,2551047.0,5933.0,2773972.0,6451.0,475.0,1.0,475.0,1.0,0.0,0.0,0.0,0.0,647248.0,1505.0,679380.0,1580.0,85106.0,198.0,289865.0,674.0,3102.0,7.0,3102.0,7.0,42913.0,100.0,42913.0,100.0,0.0,0.0,0.0,0.0,0.0,0.0,0.0,0.0,0.0,0.0,0.0,0.0,137156.0,319.0,342641.0,797.0
2022-23,101912041,Attucks Middle,439,5393477.0,12286.0,7416648.0,16894.0,4334641.0,9874.0,5641140.0,12850.0,1021805.0,2328.0,1513710.0,3448.0,37031.0,84.0,261798.0,596.0,5356446.0,12201.0,7154850.0,16298.0,3421347.0,7794.0,4826215.0,10994.0,88034.0,201.0,88034.0,201.0,27046.0,62.0,84791.0,193.0,84646.0,193.0,84646.0,193.0,518841.0,1182.0,518841.0,1182.0,367587.0,837.0,374638.0,853.0,52536.0,120.0,66274.0,151.0,103274.0,235.0,106812.0,243.0,0.0,0.0,0.0,0.0,0.0,0.0,211181.0,481.0,102704.0,234.0,142428.0,324.0,590431.0,1345.0,597018.0,1360.0,0.0,0.0,53072.0,121.0,0.0,0.0,0.0,0.0,2744461.0,6252.0,3327564.0,7580.0,0.0,0.0,0.0,0.0,137770.0,314.0,140140.0,319.0,1256772.0,2863.0,1302226.0,2966.0,524308.0,1194.0,1368032.0,3116.0,0.0,0.0,0.0,0.0,0.0,0.0,0.0,0.0,0.0,0.0,0.0,0.0,0.0,0.0,0.0,0.0,102704.0,234.0,102704.0,234.0,590431.0,1345.0,914184.0,2082.0
2022-23,101912001,Austin H S,1436,12147691.0,8459.0,15157991.0,10556.0,10413773.0,7252.0,12112494.0,8435.0,1614564.0,1124.0,2671339.0,1860.0,119354.0,83.0,374158.0,261.0,12028337.0,8376.0,14783833.0,10295.0,7439372.0,5181.0,9219445.0,6420.0,53506.0,37.0,53506.0,37.0,191697.0,133.0,193019.0,134.0,265856.0,185.0,265856.0,185.0,1839246.0,1281.0,1914710.0,1333.0,729150.0,508.0,1009275.0,703.0,81776.0,57.0,81776.0,57.0,117593.0,82.0,121123.0,84.0,0.0,0.0,0.0,0.0,0.0,0.0,463414.0,323.0,456838.0,318.0,546857.0,381.0,541192.0,377.0,546415.0,381.0,132196.0,92.0,132196.0,92.0,143727.0,100.0,143727.0,100.0,5175762.0,3604.0,6313091.0,4396.0,69679.0,49.0,69679.0,49.0,2117282.0,1474.0,2200241.0,1532.0,2229775.0,1553.0,2399195.0,1671.0,687806.0,479.0,1350618.0,941.0,69326.0,48.0,69326.0,48.0,0.0,0.0,0.0,0.0,0.0,0.0,0.0,0.0,368566.0,257.0,371191.0,258.0,416857.0,290.0,416857.0,290.0,893284.0,622.0,1593409.0,1110.0
2022-23,101912107,Barrick El,485,3730640.0,7692.0,4798965.0,9895.0,3159673.0,6515.0,3839864.0,7917.0,541964.0,1117.0,930098.0,1918.0,29003.0,60.0,29003.0,60.0,3701637.0,7632.0,4769962.0,9835.0,2638591.0,5440.0,3402595.0,7016.0,84938.0,175.0,86041.0,177.0,80423.0,166.0,81883.0,169.0,49855.0,103.0,49855.0,103.0,337160.0,695.0,337221.0,695.0,156043.0,322.0,159504.0,329.0,17391.0,36.0,38793.0,80.0,106738.0,220.0,110259.0,227.0,0.0,0.0,0.0,0.0,0.0,0.0,235634.0,486.0,35582.0,73.0,63227.0,130.0,168725.0,348.0,170782.0,352.0,135.0,0.0,135.0,0.0,26056.0,54.0,26056.0,54.0,2349544.0,4844.0,2677454.0,5521.0,2044.0,4.0,2044.0,4.0,0.0,0.0,0.0,0.0,332286.0,685.0,338100.0,697.0,260820.0,538.0,621682.0,1282.0,204001.0,421.0,234507.0,484.0,322444.0,665.0,322444.0,665.0,0.0,0.0,0.0,0.0,0.0,0.0,0.0,0.0,0.0,0.0,0.0,0.0,230498.0,475.0,516424.0,1065.0
2022-23,101912108,Bastian El,646,4119925.0,6378.0,5739434.0,8885.0,3440777.0,5326.0,4402722.0,6815.0,655426.0,1015.0,1245627.0,1928.0,23722.0,37.0,91085.0,141.0,4096203.0,6341.0,5648349.0,8744.0,3127734.0,4842.0,4355198.0,6742.0,57029.0,88.0,57029.0,88.0,45571.0,71.0,45571.0,71.0,46916.0,73.0,46916.0,73.0,303570.0,470.0,303570.0,470.0,122353.0,189.0,124689.0,193.0,6677.0,10.0,31597.0,49.0,111233.0,172.0,114735.0,178.0,0.0,0.0,0.0,0.0,0.0,0.0,287285.0,445.0,750.0,1.0,750.0,1.0,189652.0,294.0,191299.0,296.0,0.0,0.0,0.0,0.0,60048.0,93.0,60048.0,93.0,2981237.0,4615.0,3726643.0,5769.0,956.0,1.0,956.0,1.0,0.0,0.0,0.0,0.0,412005.0,638.0,554392.0,858.0,162730.0,252.0,497016.0,769.0,24321.0,38.0,38996.0,60.0,239834.0,371.0,239834.0,371.0,0.0,0.0,0.0,0.0,0.0,0.0,0.0,0.0,0.0,0.0,0.0,0.0,275120.0,426.0,569890.0,882.0
2022-23,101912467,Baylor College Of Medicine Academy,385,3703366.0,9619.0,4425324.0,11494.0,3031548.0,7874.0,3435444.0,8923.0,564111.0,1465.0,713448.0,1853.0,107707.0,280.0,276432.0,718.0,3595659.0,9339.0,4148892.0,10776.0,2366363.0,6146.0,2736809.0,7109.0,79420.0,206.0,80529.0,209.0,146804.0,381.0,188803.0,490.0,43200.0,112.0,43200.0,112.0,510163.0,1325.0,510163.0,1325.0,161241.0,419.0,164683.0,428.0,38489.0,100.0,45551.0,118.0,86925.0,226.0,90464.0,235.0,0.0,0.0,0.0,0.0,0.0,0.0,125636.0,326.0,0.0,0.0,0.0,0.0,163054.0,424.0,163054.0,424.0,0.0,0.0,0.0,0.0,0.0,0.0,0.0,0.0,2134487.0,5544.0,2274006.0,5907.0,261.0,1.0,261.0,1.0,151038.0,392.0,151038.0,392.0,328715.0,854.0,340321.0,884.0,716547.0,1861.0,942249.0,2447.0,0.0,0.0,0.0,0.0,0.0,0.0,0.0,0.0,0.0,0.0,0.0,0.0,101557.0,264.0,102632.0,267.0,0.0,0.0,0.0,0.0,163054.0,424.0,338385.0,879.0
2022-23,101912234,Baylor College Of Medicine Biotech,341,3726545.0,10928.0,4203333.0,12326.0,3121081.0,9153.0,3426312.0,10048.0,570291.0,1672.0,716257.0,2100.0,35173.0,103.0,60764.0,178.0,3691372.0,10825.0,4142569.0,12148.0,2398010.0,7032.0,2666830.0,7821.0,84943.0,249.0,84943.0,249.0,259368.0,761.0,302456.0,887.0,31668.0,93.0,31668.0,93.0,462333.0,1356.0,462333.0,1356.0,129534.0,380.0,132794.0,389.0,6072.0,18.0,23745.0,70.0,97921.0,287.0,101438.0,297.0,0.0,0.0,0.0,0.0,0.0,0.0,110648.0,324.0,4230.0,12.0,8421.0,25.0,179713.0,527.0,179713.0,527.0,36003.0,106.0,36003.0,106.0,1577.0,5.0,1577.0,5.0,3040190.0,8916.0,3106753.0,9111.0,249.0,1.0,249.0,1.0,9880.0,29.0,9880.0,29.0,159036.0,466.0,164836.0,483.0,179119.0,525.0,384945.0,1129.0,870.0,3.0,870.0,3.0,0.0,0.0,0.0,0.0,0.0,0.0,0.0,0.0,80505.0,236.0,81525.0,239.0,0.0,0.0,0.0,0.0,221523.0,650.0,393511.0,1154.0
2022-23,101912151,Bell El,547,4612217.0,8432.0,5686399.0,10396.0,4077908.0,7455.0,4731108.0,8649.0,504429.0,922.0,925411.0,1692.0,29880.0,55.0,29880.0,55.0,4582337.0,8377.0,5656519.0,10341.0,3282378.0,6001.0,4074208.0,7448.0,83497.0,153.0,83497.0,153.0,177467.0,324.0,222934.0,408.0,67651.0,124.0,67651.0,124.0,512667.0,937.0,512792.0,937.0,94828.0,173.0,100186.0,183.0,94692.0,173.0,124606.0,228.0,118869.0,217.0,122377.0,224.0,0.0,0.0,0.0,0.0,0.0,0.0,175832.0,321.0,4300.0,8.0,19202.0,35.0,142897.0,261.0,145516.0,266.0,0.0,0.0,0.0,0.0,3091.0,6.0,3091.0,6.0,3006854.0,5497.0,3396202.0,6209.0,1389.0,3.0,1389.0,3.0,0.0,0.0,0.0,0.0,735318.0,1344.0,774901.0,1417.0,219826.0,402.0,542710.0,992.0,155350.0,284.0,186282.0,341.0,314359.0,575.0,314359.0,575.0,0.0,0.0,0.0,0.0,0.0,0.0,0.0,0.0,0.0,0.0,0.0,0.0,149241.0,273.0,399178.0,730.0
2022-23,101912002,Bellaire H S,3160,28248275.0,8939.0,41215101.0,13043.0,19986032.0,6325.0,22082129.0,6988.0,-9243658.0,-2925.0,-7954889.0,-2517.0,17505901.0,5540.0,27087861.0,8572.0,10742374.0,3399.0,14127240.0,4471.0,11126473.0,3521.0,12955121.0,4100.0,62523.0,20.0,62523.0,20.0,174886.0,55.0,204886.0,65.0,205222.0,65.0,205222.0,65.0,2330017.0,737.0,2332799.0,738.0,-87601.0,-28.0,305415.0,97.0,-237723.0,-75.0,-208295.0,-66.0,193147.0,61.0,196654.0,62.0,0.0,0.0,0.0,0.0,0.0,0.0,436436.0,138.0,881238.0,279.0,1530600.0,484.0,837053.0,265.0,840111.0,266.0,147786.0,47.0,147786.0,47.0,-4890647.0,-1548.0,-4890647.0,-1548.0,11595552.0,3669.0,12805177.0,4052.0,160870.0,51.0,178247.0,56.0,1431567.0,453.0,1529031.0,484.0,2203725.0,697.0,2292939.0,726.0,719551.0,228.0,1544259.0,489.0,65889.0,21.0,76283.0,24.0,-2950000.0,-934.0,-2950000.0,-934.0,0.0,0.0,0.0,0.0,543948.0,172.0,588379.0,186.0,630470.0,200.0,630470.0,200.0,-3659198.0,-1158.0,-2576174.0,-815.0
2022-23,101912360,Bellfort Early Childhood Center,360,2898496.0,8051.0,3800667.0,10557.0,2207186.0,6131.0,2760206.0,7667.0,666504.0,1851.0,960897.0,2669.0,24806.0,69.0,79564.0,221.0,2873690.0,7982.0,3721103.0,10336.0,2018743.0,5608.0,2515248.0,6987.0,11801.0,33.0,11801.0,33.0,66463.0,185.0,66463.0,185.0,35819.0,99.0,35819.0,99.0,327886.0,911.0,495239.0,1376.0,52333.0,145.0,52333.0,145.0,11704.0,33.0,38649.0,107.0,82386.0,229.0,85927.0,239.0,0.0,0.0,0.0,0.0,0.0,0.0,144059.0,400.0,0.0,0.0,4130.0,11.0,239596.0,666.0,240549.0,668.0,0.0,0.0,0.0,0.0,26061.0,72.0,26061.0,72.0,1497518.0,4160.0,1686434.0,4685.0,242.0,1.0,242.0,1.0,0.0,0.0,0.0,0.0,285974.0,794.0,291728.0,810.0,156961.0,436.0,361541.0,1004.0,160801.0,447.0,176506.0,490.0,506537.0,1407.0,506537.0,1407.0,0.0,0.0,0.0,0.0,0.0,0.0,0.0,0.0,0.0,0.0,0.0,0.0,265657.0,738.0,596104.0,1656.0
2022-23,101912295,Benavidez El,919,6015538.0,6546.0,8183760.0,8905.0,5108658.0,5559.0,6314995.0,6872.0,784569.0,854.0,1738054.0,1891.0,122311.0,133.0,130711.0,142.0,5893227.0,6413.0,8053049.0,8763.0,4328527.0,4710.0,5878842.0,6397.0,83550.0,91.0,84636.0,92.0,124832.0,136.0,139732.0,152.0,91190.0,99.0,91190.0,99.0,500754.0,545.0,575314.0,626.0,220695.0,240.0,225449.0,245.0,39873.0,43.0,60876.0,66.0,106927.0,116.0,110449.0,120.0,0.0,0.0,0.0,0.0,0.0,0.0,394598.0,429.0,0.0,0.0,81915.0,89.0,309573.0,337.0,312551.0,340.0,17204.0,19.0,18858.0,21.0,43016.0,47.0,43016.0,47.0,3756929.0,4088.0,4716360.0,5132.0,0.0,0.0,0.0,0.0,0.0,0.0,0.0,0.0,703217.0,765.0,728439.0,793.0,662169.0,721.0,1188783.0,1294.0,370323.0,403.0,438911.0,478.0,4070.0,4.0,4070.0,4.0,0.0,0.0,0.0,0.0,0.0,0.0,0.0,0.0,0.0,0.0,0.0,0.0,369969.0,403.0,949936.0,1034.0
2022-23,101912268,Benbrook El,482,3310675.0,6869.0,4208241.0,8731.0,2910522.0,6038.0,3464237.0,7187.0,370009.0,768.0,713860.0,1481.0,30144.0,63.0,30144.0,63.0,3280531.0,6806.0,4178097.0,8668.0,2297743.0,4767.0,2908108.0,6033.0,94007.0,195.0,94007.0,195.0,66017.0,137.0,66017.0,137.0,35943.0,75.0,35943.0,75.0,401999.0,834.0,401999.0,834.0,155334.0,322.0,158766.0,329.0,16965.0,35.0,58283.0,121.0,109154.0,226.0,112662.0,234.0,0.0,0.0,0.0,0.0,0.0,0.0,218113.0,453.0,2167.0,4.0,8683.0,18.0,96774.0,201.0,99246.0,206.0,152.0,0.0,152.0,0.0,0.0,0.0,0.0,0.0,2024947.0,4201.0,2285271.0,4741.0,1787.0,4.0,1787.0,4.0,0.0,0.0,0.0,0.0,241336.0,501.0,330865.0,686.0,397694.0,825.0,629144.0,1305.0,205526.0,426.0,233820.0,485.0,309868.0,643.0,309868.0,643.0,0.0,0.0,0.0,0.0,0.0,0.0,0.0,0.0,0.0,0.0,0.0,0.0,99373.0,206.0,355540.0,738.0
2022-23,101912109,Berry El,804,5743456.0,7144.0,7864528.0,9782.0,4878224.0,6067.0,6088695.0,7573.0,728929.0,907.0,1633130.0,2031.0,136303.0,170.0,142703.0,177.0,5607153.0,6974.0,7721825.0,9604.0,4119358.0,5124.0,5258063.0,6540.0,98049.0,122.0,99142.0,123.0,192207.0,239.0,193227.0,240.0,78075.0,97.0,78075.0,97.0,607154.0,755.0,657799.0,818.0,114545.0,142.0,201186.0,250.0,34300.0,43.0,366041.0,455.0,98431.0,122.0,101954.0,127.0,0.0,0.0,0.0,0.0,0.0,0.0,347037.0,432.0,0.0,0.0,13917.0,17.0,130437.0,162.0,175422.0,218.0,29684.0,37.0,74211.0,92.0,104913.0,130.0,104913.0,130.0,3447040.0,4287.0,3936389.0,4896.0,1825.0,2.0,1825.0,2.0,0.0,0.0,0.0,0.0,604642.0,752.0,656029.0,816.0,568414.0,707.0,1194016.0,1485.0,246000.0,306.0,297069.0,369.0,474198.0,590.0,474198.0,590.0,0.0,0.0,0.0,0.0,0.0,0.0,0.0,0.0,0.0,0.0,0.0,0.0,265034.0,330.0,1105898.0,1375.0
2022-23,101912042,Black Middle,1327,8437015.0,6358.0,9924433.0,7479.0,7368066.0,5552.0,8321851.0,6271.0,964898.0,727.0,1453115.0,1095.0,104051.0,78.0,149467.0,113.0,8332964.0,6280.0,9774966.0,7366.0,5941414.0,4477.0,6923635.0,5218.0,83452.0,63.0,83452.0,63.0,145122.0,109.0,146390.0,110.0,120918.0,91.0,120918.0,91.0,1010673.0,762.0,1014965.0,765.0,373539.0,281.0,379350.0,286.0,25131.0,19.0,37982.0,29.0,113201.0,85.0,116718.0,88.0,0.0,0.0,0.0,0.0,0.0,0.0,290410.0,219.0,209862.0,158.0,342059.0,258.0,301688.0,227.0,306166.0,231.0,7964.0,6.0,11156.0,8.0,0.0,0.0,0.0,0.0,5589063.0,4212.0,6144887.0,4631.0,26435.0,20.0,26435.0,20.0,114021.0,86.0,114021.0,86.0,1368517.0,1031.0,1417015.0,1068.0,476056.0,359.0,866081.0,653.0,71396.0,54.0,74352.0,56.0,0.0,0.0,0.0,0.0,0.0,0.0,0.0,0.0,167962.0,127.0,169045.0,127.0,197062.0,149.0,204162.0,154.0,322452.0,243.0,758968.0,572.0
2022-23,101912110,Blackshear El,308,2987238.0,9699.0,3935306.0,12777.0,2429528.0,7888.0,3041915.0,9876.0,485743.0,1577.0,821424.0,2667.0,71967.0,234.0,71967.0,234.0,2915271.0,9465.0,3863339.0,12543.0,1934698.0,6281.0,2706796.0,8788.0,97982.0,318.0,97982.0,318.0,37678.0,122.0,37678.0,122.0,35315.0,115.0,35315.0,115.0,422096.0,1370.0,423502.0,1375.0,54562.0,177.0,55803.0,181.0,87100.0,283.0,89472.0,290.0,85815.0,279.0,89353.0,290.0,0.0,0.0,0.0,0.0,0.0,0.0,164204.0,533.0,0.0,0.0,935.0,3.0,160025.0,520.0,162299.0,527.0,0.0,0.0,0.0,0.0,0.0,0.0,0.0,0.0,1613484.0,5239.0,1957306.0,6355.0,125.0,0.0,125.0,0.0,0.0,0.0,0.0,0.0,605926.0,1967.0,674617.0,2190.0,200339.0,650.0,555504.0,1804.0,798.0,3.0,798.0,3.0,334574.0,1086.0,334574.0,1086.0,0.0,0.0,0.0,0.0,0.0,0.0,0.0,0.0,0.0,0.0,0.0,0.0,160025.0,520.0,334589.0,1086.0
2022-23,101912111,Bonham El,979,6448501.0,6587.0,8593322.0,8778.0,5251474.0,5364.0,6187661.0,6320.0,1036638.0,1059.0,2200510.0,2248.0,160389.0,164.0,205151.0,210.0,6288112.0,6423.0,8388171.0,8568.0,4651454.0,4751.0,6125052.0,6256.0,80304.0,82.0,80304.0,82.0,124034.0,127.0,137306.0,140.0,75909.0,78.0,75909.0,78.0,656258.0,670.0,656476.0,671.0,210199.0,215.0,212566.0,217.0,12564.0,13.0,120664.0,123.0,110300.0,113.0,113819.0,116.0,0.0,0.0,0.0,0.0,0.0,0.0,482932.0,493.0,1800.0,2.0,13716.0,14.0,305189.0,312.0,309326.0,316.0,0.0,0.0,0.0,0.0,60101.0,61.0,60101.0,61.0,4331528.0,4424.0,5252865.0,5366.0,1430.0,1.0,1430.0,1.0,0.0,0.0,0.0,0.0,505062.0,516.0,522479.0,534.0,549547.0,561.0,1082951.0,1106.0,249779.0,255.0,308325.0,315.0,283676.0,290.0,283676.0,290.0,0.0,0.0,0.0,0.0,0.0,0.0,0.0,0.0,0.0,0.0,0.0,0.0,367090.0,375.0,930638.0,951.0
2022-23,101912112,Bonner El,612,5085674.0,8310.0,6457617.0,10552.0,4419824.0,7222.0,5159193.0,8430.0,541133.0,884.0,1173707.0,1918.0,124717.0,204.0,124717.0,204.0,4960957.0,8106.0,6332900.0,10348.0,3605831.0,5892.0,4508414.0,7367.0,113279.0,185.0,113279.0,185.0,106647.0,174.0,106678.0,174.0,86381.0,141.0,86381.0,141.0,475806.0,777.0,475806.0,777.0,117127.0,191.0,117127.0,191.0,96207.0,157.0,139766.0,228.0,109075.0,178.0,112613.0,184.0,0.0,0.0,0.0,0.0,0.0,0.0,363209.0,593.0,126.0,0.0,29703.0,49.0,167801.0,274.0,172277.0,281.0,1950.0,3.0,1950.0,3.0,80727.0,132.0,80727.0,132.0,2829045.0,4623.0,3317018.0,5420.0,2408.0,4.0,2408.0,4.0,0.0,0.0,0.0,0.0,962571.0,1573.0,989791.0,1617.0,242533.0,396.0,607084.0,992.0,274866.0,449.0,323813.0,529.0,398930.0,652.0,398930.0,652.0,0.0,0.0,0.0,0.0,0.0,0.0,0.0,0.0,0.0,0.0,0.0,0.0,250604.0,409.0,663628.0,1084.0
2022-23,101912114,Braeburn El,826,5610705.0,6793.0,7721401.0,9348.0,4859776.0,5884.0,6154041.0,7450.0,645631.0,782.0,1600471.0,1938.0,105298.0,127.0,-33111.0,-40.0,5505407.0,6665.0,7754512.0,9388.0,4054257.0,4908.0,5732054.0,6940.0,181015.0,219.0,181015.0,219.0,98546.0,119.0,98546.0,119.0,79669.0,96.0,79669.0,96.0,702171.0,850.0,723190.0,876.0,113938.0,138.0,117034.0,142.0,91066.0,110.0,146529.0,177.0,104257.0,126.0,108340.0,131.0,0.0,0.0,0.0,0.0,3.0,0.0,436935.0,529.0,0.0,0.0,33709.0,41.0,78290.0,95.0,79033.0,96.0,0.0,0.0,0.0,0.0,50.0,0.0,50.0,0.0,3663419.0,4435.0,4277796.0,5179.0,738.0,1.0,738.0,1.0,0.0,0.0,0.0,0.0,732384.0,887.0,880791.0,1066.0,312899.0,379.0,1220206.0,1477.0,320516.0,388.0,347685.0,421.0,394963.0,478.0,394963.0,478.0,0.0,0.0,0.0,0.0,0.0,0.0,0.0,0.0,0.0,0.0,0.0,0.0,80488.0,97.0,629373.0,762.0
2022-23,101912116,Briargrove El,824,5316385.0,6452.0,6365918.0,7726.0,4611078.0,5596.0,5212618.0,6326.0,581754.0,706.0,986363.0,1197.0,123553.0,150.0,166937.0,203.0,5192832.0,6302.0,6198981.0,7523.0,4010047.0,4867.0,4676144.0,5675.0,91699.0,111.0,92799.0,113.0,57915.0,70.0,85024.0,103.0,77374.0,94.0,77374.0,94.0,466632.0,566.0,466632.0,566.0,205358.0,249.0,209994.0,255.0,22124.0,27.0,56092.0,68.0,100264.0,122.0,105858.0,128.0,0.0,0.0,0.0,0.0,0.0,0.0,226850.0,275.0,316.0,0.0,36891.0,45.0,161103.0,196.0,163142.0,198.0,0.0,0.0,0.0,0.0,0.0,0.0,0.0,0.0,3569859.0,4332.0,3986937.0,4839.0,2170.0,3.0,2170.0,3.0,0.0,0.0,0.0,0.0,765068.0,928.0,779975.0,947.0,451660.0,548.0,712329.0,864.0,26783.0,33.0,26783.0,33.0,215873.0,262.0,215873.0,262.0,0.0,0.0,0.0,0.0,0.0,0.0,0.0,0.0,0.0,0.0,0.0,0.0,161419.0,196.0,445256.0,540.0
2022-23,101912344,Briarmeadow Charter,600,4508994.0,7515.0,5181414.0,8636.0,3928316.0,6547.0,4433948.0,7390.0,492921.0,822.0,659709.0,1100.0,87757.0,146.0,87757.0,146.0,4421237.0,7369.0,5093657.0,8489.0,3306484.0,5511.0,3826598.0,6378.0,90716.0,151.0,91824.0,153.0,57629.0,96.0,57629.0,96.0,68673.0,114.0,68673.0,114.0,464572.0,774.0,464638.0,774.0,188597.0,314.0,190964.0,318.0,7452.0,12.0,7452.0,12.0,94012.0,157.0,97366.0,162.0,0.0,0.0,0.0,0.0,0.0,0.0,137857.0,230.0,4350.0,7.0,7906.0,13.0,129802.0,216.0,129804.0,216.0,8892.0,15.0,9043.0,15.0,58.0,0.0,58.0,0.0,3022158.0,5037.0,3332361.0,5554.0,8724.0,15.0,8724.0,15.0,0.0,0.0,0.0,0.0,787648.0,1313.0,810853.0,1351.0,162025.0,270.0,310050.0,517.0,87251.0,145.0,87251.0,145.0,210329.0,351.0,210329.0,351.0,0.0,0.0,0.0,0.0,0.0,0.0,0.0,0.0,0.0,0.0,0.0,0.0,143102.0,239.0,291563.0,486.0
2022-23,101912117,Briscoe El,193,2466390.0,12779.0,3193653.0,16547.0,1899441.0,9842.0,2369581.0,12278.0,514499.0,2666.0,741675.0,3843.0,52450.0,272.0,82397.0,427.0,2413940.0,12507.0,3111256.0,16120.0,1325973.0,6870.0,1868894.0,9683.0,74195.0,384.0,74195.0,384.0,28890.0,150.0,29719.0,154.0,31174.0,162.0,31174.0,162.0,422379.0,2188.0,422379.0,2188.0,130898.0,678.0,133267.0,691.0,11786.0,61.0,27951.0,145.0,86499.0,448.0,90025.0,466.0,0.0,0.0,0.0,0.0,0.0,0.0,117696.0,610.0,0.0,0.0,10535.0,55.0,302146.0,1566.0,303841.0,1574.0,0.0,0.0,0.0,0.0,0.0,0.0,0.0,0.0,1160191.0,6011.0,1467503.0,7604.0,0.0,0.0,0.0,0.0,0.0,0.0,0.0,0.0,503289.0,2608.0,516375.0,2676.0,227752.0,1180.0,424411.0,2199.0,65114.0,337.0,83392.0,432.0,155448.0,805.0,155448.0,805.0,0.0,0.0,0.0,0.0,0.0,0.0,0.0,0.0,0.0,0.0,0.0,0.0,302146.0,1566.0,443673.0,2299.0
2022-23,101912119,Brookline El,729,5190362.0,7120.0,6940405.0,9520.0,4635873.0,6359.0,5788393.0,7940.0,484551.0,665.0,1070504.0,1468.0,69938.0,96.0,81508.0,112.0,5120424.0,7024.0,6858897.0,9409.0,4005569.0,5495.0,5129852.0,7037.0,40392.0,55.0,43479.0,60.0,134196.0,184.0,138015.0,189.0,79454.0,109.0,79454.0,109.0,345732.0,474.0,367633.0,504.0,185446.0,254.0,187825.0,258.0,33892.0,46.0,81070.0,111.0,93461.0,128.0,96990.0,133.0,0.0,0.0,0.0,0.0,0.0,0.0,391926.0,538.0,0.0,0.0,132728.0,182.0,202282.0,277.0,204165.0,280.0,0.0,0.0,0.0,0.0,0.0,0.0,0.0,0.0,3146467.0,4316.0,3815425.0,5234.0,0.0,0.0,0.0,0.0,0.0,0.0,0.0,0.0,363026.0,498.0,389701.0,535.0,671900.0,922.0,1076078.0,1476.0,357156.0,490.0,413385.0,567.0,379593.0,521.0,379593.0,521.0,0.0,0.0,0.0,0.0,0.0,0.0,0.0,0.0,0.0,0.0,0.0,0.0,202282.0,277.0,756985.0,1038.0
2022-23,101912120,Browning El,409,3327369.0,8135.0,4136468.0,10114.0,2853962.0,6978.0,3356615.0,8207.0,464588.0,1136.0,747333.0,1827.0,8819.0,22.0,32520.0,80.0,3318550.0,8114.0,4103948.0,10034.0,2470044.0,6039.0,2996622.0,7327.0,89088.0,218.0,90173.0,220.0,93961.0,230.0,102518.0,251.0,39837.0,97.0,39837.0,97.0,369233.0,903.0,369233.0,903.0,58231.0,142.0,58231.0,142.0,17179.0,42.0,26446.0,65.0,93327.0,228.0,96837.0,237.0,0.0,0.0,0.0,0.0,0.0,0.0,205313.0,502.0,0.0,0.0,26830.0,66.0,87005.0,213.0,91263.0,223.0,0.0,0.0,0.0,0.0,645.0,2.0,645.0,2.0,1994618.0,4877.0,2181124.0,5333.0,0.0,0.0,0.0,0.0,0.0,0.0,0.0,0.0,367323.0,898.0,381534.0,933.0,195646.0,478.0,473540.0,1158.0,86066.0,210.0,117147.0,286.0,587247.0,1436.0,587247.0,1436.0,0.0,0.0,0.0,0.0,0.0,0.0,0.0,0.0,0.0,0.0,0.0,0.0,87650.0,214.0,328646.0,804.0
2022-23,101912121,Bruce El,306,2912582.0,9518.0,4034446.0,13184.0,2369368.0,7743.0,2980713.0,9741.0,530980.0,1735.0,1024389.0,3348.0,12234.0,40.0,29344.0,96.0,2900348.0,9478.0,4005102.0,13089.0,1944303.0,6354.0,2803246.0,9161.0,68494.0,224.0,68494.0,224.0,124664.0,407.0,165104.0,540.0,37175.0,121.0,37175.0,121.0,326565.0,1067.0,326565.0,1067.0,155429.0,508.0,157787.0,516.0,1153.0,4.0,1118.0,4.0,91795.0,300.0,95318.0,311.0,0.0,0.0,0.0,0.0,0.0,0.0,194215.0,635.0,0.0,0.0,517.0,2.0,150770.0,493.0,154086.0,504.0,0.0,0.0,0.0,0.0,0.0,0.0,0.0,0.0,2109437.0,6894.0,2482715.0,8113.0,0.0,0.0,0.0,0.0,0.0,0.0,0.0,0.0,387634.0,1267.0,436726.0,1427.0,60533.0,198.0,516455.0,1688.0,45063.0,147.0,45063.0,147.0,146911.0,480.0,146911.0,480.0,0.0,0.0,0.0,0.0,0.0,0.0,0.0,0.0,0.0,0.0,0.0,0.0,150770.0,493.0,355760.0,1163.0
2022-23,101912122,Burbank El,807,5839471.0,7236.0,7224678.0,8953.0,5077565.0,6292.0,5917856.0,7333.0,746925.0,926.0,1273750.0,1578.0,14981.0,19.0,33072.0,41.0,5824490.0,7217.0,7191606.0,8912.0,4624527.0,5731.0,5514390.0,6833.0,82611.0,102.0,83710.0,104.0,184014.0,228.0,185116.0,229.0,78417.0,97.0,78417.0,97.0,427155.0,529.0,427155.0,529.0,148694.0,184.0,151069.0,187.0,28694.0,36.0,96845.0,120.0,101486.0,126.0,105007.0,130.0,0.0,0.0,0.0,0.0,0.0,0.0,399079.0,495.0,0.0,0.0,0.0,0.0,146933.0,182.0,148609.0,184.0,0.0,0.0,0.0,0.0,1959.0,2.0,1959.0,2.0,4023784.0,4986.0,4490822.0,5565.0,224.0,0.0,224.0,0.0,0.0,0.0,0.0,0.0,448947.0,556.0,474629.0,588.0,479115.0,594.0,827465.0,1025.0,221932.0,275.0,269513.0,334.0,501596.0,622.0,501596.0,622.0,0.0,0.0,0.0,0.0,0.0,0.0,0.0,0.0,0.0,0.0,0.0,0.0,148892.0,185.0,609518.0,755.0
2022-23,101912043,Burbank Middle,1417,10190433.0,7192.0,12826435.0,9052.0,8566334.0,6045.0,10101170.0,7129.0,1332085.0,940.0,2423817.0,1711.0,292014.0,206.0,301448.0,213.0,9898419.0,6985.0,12524987.0,8839.0,6715372.0,4739.0,8588285.0,6061.0,64564.0,46.0,64564.0,46.0,179109.0,126.0,222218.0,157.0,136754.0,97.0,136754.0,97.0,1440998.0,1017.0,1477341.0,1043.0,481200.0,340.0,582795.0,411.0,35632.0,25.0,57265.0,40.0,78375.0,55.0,78375.0,55.0,0.0,0.0,0.0,0.0,0.0,0.0,444622.0,314.0,100870.0,71.0,194928.0,138.0,574861.0,406.0,577497.0,408.0,15601.0,11.0,15601.0,11.0,72045.0,51.0,72045.0,51.0,6542976.0,4617.0,7447590.0,5256.0,85983.0,61.0,85983.0,61.0,81494.0,58.0,81494.0,58.0,1292638.0,912.0,1360877.0,960.0,726998.0,513.0,1711260.0,1208.0,313388.0,221.0,355784.0,251.0,0.0,0.0,0.0,0.0,0.0,0.0,0.0,0.0,88527.0,62.0,88527.0,62.0,88713.0,63.0,88713.0,63.0,677702.0,478.0,1304759.0,921.0
2022-23,101912124,Burnet El,406,3448005.0,8493.0,4790207.0,11799.0,2839690.0,6994.0,3655570.0,9004.0,532474.0,1312.0,1057324.0,2604.0,75841.0,187.0,77313.0,190.0,3372164.0,8306.0,4712894.0,11608.0,2176642.0,5361.0,3104345.0,7646.0,81997.0,202.0,81997.0,202.0,93831.0,231.0,94579.0,233.0,49831.0,123.0,49831.0,123.0,430238.0,1060.0,430238.0,1060.0,118164.0,291.0,123299.0,304.0,66235.0,163.0,66235.0,163.0,95241.0,235.0,98768.0,243.0,0.0,0.0,0.0,0.0,0.0,0.0,288108.0,710.0,18833.0,46.0,78883.0,194.0,235511.0,580.0,242058.0,596.0,0.0,0.0,0.0,0.0,0.0,0.0,0.0,0.0,2014837.0,4963.0,2644026.0,6512.0,621.0,2.0,621.0,2.0,0.0,0.0,0.0,0.0,448683.0,1105.0,460270.0,1134.0,177323.0,437.0,479070.0,1180.0,470715.0,1159.0,508340.0,1252.0,0.0,0.0,0.0,0.0,0.0,0.0,0.0,0.0,0.0,0.0,0.0,0.0,0.0,0.0,0.0,0.0,259985.0,640.0,620567.0,1528.0
2022-23,101912125,Burrus El,245,2490213.0,10164.0,3230650.0,13186.0,1998336.0,8156.0,2332209.0,9519.0,405522.0,1655.0,812086.0,3315.0,86355.0,352.0,86355.0,352.0,2403858.0,9812.0,3144295.0,12834.0,1504087.0,6139.0,2071439.0,8455.0,68336.0,279.0,69466.0,284.0,107331.0,438.0,107331.0,438.0,27687.0,113.0,27687.0,113.0,315433.0,1287.0,315433.0,1287.0,78480.0,320.0,78480.0,320.0,6240.0,25.0,32029.0,131.0,90393.0,369.0,93082.0,380.0,0.0,0.0,0.0,0.0,0.0,0.0,137526.0,561.0,0.0,0.0,5553.0,23.0,202032.0,825.0,202430.0,826.0,0.0,0.0,0.0,0.0,3839.0,16.0,3839.0,16.0,1541349.0,6291.0,1872270.0,7642.0,1507.0,6.0,1507.0,6.0,0.0,0.0,0.0,0.0,386399.0,1577.0,399113.0,1629.0,120361.0,491.0,362589.0,1480.0,2418.0,10.0,2418.0,10.0,145953.0,596.0,145953.0,596.0,0.0,0.0,0.0,0.0,0.0,0.0,0.0,0.0,0.0,0.0,0.0,0.0,205871.0,840.0,359298.0,1467.0
2022-23,101912275,Bush El,739,4824752.0,6529.0,5556899.0,7519.0,4339227.0,5872.0,4847074.0,6559.0,435948.0,590.0,623618.0,844.0,49577.0,67.0,86207.0,117.0,4775175.0,6462.0,5470692.0,7403.0,3577263.0,4841.0,4094444.0,5541.0,92373.0,125.0,92373.0,125.0,69823.0,94.0,69823.0,94.0,80891.0,109.0,80891.0,109.0,500396.0,677.0,500396.0,677.0,177798.0,241.0,182577.0,247.0,2200.0,3.0,22435.0,30.0,122677.0,166.0,126185.0,171.0,0.0,0.0,0.0,0.0,0.0,0.0,118523.0,160.0,1500.0,2.0,27633.0,37.0,150254.0,203.0,155412.0,210.0,0.0,0.0,0.0,0.0,0.0,0.0,0.0,0.0,3535191.0,4784.0,3991460.0,5401.0,62780.0,85.0,63884.0,86.0,0.0,0.0,0.0,0.0,679408.0,919.0,697913.0,944.0,95068.0,129.0,127608.0,173.0,84011.0,114.0,84011.0,114.0,166963.0,226.0,166963.0,226.0,0.0,0.0,0.0,0.0,0.0,0.0,0.0,0.0,0.0,0.0,0.0,0.0,151754.0,205.0,312650.0,423.0
2022-23,101912287,Cage El,418,3474134.0,8311.0,4310584.0,10312.0,3073126.0,7352.0,3572466.0,8547.0,371560.0,889.0,703870.0,1684.0,29448.0,70.0,34248.0,82.0,3444686.0,8241.0,4276336.0,10230.0,2475289.0,5922.0,2990795.0,7155.0,84298.0,202.0,84298.0,202.0,51665.0,124.0,51665.0,124.0,56415.0,135.0,56415.0,135.0,356891.0,854.0,359229.0,859.0,167289.0,400.0,171799.0,411.0,12443.0,30.0,22382.0,54.0,36855.0,88.0,36855.0,88.0,0.0,0.0,0.0,0.0,0.0,0.0,262275.0,627.0,0.0,0.0,30966.0,74.0,202763.0,485.0,207814.0,497.0,0.0,0.0,0.0,0.0,778.0,2.0,778.0,2.0,2058627.0,4925.0,2317384.0,5544.0,1930.0,5.0,1930.0,5.0,0.0,0.0,0.0,0.0,667187.0,1596.0,684599.0,1638.0,260818.0,624.0,429893.0,1028.0,171971.0,411.0,228151.0,546.0,80612.0,193.0,80612.0,193.0,0.0,0.0,0.0,0.0,0.0,0.0,0.0,0.0,0.0,0.0,0.0,0.0,203541.0,487.0,505700.0,1210.0
2022-23,101912322,Carnegie Vanguard H S,841,5715827.0,6796.0,6175318.0,7343.0,4589525.0,5457.0,4904681.0,5832.0,1071777.0,1274.0,1145972.0,1363.0,54525.0,65.0,124665.0,148.0,5661302.0,6732.0,6050653.0,7195.0,3187638.0,3790.0,3537391.0,4206.0,96072.0,114.0,96072.0,114.0,103697.0,123.0,103697.0,123.0,165308.0,197.0,165308.0,197.0,802755.0,955.0,804093.0,956.0,627034.0,746.0,634120.0,754.0,773.0,1.0,773.0,1.0,88481.0,105.0,92020.0,109.0,0.0,0.0,0.0,0.0,0.0,0.0,2529.0,3.0,181677.0,216.0,200235.0,238.0,320798.0,381.0,323435.0,385.0,20117.0,24.0,24028.0,29.0,66802.0,79.0,66802.0,79.0,1335311.0,1588.0,1469735.0,1748.0,3243223.0,3856.0,3440393.0,4091.0,51481.0,61.0,51481.0,61.0,53327.0,63.0,53327.0,63.0,190679.0,227.0,208838.0,248.0,1857.0,2.0,1857.0,2.0,0.0,0.0,0.0,0.0,0.0,0.0,0.0,0.0,195880.0,233.0,195880.0,233.0,147870.0,176.0,147870.0,176.0,441674.0,525.0,481272.0,572.0
2022-23,101912292,Carrillo El,358,3482768.0,9728.0,4155803.0,11608.0,2759093.0,7707.0,3192411.0,8917.0,510196.0,1425.0,739716.0,2066.0,213479.0,596.0,223676.0,625.0,3269289.0,9132.0,3932127.0,10984.0,2149490.0,6004.0,2592599.0,7242.0,94584.0,264.0,94584.0,264.0,159316.0,445.0,159316.0,445.0,48128.0,134.0,48128.0,134.0,337324.0,942.0,337324.0,942.0,98413.0,275.0,103825.0,290.0,57950.0,162.0,74900.0,209.0,113708.0,318.0,117214.0,327.0,0.0,0.0,0.0,0.0,0.0,0.0,171235.0,478.0,1250.0,3.0,16579.0,46.0,152855.0,427.0,155815.0,435.0,860.0,2.0,860.0,2.0,55411.0,155.0,55411.0,155.0,1773772.0,4955.0,1907016.0,5327.0,4097.0,11.0,4097.0,11.0,0.0,0.0,0.0,0.0,560397.0,1565.0,573029.0,1601.0,269428.0,753.0,531186.0,1484.0,264558.0,739.0,293184.0,819.0,186661.0,521.0,186661.0,521.0,0.0,0.0,0.0,0.0,0.0,0.0,0.0,0.0,0.0,0.0,0.0,0.0,210376.0,588.0,405648.0,1133.0
2022-23,101912323,Challenge Early College H S,454,3112134.0,6855.0,3483834.0,7674.0,2818431.0,6208.0,3075072.0,6773.0,286482.0,631.0,368757.0,812.0,7221.0,16.0,40005.0,88.0,3104913.0,6839.0,3443829.0,7586.0,1842261.0,4058.0,2101570.0,4629.0,2742.0,6.0,2742.0,6.0,116373.0,256.0,117392.0,259.0,35472.0,78.0,35472.0,78.0,650811.0,1434.0,650811.0,1434.0,226524.0,499.0,268465.0,591.0,44217.0,97.0,57783.0,127.0,82567.0,182.0,85921.0,189.0,0.0,0.0,0.0,0.0,0.0,0.0,6530.0,14.0,19102.0,42.0,30896.0,68.0,54986.0,121.0,54986.0,121.0,788.0,2.0,788.0,2.0,29070.0,64.0,29070.0,64.0,2235447.0,4924.0,2364193.0,5207.0,87170.0,192.0,87170.0,192.0,186439.0,411.0,198552.0,437.0,38140.0,84.0,38140.0,84.0,444517.0,979.0,614081.0,1353.0,9254.0,20.0,9254.0,20.0,0.0,0.0,0.0,0.0,0.0,0.0,0.0,0.0,0.0,0.0,3554.0,8.0,0.0,0.0,0.0,0.0,103946.0,229.0,128885.0,284.0
2022-23,101912027,ChavezH S,2257,17433688.0,7724.0,21367544.0,9467.0,14804573.0,6559.0,17875265.0,7920.0,2343529.0,1038.0,3169946.0,1404.0,285586.0,127.0,322333.0,143.0,17148102.0,7598.0,21045211.0,9324.0,10980517.0,4865.0,13727639.0,6082.0,89395.0,40.0,89395.0,40.0,260821.0,116.0,262172.0,116.0,365496.0,162.0,365496.0,162.0,2164657.0,959.0,2314131.0,1025.0,1037630.0,460.0,1228900.0,544.0,59684.0,26.0,152447.0,68.0,170147.0,75.0,173654.0,77.0,0.0,0.0,0.0,0.0,0.0,0.0,531105.0,235.0,763206.0,338.0,922037.0,409.0,923262.0,409.0,926453.0,410.0,135150.0,60.0,142437.0,63.0,198137.0,88.0,198137.0,88.0,7893936.0,3498.0,9103389.0,4033.0,146328.0,65.0,154306.0,68.0,2797024.0,1239.0,2957043.0,1310.0,2315871.0,1026.0,2570187.0,1139.0,1229593.0,545.0,2566979.0,1137.0,162322.0,72.0,162322.0,72.0,0.0,0.0,0.0,0.0,0.0,0.0,0.0,0.0,583273.0,258.0,602849.0,267.0,665005.0,295.0,665205.0,295.0,1354750.0,600.0,2262931.0,1003.0
2022-23,101912048,Clifton Middle,509,4279460.0,8408.0,5100009.0,10020.0,3681346.0,7233.0,4243551.0,8337.0,504368.0,991.0,762712.0,1498.0,93746.0,184.0,93746.0,184.0,4185714.0,8223.0,5006263.0,9835.0,2786907.0,5475.0,3293529.0,6471.0,80013.0,157.0,80013.0,157.0,36055.0,71.0,108732.0,214.0,53776.0,106.0,53776.0,106.0,648822.0,1275.0,657904.0,1293.0,172588.0,339.0,174953.0,344.0,33818.0,66.0,56994.0,112.0,65997.0,130.0,69661.0,137.0,0.0,0.0,0.0,0.0,0.0,0.0,185858.0,365.0,117957.0,232.0,130907.0,257.0,171701.0,337.0,175659.0,345.0,18080.0,36.0,18080.0,36.0,0.0,0.0,0.0,0.0,2609877.0,5127.0,2896577.0,5691.0,2064.0,4.0,2064.0,4.0,13168.0,26.0,13168.0,26.0,629882.0,1237.0,671920.0,1320.0,602879.0,1184.0,839951.0,1650.0,20106.0,40.0,20106.0,40.0,0.0,0.0,0.0,0.0,0.0,0.0,0.0,0.0,0.0,0.0,0.0,0.0,115407.0,227.0,115407.0,227.0,192331.0,378.0,447070.0,878.0
2022-23,101912123,CodwellEl,329,3369742.0,10242.0,4080727.0,12403.0,2927376.0,8898.0,3288561.0,9996.0,432879.0,1316.0,782679.0,2379.0,9487.0,29.0,9487.0,29.0,3360255.0,10214.0,4071240.0,12375.0,2417959.0,7349.0,2908574.0,8841.0,80965.0,246.0,80965.0,246.0,128131.0,389.0,146847.0,446.0,49778.0,151.0,49778.0,151.0,332078.0,1009.0,332078.0,1009.0,177376.0,539.0,180771.0,549.0,7128.0,22.0,9018.0,27.0,88166.0,268.0,91523.0,278.0,0.0,0.0,0.0,0.0,0.0,0.0,187800.0,571.0,1250.0,4.0,2813.0,9.0,75385.0,229.0,77771.0,236.0,0.0,0.0,0.0,0.0,2039.0,6.0,2039.0,6.0,2136604.0,6494.0,2441946.0,7422.0,456.0,1.0,456.0,1.0,0.0,0.0,0.0,0.0,810954.0,2465.0,828348.0,2518.0,57981.0,176.0,215417.0,655.0,1994.0,6.0,1994.0,6.0,273592.0,832.0,273592.0,832.0,0.0,0.0,0.0,0.0,0.0,0.0,0.0,0.0,0.0,0.0,0.0,0.0,78674.0,239.0,277175.0,842.0
2022-23,101912013,Community Services-Sec,90,6120627.0,68007.0,6226776.0,69186.0,5049152.0,56102.0,5153351.0,57259.0,794799.0,8831.0,796749.0,8853.0,276676.0,3074.0,276676.0,3074.0,5843951.0,64933.0,5950100.0,66112.0,4546433.0,50516.0,4651998.0,51689.0,5774.0,64.0,5774.0,64.0,28517.0,317.0,28517.0,317.0,85909.0,955.0,85909.0,955.0,923699.0,10263.0,923699.0,10263.0,147229.0,1636.0,147229.0,1636.0,3147.0,35.0,3147.0,35.0,100481.0,1116.0,100481.0,1116.0,0.0,0.0,0.0,0.0,0.0,0.0,0.0,0.0,0.0,0.0,584.0,6.0,2762.0,31.0,2762.0,31.0,0.0,0.0,0.0,0.0,0.0,0.0,0.0,0.0,2099607.0,23329.0,2119904.0,23554.0,0.0,0.0,0.0,0.0,0.0,0.0,0.0,0.0,1648818.0,18320.0,1730790.0,19231.0,2092764.0,23253.0,2096060.0,23290.0,0.0,0.0,0.0,0.0,0.0,0.0,0.0,0.0,0.0,0.0,0.0,0.0,0.0,0.0,0.0,0.0,0.0,0.0,0.0,0.0,2762.0,31.0,3346.0,37.0
2022-23,101912130,Condit El,736,4969911.0,6753.0,5936657.0,8066.0,4493722.0,6106.0,5251622.0,7135.0,419287.0,570.0,627956.0,853.0,56902.0,77.0,57079.0,78.0,4913009.0,6675.0,5879578.0,7989.0,3852407.0,5234.0,4607349.0,6260.0,93783.0,127.0,93783.0,127.0,56808.0,77.0,56808.0,77.0,77835.0,106.0,77835.0,106.0,401861.0,546.0,401861.0,546.0,220396.0,299.0,222753.0,303.0,12573.0,17.0,33756.0,46.0,95355.0,130.0,98714.0,134.0,0.0,0.0,0.0,0.0,0.0,0.0,153886.0,209.0,2950.0,4.0,32246.0,44.0,99041.0,135.0,100587.0,137.0,0.0,0.0,0.0,0.0,0.0,0.0,0.0,0.0,3694641.0,5020.0,4227512.0,5744.0,24137.0,33.0,24137.0,33.0,0.0,0.0,0.0,0.0,733770.0,997.0,788382.0,1071.0,166539.0,226.0,308035.0,419.0,98349.0,134.0,115512.0,157.0,93582.0,127.0,93582.0,127.0,0.0,0.0,0.0,0.0,0.0,0.0,0.0,0.0,0.0,0.0,0.0,0.0,101991.0,139.0,293077.0,398.0
2022-23,101912358,Cook Jr El,517,3740148.0,7234.0,5079690.0,9825.0,3099889.0,5996.0,3823075.0,7395.0,631661.0,1222.0,1248017.0,2414.0,8598.0,17.0,8598.0,17.0,3731550.0,7218.0,5071092.0,9809.0,2381557.0,4606.0,3434369.0,6643.0,98244.0,190.0,99330.0,192.0,127034.0,246.0,127034.0,246.0,45977.0,89.0,45977.0,89.0,477665.0,924.0,477665.0,924.0,154657.0,299.0,158119.0,306.0,6840.0,13.0,54130.0,105.0,119301.0,231.0,122806.0,238.0,0.0,0.0,0.0,0.0,0.0,0.0,227022.0,439.0,0.0,0.0,0.0,0.0,320275.0,619.0,324640.0,628.0,0.0,0.0,0.0,0.0,0.0,0.0,0.0,0.0,2429561.0,4699.0,3076814.0,5951.0,0.0,0.0,0.0,0.0,0.0,0.0,0.0,0.0,614447.0,1188.0,707349.0,1368.0,119823.0,232.0,453133.0,876.0,63124.0,122.0,71959.0,139.0,184320.0,357.0,184320.0,357.0,0.0,0.0,0.0,0.0,0.0,0.0,0.0,0.0,0.0,0.0,0.0,0.0,320275.0,619.0,574561.0,1111.0
2022-23,101912132,Coop El,548,4001553.0,7302.0,5128779.0,9359.0,3498097.0,6383.0,4148827.0,7571.0,487430.0,889.0,963926.0,1759.0,16026.0,29.0,16026.0,29.0,3985527.0,7273.0,5112753.0,9330.0,2894657.0,5282.0,3673369.0,6703.0,80114.0,146.0,80114.0,146.0,76333.0,139.0,76333.0,139.0,59235.0,108.0,59235.0,108.0,420373.0,767.0,421381.0,769.0,163886.0,299.0,170386.0,311.0,12506.0,23.0,25317.0,46.0,61460.0,112.0,62709.0,114.0,0.0,0.0,0.0,0.0,0.0,0.0,305201.0,557.0,1000.0,2.0,16393.0,30.0,154269.0,282.0,158782.0,290.0,0.0,0.0,10.0,0.0,57287.0,105.0,57287.0,105.0,2356163.0,4300.0,2719574.0,4963.0,821.0,1.0,821.0,1.0,0.0,0.0,0.0,0.0,616836.0,1126.0,635272.0,1159.0,283399.0,517.0,629633.0,1149.0,168694.0,308.0,200872.0,367.0,342651.0,625.0,342651.0,625.0,0.0,0.0,0.0,0.0,0.0,0.0,0.0,0.0,0.0,0.0,0.0,0.0,216963.0,396.0,557887.0,1018.0
2022-23,101912133,Cornelius El,754,5508448.0,7306.0,6944125.0,9210.0,4698762.0,6232.0,5650990.0,7495.0,738744.0,980.0,1144724.0,1518.0,70942.0,94.0,148411.0,197.0,5437506.0,7212.0,6795714.0,9013.0,3959608.0,5251.0,4901809.0,6501.0,100950.0,134.0,100950.0,134.0,174416.0,231.0,259926.0,345.0,66044.0,88.0,66044.0,88.0,514401.0,682.0,514401.0,682.0,182845.0,243.0,185230.0,246.0,17650.0,23.0,44890.0,60.0,95649.0,127.0,99186.0,132.0,0.0,0.0,0.0,0.0,0.0,0.0,286355.0,380.0,1800.0,2.0,9650.0,13.0,259760.0,345.0,262890.0,349.0,7141.0,9.0,7141.0,9.0,57242.0,76.0,57242.0,76.0,3978129.0,5276.0,4448542.0,5900.0,3221.0,4.0,3221.0,4.0,0.0,0.0,0.0,0.0,355707.0,472.0,396961.0,526.0,300974.0,399.0,715823.0,949.0,141383.0,188.0,183716.0,244.0,332149.0,441.0,332149.0,441.0,0.0,0.0,0.0,0.0,0.0,0.0,0.0,0.0,0.0,0.0,0.0,0.0,325943.0,432.0,629200.0,834.0
2022-23,101912290,Crespo El,547,4446402.0,8129.0,5653442.0,10335.0,3646760.0,6667.0,4433659.0,8105.0,683297.0,1249.0,1103438.0,2017.0,116345.0,213.0,116345.0,213.0,4330057.0,7916.0,5537097.0,10123.0,3199407.0,5849.0,4100822.0,7497.0,90923.0,166.0,92031.0,168.0,169577.0,310.0,169577.0,310.0,63084.0,115.0,63084.0,115.0,337458.0,617.0,337458.0,617.0,125978.0,230.0,129442.0,237.0,48292.0,88.0,76565.0,140.0,95581.0,175.0,98943.0,181.0,0.0,0.0,0.0,0.0,0.0,0.0,240402.0,439.0,0.0,0.0,20886.0,38.0,153936.0,281.0,157940.0,289.0,0.0,0.0,0.0,0.0,45821.0,84.0,45821.0,84.0,2845917.0,5203.0,3330496.0,6089.0,0.0,0.0,0.0,0.0,0.0,0.0,0.0,0.0,553538.0,1012.0,577991.0,1057.0,237039.0,433.0,550721.0,1007.0,271344.0,496.0,334156.0,611.0,222462.0,407.0,222462.0,407.0,0.0,0.0,0.0,0.0,0.0,0.0,0.0,0.0,0.0,0.0,0.0,0.0,199757.0,365.0,472983.0,865.0
2022-23,101912135,Crockett El,550,3786666.0,6885.0,4636647.0,8430.0,3273329.0,5952.0,3858715.0,7016.0,460654.0,838.0,719649.0,1308.0,52683.0,96.0,58283.0,106.0,3733983.0,6789.0,4578364.0,8324.0,2723062.0,4951.0,3169184.0,5762.0,83692.0,152.0,83692.0,152.0,126509.0,230.0,126509.0,230.0,55302.0,101.0,55302.0,101.0,370692.0,674.0,370692.0,674.0,81457.0,148.0,81457.0,148.0,72741.0,132.0,85106.0,155.0,102527.0,186.0,106047.0,193.0,0.0,0.0,0.0,0.0,0.0,0.0,174960.0,318.0,0.0,0.0,202549.0,368.0,118001.0,215.0,122866.0,223.0,0.0,0.0,0.0,0.0,0.0,0.0,0.0,0.0,2834623.0,5154.0,3069888.0,5582.0,5788.0,11.0,5788.0,11.0,0.0,0.0,0.0,0.0,454209.0,826.0,467256.0,850.0,47951.0,87.0,194724.0,354.0,32696.0,59.0,61950.0,113.0,240715.0,438.0,240715.0,438.0,0.0,0.0,0.0,0.0,0.0,0.0,0.0,0.0,0.0,0.0,0.0,0.0,118001.0,215.0,507516.0,923.0
2022-23,101912044,Cullen Middle,324,4480909.0,13830.0,5428153.0,16754.0,3147820.0,9715.0,3708334.0,11445.0,869998.0,2685.0,1199873.0,3703.0,463091.0,1429.0,519946.0,1605.0,4017818.0,12401.0,4908207.0,15149.0,2229025.0,6880.0,2912630.0,8990.0,33697.0,104.0,33697.0,104.0,127566.0,394.0,127566.0,394.0,52611.0,162.0,52611.0,162.0,586999.0,1812.0,587160.0,1812.0,234397.0,723.0,236773.0,731.0,46300.0,143.0,142450.0,440.0,110204.0,340.0,113402.0,350.0,0.0,0.0,0.0,0.0,0.0,0.0,99847.0,308.0,119366.0,368.0,121528.0,375.0,477653.0,1474.0,480543.0,1483.0,0.0,0.0,0.0,0.0,0.0,0.0,0.0,0.0,1637652.0,5054.0,1952139.0,6025.0,687.0,2.0,687.0,2.0,4178.0,13.0,4178.0,13.0,1117667.0,3450.0,1145605.0,3536.0,402209.0,1241.0,743389.0,2294.0,2912.0,9.0,2912.0,9.0,0.0,0.0,0.0,0.0,0.0,0.0,0.0,0.0,255494.0,789.0,255494.0,789.0,119366.0,368.0,119366.0,368.0,477653.0,1474.0,684437.0,2112.0
2022-23,101912136,Cunningham El,550,4330151.0,7873.0,5435107.0,9882.0,3787753.0,6887.0,4517869.0,8214.0,536213.0,975.0,895782.0,1629.0,6185.0,11.0,21456.0,39.0,4323966.0,7862.0,5413651.0,9843.0,3257335.0,5922.0,4098486.0,7452.0,78983.0,144.0,80106.0,146.0,67228.0,122.0,84100.0,153.0,74643.0,136.0,74643.0,136.0,386998.0,704.0,386998.0,704.0,178206.0,324.0,181718.0,330.0,7912.0,14.0,21549.0,39.0,97742.0,178.0,101269.0,184.0,0.0,0.0,0.0,0.0,0.0,0.0,207398.0,377.0,0.0,0.0,0.0,0.0,174919.0,318.0,177384.0,323.0,0.0,0.0,0.0,0.0,0.0,0.0,0.0,0.0,2562202.0,4659.0,2996608.0,5448.0,833.0,2.0,833.0,2.0,0.0,0.0,0.0,0.0,1055385.0,1919.0,1083809.0,1971.0,178288.0,324.0,488977.0,889.0,145698.0,265.0,187842.0,342.0,206641.0,376.0,206641.0,376.0,0.0,0.0,0.0,0.0,0.0,0.0,0.0,0.0,0.0,0.0,0.0,0.0,174919.0,318.0,423453.0,770.0
2022-23,101912297,Davila El,398,3401791.0,8547.0,4285639.0,10768.0,2803228.0,7043.0,3355442.0,8431.0,594012.0,1492.0,898555.0,2258.0,4551.0,11.0,31642.0,80.0,3397240.0,8536.0,4253997.0,10688.0,2334941.0,5867.0,2887002.0,7254.0,72729.0,183.0,72729.0,183.0,118309.0,297.0,118309.0,297.0,51182.0,129.0,51182.0,129.0,325865.0,819.0,325367.0,818.0,119101.0,299.0,122471.0,308.0,12202.0,31.0,39885.0,100.0,93111.0,234.0,96650.0,243.0,0.0,0.0,0.0,0.0,0.0,0.0,206392.0,519.0,0.0,0.0,56607.0,142.0,104622.0,263.0,106770.0,268.0,0.0,0.0,0.0,0.0,165178.0,415.0,165178.0,415.0,2010654.0,5052.0,2345134.0,5892.0,2568.0,6.0,2568.0,6.0,0.0,0.0,0.0,0.0,465316.0,1169.0,472568.0,1187.0,183118.0,460.0,391557.0,984.0,250573.0,630.0,282631.0,710.0,215211.0,541.0,215211.0,541.0,0.0,0.0,0.0,0.0,0.0,0.0,0.0,0.0,0.0,0.0,0.0,0.0,269800.0,678.0,541358.0,1360.0
2022-23,101912137,De Chaumes El,703,4582129.0,6518.0,5963788.0,8483.0,3923334.0,5581.0,4907656.0,6981.0,522133.0,743.0,919470.0,1308.0,136662.0,194.0,136662.0,194.0,4445467.0,6324.0,5827126.0,8289.0,3332320.0,4740.0,4308715.0,6129.0,91405.0,130.0,92505.0,132.0,105837.0,151.0,106950.0,152.0,67981.0,97.0,67981.0,97.0,363803.0,518.0,363803.0,518.0,175240.0,249.0,178997.0,255.0,17602.0,25.0,73547.0,105.0,101778.0,145.0,105289.0,150.0,0.0,0.0,0.0,0.0,0.0,0.0,329147.0,468.0,0.0,0.0,5552.0,8.0,138259.0,197.0,140464.0,200.0,5875.0,8.0,5875.0,8.0,45367.0,65.0,45367.0,65.0,3140111.0,4467.0,3667804.0,5217.0,2334.0,3.0,2334.0,3.0,0.0,0.0,0.0,0.0,287988.0,410.0,300558.0,428.0,272302.0,387.0,660918.0,940.0,319030.0,454.0,368709.0,524.0,234201.0,333.0,234201.0,333.0,0.0,0.0,0.0,0.0,0.0,0.0,0.0,0.0,0.0,0.0,0.0,0.0,189501.0,270.0,556392.0,791.0
2022-23,101912138,De ZavalaEl,389,3343757.0,8596.0,4275832.0,10992.0,2595777.0,6673.0,3213725.0,8262.0,678419.0,1744.0,992546.0,2552.0,69561.0,179.0,69561.0,179.0,3274196.0,8417.0,4206271.0,10813.0,2110797.0,5426.0,2812632.0,7230.0,83460.0,215.0,83460.0,215.0,65005.0,167.0,65005.0,167.0,57905.0,149.0,57905.0,149.0,355919.0,915.0,359178.0,923.0,92935.0,239.0,94263.0,242.0,23075.0,59.0,47985.0,123.0,106605.0,274.0,110465.0,284.0,0.0,0.0,0.0,0.0,0.0,0.0,190234.0,489.0,0.0,0.0,514.0,1.0,378151.0,972.0,380847.0,979.0,0.0,0.0,0.0,0.0,344.0,1.0,344.0,1.0,1866694.0,4799.0,2250566.0,5786.0,90930.0,234.0,90930.0,234.0,0.0,0.0,0.0,0.0,570639.0,1467.0,581837.0,1496.0,236572.0,608.0,514917.0,1324.0,46472.0,119.0,84057.0,216.0,84394.0,217.0,84394.0,217.0,0.0,0.0,0.0,0.0,0.0,0.0,0.0,0.0,0.0,0.0,0.0,0.0,378495.0,973.0,581083.0,1494.0
2022-23,101912045,Deady Middle,588,5993628.0,10193.0,7670108.0,13044.0,4534618.0,7712.0,5648492.0,9606.0,1177785.0,2003.0,1615668.0,2748.0,281225.0,478.0,405948.0,690.0,5712403.0,9715.0,7264160.0,12354.0,3466924.0,5896.0,4515258.0,7679.0,79806.0,136.0,79806.0,136.0,133731.0,227.0,218921.0,372.0,72768.0,124.0,72768.0,124.0,800560.0,1361.0,978646.0,1664.0,200544.0,341.0,202910.0,345.0,50748.0,86.0,50748.0,86.0,106845.0,182.0,110375.0,188.0,0.0,0.0,0.0,0.0,0.0,0.0,191180.0,325.0,104850.0,178.0,112230.0,191.0,695627.0,1183.0,699381.0,1189.0,0.0,0.0,31333.0,53.0,0.0,0.0,0.0,0.0,2661124.0,4526.0,2966288.0,5045.0,1271.0,2.0,1271.0,2.0,0.0,0.0,0.0,0.0,1098391.0,1868.0,1311960.0,2231.0,1102320.0,1875.0,1675258.0,2849.0,48658.0,83.0,48658.0,83.0,0.0,0.0,0.0,0.0,0.0,0.0,0.0,0.0,162.0,0.0,162.0,0.0,93223.0,159.0,93223.0,159.0,707254.0,1203.0,1167340.0,1985.0
2022-23,101912383,Deanda El,606,4579160.0,7556.0,5650781.0,9325.0,4003331.0,6606.0,4769013.0,7870.0,559281.0,923.0,858220.0,1416.0,16548.0,27.0,23548.0,39.0,4562612.0,7529.0,5627233.0,9286.0,3464831.0,5718.0,4241421.0,6999.0,84701.0,140.0,85716.0,141.0,90015.0,149.0,90015.0,149.0,67515.0,111.0,67515.0,111.0,441178.0,728.0,441178.0,728.0,128590.0,212.0,132061.0,218.0,48934.0,81.0,69911.0,115.0,111075.0,183.0,114570.0,189.0,0.0,0.0,0.0,0.0,0.0,0.0,248842.0,411.0,2308.0,4.0,3290.0,5.0,115192.0,190.0,116945.0,193.0,0.0,0.0,0.0,0.0,8273.0,14.0,8273.0,14.0,2904257.0,4793.0,3282463.0,5417.0,1800.0,3.0,1800.0,3.0,0.0,0.0,0.0,0.0,682016.0,1125.0,703226.0,1160.0,183949.0,304.0,473247.0,781.0,237314.0,392.0,290378.0,479.0,427503.0,705.0,427503.0,705.0,0.0,0.0,0.0,0.0,0.0,0.0,0.0,0.0,0.0,0.0,0.0,0.0,125773.0,208.0,385331.0,636.0
2022-23,101912026,Debakey H S For Health Prof,916,8352293.0,9118.0,9165190.0,10006.0,6212879.0,6783.0,6762639.0,7383.0,1194459.0,1304.0,1454354.0,1588.0,944955.0,1032.0,948197.0,1035.0,7407338.0,8087.0,8216993.0,8971.0,4883707.0,5332.0,5454796.0,5955.0,91745.0,100.0,92695.0,101.0,242570.0,265.0,242570.0,265.0,134469.0,147.0,134469.0,147.0,767158.0,838.0,773680.0,845.0,300766.0,328.0,305507.0,334.0,12093.0,13.0,17194.0,19.0,107500.0,117.0,111015.0,121.0,0.0,0.0,0.0,0.0,0.0,0.0,181783.0,198.0,11074.0,12.0,37038.0,40.0,618515.0,675.0,628505.0,686.0,79330.0,87.0,79330.0,87.0,154887.0,169.0,154887.0,169.0,4571063.0,4990.0,4980032.0,5437.0,11225.0,12.0,11225.0,12.0,1422516.0,1553.0,1454183.0,1588.0,146729.0,160.0,152316.0,166.0,296866.0,324.0,433355.0,473.0,0.0,0.0,0.0,0.0,0.0,0.0,0.0,0.0,0.0,0.0,0.0,0.0,91609.0,100.0,91609.0,100.0,0.0,0.0,0.0,0.0,863806.0,943.0,1090749.0,1191.0
2022-23,101912140,Dogan El,510,3607918.0,7074.0,5231044.0,10257.0,2929921.0,5745.0,3998836.0,7841.0,581141.0,1139.0,1133236.0,2222.0,96856.0,190.0,98972.0,194.0,3511062.0,6884.0,5132072.0,10063.0,2429338.0,4763.0,3604937.0,7069.0,51045.0,100.0,51045.0,100.0,100515.0,197.0,100515.0,197.0,50828.0,100.0,50828.0,100.0,422187.0,828.0,465683.0,913.0,159111.0,312.0,215364.0,422.0,30071.0,59.0,53108.0,104.0,74183.0,145.0,74183.0,145.0,0.0,0.0,0.0,0.0,0.0,0.0,267723.0,525.0,68.0,0.0,43860.0,86.0,193716.0,380.0,194953.0,382.0,0.0,0.0,0.0,0.0,0.0,0.0,0.0,0.0,2097650.0,4113.0,2694660.0,5284.0,458.0,1.0,458.0,1.0,0.0,0.0,0.0,0.0,568550.0,1115.0,654809.0,1284.0,309332.0,607.0,813560.0,1595.0,39050.0,77.0,53618.0,105.0,302238.0,593.0,302238.0,593.0,0.0,0.0,0.0,0.0,0.0,0.0,0.0,0.0,0.0,0.0,0.0,0.0,193784.0,380.0,592590.0,1162.0
2022-23,101912115,Durham El,571,3667820.0,6424.0,4845608.0,8486.0,3180784.0,5571.0,3811677.0,6675.0,402778.0,705.0,648723.0,1136.0,84258.0,148.0,385208.0,675.0,3583562.0,6276.0,4460400.0,7812.0,2658499.0,4656.0,3301566.0,5782.0,79454.0,139.0,80473.0,141.0,62278.0,109.0,69888.0,122.0,48909.0,86.0,48909.0,86.0,365272.0,640.0,365272.0,640.0,154310.0,270.0,156552.0,274.0,6594.0,12.0,19444.0,34.0,82089.0,144.0,85444.0,150.0,0.0,0.0,0.0,0.0,0.0,0.0,195195.0,342.0,0.0,0.0,6865.0,12.0,126157.0,221.0,130792.0,229.0,0.0,0.0,0.0,0.0,0.0,0.0,0.0,0.0,2736710.0,4793.0,3144814.0,5508.0,1231.0,2.0,1231.0,2.0,0.0,0.0,0.0,0.0,288482.0,505.0,294281.0,515.0,134687.0,236.0,300789.0,527.0,142165.0,249.0,176931.0,310.0,154130.0,270.0,154130.0,270.0,0.0,0.0,0.0,0.0,0.0,0.0,0.0,0.0,0.0,0.0,0.0,0.0,126157.0,221.0,339855.0,595.0
2022-23,101912144,Durkee El,488,3654170.0,7488.0,4761907.0,9758.0,3138646.0,6432.0,3782434.0,7751.0,411330.0,843.0,817410.0,1675.0,104194.0,214.0,162063.0,332.0,3549976.0,7275.0,4599844.0,9426.0,2455919.0,5033.0,3209402.0,6577.0,82519.0,169.0,83623.0,171.0,38510.0,79.0,38510.0,79.0,58975.0,121.0,58975.0,121.0,493712.0,1012.0,493712.0,1012.0,168333.0,345.0,170703.0,350.0,7261.0,15.0,40012.0,82.0,81600.0,167.0,84592.0,173.0,0.0,0.0,0.0,0.0,0.0,0.0,235062.0,482.0,1800.0,4.0,19818.0,41.0,161347.0,331.0,165435.0,339.0,0.0,0.0,0.0,0.0,0.0,0.0,0.0,0.0,2315984.0,4746.0,2754387.0,5644.0,0.0,0.0,0.0,0.0,0.0,0.0,0.0,0.0,737047.0,1510.0,753994.0,1545.0,195861.0,401.0,494901.0,1014.0,137937.0,283.0,160972.0,330.0,0.0,0.0,0.0,0.0,0.0,0.0,0.0,0.0,0.0,0.0,0.0,0.0,0.0,0.0,0.0,0.0,163147.0,334.0,435590.0,893.0
2022-23,101912345,East Early College H S,452,3442504.0,7616.0,3820748.0,8453.0,2918620.0,6457.0,3235388.0,7158.0,464827.0,1028.0,526303.0,1164.0,59057.0,131.0,59057.0,131.0,3383447.0,7486.0,3761691.0,8322.0,2465294.0,5454.0,2681277.0,5932.0,60824.0,135.0,61926.0,137.0,103141.0,228.0,103141.0,228.0,64417.0,143.0,64417.0,143.0,332876.0,736.0,334133.0,739.0,91560.0,203.0,95008.0,210.0,61805.0,137.0,195125.0,432.0,86405.0,191.0,88014.0,195.0,0.0,0.0,0.0,0.0,0.0,0.0,6328.0,14.0,6700.0,15.0,20332.0,45.0,107769.0,238.0,108873.0,241.0,1921.0,4.0,1921.0,4.0,735.0,2.0,1196.0,3.0,2268153.0,5018.0,2413115.0,5339.0,50838.0,112.0,50838.0,112.0,639333.0,1414.0,650398.0,1439.0,32508.0,72.0,32508.0,72.0,267034.0,591.0,459335.0,1016.0,8350.0,18.0,8350.0,18.0,0.0,0.0,0.0,0.0,0.0,0.0,0.0,0.0,106.0,0.0,106.0,0.0,0.0,0.0,0.0,0.0,117125.0,259.0,147041.0,325.0
2022-23,101912301,EastwoodAcademy,390,3097007.0,7941.0,3551794.0,9107.0,2668944.0,6843.0,2990289.0,7667.0,348832.0,894.0,482274.0,1237.0,79231.0,203.0,79231.0,203.0,3017776.0,7738.0,3472563.0,8904.0,2029730.0,5204.0,2370976.0,6079.0,37266.0,96.0,38286.0,98.0,79065.0,203.0,79065.0,203.0,69989.0,179.0,69989.0,179.0,455285.0,1167.0,456365.0,1170.0,132706.0,340.0,134948.0,346.0,16572.0,42.0,29886.0,77.0,82415.0,211.0,85956.0,220.0,0.0,0.0,0.0,0.0,0.0,0.0,78600.0,202.0,0.0,0.0,7250.0,19.0,110598.0,284.0,112886.0,289.0,4150.0,11.0,4150.0,11.0,0.0,0.0,0.0,0.0,1736522.0,4453.0,1899484.0,4870.0,15309.0,39.0,15309.0,39.0,737926.0,1892.0,766035.0,1964.0,66043.0,169.0,71116.0,182.0,255995.0,656.0,408885.0,1048.0,6034.0,15.0,6034.0,15.0,0.0,0.0,0.0,0.0,0.0,0.0,0.0,0.0,85199.0,218.0,94931.0,243.0,0.0,0.0,0.0,0.0,114748.0,294.0,210769.0,540.0
2022-23,101912046,Edison Middle,460,5251217.0,11416.0,6889567.0,14977.0,4252897.0,9245.0,5523759.0,12008.0,929324.0,2020.0,1280178.0,2783.0,68996.0,150.0,85630.0,186.0,5182221.0,11266.0,6803937.0,14791.0,3379033.0,7346.0,4552560.0,9897.0,79118.0,172.0,79118.0,172.0,35973.0,78.0,182431.0,397.0,75482.0,164.0,75482.0,164.0,663200.0,1442.0,663200.0,1442.0,211560.0,460.0,213917.0,465.0,18829.0,41.0,37482.0,81.0,103550.0,225.0,107079.0,233.0,0.0,0.0,0.0,0.0,0.0,0.0,171509.0,373.0,85289.0,185.0,116175.0,253.0,522945.0,1137.0,531132.0,1155.0,6354.0,14.0,72964.0,159.0,0.0,0.0,0.0,0.0,2849776.0,6195.0,3261952.0,7091.0,1523.0,3.0,1523.0,3.0,18860.0,41.0,18860.0,41.0,1268905.0,2758.0,1413264.0,3072.0,306788.0,667.0,1063891.0,2313.0,52032.0,113.0,52032.0,113.0,0.0,0.0,0.0,0.0,0.0,0.0,0.0,0.0,68861.0,150.0,68861.0,150.0,84089.0,183.0,84089.0,183.0,531387.0,1155.0,839465.0,1825.0
2022-23,101912466,El Daep,0,774660.0,0.0,774660.0,0.0,743632.0,0.0,743632.0,0.0,17188.0,0.0,17188.0,0.0,13840.0,0.0,13840.0,0.0,760820.0,0.0,760820.0,0.0,457623.0,0.0,457623.0,0.0,556.0,0.0,556.0,0.0,3286.0,0.0,3286.0,0.0,4808.0,0.0,4808.0,0.0,230119.0,0.0,230119.0,0.0,54813.0,0.0,54813.0,0.0,88.0,0.0,88.0,0.0,8873.0,0.0,8873.0,0.0,0.0,0.0,0.0,0.0,0.0,0.0,0.0,0.0,0.0,0.0,0.0,0.0,654.0,0.0,654.0,0.0,0.0,0.0,0.0,0.0,0.0,0.0,0.0,0.0,0.0,0.0,0.0,0.0,0.0,0.0,0.0,0.0,0.0,0.0,0.0,0.0,14880.0,0.0,14880.0,0.0,745286.0,0.0,745286.0,0.0,0.0,0.0,0.0,0.0,0.0,0.0,0.0,0.0,0.0,0.0,0.0,0.0,0.0,0.0,0.0,0.0,0.0,0.0,0.0,0.0,654.0,0.0,654.0,0.0
2022-23,101912147,Eliot El,549,4442194.0,8091.0,5543672.0,10098.0,3506424.0,6387.0,4241256.0,7725.0,730619.0,1331.0,1089165.0,1984.0,205151.0,374.0,213251.0,388.0,4237043.0,7718.0,5330421.0,9709.0,2910442.0,5301.0,3689275.0,6720.0,96572.0,176.0,97675.0,178.0,76814.0,140.0,76814.0,140.0,62312.0,114.0,62312.0,114.0,418950.0,763.0,418950.0,763.0,169755.0,309.0,173213.0,316.0,23292.0,42.0,23292.0,42.0,99431.0,181.0,102966.0,188.0,0.0,0.0,0.0,0.0,0.0,0.0,295998.0,539.0,0.0,0.0,418.0,1.0,379475.0,691.0,386240.0,704.0,0.0,0.0,0.0,0.0,0.0,0.0,0.0,0.0,2414473.0,4398.0,2792408.0,5086.0,1512.0,3.0,1512.0,3.0,0.0,0.0,0.0,0.0,630209.0,1148.0,658172.0,1199.0,304721.0,555.0,594330.0,1083.0,210166.0,383.0,248013.0,452.0,296487.0,540.0,296487.0,540.0,0.0,0.0,0.0,0.0,0.0,0.0,0.0,0.0,0.0,0.0,0.0,0.0,379475.0,691.0,690752.0,1258.0
2022-23,101912259,Ella J Baker Montessori School,606,4307564.0,7108.0,5573774.0,9198.0,3742114.0,6175.0,4681205.0,7725.0,550913.0,909.0,817043.0,1348.0,14537.0,24.0,75526.0,125.0,4293027.0,7084.0,5498248.0,9073.0,3170863.0,5232.0,4141285.0,6834.0,53175.0,88.0,53175.0,88.0,76129.0,126.0,76129.0,126.0,61622.0,102.0,61622.0,102.0,495083.0,817.0,495083.0,817.0,214755.0,354.0,217095.0,358.0,12266.0,20.0,46586.0,77.0,104489.0,172.0,108016.0,178.0,0.0,0.0,0.0,0.0,0.0,0.0,161528.0,267.0,1498.0,2.0,33576.0,55.0,99332.0,164.0,100338.0,166.0,3815.0,6.0,3815.0,6.0,0.0,0.0,0.0,0.0,3021789.0,4986.0,3395643.0,5603.0,15362.0,25.0,15362.0,25.0,56846.0,94.0,56846.0,94.0,314069.0,518.0,675259.0,1114.0,210620.0,348.0,319167.0,527.0,20986.0,35.0,32701.0,54.0,438517.0,724.0,438517.0,724.0,0.0,0.0,0.0,0.0,110193.0,182.0,110193.0,182.0,0.0,0.0,0.0,0.0,104645.0,173.0,321243.0,530.0
2022-23,101912475,Elmore El,532,3406033.0,6402.0,4520212.0,8497.0,2819135.0,5299.0,3401599.0,6394.0,575958.0,1083.0,1099673.0,2067.0,10940.0,21.0,18940.0,36.0,3395093.0,6382.0,4501272.0,8461.0,2243023.0,4216.0,3023898.0,5684.0,76877.0,145.0,76877.0,145.0,60933.0,115.0,60933.0,115.0,49371.0,93.0,49371.0,93.0,411868.0,774.0,411868.0,774.0,150689.0,283.0,154676.0,291.0,12393.0,23.0,56716.0,107.0,96868.0,182.0,100405.0,189.0,0.0,0.0,0.0,0.0,0.0,0.0,268925.0,505.0,0.0,0.0,514.0,1.0,290560.0,546.0,290560.0,546.0,0.0,0.0,0.0,0.0,2511.0,5.0,2511.0,5.0,2023182.0,3803.0,2403584.0,4518.0,56.0,0.0,56.0,0.0,0.0,0.0,0.0,0.0,618250.0,1162.0,634844.0,1193.0,161498.0,304.0,527162.0,991.0,28446.0,53.0,77534.0,146.0,270590.0,509.0,270590.0,509.0,0.0,0.0,0.0,0.0,0.0,0.0,0.0,0.0,0.0,0.0,0.0,0.0,293071.0,551.0,587502.0,1104.0
2022-23,101912148,Elrod El,697,5171578.0,7420.0,6553529.0,9402.0,4402453.0,6316.0,5260443.0,7547.0,650740.0,934.0,1159164.0,1663.0,118385.0,170.0,133922.0,192.0,5053193.0,7250.0,6419607.0,9210.0,3649336.0,5236.0,4727885.0,6783.0,6464.0,9.0,6464.0,9.0,262113.0,376.0,263226.0,378.0,66003.0,95.0,66003.0,95.0,522340.0,749.0,522340.0,749.0,191382.0,275.0,193754.0,278.0,28343.0,41.0,72301.0,104.0,89021.0,128.0,92551.0,133.0,0.0,0.0,0.0,0.0,0.0,0.0,227164.0,326.0,0.0,0.0,6368.0,9.0,205774.0,295.0,209134.0,300.0,0.0,0.0,0.0,0.0,32417.0,47.0,32417.0,47.0,3331100.0,4779.0,3856864.0,5534.0,0.0,0.0,0.0,0.0,0.0,0.0,0.0,0.0,491342.0,705.0,599340.0,860.0,357896.0,513.0,718053.0,1030.0,288424.0,414.0,332039.0,476.0,346240.0,497.0,346240.0,497.0,0.0,0.0,0.0,0.0,0.0,0.0,0.0,0.0,0.0,0.0,4390.0,6.0,238191.0,342.0,517998.0,743.0
2022-23,101912149,Emerson El,966,6728437.0,6965.0,8553492.0,8855.0,5347944.0,5536.0,6537968.0,6768.0,963769.0,998.0,1593200.0,1649.0,416724.0,431.0,422324.0,437.0,6311713.0,6534.0,8131168.0,8417.0,4635590.0,4799.0,6077903.0,6292.0,94080.0,97.0,95181.0,99.0,255318.0,264.0,255318.0,264.0,78578.0,81.0,78578.0,81.0,446656.0,462.0,446656.0,462.0,207482.0,215.0,209845.0,217.0,12644.0,13.0,16849.0,17.0,99589.0,103.0,103114.0,107.0,0.0,0.0,0.0,0.0,0.0,0.0,297394.0,308.0,0.0,0.0,45770.0,47.0,393480.0,407.0,395610.0,410.0,0.0,0.0,0.0,0.0,88296.0,91.0,98940.0,102.0,4432900.0,4589.0,5153468.0,5335.0,1907.0,2.0,1907.0,2.0,0.0,0.0,0.0,0.0,455894.0,472.0,473299.0,490.0,372960.0,386.0,1014954.0,1051.0,148589.0,154.0,211646.0,219.0,417687.0,432.0,417687.0,432.0,0.0,0.0,0.0,0.0,0.0,0.0,0.0,0.0,0.0,0.0,0.0,0.0,481776.0,499.0,824208.0,853.0
2022-23,101912350,Energized For Excellence Academy E,163,769401.0,4720.0,882177.0,5412.0,57789.0,355.0,57789.0,355.0,711148.0,4363.0,754198.0,4627.0,464.0,3.0,70190.0,431.0,768937.0,4717.0,811987.0,4982.0,742766.0,4557.0,783362.0,4806.0,834.0,5.0,834.0,5.0,3988.0,24.0,3988.0,24.0,7210.0,44.0,7210.0,44.0,5090.0,31.0,5090.0,31.0,7491.0,46.0,7491.0,46.0,132.0,1.0,132.0,1.0,1426.0,9.0,1426.0,9.0,0.0,0.0,0.0,0.0,0.0,0.0,1254.0,8.0,0.0,0.0,1200.0,7.0,0.0,0.0,0.0,0.0,0.0,0.0,0.0,0.0,0.0,0.0,0.0,0.0,582844.0,3576.0,585916.0,3595.0,0.0,0.0,0.0,0.0,0.0,0.0,0.0,0.0,2057.0,13.0,2057.0,13.0,161242.0,989.0,198766.0,1219.0,22794.0,140.0,22794.0,140.0,0.0,0.0,0.0,0.0,0.0,0.0,0.0,0.0,0.0,0.0,0.0,0.0,0.0,0.0,0.0,0.0,0.0,0.0,2454.0,15.0
2022-23,101912364,Energized For Excellence Academy E,1035,6528718.0,6308.0,7337724.0,7090.0,471960.0,456.0,471960.0,456.0,6052962.0,5848.0,6444845.0,6227.0,3796.0,4.0,420919.0,407.0,6524922.0,6304.0,6916805.0,6683.0,6307758.0,6094.0,6664635.0,6439.0,6829.0,7.0,6829.0,7.0,32559.0,31.0,32559.0,31.0,58897.0,57.0,58897.0,57.0,41570.0,40.0,41570.0,40.0,61165.0,59.0,61165.0,59.0,1082.0,1.0,32994.0,32.0,11637.0,11.0,11637.0,11.0,0.0,0.0,0.0,0.0,0.0,0.0,-1025.0,-1.0,3150.0,3.0,7269.0,7.0,275.0,0.0,275.0,0.0,0.0,0.0,0.0,0.0,0.0,0.0,0.0,0.0,4975093.0,4807.0,4979411.0,4811.0,9909.0,10.0,9909.0,10.0,0.0,0.0,0.0,0.0,71727.0,69.0,71727.0,69.0,1043554.0,1008.0,1396113.0,1349.0,421214.0,407.0,421214.0,407.0,0.0,0.0,0.0,0.0,0.0,0.0,0.0,0.0,0.0,0.0,0.0,0.0,0.0,0.0,0.0,0.0,3425.0,3.0,38431.0,37.0
2022-23,101912342,Energized For Excellence Academy I,585,3655321.0,6248.0,4115282.0,7035.0,183003.0,313.0,183003.0,313.0,3470846.0,5933.0,3712276.0,6346.0,1472.0,3.0,220003.0,376.0,3653849.0,6246.0,3895279.0,6659.0,3566773.0,6097.0,3790333.0,6479.0,2648.0,5.0,2648.0,5.0,12626.0,22.0,19826.0,34.0,22835.0,39.0,22835.0,39.0,16118.0,28.0,16118.0,28.0,23718.0,41.0,23718.0,41.0,420.0,1.0,8493.0,15.0,4511.0,8.0,4511.0,8.0,0.0,0.0,0.0,0.0,0.0,0.0,97.0,0.0,4200.0,7.0,6700.0,11.0,0.0,0.0,0.0,0.0,0.0,0.0,0.0,0.0,0.0,0.0,0.0,0.0,2734077.0,4674.0,2745759.0,4694.0,17186.0,29.0,17186.0,29.0,0.0,0.0,0.0,0.0,72415.0,124.0,72415.0,124.0,594547.0,1016.0,813625.0,1391.0,231424.0,396.0,231424.0,396.0,0.0,0.0,0.0,0.0,0.0,0.0,0.0,0.0,0.0,0.0,0.0,0.0,0.0,0.0,0.0,0.0,4200.0,7.0,14870.0,25.0
2022-23,101912321,Energized For Stem Academy H S,583,3821386.0,6555.0,4297590.0,7372.0,192632.0,330.0,192632.0,330.0,3627206.0,6222.0,3891544.0,6675.0,1548.0,3.0,213414.0,366.0,3819838.0,6552.0,4084176.0,7005.0,3726499.0,6392.0,3989982.0,6844.0,2786.0,5.0,2786.0,5.0,13288.0,23.0,13288.0,23.0,24038.0,41.0,24038.0,41.0,16965.0,29.0,16965.0,29.0,24967.0,43.0,24967.0,43.0,441.0,1.0,1296.0,2.0,4750.0,8.0,4750.0,8.0,0.0,0.0,0.0,0.0,0.0,0.0,0.0,0.0,6100.0,10.0,6100.0,10.0,4.0,0.0,4.0,0.0,0.0,0.0,0.0,0.0,0.0,0.0,0.0,0.0,2805754.0,4813.0,2822252.0,4841.0,16908.0,29.0,16908.0,29.0,125921.0,216.0,125921.0,216.0,79181.0,136.0,79181.0,136.0,597644.0,1025.0,844629.0,1449.0,188326.0,323.0,188326.0,323.0,0.0,0.0,0.0,0.0,0.0,0.0,0.0,0.0,0.0,0.0,0.0,0.0,0.0,0.0,0.0,0.0,6104.0,10.0,6959.0,12.0
2022-23,101912390,Energized For Stem Academy Middle,355,2279770.0,6422.0,2897790.0,8163.0,115578.0,326.0,115578.0,326.0,2163263.0,6094.0,2678653.0,7546.0,929.0,3.0,103559.0,292.0,2278841.0,6419.0,2794231.0,7871.0,2222248.0,6260.0,2353736.0,6630.0,1672.0,5.0,1672.0,5.0,7973.0,22.0,7973.0,22.0,14422.0,41.0,14422.0,41.0,10179.0,29.0,10179.0,29.0,14980.0,42.0,14980.0,42.0,265.0,1.0,16666.0,47.0,2848.0,8.0,2848.0,8.0,0.0,0.0,0.0,0.0,0.0,0.0,367501.0,1035.0,4200.0,12.0,4200.0,12.0,54.0,0.0,54.0,0.0,0.0,0.0,0.0,0.0,0.0,0.0,0.0,0.0,1741336.0,4905.0,1745379.0,4917.0,10446.0,29.0,10446.0,29.0,0.0,0.0,0.0,0.0,46258.0,130.0,46258.0,130.0,340626.0,960.0,468071.0,1319.0,135921.0,383.0,135921.0,383.0,0.0,0.0,0.0,0.0,0.0,0.0,0.0,0.0,0.0,0.0,0.0,0.0,0.0,0.0,0.0,0.0,4254.0,12.0,388156.0,1093.0
2022-23,101912468,Energy Institute H S,676,4939774.0,7307.0,5601617.0,8286.0,4568170.0,6758.0,4961576.0,7340.0,368244.0,545.0,534548.0,791.0,3360.0,5.0,105493.0,156.0,4936414.0,7302.0,5496124.0,8130.0,3603253.0,5330.0,4021304.0,5949.0,5842.0,9.0,5842.0,9.0,48771.0,72.0,48771.0,72.0,142385.0,211.0,142385.0,211.0,670406.0,992.0,670406.0,992.0,198543.0,294.0,200909.0,297.0,28109.0,42.0,51918.0,77.0,88416.0,131.0,91771.0,136.0,0.0,0.0,0.0,0.0,0.0,0.0,97941.0,145.0,4899.0,7.0,17663.0,26.0,143335.0,212.0,143335.0,212.0,2455.0,4.0,3879.0,6.0,0.0,0.0,0.0,0.0,2665435.0,3943.0,2871445.0,4248.0,64492.0,95.0,64492.0,95.0,1190111.0,1761.0,1210778.0,1791.0,270308.0,400.0,276108.0,408.0,594915.0,880.0,803189.0,1188.0,464.0,1.0,464.0,1.0,0.0,0.0,0.0,0.0,0.0,0.0,0.0,0.0,0.0,0.0,0.0,0.0,0.0,0.0,0.0,0.0,150689.0,223.0,269648.0,399.0
2022-23,101912352,Farias Early Childhood Center,392,3424174.0,8735.0,4502612.0,11486.0,2761679.0,7045.0,3409406.0,8697.0,645327.0,1646.0,989319.0,2524.0,17168.0,44.0,103887.0,265.0,3407006.0,8691.0,4398725.0,11221.0,2530826.0,6456.0,3372602.0,8604.0,73114.0,187.0,73114.0,187.0,151322.0,386.0,186992.0,477.0,39253.0,100.0,39253.0,100.0,282699.0,721.0,306071.0,781.0,136608.0,348.0,138850.0,354.0,6226.0,16.0,29412.0,75.0,96073.0,245.0,99604.0,254.0,0.0,0.0,0.0,0.0,0.0,0.0,22829.0,58.0,0.0,0.0,525.0,1.0,91012.0,232.0,92926.0,237.0,0.0,0.0,0.0,0.0,0.0,0.0,0.0,0.0,1320436.0,3368.0,1607090.0,4100.0,0.0,0.0,0.0,0.0,0.0,0.0,0.0,0.0,212715.0,543.0,305248.0,779.0,192986.0,492.0,446692.0,1140.0,279404.0,713.0,305791.0,780.0,1310453.0,3343.0,1310453.0,3343.0,0.0,0.0,0.0,0.0,0.0,0.0,0.0,0.0,0.0,0.0,0.0,0.0,91012.0,232.0,187972.0,480.0
2022-23,101912152,Field El,443,3465668.0,7823.0,4219434.0,9525.0,2888430.0,6520.0,3318363.0,7491.0,558584.0,1261.0,840607.0,1898.0,18654.0,42.0,60464.0,136.0,3447014.0,7781.0,4158970.0,9388.0,2163881.0,4885.0,2560523.0,5780.0,92849.0,210.0,93951.0,212.0,34209.0,77.0,34209.0,77.0,47731.0,108.0,47731.0,108.0,503253.0,1136.0,503253.0,1136.0,152083.0,343.0,155433.0,351.0,12223.0,28.0,28001.0,63.0,95073.0,215.0,98610.0,223.0,0.0,0.0,0.0,0.0,0.0,0.0,153459.0,346.0,0.0,0.0,129091.0,291.0,339772.0,767.0,341220.0,770.0,5940.0,13.0,10339.0,23.0,0.0,0.0,0.0,0.0,2155983.0,4867.0,2434658.0,5496.0,1798.0,4.0,1798.0,4.0,0.0,0.0,0.0,0.0,636611.0,1437.0,648234.0,1463.0,161130.0,364.0,285873.0,645.0,5010.0,11.0,5010.0,11.0,140770.0,318.0,140770.0,318.0,0.0,0.0,0.0,0.0,0.0,0.0,0.0,0.0,0.0,0.0,0.0,0.0,345712.0,780.0,642627.0,1451.0
2022-23,101912078,Fleming Middle,384,4619269.0,12029.0,6195205.0,16133.0,3675067.0,9570.0,4542695.0,11830.0,737498.0,1921.0,1401181.0,3649.0,206704.0,538.0,251329.0,655.0,4412565.0,11491.0,5943876.0,15479.0,2622512.0,6829.0,3718169.0,9683.0,130061.0,339.0,131156.0,342.0,110009.0,286.0,247764.0,645.0,59814.0,156.0,59814.0,156.0,654665.0,1705.0,654665.0,1705.0,249827.0,651.0,254438.0,663.0,46309.0,121.0,85389.0,222.0,72228.0,188.0,72545.0,189.0,0.0,0.0,0.0,0.0,0.0,0.0,177520.0,462.0,119839.0,312.0,132140.0,344.0,346012.0,901.0,347934.0,906.0,1289.0,3.0,60152.0,157.0,0.0,0.0,0.0,0.0,2451970.0,6385.0,2983987.0,7771.0,0.0,0.0,0.0,0.0,8923.0,23.0,8923.0,23.0,1032215.0,2688.0,1065307.0,2774.0,362261.0,943.0,1022676.0,2663.0,7958.0,21.0,7958.0,21.0,0.0,0.0,0.0,0.0,0.0,0.0,0.0,0.0,82098.0,214.0,82098.0,214.0,112979.0,294.0,112979.0,294.0,354161.0,922.0,659948.0,1719.0
2022-23,101912271,Foerster El,617,4141618.0,6713.0,5696603.0,9233.0,3635533.0,5892.0,4469829.0,7244.0,465978.0,755.0,1117204.0,1811.0,40107.0,65.0,109570.0,178.0,4101511.0,6648.0,5587033.0,9055.0,2973736.0,4820.0,3985014.0,6459.0,94734.0,154.0,94734.0,154.0,65031.0,105.0,65031.0,105.0,60970.0,99.0,60970.0,99.0,482357.0,782.0,534129.0,866.0,183570.0,298.0,187028.0,303.0,7178.0,12.0,55869.0,91.0,108879.0,176.0,112439.0,182.0,0.0,0.0,0.0,0.0,0.0,0.0,322479.0,523.0,0.0,0.0,39321.0,64.0,125056.0,203.0,127719.0,207.0,0.0,0.0,0.0,0.0,0.0,0.0,0.0,0.0,2791788.0,4525.0,3175713.0,5147.0,1391.0,2.0,1391.0,2.0,0.0,0.0,0.0,0.0,654657.0,1061.0,837737.0,1358.0,215200.0,349.0,673915.0,1092.0,142027.0,230.0,160637.0,260.0,171392.0,278.0,171392.0,278.0,0.0,0.0,0.0,0.0,0.0,0.0,0.0,0.0,0.0,0.0,0.0,0.0,125056.0,203.0,566248.0,918.0
2022-23,101912153,Fondren El,300,2961016.0,9870.0,3891017.0,12970.0,2323290.0,7744.0,2871625.0,9572.0,532216.0,1774.0,883116.0,2944.0,105510.0,352.0,136276.0,454.0,2855506.0,9518.0,3754741.0,12516.0,2033067.0,6777.0,2759801.0,9199.0,35068.0,117.0,36189.0,121.0,96059.0,320.0,96059.0,320.0,47742.0,159.0,47742.0,159.0,295935.0,986.0,295942.0,986.0,131944.0,440.0,134329.0,448.0,1564.0,5.0,3363.0,11.0,88200.0,294.0,89722.0,299.0,0.0,0.0,0.0,0.0,0.0,0.0,152782.0,509.0,0.0,0.0,7000.0,23.0,125927.0,420.0,129312.0,431.0,0.0,0.0,0.0,0.0,0.0,0.0,0.0,0.0,1586775.0,5289.0,1891945.0,6306.0,0.0,0.0,0.0,0.0,0.0,0.0,0.0,0.0,727796.0,2426.0,752296.0,2508.0,55622.0,185.0,413044.0,1377.0,99072.0,330.0,116644.0,389.0,260314.0,868.0,260314.0,868.0,0.0,0.0,0.0,0.0,0.0,0.0,0.0,0.0,0.0,0.0,0.0,0.0,125927.0,420.0,289622.0,965.0
2022-23,101912072,Fondren Middle,840,5570750.0,6632.0,7230864.0,8608.0,4857744.0,5783.0,5698074.0,6783.0,652141.0,776.0,1471925.0,1752.0,60865.0,72.0,60865.0,72.0,5509885.0,6559.0,7169999.0,8536.0,3676613.0,4377.0,4821861.0,5740.0,52703.0,63.0,52703.0,63.0,146289.0,174.0,251722.0,300.0,66581.0,79.0,66581.0,79.0,650957.0,775.0,742906.0,884.0,320782.0,382.0,326184.0,388.0,24255.0,29.0,101450.0,121.0,107352.0,128.0,110866.0,132.0,0.0,0.0,0.0,0.0,0.0,0.0,224884.0,268.0,101614.0,121.0,102794.0,122.0,309952.0,369.0,313350.0,373.0,7365.0,9.0,7365.0,9.0,45422.0,54.0,45422.0,54.0,3960143.0,4714.0,4571366.0,5442.0,835.0,1.0,835.0,1.0,0.0,0.0,0.0,0.0,517778.0,616.0,540492.0,643.0,497709.0,593.0,1084482.0,1291.0,69067.0,82.0,69067.0,82.0,0.0,0.0,0.0,0.0,0.0,0.0,0.0,0.0,0.0,0.0,0.0,0.0,98948.0,118.0,98948.0,118.0,365405.0,435.0,804809.0,958.0
2022-23,101912047,FonvilleMiddle,665,5559891.0,8361.0,7197993.0,10824.0,4678798.0,7036.0,5810216.0,8737.0,831062.0,1250.0,1337746.0,2012.0,50031.0,75.0,50031.0,75.0,5509860.0,8286.0,7147962.0,10749.0,3847143.0,5785.0,4821470.0,7250.0,86875.0,131.0,86875.0,131.0,71354.0,107.0,173000.0,260.0,79897.0,120.0,79897.0,120.0,579347.0,871.0,681881.0,1025.0,214660.0,323.0,305461.0,459.0,45644.0,69.0,80782.0,121.0,124549.0,187.0,128484.0,193.0,0.0,0.0,0.0,0.0,0.0,0.0,280255.0,421.0,153224.0,230.0,198657.0,299.0,303723.0,457.0,305641.0,460.0,3444.0,5.0,3444.0,5.0,0.0,0.0,0.0,0.0,3035651.0,4565.0,3296616.0,4957.0,1775.0,3.0,1775.0,3.0,22692.0,34.0,22692.0,34.0,1148513.0,1727.0,1304759.0,1962.0,785133.0,1181.0,1517603.0,2282.0,55705.0,84.0,55705.0,84.0,0.0,0.0,0.0,0.0,0.0,0.0,0.0,0.0,0.0,0.0,0.0,0.0,115678.0,174.0,115678.0,174.0,344713.0,518.0,833134.0,1253.0
2022-23,101912470,Fonwood Early Childhood Ctr,446,4170732.0,9351.0,5210355.0,11682.0,3173035.0,7114.0,3769270.0,8451.0,956676.0,2145.0,1361973.0,3054.0,41021.0,92.0,79112.0,177.0,4129711.0,9259.0,5131243.0,11505.0,3203906.0,7184.0,3913241.0,8774.0,4783.0,11.0,4783.0,11.0,184457.0,414.0,190377.0,427.0,62490.0,140.0,62490.0,140.0,341343.0,765.0,341343.0,765.0,100004.0,224.0,100004.0,224.0,7328.0,16.0,78081.0,175.0,102500.0,230.0,106008.0,238.0,0.0,0.0,0.0,0.0,0.0,0.0,175148.0,393.0,0.0,0.0,802.0,2.0,122900.0,276.0,122900.0,276.0,0.0,0.0,0.0,0.0,0.0,0.0,0.0,0.0,1450306.0,3252.0,1752881.0,3930.0,0.0,0.0,0.0,0.0,0.0,0.0,0.0,0.0,690776.0,1549.0,712878.0,1598.0,190656.0,427.0,472091.0,1059.0,71624.0,161.0,83076.0,186.0,1603449.0,3595.0,1603449.0,3595.0,0.0,0.0,0.0,0.0,0.0,0.0,0.0,0.0,0.0,0.0,0.0,0.0,122900.0,276.0,309576.0,694.0
2022-23,101912476,Forest Brook Middle,613,5036627.0,8216.0,6644407.0,10839.0,4177460.0,6815.0,5207404.0,8495.0,729765.0,1190.0,1296381.0,2115.0,129402.0,211.0,140622.0,229.0,4907225.0,8005.0,6503785.0,10610.0,3126170.0,5100.0,4080587.0,6657.0,80297.0,131.0,80297.0,131.0,34842.0,57.0,151321.0,247.0,77140.0,126.0,77140.0,126.0,729452.0,1190.0,886636.0,1446.0,221391.0,361.0,376997.0,615.0,81047.0,132.0,118768.0,194.0,70324.0,115.0,70621.0,115.0,0.0,0.0,0.0,0.0,0.0,0.0,162437.0,265.0,91714.0,150.0,104133.0,170.0,377460.0,616.0,377460.0,616.0,964.0,2.0,964.0,2.0,0.0,0.0,0.0,0.0,2699964.0,4405.0,3236102.0,5279.0,1769.0,3.0,1769.0,3.0,66965.0,109.0,66965.0,109.0,1123229.0,1832.0,1178517.0,1923.0,517261.0,844.0,1119496.0,1826.0,11475.0,19.0,11475.0,19.0,0.0,0.0,0.0,0.0,0.0,0.0,0.0,0.0,0.0,0.0,0.0,0.0,91714.0,150.0,100670.0,164.0,394848.0,644.0,788791.0,1287.0
2022-23,101912154,Foster El,380,3279934.0,8631.0,4135223.0,10882.0,2694556.0,7091.0,3287452.0,8651.0,553337.0,1456.0,815730.0,2147.0,32041.0,84.0,32041.0,84.0,3247893.0,8547.0,4103182.0,10798.0,2318001.0,6100.0,2858700.0,7523.0,92542.0,244.0,92542.0,244.0,64602.0,170.0,64602.0,170.0,45462.0,120.0,45462.0,120.0,289723.0,762.0,369460.0,972.0,148355.0,390.0,151848.0,400.0,6784.0,18.0,17647.0,46.0,87874.0,231.0,91228.0,240.0,0.0,0.0,0.0,0.0,0.0,0.0,204840.0,539.0,0.0,0.0,2846.0,7.0,193139.0,508.0,198747.0,523.0,991.0,3.0,991.0,3.0,0.0,0.0,0.0,0.0,1666004.0,4384.0,1948484.0,5128.0,0.0,0.0,0.0,0.0,0.0,0.0,0.0,0.0,591411.0,1556.0,608004.0,1600.0,276045.0,726.0,509751.0,1341.0,63670.0,168.0,63670.0,168.0,456633.0,1202.0,456633.0,1202.0,0.0,0.0,0.0,0.0,0.0,0.0,0.0,0.0,0.0,0.0,0.0,0.0,194130.0,511.0,494008.0,1300.0
2022-23,101912155,Franklin El,301,2717429.0,9028.0,3450123.0,11462.0,2331534.0,7746.0,2796070.0,9289.0,383900.0,1275.0,641308.0,2131.0,1995.0,7.0,12745.0,42.0,2715434.0,9021.0,3437378.0,11420.0,1861918.0,6186.0,2354849.0,7823.0,36196.0,120.0,36196.0,120.0,20722.0,69.0,20722.0,69.0,38292.0,127.0,38292.0,127.0,265564.0,882.0,265564.0,882.0,142069.0,472.0,144220.0,479.0,6544.0,22.0,32460.0,108.0,86437.0,287.0,89966.0,299.0,0.0,0.0,0.0,0.0,0.0,0.0,189269.0,629.0,0.0,0.0,963.0,3.0,194815.0,647.0,197875.0,657.0,0.0,0.0,0.0,0.0,62877.0,209.0,62877.0,209.0,1789092.0,5944.0,1985792.0,6597.0,639.0,2.0,639.0,2.0,0.0,0.0,0.0,0.0,433542.0,1440.0,445155.0,1479.0,162312.0,539.0,441581.0,1467.0,72157.0,240.0,92696.0,308.0,0.0,0.0,0.0,0.0,0.0,0.0,0.0,0.0,0.0,0.0,0.0,0.0,0.0,0.0,0.0,0.0,257692.0,856.0,456664.0,1517.0
2022-23,101912156,Frost El,488,3675256.0,7531.0,4708664.0,9649.0,3174587.0,6505.0,3911055.0,8014.0,475699.0,975.0,765639.0,1569.0,24970.0,51.0,31970.0,66.0,3650286.0,7480.0,4676694.0,9583.0,2660897.0,5453.0,3402243.0,6972.0,4555.0,9.0,4555.0,9.0,52637.0,108.0,52637.0,108.0,56050.0,115.0,56050.0,115.0,428337.0,878.0,428337.0,878.0,155463.0,319.0,157704.0,323.0,17850.0,37.0,39168.0,80.0,108263.0,222.0,111826.0,229.0,0.0,0.0,0.0,0.0,0.0,0.0,253642.0,520.0,0.0,0.0,678.0,1.0,166234.0,341.0,169854.0,348.0,0.0,0.0,0.0,0.0,0.0,0.0,0.0,0.0,2239834.0,4590.0,2453828.0,5028.0,1675.0,3.0,1675.0,3.0,0.0,0.0,0.0,0.0,612481.0,1255.0,713263.0,1462.0,196839.0,403.0,576424.0,1181.0,43557.0,89.0,63829.0,131.0,389666.0,798.0,389666.0,798.0,0.0,0.0,0.0,0.0,0.0,0.0,0.0,0.0,0.0,0.0,0.0,0.0,166234.0,341.0,429980.0,881.0
2022-23,101912004,Furr H S,1154,8823655.0,7646.0,10617711.0,9201.0,7717404.0,6688.0,8824130.0,7647.0,1083752.0,939.0,1762559.0,1527.0,22499.0,19.0,31022.0,27.0,8801156.0,7627.0,10586689.0,9174.0,5635024.0,4883.0,6584087.0,5705.0,49840.0,43.0,49840.0,43.0,156927.0,136.0,156927.0,136.0,150041.0,130.0,150041.0,130.0,1249959.0,1083.0,1303683.0,1130.0,531899.0,461.0,650481.0,564.0,64632.0,56.0,423524.0,367.0,78882.0,68.0,78882.0,68.0,0.0,0.0,0.0,0.0,0.0,0.0,230516.0,200.0,500282.0,434.0,560237.0,485.0,267394.0,232.0,270043.0,234.0,48726.0,42.0,48726.0,42.0,67550.0,59.0,67550.0,59.0,4376888.0,3793.0,4917053.0,4261.0,2649.0,2.0,2649.0,2.0,870204.0,754.0,905540.0,785.0,1629392.0,1412.0,1681448.0,1457.0,407068.0,353.0,1211305.0,1050.0,97263.0,84.0,97263.0,84.0,0.0,0.0,0.0,0.0,0.0,0.0,0.0,0.0,533740.0,463.0,533740.0,463.0,449753.0,390.0,449753.0,390.0,434199.0,376.0,787938.0,683.0
2022-23,101912291,GallegosEl,360,2994611.0,8318.0,4069845.0,11305.0,2420722.0,6724.0,3182830.0,8841.0,549111.0,1525.0,846112.0,2350.0,24778.0,69.0,40903.0,114.0,2969833.0,8250.0,4028942.0,11192.0,2060352.0,5723.0,2739081.0,7609.0,89642.0,249.0,89642.0,249.0,34986.0,97.0,34986.0,97.0,44808.0,124.0,44808.0,124.0,319182.0,887.0,412643.0,1146.0,140444.0,390.0,142820.0,397.0,17523.0,49.0,35289.0,98.0,95022.0,264.0,98557.0,274.0,0.0,0.0,0.0,0.0,0.0,0.0,236199.0,656.0,0.0,0.0,20714.0,58.0,151742.0,422.0,155571.0,432.0,0.0,0.0,0.0,0.0,16132.0,45.0,16132.0,45.0,1814540.0,5040.0,2034015.0,5650.0,1445.0,4.0,1445.0,4.0,0.0,0.0,0.0,0.0,554405.0,1540.0,752324.0,2090.0,196317.0,545.0,449853.0,1250.0,52936.0,147.0,76479.0,212.0,182316.0,506.0,182316.0,506.0,0.0,0.0,0.0,0.0,0.0,0.0,0.0,0.0,0.0,0.0,0.0,0.0,167874.0,466.0,510364.0,1418.0
2022-23,101912283,Garcia El,336,2571327.0,7653.0,3247458.0,9665.0,2326683.0,6925.0,2715447.0,8082.0,241425.0,719.0,528792.0,1574.0,3219.0,10.0,3219.0,10.0,2568108.0,7643.0,3244239.0,9655.0,1750802.0,5211.0,2174108.0,6471.0,85471.0,254.0,85471.0,254.0,37045.0,110.0,65845.0,196.0,27946.0,83.0,27946.0,83.0,363215.0,1081.0,363215.0,1081.0,126620.0,377.0,130097.0,387.0,11486.0,34.0,31851.0,95.0,79309.0,236.0,82840.0,247.0,0.0,0.0,0.0,0.0,0.0,0.0,195330.0,581.0,1300.0,4.0,1300.0,4.0,84714.0,252.0,86036.0,256.0,14.0,0.0,14.0,0.0,186.0,1.0,186.0,1.0,1625947.0,4839.0,1886363.0,5614.0,0.0,0.0,0.0,0.0,0.0,0.0,0.0,0.0,449096.0,1337.0,466881.0,1390.0,215762.0,642.0,365394.0,1087.0,45066.0,134.0,65486.0,195.0,146023.0,435.0,146023.0,435.0,0.0,0.0,0.0,0.0,0.0,0.0,0.0,0.0,0.0,0.0,0.0,0.0,86214.0,257.0,289874.0,863.0
2022-23,101912157,Garden Oaks Montessori,797,6139054.0,7703.0,7253870.0,9101.0,5192031.0,6514.0,6033584.0,7570.0,872223.0,1094.0,1128561.0,1416.0,74800.0,94.0,91725.0,115.0,6064254.0,7609.0,7162145.0,8986.0,4678501.0,5870.0,5507903.0,6911.0,85184.0,107.0,86286.0,108.0,124708.0,156.0,134208.0,168.0,74680.0,94.0,74680.0,94.0,581902.0,730.0,581902.0,730.0,173344.0,217.0,173344.0,217.0,128662.0,161.0,164815.0,207.0,96337.0,121.0,99860.0,125.0,0.0,0.0,0.0,0.0,0.0,0.0,200002.0,251.0,0.0,0.0,10794.0,14.0,120936.0,152.0,123100.0,154.0,0.0,0.0,0.0,0.0,0.0,0.0,0.0,0.0,4070906.0,5108.0,4550703.0,5710.0,13640.0,17.0,13640.0,17.0,249.0,0.0,249.0,0.0,794874.0,997.0,807371.0,1013.0,252072.0,316.0,492374.0,618.0,58267.0,73.0,66918.0,84.0,707541.0,888.0,707541.0,888.0,0.0,0.0,0.0,0.0,45769.0,57.0,45769.0,57.0,0.0,0.0,0.0,0.0,120936.0,152.0,357778.0,449.0
2022-23,101912158,Garden Villas El,368,3069926.0,8342.0,3700171.0,10055.0,2609489.0,7091.0,2967180.0,8063.0,376923.0,1024.0,649477.0,1765.0,83514.0,227.0,83514.0,227.0,2986412.0,8115.0,3616657.0,9828.0,1947371.0,5292.0,2326311.0,6321.0,78536.0,213.0,78536.0,213.0,61200.0,166.0,61200.0,166.0,38316.0,104.0,38316.0,104.0,420789.0,1143.0,424103.0,1152.0,93140.0,253.0,97055.0,264.0,57378.0,156.0,79291.0,215.0,102572.0,279.0,106090.0,288.0,0.0,0.0,0.0,0.0,0.0,0.0,208696.0,567.0,0.0,0.0,8344.0,23.0,187110.0,508.0,188715.0,513.0,0.0,0.0,0.0,0.0,0.0,0.0,0.0,0.0,1952480.0,5306.0,2137866.0,5809.0,0.0,0.0,0.0,0.0,0.0,0.0,0.0,0.0,454618.0,1235.0,472018.0,1283.0,291732.0,793.0,427050.0,1160.0,67722.0,184.0,81982.0,223.0,32750.0,89.0,32750.0,89.0,0.0,0.0,0.0,0.0,0.0,0.0,0.0,0.0,0.0,0.0,0.0,0.0,187110.0,508.0,419644.0,1140.0
2022-23,101912159,Golfcrest El,429,3526425.0,8220.0,4776607.0,11134.0,2699229.0,6292.0,3561735.0,8302.0,800587.0,1866.0,1188263.0,2770.0,26609.0,62.0,26609.0,62.0,3499816.0,8158.0,4749998.0,11072.0,2468057.0,5753.0,3440215.0,8019.0,78860.0,184.0,78860.0,184.0,71878.0,168.0,71878.0,168.0,48292.0,113.0,48292.0,113.0,381079.0,888.0,381079.0,888.0,152912.0,356.0,157457.0,367.0,12329.0,29.0,57252.0,133.0,106479.0,248.0,112373.0,262.0,0.0,0.0,0.0,0.0,0.0,0.0,219291.0,511.0,0.0,0.0,2376.0,6.0,132260.0,308.0,133255.0,311.0,0.0,0.0,0.0,0.0,47670.0,111.0,47670.0,111.0,1871621.0,4363.0,2220936.0,5177.0,1503.0,4.0,1503.0,4.0,0.0,0.0,0.0,0.0,699810.0,1631.0,740127.0,1725.0,215027.0,501.0,740978.0,1727.0,137766.0,321.0,168890.0,394.0,394159.0,919.0,394159.0,919.0,0.0,0.0,0.0,0.0,0.0,0.0,0.0,0.0,0.0,0.0,0.0,0.0,179930.0,419.0,431528.0,1006.0
2022-23,101912162,Gregg El,372,2963518.0,7966.0,3473643.0,9338.0,1958499.0,5265.0,2184703.0,5873.0,834581.0,2243.0,1118502.0,3007.0,170438.0,458.0,170438.0,458.0,2793080.0,7508.0,3303205.0,8880.0,1658004.0,4457.0,1926438.0,5179.0,37032.0,100.0,38140.0,103.0,56380.0,152.0,58958.0,158.0,30508.0,82.0,30508.0,82.0,438800.0,1180.0,438800.0,1180.0,74644.0,201.0,81437.0,219.0,6413.0,17.0,8823.0,24.0,85617.0,230.0,88973.0,239.0,0.0,0.0,0.0,0.0,0.0,0.0,208170.0,560.0,750.0,2.0,910.0,2.0,381207.0,1025.0,383219.0,1030.0,0.0,0.0,0.0,0.0,0.0,0.0,0.0,0.0,1600697.0,4303.0,1722196.0,4630.0,691.0,2.0,691.0,2.0,0.0,0.0,0.0,0.0,537647.0,1445.0,556093.0,1495.0,181328.0,487.0,308294.0,829.0,25752.0,69.0,43352.0,117.0,41283.0,111.0,41283.0,111.0,0.0,0.0,0.0,0.0,0.0,0.0,0.0,0.0,0.0,0.0,0.0,0.0,381957.0,1027.0,601751.0,1618.0
2022-23,101912058,Gregory-Lincoln Ed Ctr,598,4691931.0,7846.0,6112657.0,10222.0,4163601.0,6963.0,5047257.0,8440.0,510113.0,853.0,789851.0,1321.0,18217.0,30.0,275549.0,461.0,4673714.0,7816.0,5837108.0,9761.0,3230287.0,5402.0,4048954.0,6771.0,37176.0,62.0,37176.0,62.0,176781.0,296.0,176781.0,296.0,54887.0,92.0,54887.0,92.0,650891.0,1088.0,650891.0,1088.0,174935.0,293.0,177302.0,296.0,7108.0,12.0,27905.0,47.0,16019.0,27.0,16019.0,27.0,0.0,0.0,0.0,0.0,0.0,0.0,271112.0,453.0,76182.0,127.0,76252.0,128.0,249448.0,417.0,253262.0,424.0,0.0,0.0,0.0,0.0,0.0,0.0,0.0,0.0,3564301.0,5960.0,3868199.0,6469.0,0.0,0.0,0.0,0.0,0.0,0.0,0.0,0.0,382533.0,640.0,551238.0,922.0,180891.0,302.0,566697.0,948.0,50797.0,85.0,73629.0,123.0,169562.0,284.0,169562.0,284.0,0.0,0.0,0.0,0.0,0.0,0.0,0.0,0.0,76182.0,127.0,76182.0,127.0,249448.0,417.0,529053.0,885.0
2022-23,101912262,Grissom El,467,3349101.0,7172.0,4659175.0,9977.0,2788387.0,5971.0,3686224.0,7893.0,391627.0,839.0,774145.0,1658.0,169087.0,362.0,198806.0,426.0,3180014.0,6809.0,4460369.0,9551.0,2260132.0,4840.0,3217439.0,6890.0,36657.0,78.0,36657.0,78.0,116809.0,250.0,116809.0,250.0,39296.0,84.0,39296.0,84.0,373668.0,800.0,373668.0,800.0,145528.0,312.0,158330.0,339.0,11791.0,25.0,31804.0,68.0,90787.0,194.0,94314.0,202.0,0.0,0.0,0.0,0.0,0.0,0.0,275714.0,590.0,5656.0,12.0,9482.0,20.0,99053.0,212.0,101090.0,216.0,0.0,0.0,0.0,0.0,637.0,1.0,637.0,1.0,1901536.0,4072.0,2425299.0,5193.0,766.0,2.0,766.0,2.0,0.0,0.0,0.0,0.0,429243.0,919.0,434118.0,930.0,221873.0,475.0,631254.0,1352.0,132607.0,284.0,152657.0,327.0,388643.0,832.0,388643.0,832.0,0.0,0.0,0.0,0.0,0.0,0.0,0.0,0.0,0.0,0.0,0.0,0.0,105346.0,226.0,392652.0,841.0
2022-23,101912369,Gross El,480,3769565.0,7853.0,4839585.0,10082.0,3251710.0,6774.0,4058111.0,8454.0,436612.0,910.0,700231.0,1459.0,81243.0,169.0,81243.0,169.0,3688322.0,7684.0,4758342.0,9913.0,2535074.0,5281.0,3384990.0,7052.0,90679.0,189.0,90679.0,189.0,47331.0,99.0,52581.0,110.0,51418.0,107.0,51418.0,107.0,446315.0,930.0,446499.0,930.0,160638.0,335.0,162888.0,339.0,11983.0,25.0,36503.0,76.0,98896.0,206.0,102015.0,213.0,0.0,0.0,0.0,0.0,0.0,0.0,172988.0,360.0,13471.0,28.0,14644.0,31.0,219599.0,457.0,223721.0,466.0,12918.0,27.0,12918.0,27.0,0.0,0.0,0.0,0.0,2427775.0,5058.0,2916706.0,6076.0,155.0,0.0,155.0,0.0,0.0,0.0,0.0,0.0,526559.0,1097.0,637451.0,1328.0,202997.0,423.0,445829.0,929.0,108353.0,226.0,122890.0,256.0,176495.0,368.0,176495.0,368.0,0.0,0.0,0.0,0.0,0.0,0.0,0.0,0.0,0.0,0.0,0.0,0.0,245988.0,512.0,440555.0,918.0
2022-23,101912456,H S Ahead Academy,138,2023660.0,14664.0,2521850.0,18274.0,1686021.0,12218.0,1989082.0,14414.0,332375.0,2409.0,527504.0,3822.0,5264.0,38.0,5264.0,38.0,2018396.0,14626.0,2516586.0,18236.0,1193142.0,8646.0,1611709.0,11679.0,89216.0,646.0,89216.0,646.0,6782.0,49.0,6782.0,49.0,11947.0,87.0,11947.0,87.0,410204.0,2972.0,410204.0,2972.0,108420.0,786.0,111894.0,811.0,10962.0,79.0,17404.0,126.0,68071.0,493.0,70982.0,514.0,0.0,0.0,0.0,0.0,0.0,0.0,65640.0,476.0,0.0,0.0,0.0,0.0,119109.0,863.0,119131.0,863.0,0.0,0.0,0.0,0.0,543.0,4.0,543.0,4.0,1467133.0,10631.0,1592241.0,11538.0,161.0,1.0,161.0,1.0,0.0,0.0,0.0,0.0,99573.0,722.0,105363.0,764.0,326443.0,2366.0,615956.0,4463.0,5434.0,39.0,11188.0,81.0,0.0,0.0,0.0,0.0,0.0,0.0,0.0,0.0,0.0,0.0,0.0,0.0,0.0,0.0,0.0,0.0,119652.0,867.0,191677.0,1389.0
2022-23,101912034,H S For Law And Justice,436,4009332.0,9196.0,4475371.0,10265.0,3454920.0,7924.0,3718612.0,8529.0,510700.0,1171.0,713047.0,1635.0,43712.0,100.0,43712.0,100.0,3965620.0,9095.0,4431659.0,10164.0,2576851.0,5910.0,2900390.0,6652.0,79731.0,183.0,79731.0,183.0,128573.0,295.0,128573.0,295.0,108749.0,249.0,108749.0,249.0,578133.0,1326.0,578133.0,1326.0,236455.0,542.0,238817.0,548.0,1102.0,3.0,2501.0,6.0,91612.0,210.0,95133.0,218.0,0.0,0.0,0.0,0.0,0.0,0.0,102081.0,234.0,136.0,0.0,30514.0,70.0,155092.0,356.0,157232.0,361.0,9186.0,21.0,9805.0,22.0,0.0,0.0,0.0,0.0,1932520.0,4432.0,2036659.0,4671.0,9086.0,21.0,9086.0,21.0,1175088.0,2695.0,1200093.0,2753.0,371581.0,852.0,382963.0,878.0,54624.0,125.0,233160.0,535.0,1394.0,3.0,1394.0,3.0,0.0,0.0,0.0,0.0,0.0,0.0,0.0,0.0,256913.0,589.0,261390.0,600.0,0.0,0.0,0.0,0.0,164414.0,377.0,306914.0,704.0
2022-23,101912131,Halpin Early Childhood Ctr,387,3669578.0,9482.0,4432138.0,11453.0,3009688.0,7777.0,3545929.0,9163.0,587310.0,1518.0,807229.0,2086.0,72580.0,188.0,78980.0,204.0,3596998.0,9295.0,4353158.0,11248.0,2736038.0,7070.0,3430791.0,8865.0,37260.0,96.0,37260.0,96.0,102442.0,265.0,102442.0,265.0,55753.0,144.0,55753.0,144.0,291193.0,752.0,291193.0,752.0,73998.0,191.0,73998.0,191.0,85403.0,221.0,110383.0,285.0,84129.0,217.0,87723.0,227.0,0.0,0.0,0.0,0.0,0.0,0.0,26573.0,69.0,0.0,0.0,6260.0,16.0,131050.0,339.0,131050.0,339.0,0.0,0.0,0.0,0.0,-649.0,-2.0,-649.0,-2.0,1744073.0,4507.0,2121577.0,5482.0,396.0,1.0,396.0,1.0,0.0,0.0,0.0,0.0,654321.0,1691.0,667841.0,1726.0,185517.0,479.0,441845.0,1142.0,197033.0,509.0,219543.0,567.0,684876.0,1770.0,684876.0,1770.0,0.0,0.0,0.0,0.0,0.0,0.0,0.0,0.0,0.0,0.0,0.0,0.0,130401.0,337.0,169068.0,437.0
2022-23,101912049,HamiltonMiddle,823,6629947.0,8056.0,8111453.0,9856.0,5856163.0,7116.0,6763837.0,8219.0,731625.0,889.0,1305457.0,1586.0,42159.0,51.0,42159.0,51.0,6587788.0,8005.0,8069294.0,9805.0,4426165.0,5378.0,5329831.0,6476.0,90925.0,110.0,90925.0,110.0,122704.0,149.0,261033.0,317.0,98544.0,120.0,98544.0,120.0,886500.0,1077.0,895173.0,1088.0,318339.0,387.0,322954.0,392.0,2880.0,3.0,19319.0,23.0,113974.0,138.0,117490.0,143.0,0.0,0.0,0.0,0.0,0.0,0.0,351736.0,427.0,154097.0,187.0,203195.0,247.0,358306.0,435.0,363740.0,442.0,15096.0,18.0,15096.0,18.0,0.0,0.0,0.0,0.0,4443151.0,5399.0,4819907.0,5857.0,15123.0,18.0,15123.0,18.0,47822.0,58.0,47822.0,58.0,1249816.0,1519.0,1293717.0,1572.0,181244.0,220.0,764864.0,929.0,39730.0,48.0,51467.0,63.0,0.0,0.0,0.0,0.0,0.0,0.0,0.0,0.0,83145.0,101.0,83145.0,101.0,140554.0,171.0,140554.0,171.0,387203.0,470.0,852695.0,1036.0
2022-23,101912351,Harper Daep,54,1466186.0,27152.0,1466186.0,27152.0,1316475.0,24379.0,1316475.0,24379.0,108302.0,2006.0,108302.0,2006.0,41409.0,767.0,41409.0,767.0,1424777.0,26385.0,1424777.0,26385.0,618852.0,11460.0,618852.0,11460.0,3193.0,59.0,3193.0,59.0,19559.0,362.0,19559.0,362.0,67486.0,1250.0,67486.0,1250.0,463670.0,8586.0,463670.0,8586.0,207187.0,3837.0,207187.0,3837.0,2050.0,38.0,2050.0,38.0,42780.0,792.0,42780.0,792.0,0.0,0.0,0.0,0.0,0.0,0.0,0.0,0.0,0.0,0.0,0.0,0.0,0.0,0.0,0.0,0.0,0.0,0.0,0.0,0.0,0.0,0.0,0.0,0.0,0.0,0.0,0.0,0.0,0.0,0.0,0.0,0.0,51469.0,953.0,51469.0,953.0,249709.0,4624.0,249709.0,4624.0,1123599.0,20807.0,1123599.0,20807.0,0.0,0.0,0.0,0.0,0.0,0.0,0.0,0.0,0.0,0.0,0.0,0.0,0.0,0.0,0.0,0.0,0.0,0.0,0.0,0.0,0.0,0.0,0.0,0.0
2022-23,101912320,Harris Co J J A E P,11,695127.0,63193.0,697479.0,63407.0,115227.0,10475.0,117579.0,10689.0,579900.0,52718.0,579900.0,52718.0,0.0,0.0,0.0,0.0,695127.0,63193.0,697479.0,63407.0,579900.0,52718.0,579900.0,52718.0,0.0,0.0,0.0,0.0,0.0,0.0,0.0,0.0,0.0,0.0,0.0,0.0,16188.0,1472.0,16188.0,1472.0,99039.0,9004.0,101391.0,9217.0,0.0,0.0,0.0,0.0,0.0,0.0,0.0,0.0,0.0,0.0,0.0,0.0,0.0,0.0,0.0,0.0,0.0,0.0,0.0,0.0,0.0,0.0,0.0,0.0,0.0,0.0,0.0,0.0,0.0,0.0,0.0,0.0,300.0,27.0,300.0,27.0,0.0,0.0,0.0,0.0,0.0,0.0,0.0,0.0,0.0,0.0,0.0,0.0,595788.0,54163.0,595788.0,54163.0,0.0,0.0,0.0,0.0,0.0,0.0,0.0,0.0,0.0,0.0,0.0,0.0,0.0,0.0,0.0,0.0,0.0,0.0,0.0,0.0,99039.0,9004.0,101391.0,9217.0
2022-23,101912166,Harris J R El,309,2897917.0,9378.0,4334193.0,14027.0,2310403.0,7477.0,2866821.0,9278.0,549175.0,1777.0,860782.0,2786.0,38339.0,124.0,606590.0,1963.0,2859578.0,9254.0,3727603.0,12063.0,2103856.0,6809.0,2614483.0,8461.0,7114.0,23.0,7114.0,23.0,55611.0,180.0,55611.0,180.0,38503.0,125.0,38503.0,125.0,280352.0,907.0,373438.0,1209.0,117388.0,380.0,119083.0,385.0,6522.0,21.0,18917.0,61.0,93262.0,302.0,96795.0,313.0,0.0,0.0,0.0,0.0,0.0,0.0,211021.0,683.0,1250.0,4.0,32478.0,105.0,155720.0,504.0,157423.0,509.0,0.0,0.0,0.0,0.0,0.0,0.0,0.0,0.0,1631684.0,5281.0,1927178.0,6237.0,535.0,2.0,535.0,2.0,0.0,0.0,0.0,0.0,432635.0,1400.0,448920.0,1453.0,149205.0,483.0,303160.0,981.0,109796.0,355.0,128356.0,415.0,378753.0,1226.0,378753.0,1226.0,0.0,0.0,0.0,0.0,0.0,0.0,0.0,0.0,0.0,0.0,0.0,0.0,156970.0,508.0,500292.0,1619.0
2022-23,101912167,Harris R P El,477,3328105.0,6977.0,4772166.0,10005.0,2747314.0,5760.0,3492639.0,7322.0,474715.0,995.0,1105992.0,2319.0,106076.0,222.0,173535.0,364.0,3222029.0,6755.0,4598631.0,9641.0,2262252.0,4743.0,3282789.0,6882.0,98888.0,207.0,99974.0,210.0,52529.0,110.0,52529.0,110.0,37440.0,78.0,37440.0,78.0,370569.0,777.0,403425.0,846.0,136493.0,286.0,139503.0,292.0,929.0,2.0,44582.0,93.0,103632.0,217.0,107157.0,225.0,0.0,0.0,0.0,0.0,0.0,0.0,266894.0,560.0,0.0,0.0,2833.0,6.0,159297.0,334.0,161505.0,339.0,0.0,0.0,0.0,0.0,0.0,0.0,0.0,0.0,2377671.0,4985.0,2997701.0,6284.0,322.0,1.0,322.0,1.0,0.0,0.0,0.0,0.0,250372.0,525.0,260626.0,546.0,108677.0,228.0,467499.0,980.0,87706.0,184.0,127732.0,268.0,237984.0,499.0,237984.0,499.0,0.0,0.0,0.0,0.0,0.0,0.0,0.0,0.0,0.0,0.0,0.0,0.0,159297.0,334.0,481817.0,1010.0
2022-23,101912051,Hartman Middle,904,6968656.0,7709.0,8744578.0,9673.0,6043553.0,6685.0,7138606.0,7897.0,682943.0,755.0,1279759.0,1416.0,242160.0,268.0,326213.0,361.0,6726496.0,7441.0,8418365.0,9312.0,4497248.0,4975.0,5585551.0,6179.0,30474.0,34.0,30474.0,34.0,144158.0,159.0,248526.0,275.0,97902.0,108.0,97902.0,108.0,949075.0,1050.0,983729.0,1088.0,340696.0,377.0,346480.0,383.0,40215.0,44.0,40215.0,44.0,117475.0,130.0,120996.0,134.0,0.0,0.0,0.0,0.0,0.0,0.0,421760.0,467.0,128568.0,142.0,155321.0,172.0,292829.0,324.0,296555.0,328.0,85129.0,94.0,85129.0,94.0,2727.0,3.0,2727.0,3.0,4091178.0,4526.0,4557884.0,5042.0,5794.0,6.0,5794.0,6.0,97032.0,107.0,97032.0,107.0,1029078.0,1138.0,1172028.0,1296.0,810393.0,896.0,1368448.0,1514.0,88237.0,98.0,91198.0,101.0,0.0,0.0,0.0,0.0,0.0,0.0,0.0,0.0,95531.0,106.0,96614.0,107.0,118018.0,131.0,118018.0,131.0,391235.0,433.0,911349.0,1008.0
2022-23,101912168,Hartsfield El,303,2474073.0,8165.0,3481779.0,11491.0,2101173.0,6935.0,2767727.0,9134.0,345545.0,1140.0,669105.0,2208.0,27355.0,90.0,44947.0,148.0,2446718.0,8075.0,3436832.0,11343.0,1630141.0,5380.0,2272644.0,7500.0,80005.0,264.0,80005.0,264.0,105867.0,349.0,105867.0,349.0,26078.0,86.0,26078.0,86.0,284244.0,938.0,413201.0,1364.0,110130.0,363.0,112371.0,371.0,11464.0,38.0,27778.0,92.0,93528.0,309.0,96880.0,320.0,0.0,0.0,0.0,0.0,0.0,0.0,192887.0,637.0,0.0,0.0,0.0,0.0,105261.0,347.0,109121.0,360.0,0.0,0.0,0.0,0.0,0.0,0.0,0.0,0.0,1818131.0,6000.0,2073259.0,6842.0,0.0,0.0,0.0,0.0,0.0,0.0,0.0,0.0,224821.0,742.0,318565.0,1051.0,256447.0,846.0,567970.0,1874.0,0.0,0.0,0.0,0.0,42058.0,139.0,42058.0,139.0,0.0,0.0,0.0,0.0,0.0,0.0,0.0,0.0,0.0,0.0,0.0,0.0,105261.0,347.0,434980.0,1436.0
2022-23,101912169,Harvard El,660,4021722.0,6094.0,5066885.0,7677.0,3624049.0,5491.0,4397202.0,6662.0,360915.0,547.0,632925.0,959.0,36758.0,56.0,36758.0,56.0,3984964.0,6038.0,5030127.0,7621.0,3002004.0,4548.0,3490446.0,5289.0,68739.0,104.0,69875.0,106.0,110915.0,168.0,110965.0,168.0,48906.0,74.0,48906.0,74.0,329844.0,500.0,329844.0,500.0,77653.0,118.0,77653.0,118.0,81685.0,124.0,98178.0,149.0,93246.0,141.0,96768.0,147.0,0.0,0.0,0.0,0.0,0.0,0.0,144251.0,219.0,1050.0,2.0,390306.0,591.0,135019.0,205.0,137032.0,208.0,1588.0,2.0,1588.0,2.0,34315.0,52.0,34315.0,52.0,3436464.0,5207.0,3881195.0,5881.0,12517.0,19.0,12517.0,19.0,0.0,0.0,0.0,0.0,328222.0,497.0,339838.0,515.0,27647.0,42.0,50417.0,76.0,4779.0,7.0,4779.0,7.0,3363.0,5.0,3363.0,5.0,0.0,0.0,0.0,0.0,0.0,0.0,0.0,0.0,0.0,0.0,0.0,0.0,171972.0,261.0,714641.0,1083.0
2022-23,101912097,Hcc Life Skills Program,76,2715347.0,35728.0,2900220.0,38161.0,2557505.0,33651.0,2742378.0,36084.0,155226.0,2042.0,155226.0,2042.0,2616.0,34.0,2616.0,34.0,2712731.0,35694.0,2897604.0,38126.0,2299768.0,30260.0,2484641.0,32693.0,3024.0,40.0,3024.0,40.0,15665.0,206.0,15665.0,206.0,84404.0,1111.0,84404.0,1111.0,81270.0,1069.0,81270.0,1069.0,185833.0,2445.0,185833.0,2445.0,4084.0,54.0,4084.0,54.0,38683.0,509.0,38683.0,509.0,0.0,0.0,0.0,0.0,0.0,0.0,0.0,0.0,0.0,0.0,0.0,0.0,0.0,0.0,0.0,0.0,0.0,0.0,0.0,0.0,0.0,0.0,0.0,0.0,0.0,0.0,0.0,0.0,0.0,0.0,0.0,0.0,0.0,0.0,0.0,0.0,2712731.0,35694.0,2897604.0,38126.0,0.0,0.0,0.0,0.0,0.0,0.0,0.0,0.0,0.0,0.0,0.0,0.0,0.0,0.0,0.0,0.0,0.0,0.0,0.0,0.0,0.0,0.0,0.0,0.0,0.0,0.0,0.0,0.0
2022-23,101912012,Heights H S,2471,18036833.0,7299.0,20420639.0,8264.0,15444058.0,6250.0,17154926.0,6943.0,2119612.0,858.0,2790162.0,1129.0,473163.0,191.0,475551.0,192.0,17563670.0,7108.0,19945088.0,8072.0,11661972.0,4720.0,13428831.0,5435.0,114693.0,46.0,115785.0,47.0,275460.0,111.0,300460.0,122.0,353292.0,143.0,353292.0,143.0,2324690.0,941.0,2324690.0,941.0,932745.0,377.0,1050814.0,425.0,106325.0,43.0,106325.0,43.0,140571.0,57.0,144094.0,58.0,0.0,0.0,0.0,0.0,0.0,0.0,190972.0,77.0,792046.0,321.0,1054080.0,427.0,652535.0,264.0,661972.0,268.0,75328.0,30.0,79760.0,32.0,134013.0,54.0,134013.0,54.0,9824765.0,3976.0,10701957.0,4331.0,114225.0,46.0,115325.0,47.0,2360243.0,955.0,2476411.0,1002.0,2016135.0,816.0,2090481.0,846.0,708792.0,287.0,1507734.0,610.0,48814.0,20.0,48814.0,20.0,0.0,0.0,0.0,0.0,0.0,0.0,0.0,0.0,836766.0,339.0,852126.0,345.0,660782.0,267.0,684765.0,277.0,993148.0,402.0,1467475.0,594.0
2022-23,101912170,HelmsEl,485,3447092.0,7107.0,4192345.0,8644.0,3162037.0,6520.0,3719099.0,7668.0,282278.0,582.0,470469.0,970.0,2777.0,6.0,2777.0,6.0,3444315.0,7102.0,4189568.0,8638.0,2404267.0,4957.0,2948018.0,6078.0,38420.0,79.0,39529.0,82.0,165433.0,341.0,165433.0,341.0,50942.0,105.0,50942.0,105.0,415738.0,857.0,415738.0,857.0,72808.0,150.0,72808.0,150.0,97652.0,201.0,102523.0,211.0,98051.0,202.0,101587.0,209.0,0.0,0.0,0.0,0.0,0.0,0.0,157503.0,325.0,0.0,0.0,32816.0,68.0,101004.0,208.0,102671.0,212.0,0.0,0.0,0.0,0.0,0.0,0.0,0.0,0.0,2402587.0,4954.0,2761282.0,5693.0,-130.0,0.0,-130.0,0.0,0.0,0.0,0.0,0.0,504675.0,1041.0,516275.0,1064.0,253319.0,522.0,305543.0,630.0,176561.0,364.0,240233.0,495.0,6299.0,13.0,6299.0,13.0,0.0,0.0,0.0,0.0,0.0,0.0,0.0,0.0,0.0,0.0,0.0,0.0,101004.0,208.0,300015.0,619.0
2022-23,101912171,Henderson J El,552,4029101.0,7299.0,5421824.0,9822.0,3367116.0,6100.0,4339873.0,7862.0,639642.0,1159.0,1047032.0,1897.0,22343.0,40.0,34919.0,63.0,4006758.0,7259.0,5386905.0,9759.0,2922865.0,5295.0,3943628.0,7144.0,97989.0,178.0,97989.0,178.0,45090.0,82.0,45090.0,82.0,48243.0,87.0,48243.0,87.0,404537.0,733.0,430538.0,780.0,117739.0,213.0,117739.0,213.0,6596.0,12.0,40163.0,73.0,86743.0,157.0,90196.0,163.0,0.0,0.0,0.0,0.0,0.0,0.0,286270.0,519.0,3319.0,6.0,5333.0,10.0,273637.0,496.0,277641.0,503.0,0.0,0.0,0.0,0.0,0.0,0.0,0.0,0.0,2919454.0,5289.0,3475756.0,6297.0,2803.0,5.0,2803.0,5.0,0.0,0.0,0.0,0.0,368680.0,668.0,386081.0,699.0,181255.0,328.0,606223.0,1098.0,128218.0,232.0,183620.0,333.0,129392.0,234.0,129392.0,234.0,0.0,0.0,0.0,0.0,0.0,0.0,0.0,0.0,0.0,0.0,0.0,0.0,276956.0,502.0,597422.0,1082.0
2022-23,101912172,Henderson N El,225,2018533.0,8971.0,2958459.0,13149.0,1724520.0,7665.0,2131615.0,9474.0,275511.0,1224.0,802033.0,3565.0,18502.0,82.0,24811.0,110.0,2000031.0,8889.0,2933648.0,13038.0,1344183.0,5974.0,2027946.0,9013.0,48159.0,214.0,48159.0,214.0,8657.0,38.0,53508.0,238.0,21001.0,93.0,21001.0,93.0,304940.0,1355.0,304979.0,1355.0,113640.0,505.0,116022.0,516.0,628.0,3.0,10422.0,46.0,78007.0,347.0,81538.0,362.0,0.0,0.0,0.0,0.0,0.0,0.0,187525.0,833.0,0.0,0.0,0.0,0.0,80816.0,359.0,82548.0,367.0,0.0,0.0,0.0,0.0,0.0,0.0,0.0,0.0,1550783.0,6892.0,1849407.0,8220.0,0.0,0.0,0.0,0.0,0.0,0.0,0.0,0.0,285246.0,1268.0,403570.0,1794.0,37937.0,169.0,333694.0,1483.0,0.0,0.0,0.0,0.0,45249.0,201.0,45249.0,201.0,0.0,0.0,0.0,0.0,0.0,0.0,0.0,0.0,0.0,0.0,0.0,0.0,80816.0,359.0,284880.0,1266.0
2022-23,101912052,Henry Middle,690,5944681.0,8615.0,8244451.0,11948.0,4695892.0,6806.0,6005158.0,8703.0,776927.0,1126.0,1759285.0,2550.0,471862.0,684.0,480008.0,696.0,5472819.0,7932.0,7764443.0,11253.0,3807888.0,5519.0,5268922.0,7636.0,46831.0,68.0,46831.0,68.0,121556.0,176.0,372099.0,539.0,87169.0,126.0,87169.0,126.0,656874.0,952.0,856496.0,1241.0,303515.0,440.0,309346.0,448.0,13534.0,20.0,44185.0,64.0,55489.0,80.0,55489.0,80.0,0.0,0.0,0.0,0.0,0.0,0.0,294962.0,427.0,116869.0,169.0,123997.0,180.0,263094.0,381.0,265986.0,385.0,0.0,0.0,29494.0,43.0,0.0,0.0,0.0,0.0,3190287.0,4624.0,3906419.0,5661.0,0.0,0.0,0.0,0.0,63685.0,92.0,63685.0,92.0,1406233.0,2038.0,1468722.0,2129.0,400786.0,581.0,1350467.0,1957.0,31865.0,46.0,31865.0,46.0,0.0,0.0,0.0,0.0,0.0,0.0,0.0,0.0,0.0,0.0,0.0,0.0,116869.0,169.0,116869.0,169.0,263094.0,381.0,826416.0,1198.0
2022-23,101912173,Herod El,769,5334276.0,6937.0,6658290.0,8658.0,4691510.0,6101.0,5662723.0,7364.0,577441.0,751.0,920642.0,1197.0,65325.0,85.0,74925.0,97.0,5268951.0,6852.0,6583365.0,8561.0,3787357.0,4925.0,4658015.0,6057.0,92406.0,120.0,92406.0,120.0,93763.0,122.0,94850.0,123.0,84828.0,110.0,84828.0,110.0,650675.0,846.0,650675.0,846.0,160579.0,209.0,160579.0,209.0,44010.0,57.0,75882.0,99.0,107713.0,140.0,111245.0,145.0,0.0,0.0,0.0,0.0,0.0,0.0,242711.0,316.0,23238.0,30.0,185660.0,241.0,219972.0,286.0,222104.0,289.0,4410.0,6.0,4410.0,6.0,0.0,0.0,0.0,0.0,3924960.0,5104.0,4464759.0,5806.0,57512.0,75.0,57512.0,75.0,0.0,0.0,0.0,0.0,727893.0,947.0,739508.0,962.0,142986.0,186.0,409438.0,532.0,66891.0,87.0,84205.0,109.0,101089.0,131.0,101089.0,131.0,0.0,0.0,0.0,0.0,0.0,0.0,0.0,0.0,0.0,0.0,0.0,0.0,247620.0,322.0,666201.0,866.0
2022-23,101912286,Herrera El,824,6008838.0,7292.0,7422894.0,9008.0,5449856.0,6614.0,6528862.0,7923.0,520804.0,632.0,855854.0,1039.0,38178.0,46.0,38178.0,46.0,5970660.0,7246.0,7384716.0,8962.0,4480660.0,5438.0,5582537.0,6775.0,7415.0,9.0,7415.0,9.0,289967.0,352.0,289967.0,352.0,84740.0,103.0,84740.0,103.0,570724.0,693.0,570724.0,693.0,206478.0,251.0,209740.0,255.0,34412.0,42.0,44057.0,53.0,125635.0,152.0,129137.0,157.0,0.0,0.0,0.0,0.0,0.0,0.0,266510.0,323.0,0.0,0.0,27321.0,33.0,165355.0,201.0,167294.0,203.0,0.0,0.0,0.0,0.0,5274.0,6.0,5274.0,6.0,3896495.0,4729.0,4421180.0,5366.0,167.0,0.0,167.0,0.0,0.0,0.0,0.0,0.0,668137.0,811.0,710868.0,863.0,562736.0,683.0,986623.0,1197.0,336276.0,408.0,388559.0,472.0,336220.0,408.0,336220.0,408.0,0.0,0.0,0.0,0.0,0.0,0.0,0.0,0.0,0.0,0.0,0.0,0.0,170629.0,207.0,476358.0,578.0
2022-23,101912174,Highland Hts El,444,3408256.0,7676.0,4980817.0,11218.0,2931142.0,6602.0,3929263.0,8850.0,473059.0,1065.0,1035091.0,2331.0,4055.0,9.0,16463.0,37.0,3404201.0,7667.0,4964354.0,11181.0,2126532.0,4789.0,3305080.0,7444.0,90941.0,205.0,90941.0,205.0,80939.0,182.0,128460.0,289.0,49783.0,112.0,49783.0,112.0,533873.0,1202.0,533873.0,1202.0,266293.0,600.0,271035.0,610.0,17872.0,40.0,41347.0,93.0,98840.0,223.0,102365.0,231.0,0.0,0.0,0.0,0.0,0.0,0.0,223505.0,503.0,0.0,0.0,35912.0,81.0,138985.0,313.0,142654.0,321.0,0.0,0.0,30055.0,68.0,0.0,0.0,0.0,0.0,1800536.0,4055.0,2411508.0,5431.0,387.0,1.0,387.0,1.0,0.0,0.0,0.0,0.0,754302.0,1699.0,778944.0,1754.0,544717.0,1227.0,1103848.0,2486.0,22727.0,51.0,31528.0,71.0,142404.0,321.0,142404.0,321.0,0.0,0.0,0.0,0.0,0.0,0.0,0.0,0.0,0.0,0.0,0.0,0.0,139128.0,313.0,443436.0,999.0
2022-23,101912473,Hilliard El,546,3577505.0,6552.0,5069288.0,9284.0,2809456.0,5146.0,3696504.0,6770.0,758768.0,1390.0,1362445.0,2495.0,9281.0,17.0,10339.0,19.0,3568224.0,6535.0,5058949.0,9265.0,2384282.0,4367.0,3477504.0,6369.0,45839.0,84.0,45839.0,84.0,35245.0,65.0,35245.0,65.0,42864.0,79.0,42864.0,79.0,398820.0,730.0,398820.0,730.0,160922.0,295.0,163259.0,299.0,6628.0,12.0,37758.0,69.0,79895.0,146.0,83250.0,152.0,0.0,0.0,0.0,0.0,0.0,0.0,322034.0,590.0,0.0,0.0,30900.0,57.0,346529.0,635.0,346529.0,635.0,0.0,0.0,0.0,0.0,67200.0,123.0,67200.0,123.0,2336389.0,4279.0,2867965.0,5253.0,242.0,0.0,242.0,0.0,0.0,0.0,0.0,0.0,448578.0,822.0,477222.0,874.0,181261.0,332.0,681775.0,1249.0,39509.0,72.0,56592.0,104.0,148516.0,272.0,148516.0,272.0,0.0,0.0,0.0,0.0,0.0,0.0,0.0,0.0,0.0,0.0,0.0,0.0,413729.0,758.0,775755.0,1421.0
2022-23,101912395,Hines-Caldwell,732,4970958.0,6791.0,6106650.0,8342.0,4209592.0,5751.0,4891872.0,6683.0,740352.0,1011.0,1193764.0,1631.0,21014.0,29.0,21014.0,29.0,4949944.0,6762.0,6085636.0,8314.0,3705550.0,5062.0,4457406.0,6089.0,5639.0,8.0,5639.0,8.0,106860.0,146.0,135333.0,185.0,58531.0,80.0,58531.0,80.0,490644.0,670.0,490644.0,670.0,171296.0,234.0,173666.0,237.0,14288.0,20.0,34331.0,47.0,119992.0,164.0,123494.0,169.0,0.0,0.0,0.0,0.0,0.0,0.0,242098.0,331.0,1.0,0.0,47124.0,64.0,256246.0,350.0,261405.0,357.0,671.0,1.0,1139.0,2.0,17522.0,24.0,17522.0,24.0,3490882.0,4769.0,3919919.0,5355.0,1861.0,3.0,1861.0,3.0,0.0,0.0,0.0,0.0,328862.0,449.0,430471.0,588.0,244270.0,334.0,494971.0,676.0,133676.0,183.0,168768.0,231.0,474097.0,648.0,474097.0,648.0,0.0,0.0,0.0,0.0,0.0,0.0,0.0,0.0,0.0,0.0,0.0,0.0,276296.0,377.0,577016.0,788.0
2022-23,101912175,Hobby El,501,3522426.0,7031.0,4658227.0,9298.0,2908271.0,5805.0,3501788.0,6990.0,359461.0,717.0,770462.0,1538.0,254694.0,508.0,385977.0,770.0,3267732.0,6522.0,4272250.0,8527.0,2259650.0,4510.0,2930241.0,5849.0,43513.0,87.0,43513.0,87.0,82130.0,164.0,82130.0,164.0,45735.0,91.0,45735.0,91.0,427415.0,853.0,427415.0,853.0,150041.0,299.0,153530.0,306.0,28364.0,57.0,70788.0,141.0,90308.0,180.0,93666.0,187.0,0.0,0.0,0.0,0.0,0.0,0.0,269549.0,538.0,0.0,0.0,4436.0,9.0,140576.0,281.0,142336.0,284.0,0.0,0.0,0.0,0.0,0.0,0.0,0.0,0.0,2024854.0,4042.0,2416210.0,4823.0,0.0,0.0,0.0,0.0,0.0,0.0,0.0,0.0,450313.0,899.0,456026.0,910.0,418246.0,835.0,707197.0,1412.0,148626.0,297.0,158589.0,317.0,85117.0,170.0,85117.0,170.0,0.0,0.0,0.0,0.0,0.0,0.0,0.0,0.0,0.0,0.0,0.0,0.0,140576.0,281.0,425408.0,849.0
2022-23,101912053,Hogg Middle,1120,8124205.0,7254.0,9503349.0,8485.0,6798057.0,6070.0,7727462.0,6900.0,1176460.0,1050.0,1599919.0,1428.0,149688.0,134.0,175968.0,157.0,7974517.0,7120.0,9327381.0,8328.0,5543453.0,4950.0,6519586.0,5821.0,91609.0,82.0,91609.0,82.0,141683.0,127.0,142901.0,128.0,121101.0,108.0,121101.0,108.0,869290.0,776.0,869543.0,776.0,253705.0,227.0,256967.0,229.0,19811.0,18.0,42386.0,38.0,111173.0,99.0,114702.0,102.0,0.0,0.0,0.0,0.0,0.0,0.0,202455.0,181.0,221864.0,198.0,356803.0,319.0,592224.0,529.0,600724.0,536.0,8604.0,8.0,8604.0,8.0,0.0,0.0,0.0,0.0,5197542.0,4641.0,5744220.0,5129.0,68702.0,61.0,68702.0,61.0,46843.0,42.0,49223.0,44.0,1383002.0,1235.0,1485207.0,1326.0,374466.0,334.0,723129.0,646.0,12605.0,11.0,12605.0,11.0,0.0,0.0,0.0,0.0,0.0,0.0,0.0,0.0,68665.0,61.0,69684.0,62.0,210132.0,188.0,210132.0,188.0,612560.0,547.0,964479.0,861.0
2022-23,101912050,HollandMiddle,644,5017735.0,7792.0,6918075.0,10742.0,4209918.0,6537.0,5251886.0,8155.0,754722.0,1172.0,1613094.0,2505.0,53095.0,82.0,53095.0,82.0,4964640.0,7709.0,6864980.0,10660.0,3302392.0,5128.0,4865950.0,7556.0,78545.0,122.0,79648.0,124.0,26633.0,41.0,108366.0,168.0,71678.0,111.0,71678.0,111.0,763081.0,1185.0,763081.0,1185.0,189658.0,295.0,192913.0,300.0,7393.0,11.0,35008.0,54.0,94032.0,146.0,97573.0,152.0,0.0,0.0,0.0,0.0,0.0,0.0,207327.0,322.0,122501.0,190.0,124064.0,193.0,306091.0,475.0,309873.0,481.0,2636.0,4.0,2636.0,4.0,0.0,0.0,0.0,0.0,3338180.0,5184.0,4158029.0,6457.0,0.0,0.0,0.0,0.0,134470.0,209.0,136829.0,212.0,841038.0,1306.0,1039480.0,1614.0,189326.0,294.0,823445.0,1279.0,30398.0,47.0,30398.0,47.0,0.0,0.0,0.0,0.0,0.0,0.0,0.0,0.0,0.0,0.0,0.0,0.0,122501.0,190.0,122501.0,190.0,308727.0,479.0,554298.0,861.0
2022-23,101912178,Horn El,749,4467119.0,5964.0,5298607.0,7074.0,4094182.0,5466.0,4749853.0,6342.0,362621.0,484.0,531688.0,710.0,10316.0,14.0,17066.0,23.0,4456803.0,5950.0,5281541.0,7051.0,3359850.0,4486.0,4014379.0,5360.0,96015.0,128.0,96015.0,128.0,39261.0,52.0,39261.0,52.0,69824.0,93.0,69824.0,93.0,393635.0,526.0,393635.0,526.0,210132.0,281.0,213289.0,285.0,11058.0,15.0,18056.0,24.0,71205.0,95.0,71205.0,95.0,0.0,0.0,0.0,0.0,0.0,0.0,124693.0,166.0,1500.0,2.0,26449.0,35.0,114680.0,153.0,115739.0,155.0,5991.0,8.0,15344.0,20.0,81541.0,109.0,81541.0,109.0,3289561.0,4392.0,3881039.0,5182.0,91517.0,122.0,91517.0,122.0,0.0,0.0,0.0,0.0,590942.0,789.0,608983.0,813.0,153096.0,204.0,175057.0,234.0,70835.0,95.0,70835.0,95.0,55029.0,73.0,55029.0,73.0,0.0,0.0,0.0,0.0,0.0,0.0,0.0,0.0,0.0,0.0,0.0,0.0,205823.0,275.0,369082.0,493.0
2022-23,101912348,Houston Academy For International,461,3289915.0,7136.0,3660759.0,7941.0,2804508.0,6084.0,3039748.0,6594.0,453736.0,984.0,589340.0,1278.0,31671.0,69.0,31671.0,69.0,3258244.0,7068.0,3629088.0,7872.0,2163553.0,4693.0,2436681.0,5286.0,2973.0,6.0,2973.0,6.0,112947.0,245.0,116657.0,253.0,92596.0,201.0,92596.0,201.0,531523.0,1153.0,531523.0,1153.0,140527.0,305.0,142889.0,310.0,11207.0,24.0,11210.0,24.0,94910.0,206.0,98434.0,214.0,0.0,0.0,0.0,0.0,0.0,0.0,72222.0,157.0,7025.0,15.0,14278.0,31.0,35111.0,76.0,35111.0,76.0,11399.0,25.0,11558.0,25.0,54473.0,118.0,54473.0,118.0,1838873.0,3989.0,1984787.0,4305.0,4947.0,11.0,4947.0,11.0,1101189.0,2389.0,1137625.0,2468.0,34104.0,74.0,34104.0,74.0,164536.0,357.0,264096.0,573.0,6587.0,14.0,6587.0,14.0,0.0,0.0,0.0,0.0,0.0,0.0,0.0,0.0,0.0,0.0,2326.0,5.0,0.0,0.0,0.0,0.0,108008.0,234.0,194616.0,422.0
2022-23,101912310,Houston Math Science And Technolog,2769,19808774.0,7154.0,23937907.0,8645.0,16596287.0,5994.0,18953298.0,6845.0,2836835.0,1024.0,4600472.0,1661.0,375652.0,136.0,384137.0,139.0,19433122.0,7018.0,23553770.0,8506.0,12273654.0,4433.0,15557631.0,5619.0,53035.0,19.0,54055.0,20.0,653141.0,236.0,653141.0,236.0,340275.0,123.0,340275.0,123.0,2512143.0,907.0,2545774.0,919.0,1172047.0,423.0,1183702.0,427.0,228761.0,83.0,236764.0,86.0,178988.0,65.0,185622.0,67.0,0.0,0.0,0.0,0.0,0.0,0.0,499348.0,180.0,706485.0,255.0,916519.0,331.0,880204.0,318.0,883079.0,319.0,232469.0,84.0,232469.0,84.0,201920.0,73.0,201920.0,73.0,9687323.0,3498.0,11294552.0,4079.0,85828.0,31.0,85828.0,31.0,1709057.0,617.0,1756717.0,634.0,3784195.0,1367.0,3939722.0,1423.0,1184591.0,428.0,2752872.0,994.0,141671.0,51.0,141671.0,51.0,0.0,0.0,0.0,0.0,0.0,0.0,0.0,0.0,819379.0,296.0,819379.0,296.0,668808.0,242.0,668808.0,242.0,1352270.0,488.0,2094221.0,756.0
2022-23,101912180,Isaacs El,254,2744539.0,10805.0,3834163.0,15095.0,2257199.0,8887.0,2963120.0,11666.0,417186.0,1642.0,761766.0,2999.0,70154.0,276.0,109277.0,430.0,2674385.0,10529.0,3724886.0,14665.0,1846848.0,7271.0,2686156.0,10575.0,89578.0,353.0,89578.0,353.0,47614.0,187.0,50336.0,198.0,28894.0,114.0,28894.0,114.0,368499.0,1451.0,368499.0,1451.0,129184.0,509.0,131424.0,517.0,6262.0,25.0,24469.0,96.0,81455.0,321.0,84812.0,334.0,0.0,0.0,0.0,0.0,0.0,0.0,154018.0,606.0,0.0,0.0,0.0,0.0,76051.0,299.0,77522.0,305.0,0.0,0.0,29178.0,115.0,0.0,0.0,0.0,0.0,1603392.0,6313.0,2109157.0,8304.0,398.0,2.0,398.0,2.0,0.0,0.0,0.0,0.0,404174.0,1591.0,416834.0,1641.0,124728.0,491.0,447175.0,1761.0,15849.0,62.0,30211.0,119.0,449793.0,1771.0,449793.0,1771.0,0.0,0.0,0.0,0.0,0.0,0.0,0.0,0.0,0.0,0.0,0.0,0.0,76051.0,299.0,268517.0,1057.0
2022-23,101912181,Janowski El,412,3682393.0,8938.0,4593021.0,11148.0,3134243.0,7607.0,3720419.0,9030.0,460515.0,1118.0,784967.0,1905.0,87635.0,213.0,87635.0,213.0,3594758.0,8725.0,4505386.0,10935.0,2519091.0,6114.0,3143287.0,7629.0,85017.0,206.0,86121.0,209.0,91789.0,223.0,91789.0,223.0,53474.0,130.0,53474.0,130.0,415197.0,1008.0,415197.0,1008.0,120867.0,293.0,124763.0,303.0,12269.0,30.0,32713.0,79.0,116033.0,282.0,119552.0,290.0,0.0,0.0,0.0,0.0,0.0,0.0,213162.0,517.0,0.0,0.0,16312.0,40.0,121424.0,295.0,123272.0,299.0,0.0,0.0,0.0,0.0,59597.0,145.0,59597.0,145.0,1984789.0,4817.0,2327038.0,5648.0,1346.0,3.0,1346.0,3.0,0.0,0.0,0.0,0.0,609496.0,1479.0,624731.0,1516.0,199822.0,485.0,471786.0,1145.0,178932.0,434.0,216046.0,524.0,439352.0,1066.0,439352.0,1066.0,0.0,0.0,0.0,0.0,0.0,0.0,0.0,0.0,0.0,0.0,0.0,0.0,181021.0,439.0,419344.0,1018.0
2022-23,101912182,Jefferson El,344,3286984.0,9555.0,4076342.0,11850.0,2651870.0,7709.0,3201091.0,9305.0,381909.0,1110.0,611811.0,1779.0,253205.0,736.0,263440.0,766.0,3033779.0,8819.0,3812902.0,11084.0,2001259.0,5818.0,2555707.0,7429.0,84835.0,247.0,85937.0,250.0,24646.0,72.0,37834.0,110.0,51549.0,150.0,51549.0,150.0,385192.0,1120.0,385192.0,1120.0,160280.0,466.0,163732.0,476.0,7149.0,21.0,41223.0,120.0,108608.0,316.0,112120.0,326.0,0.0,0.0,0.0,0.0,0.0,0.0,166529.0,484.0,6720.0,20.0,7876.0,23.0,142075.0,413.0,143737.0,418.0,0.0,0.0,0.0,0.0,61466.0,179.0,61466.0,179.0,1876227.0,5454.0,2143973.0,6232.0,0.0,0.0,0.0,0.0,0.0,0.0,0.0,0.0,772138.0,2245.0,796575.0,2316.0,79484.0,231.0,325388.0,946.0,52712.0,153.0,84823.0,247.0,42957.0,125.0,42957.0,125.0,0.0,0.0,0.0,0.0,0.0,0.0,0.0,0.0,0.0,0.0,0.0,0.0,210261.0,611.0,388762.0,1130.0
2022-23,101912006,Jones Futures Academy,320,5419350.0,16935.0,5956356.0,18614.0,3085804.0,9643.0,3382180.0,10569.0,1224113.0,3825.0,1464743.0,4577.0,1109433.0,3467.0,1109433.0,3467.0,4309917.0,13468.0,4846923.0,15147.0,2505690.0,7830.0,2829717.0,8843.0,43145.0,135.0,44223.0,138.0,66685.0,208.0,66685.0,208.0,67090.0,210.0,67090.0,210.0,509396.0,1592.0,512276.0,1601.0,161793.0,506.0,165252.0,516.0,1044.0,3.0,6969.0,22.0,96398.0,301.0,99926.0,312.0,0.0,0.0,0.0,0.0,0.0,0.0,124700.0,390.0,173.0,1.0,14635.0,46.0,853594.0,2667.0,860486.0,2689.0,4909.0,15.0,5238.0,16.0,0.0,0.0,0.0,0.0,2192598.0,6852.0,2375271.0,7423.0,4280.0,13.0,4280.0,13.0,738342.0,2307.0,756527.0,2364.0,451611.0,1411.0,475477.0,1486.0,52064.0,163.0,209319.0,654.0,12346.0,39.0,12346.0,39.0,0.0,0.0,0.0,0.0,0.0,0.0,0.0,0.0,0.0,0.0,0.0,0.0,0.0,0.0,0.0,0.0,858676.0,2683.0,1013703.0,3168.0
2022-23,101912185,Kashmere Gardens El,354,3200379.0,9041.0,4077815.0,11519.0,2518432.0,7114.0,2938672.0,8301.0,413752.0,1169.0,770632.0,2177.0,268195.0,758.0,368511.0,1041.0,2932184.0,8283.0,3709304.0,10478.0,1908603.0,5392.0,2476586.0,6996.0,86973.0,246.0,88083.0,249.0,112241.0,317.0,112241.0,317.0,29677.0,84.0,29677.0,84.0,459140.0,1297.0,459140.0,1297.0,142351.0,402.0,144715.0,409.0,6157.0,17.0,25011.0,71.0,98416.0,278.0,101775.0,288.0,0.0,0.0,0.0,0.0,0.0,0.0,181994.0,514.0,0.0,0.0,0.0,0.0,88626.0,250.0,90082.0,254.0,0.0,0.0,0.0,0.0,0.0,0.0,0.0,0.0,2023643.0,5717.0,2399211.0,6777.0,0.0,0.0,0.0,0.0,0.0,0.0,0.0,0.0,363098.0,1026.0,373832.0,1056.0,311138.0,879.0,470129.0,1328.0,3544.0,10.0,3544.0,10.0,142135.0,402.0,142135.0,402.0,0.0,0.0,0.0,0.0,0.0,0.0,0.0,0.0,0.0,0.0,0.0,0.0,88626.0,250.0,278909.0,788.0
2022-23,101912007,Kashmere H S,725,7820280.0,10787.0,9865594.0,13608.0,6708884.0,9254.0,7965813.0,10987.0,1086428.0,1499.0,1850254.0,2552.0,24968.0,34.0,49527.0,68.0,7795312.0,10752.0,9816067.0,13539.0,4770440.0,6580.0,6507974.0,8977.0,82231.0,113.0,82231.0,113.0,131034.0,181.0,134011.0,185.0,136676.0,189.0,136676.0,189.0,1025385.0,1414.0,1035433.0,1428.0,500139.0,690.0,502500.0,693.0,46194.0,64.0,85705.0,118.0,120100.0,166.0,120858.0,167.0,0.0,0.0,0.0,0.0,0.0,0.0,148722.0,205.0,370690.0,511.0,426964.0,589.0,483423.0,667.0,491881.0,678.0,5049.0,7.0,19126.0,26.0,118311.0,163.0,118311.0,163.0,3286084.0,4533.0,4085302.0,5635.0,1662.0,2.0,1662.0,2.0,564509.0,779.0,603424.0,832.0,1559067.0,2150.0,1701274.0,2347.0,870662.0,1201.0,1656162.0,2284.0,21744.0,30.0,31007.0,43.0,0.0,0.0,0.0,0.0,0.0,0.0,0.0,0.0,508471.0,701.0,512789.0,707.0,370690.0,511.0,370690.0,511.0,612423.0,845.0,853757.0,1178.0
2022-23,101912187,Kelso El,394,3281472.0,8329.0,4501548.0,11425.0,2789972.0,7081.0,3377155.0,8571.0,402186.0,1021.0,1035079.0,2627.0,89314.0,227.0,89314.0,227.0,3192158.0,8102.0,4412234.0,11199.0,2322918.0,5896.0,3214448.0,8158.0,87036.0,221.0,88136.0,224.0,92988.0,236.0,114578.0,291.0,44518.0,113.0,44518.0,113.0,282445.0,717.0,282445.0,717.0,144029.0,366.0,146404.0,372.0,12006.0,30.0,48126.0,122.0,81500.0,207.0,84855.0,215.0,0.0,0.0,0.0,0.0,0.0,0.0,258985.0,657.0,2300.0,6.0,2300.0,6.0,109573.0,278.0,111244.0,282.0,0.0,0.0,0.0,0.0,541.0,1.0,541.0,1.0,1976158.0,5016.0,2500875.0,6347.0,769.0,2.0,769.0,2.0,0.0,0.0,0.0,0.0,535075.0,1358.0,552244.0,1402.0,252693.0,641.0,612649.0,1555.0,123938.0,315.0,143883.0,365.0,178807.0,454.0,178807.0,454.0,0.0,0.0,0.0,0.0,0.0,0.0,0.0,0.0,0.0,0.0,0.0,0.0,124718.0,317.0,395550.0,1004.0
2022-23,101912188,Kennedy El,510,3319622.0,6509.0,4432478.0,8691.0,2802331.0,5495.0,3477139.0,6818.0,513271.0,1006.0,951319.0,1865.0,4020.0,8.0,4020.0,8.0,3315602.0,6501.0,4428458.0,8683.0,2279352.0,4469.0,3117523.0,6113.0,3964.0,8.0,3964.0,8.0,25225.0,49.0,25225.0,49.0,42775.0,84.0,42775.0,84.0,384496.0,754.0,389777.0,764.0,148741.0,292.0,152190.0,298.0,11878.0,23.0,29729.0,58.0,89765.0,176.0,93291.0,183.0,0.0,0.0,0.0,0.0,0.0,0.0,239717.0,470.0,0.0,0.0,0.0,0.0,329406.0,646.0,334267.0,655.0,0.0,0.0,0.0,0.0,0.0,0.0,0.0,0.0,2327759.0,4564.0,2736899.0,5366.0,347.0,1.0,347.0,1.0,0.0,0.0,0.0,0.0,416350.0,816.0,531890.0,1043.0,174517.0,342.0,468167.0,918.0,66648.0,131.0,104469.0,205.0,575.0,1.0,575.0,1.0,0.0,0.0,0.0,0.0,0.0,0.0,0.0,0.0,0.0,0.0,0.0,0.0,329406.0,646.0,586111.0,1149.0
2022-23,101912389,Ketelsen El,444,3661503.0,8247.0,4739681.0,10675.0,2942578.0,6627.0,3605990.0,8122.0,586301.0,1320.0,992967.0,2236.0,132624.0,299.0,140724.0,317.0,3528879.0,7948.0,4598957.0,10358.0,2380046.0,5360.0,3143604.0,7080.0,4813.0,11.0,4813.0,11.0,50616.0,114.0,50616.0,114.0,53752.0,121.0,53752.0,121.0,463990.0,1045.0,493991.0,1113.0,77248.0,174.0,77248.0,174.0,79405.0,179.0,111672.0,252.0,87475.0,197.0,90829.0,205.0,0.0,0.0,0.0,0.0,0.0,0.0,219445.0,494.0,0.0,0.0,11218.0,25.0,330213.0,744.0,336972.0,759.0,1255.0,3.0,1255.0,3.0,0.0,0.0,0.0,0.0,2166144.0,4879.0,2602217.0,5861.0,2817.0,6.0,2817.0,6.0,0.0,0.0,0.0,0.0,567382.0,1278.0,580735.0,1308.0,138124.0,311.0,429288.0,967.0,105203.0,237.0,125426.0,282.0,217675.0,490.0,217675.0,490.0,0.0,0.0,0.0,0.0,0.0,0.0,0.0,0.0,0.0,0.0,0.0,0.0,331534.0,747.0,611339.0,1377.0
2022-23,101912079,Key Middle,615,5666758.0,9214.0,7733312.0,12574.0,4466781.0,7263.0,5498880.0,8941.0,1099036.0,1787.0,1988212.0,3233.0,100941.0,164.0,246220.0,400.0,5565817.0,9050.0,7487092.0,12174.0,3368516.0,5477.0,4660538.0,7578.0,34060.0,55.0,34060.0,55.0,124622.0,203.0,342212.0,556.0,77814.0,127.0,77814.0,127.0,784126.0,1275.0,874286.0,1422.0,294131.0,478.0,298874.0,486.0,29571.0,48.0,83997.0,137.0,110957.0,180.0,113970.0,185.0,0.0,0.0,0.0,0.0,0.0,0.0,204692.0,333.0,100425.0,163.0,100425.0,163.0,641595.0,1043.0,645765.0,1050.0,0.0,0.0,40289.0,66.0,0.0,0.0,0.0,0.0,2776989.0,4515.0,3293919.0,5356.0,0.0,0.0,0.0,0.0,0.0,0.0,0.0,0.0,1332358.0,2166.0,1375621.0,2237.0,677404.0,1101.0,1621513.0,2637.0,37046.0,60.0,37046.0,60.0,0.0,0.0,0.0,0.0,0.0,0.0,0.0,0.0,0.0,0.0,0.0,0.0,99825.0,162.0,99825.0,162.0,642195.0,1044.0,1059168.0,1722.0
2022-23,101912025,Kinder H S For Performing And Visu,786,6763382.0,8605.0,7492658.0,9533.0,5490917.0,6986.0,5971080.0,7597.0,1265118.0,1610.0,1478998.0,1882.0,7347.0,9.0,42580.0,54.0,6756035.0,8595.0,7450078.0,9478.0,4261998.0,5422.0,4722159.0,6008.0,106330.0,135.0,106330.0,135.0,126155.0,161.0,126155.0,161.0,61577.0,78.0,61577.0,78.0,722521.0,919.0,723415.0,920.0,301324.0,383.0,306056.0,389.0,5071.0,6.0,14014.0,18.0,86344.0,110.0,89873.0,114.0,0.0,0.0,0.0,0.0,0.0,0.0,79286.0,101.0,4832.0,6.0,121389.0,154.0,1059271.0,1348.0,1076514.0,1370.0,19642.0,25.0,22340.0,28.0,0.0,0.0,0.0,0.0,5121471.0,6516.0,5568076.0,7084.0,72692.0,92.0,72692.0,92.0,176094.0,224.0,178481.0,227.0,29978.0,38.0,29978.0,38.0,175426.0,223.0,186595.0,237.0,0.0,0.0,0.0,0.0,0.0,0.0,0.0,0.0,0.0,0.0,0.0,0.0,95659.0,122.0,95659.0,122.0,0.0,0.0,0.0,0.0,1084715.0,1380.0,1318597.0,1678.0
2022-23,101912355,King Early Childhood Ctr,330,3165616.0,9593.0,3428241.0,10389.0,2444871.0,7409.0,2672625.0,8099.0,699436.0,2120.0,724572.0,2196.0,21309.0,65.0,31044.0,94.0,3144307.0,9528.0,3397197.0,10295.0,2266028.0,6867.0,2494871.0,7560.0,79227.0,240.0,80319.0,243.0,145653.0,441.0,145653.0,441.0,32155.0,97.0,32155.0,97.0,298321.0,904.0,298632.0,905.0,46458.0,141.0,46458.0,141.0,88297.0,268.0,90504.0,274.0,91538.0,277.0,94582.0,287.0,0.0,0.0,0.0,0.0,0.0,0.0,71.0,0.0,0.0,0.0,12445.0,38.0,96630.0,293.0,98245.0,298.0,0.0,0.0,0.0,0.0,0.0,0.0,0.0,0.0,1220421.0,3698.0,1302594.0,3947.0,0.0,0.0,0.0,0.0,0.0,0.0,0.0,0.0,252602.0,765.0,258401.0,783.0,73353.0,222.0,183011.0,555.0,47132.0,143.0,51345.0,156.0,1454169.0,4407.0,1454169.0,4407.0,0.0,0.0,0.0,0.0,0.0,0.0,0.0,0.0,0.0,0.0,0.0,0.0,96630.0,293.0,117415.0,356.0
2022-23,101912189,Kolter El,755,4364657.0,5781.0,5589674.0,7404.0,3988442.0,5283.0,4895215.0,6484.0,372998.0,494.0,691242.0,916.0,3217.0,4.0,3217.0,4.0,4361440.0,5777.0,5586457.0,7399.0,3455704.0,4577.0,4068325.0,5389.0,83612.0,111.0,84697.0,112.0,27475.0,36.0,27725.0,37.0,57728.0,76.0,57728.0,76.0,370011.0,490.0,370011.0,490.0,170487.0,226.0,172728.0,229.0,1422.0,2.0,1422.0,2.0,95136.0,126.0,98671.0,131.0,0.0,0.0,0.0,0.0,0.0,0.0,125447.0,166.0,2197.0,3.0,481215.0,637.0,97668.0,129.0,98488.0,130.0,0.0,0.0,0.0,0.0,0.0,0.0,0.0,0.0,3595554.0,4762.0,4074905.0,5397.0,4083.0,5.0,4083.0,5.0,0.0,0.0,0.0,0.0,460755.0,610.0,548920.0,727.0,193448.0,256.0,238553.0,316.0,6811.0,9.0,6811.0,9.0,924.0,1.0,924.0,1.0,0.0,0.0,0.0,0.0,0.0,0.0,0.0,0.0,0.0,0.0,0.0,0.0,99865.0,132.0,712261.0,943.0
2022-23,101912008,Lamar H S,3114,21535446.0,6916.0,25210385.0,8096.0,17759381.0,5703.0,20048593.0,6438.0,3521198.0,1131.0,4797214.0,1541.0,254867.0,82.0,364578.0,117.0,21280579.0,6834.0,24845807.0,7979.0,12955392.0,4160.0,15209193.0,4884.0,40357.0,13.0,40357.0,13.0,557903.0,179.0,560190.0,180.0,373266.0,120.0,373266.0,120.0,3081754.0,990.0,3088347.0,992.0,679072.0,218.0,683211.0,219.0,322764.0,104.0,402853.0,129.0,116325.0,37.0,119839.0,38.0,0.0,0.0,0.0,0.0,0.0,0.0,378522.0,122.0,1398024.0,449.0,2186120.0,702.0,1282689.0,412.0,1294779.0,416.0,255631.0,82.0,281810.0,90.0,180498.0,58.0,180498.0,58.0,11935021.0,3833.0,12918366.0,4148.0,128851.0,41.0,128851.0,41.0,2881074.0,925.0,3041975.0,977.0,2143033.0,688.0,2579854.0,828.0,502961.0,162.0,1205478.0,387.0,31921.0,10.0,32090.0,10.0,0.0,0.0,0.0,0.0,0.0,0.0,0.0,0.0,540108.0,173.0,560040.0,180.0,1095220.0,352.0,1099821.0,353.0,2022390.0,649.0,3279332.0,1053.0
2022-23,101912057,Lanier Middle,1434,8816760.0,6148.0,9968136.0,6951.0,7735695.0,5394.0,8371046.0,5838.0,897903.0,626.0,1409672.0,983.0,183162.0,128.0,187418.0,131.0,8633598.0,6021.0,9780718.0,6821.0,6132151.0,4276.0,6742399.0,4702.0,101215.0,71.0,101215.0,71.0,154660.0,108.0,154660.0,108.0,112493.0,78.0,112493.0,78.0,1020344.0,712.0,1020344.0,712.0,183005.0,128.0,183005.0,128.0,255348.0,178.0,318025.0,222.0,49799.0,35.0,49799.0,35.0,0.0,0.0,0.0,0.0,0.0,0.0,197616.0,138.0,261219.0,182.0,533201.0,372.0,344229.0,240.0,348826.0,243.0,19135.0,13.0,19135.0,13.0,0.0,0.0,0.0,0.0,6759551.0,4714.0,7313084.0,5100.0,69236.0,48.0,79776.0,56.0,48487.0,34.0,49597.0,35.0,873343.0,609.0,903015.0,630.0,190110.0,133.0,257957.0,180.0,68288.0,48.0,68288.0,48.0,0.0,0.0,0.0,0.0,0.0,0.0,0.0,0.0,0.0,0.0,0.0,0.0,209546.0,146.0,209546.0,146.0,415037.0,289.0,899455.0,627.0
2022-23,101912192,Lantrip El,516,3747144.0,7262.0,4776731.0,9257.0,3157320.0,6119.0,3798465.0,7361.0,553336.0,1072.0,833235.0,1615.0,36488.0,71.0,145031.0,281.0,3710656.0,7191.0,4631700.0,8976.0,2519892.0,4884.0,3166603.0,6137.0,4364.0,8.0,4364.0,8.0,139797.0,271.0,139797.0,271.0,42526.0,82.0,42526.0,82.0,373693.0,724.0,373693.0,724.0,138661.0,269.0,141038.0,273.0,16003.0,31.0,34396.0,67.0,96377.0,187.0,99908.0,194.0,0.0,0.0,0.0,0.0,0.0,0.0,220505.0,427.0,4534.0,9.0,24858.0,48.0,338962.0,657.0,342146.0,663.0,0.0,0.0,0.0,0.0,35847.0,69.0,35847.0,69.0,2401753.0,4655.0,2653673.0,5143.0,1419.0,3.0,1419.0,3.0,0.0,0.0,0.0,0.0,299646.0,581.0,406821.0,788.0,285405.0,553.0,511655.0,992.0,136155.0,264.0,159496.0,309.0,206935.0,401.0,206935.0,401.0,0.0,0.0,0.0,0.0,0.0,0.0,0.0,0.0,0.0,0.0,0.0,0.0,379343.0,735.0,629264.0,1220.0
2022-23,101912340,Las Americas,230,1511359.0,6571.0,1924678.0,8368.0,1167639.0,5077.0,1429965.0,6217.0,154155.0,670.0,305148.0,1327.0,189565.0,824.0,189565.0,824.0,1321794.0,5747.0,1735113.0,7544.0,1044496.0,4541.0,1360116.0,5914.0,9199.0,40.0,9199.0,40.0,21582.0,94.0,23179.0,101.0,12688.0,55.0,12688.0,55.0,175755.0,764.0,192659.0,838.0,12618.0,55.0,12618.0,55.0,24624.0,107.0,98848.0,430.0,9640.0,42.0,9640.0,42.0,0.0,0.0,0.0,0.0,0.0,0.0,0.0,0.0,556.0,2.0,2827.0,12.0,10266.0,45.0,10471.0,46.0,370.0,2.0,370.0,2.0,0.0,0.0,0.0,0.0,1169237.0,5084.0,1336700.0,5812.0,0.0,0.0,0.0,0.0,0.0,0.0,0.0,0.0,0.0,0.0,0.0,0.0,82459.0,359.0,235816.0,1025.0,58906.0,256.0,58906.0,256.0,0.0,0.0,0.0,0.0,0.0,0.0,0.0,0.0,0.0,0.0,0.0,0.0,0.0,0.0,0.0,0.0,11192.0,49.0,103691.0,451.0
2022-23,101912357,Laurenzo Early Childhood Ctr,207,2106558.0,10177.0,2427238.0,11726.0,1620430.0,7828.0,1843474.0,8906.0,430866.0,2081.0,513046.0,2478.0,55262.0,267.0,70718.0,342.0,2051296.0,9910.0,2356520.0,11384.0,1368635.0,6612.0,1646448.0,7954.0,83952.0,406.0,85029.0,411.0,74834.0,362.0,74834.0,362.0,24170.0,117.0,24170.0,117.0,267099.0,1290.0,267099.0,1290.0,29584.0,143.0,29584.0,143.0,505.0,2.0,6451.0,31.0,28950.0,140.0,28950.0,140.0,0.0,0.0,0.0,0.0,0.0,0.0,15071.0,73.0,0.0,0.0,4315.0,21.0,173567.0,838.0,174569.0,843.0,0.0,0.0,0.0,0.0,0.0,0.0,0.0,0.0,779561.0,3766.0,854803.0,4129.0,0.0,0.0,0.0,0.0,0.0,0.0,0.0,0.0,327649.0,1583.0,341673.0,1651.0,35032.0,169.0,104152.0,503.0,140497.0,679.0,152436.0,736.0,594990.0,2874.0,594990.0,2874.0,0.0,0.0,0.0,0.0,0.0,0.0,0.0,0.0,0.0,0.0,0.0,0.0,173567.0,838.0,195032.0,942.0
2022-23,101912263,Law El,512,3540003.0,6914.0,4654035.0,9090.0,2729349.0,5331.0,3434202.0,6707.0,656114.0,1281.0,1061243.0,2073.0,154540.0,302.0,158590.0,310.0,3385463.0,6612.0,4495445.0,8780.0,2166756.0,4232.0,3005407.0,5870.0,87706.0,171.0,88806.0,173.0,153467.0,300.0,153467.0,300.0,35320.0,69.0,35320.0,69.0,480962.0,939.0,481141.0,940.0,164742.0,322.0,167107.0,326.0,11873.0,23.0,11873.0,23.0,97140.0,190.0,100675.0,197.0,0.0,0.0,0.0,0.0,0.0,0.0,210364.0,411.0,9562.0,19.0,57722.0,113.0,161208.0,315.0,163872.0,320.0,0.0,0.0,0.0,0.0,16727.0,33.0,16727.0,33.0,1730704.0,3380.0,2039502.0,3983.0,0.0,0.0,0.0,0.0,0.0,0.0,0.0,0.0,626924.0,1224.0,643838.0,1257.0,362018.0,707.0,851061.0,1662.0,16405.0,32.0,36864.0,72.0,461915.0,902.0,461915.0,902.0,0.0,0.0,0.0,0.0,0.0,0.0,0.0,0.0,0.0,0.0,0.0,0.0,187497.0,366.0,407704.0,796.0
2022-23,101912075,Lawson Middle,1274,8974289.0,7044.0,11323482.0,8888.0,7968023.0,6254.0,9366922.0,7352.0,993629.0,780.0,1943923.0,1526.0,12637.0,10.0,12637.0,10.0,8961652.0,7034.0,11310845.0,8878.0,6639617.0,5212.0,8341926.0,6548.0,85835.0,67.0,85835.0,67.0,180185.0,141.0,276161.0,217.0,153064.0,120.0,153064.0,120.0,874744.0,687.0,874744.0,687.0,418492.0,328.0,523721.0,411.0,26578.0,21.0,167732.0,132.0,127199.0,100.0,130738.0,103.0,0.0,0.0,0.0,0.0,0.0,0.0,275714.0,216.0,130253.0,102.0,140579.0,110.0,320217.0,251.0,323547.0,254.0,4689.0,4.0,4689.0,4.0,779.0,1.0,779.0,1.0,5403077.0,4241.0,6230237.0,4890.0,5245.0,4.0,6355.0,5.0,63342.0,50.0,63342.0,50.0,2199651.0,1727.0,2342540.0,1839.0,646617.0,508.0,1619694.0,1271.0,102399.0,80.0,102399.0,80.0,0.0,0.0,0.0,0.0,0.0,0.0,0.0,0.0,85383.0,67.0,86402.0,68.0,121453.0,95.0,121453.0,95.0,334485.0,263.0,738423.0,580.0
2022-23,101912194,Lewis El,711,4651203.0,6542.0,6225923.0,8757.0,4057456.0,5707.0,5097093.0,7169.0,558230.0,785.0,1049038.0,1475.0,35517.0,50.0,79792.0,112.0,4615686.0,6492.0,6146131.0,8644.0,3302476.0,4645.0,4363427.0,6137.0,86259.0,121.0,86259.0,121.0,65243.0,92.0,65243.0,92.0,62574.0,88.0,62574.0,88.0,559115.0,786.0,613687.0,863.0,184193.0,259.0,186561.0,262.0,39191.0,55.0,74614.0,105.0,100918.0,142.0,104442.0,147.0,0.0,0.0,0.0,0.0,0.0,0.0,356507.0,501.0,0.0,0.0,8554.0,12.0,171784.0,242.0,175170.0,246.0,1026.0,1.0,1026.0,1.0,42907.0,60.0,42907.0,60.0,3009104.0,4232.0,3530202.0,4965.0,0.0,0.0,0.0,0.0,0.0,0.0,0.0,0.0,490934.0,690.0,508259.0,715.0,572377.0,805.0,1065324.0,1498.0,188620.0,265.0,258784.0,364.0,138934.0,195.0,138934.0,195.0,0.0,0.0,0.0,0.0,0.0,0.0,0.0,0.0,0.0,0.0,0.0,0.0,215717.0,303.0,644628.0,907.0
2022-23,101912324,Liberty H S,351,2873552.0,8187.0,3606670.0,10275.0,2264654.0,6452.0,2951832.0,8410.0,144242.0,411.0,188022.0,536.0,464656.0,1324.0,466816.0,1330.0,2408896.0,6863.0,3139854.0,8945.0,1506331.0,4292.0,2054875.0,5854.0,84277.0,240.0,85377.0,243.0,32382.0,92.0,92437.0,263.0,16739.0,48.0,16739.0,48.0,504838.0,1438.0,607326.0,1730.0,134479.0,383.0,134479.0,383.0,33982.0,97.0,44870.0,128.0,76823.0,219.0,80177.0,228.0,0.0,0.0,0.0,0.0,0.0,0.0,1329.0,4.0,8579.0,24.0,11779.0,34.0,7580.0,22.0,7580.0,22.0,1817.0,5.0,1817.0,5.0,0.0,0.0,0.0,0.0,1845098.0,5257.0,2043646.0,5822.0,0.0,0.0,0.0,0.0,2002.0,6.0,2002.0,6.0,30486.0,87.0,30486.0,87.0,417361.0,1189.0,840379.0,2394.0,94904.0,270.0,94904.0,270.0,0.0,0.0,0.0,0.0,0.0,0.0,0.0,0.0,0.0,0.0,0.0,0.0,1650.0,5.0,1650.0,5.0,16326.0,47.0,125718.0,358.0
2022-23,101912195,Lockhart El,379,3270545.0,8629.0,4087852.0,10786.0,2826194.0,7457.0,3292866.0,8688.0,365013.0,963.0,698974.0,1844.0,79338.0,209.0,96012.0,253.0,3191207.0,8420.0,3991840.0,10533.0,2410606.0,6360.0,2900058.0,7652.0,21271.0,56.0,21271.0,56.0,18630.0,49.0,18630.0,49.0,52264.0,138.0,52264.0,138.0,308867.0,815.0,401265.0,1059.0,112632.0,297.0,115003.0,303.0,50628.0,134.0,60457.0,160.0,106871.0,282.0,110223.0,291.0,0.0,0.0,0.0,0.0,0.0,0.0,180623.0,477.0,0.0,0.0,0.0,0.0,109438.0,289.0,109438.0,289.0,0.0,0.0,0.0,0.0,0.0,0.0,0.0,0.0,2129621.0,5619.0,2396501.0,6323.0,962.0,3.0,962.0,3.0,0.0,0.0,0.0,0.0,679989.0,1794.0,713712.0,1883.0,182417.0,481.0,384144.0,1014.0,426.0,1.0,6209.0,16.0,88354.0,233.0,88354.0,233.0,0.0,0.0,0.0,0.0,0.0,0.0,0.0,0.0,0.0,0.0,0.0,0.0,109438.0,289.0,401958.0,1061.0
2022-23,101912059,Long Academy,818,5937832.0,7259.0,7738559.0,9460.0,4735297.0,5789.0,5891306.0,7202.0,1005133.0,1229.0,1649851.0,2017.0,197402.0,241.0,197402.0,241.0,5740430.0,7018.0,7541157.0,9219.0,3511134.0,4292.0,4522238.0,5528.0,75872.0,93.0,75872.0,93.0,212667.0,260.0,214184.0,262.0,82187.0,100.0,82187.0,100.0,871769.0,1066.0,963113.0,1177.0,112026.0,137.0,213028.0,260.0,100073.0,122.0,233629.0,286.0,85677.0,105.0,92959.0,114.0,0.0,0.0,0.0,0.0,0.0,0.0,369358.0,452.0,107641.0,132.0,113350.0,139.0,529385.0,647.0,576809.0,705.0,1330.0,2.0,23919.0,29.0,50669.0,62.0,50669.0,62.0,3028983.0,3703.0,3436800.0,4201.0,4106.0,5.0,4106.0,5.0,197605.0,242.0,209624.0,256.0,696655.0,852.0,712932.0,872.0,1059059.0,1295.0,1750521.0,2140.0,64997.0,79.0,64997.0,79.0,0.0,0.0,0.0,0.0,0.0,0.0,0.0,0.0,0.0,0.0,0.0,0.0,101541.0,124.0,101541.0,124.0,587484.0,718.0,1235878.0,1511.0
2022-23,101912196,Longfellow El,680,4816775.0,7083.0,5788011.0,8512.0,3993474.0,5873.0,4659878.0,6853.0,742626.0,1092.0,1047458.0,1540.0,80675.0,119.0,80675.0,119.0,4736100.0,6965.0,5707336.0,8393.0,3459998.0,5088.0,4015239.0,5905.0,55065.0,81.0,55065.0,81.0,150212.0,221.0,176893.0,260.0,63145.0,93.0,63145.0,93.0,415629.0,611.0,415848.0,612.0,191005.0,281.0,193342.0,284.0,17967.0,26.0,50646.0,74.0,91473.0,135.0,94996.0,140.0,0.0,0.0,0.0,0.0,0.0,0.0,195929.0,288.0,2335.0,3.0,153335.0,225.0,220279.0,324.0,223906.0,329.0,0.0,0.0,0.0,0.0,68070.0,100.0,68070.0,100.0,3190952.0,4693.0,3456376.0,5083.0,3543.0,5.0,3543.0,5.0,0.0,0.0,0.0,0.0,623729.0,917.0,638693.0,939.0,257417.0,379.0,513198.0,755.0,103148.0,152.0,120396.0,177.0,265705.0,391.0,265705.0,391.0,0.0,0.0,0.0,0.0,0.0,0.0,0.0,0.0,0.0,0.0,0.0,0.0,291606.0,429.0,655718.0,964.0
2022-23,101912197,Looscan El,260,2245196.0,8635.0,3070549.0,11810.0,1875020.0,7212.0,2354383.0,9055.0,328573.0,1264.0,669163.0,2574.0,41603.0,160.0,47003.0,181.0,2203593.0,8475.0,3023546.0,11629.0,1355034.0,5212.0,2023448.0,7782.0,80246.0,309.0,81359.0,313.0,10874.0,42.0,10874.0,42.0,27675.0,106.0,27675.0,106.0,364847.0,1403.0,364847.0,1403.0,120181.0,462.0,122550.0,471.0,870.0,3.0,870.0,3.0,77928.0,300.0,81283.0,313.0,0.0,0.0,0.0,0.0,0.0,0.0,140955.0,542.0,35.0,0.0,1583.0,6.0,165903.0,638.0,168102.0,647.0,0.0,0.0,0.0,0.0,0.0,0.0,0.0,0.0,1490833.0,5734.0,1903361.0,7321.0,886.0,3.0,886.0,3.0,0.0,0.0,0.0,0.0,359414.0,1382.0,371009.0,1427.0,185632.0,714.0,412717.0,1587.0,890.0,3.0,18096.0,70.0,0.0,0.0,0.0,0.0,0.0,0.0,0.0,0.0,0.0,0.0,0.0,0.0,0.0,0.0,0.0,0.0,165938.0,638.0,317477.0,1221.0
2022-23,101912198,Love El,346,3589292.0,10374.0,4368522.0,12626.0,3000959.0,8673.0,3569832.0,10317.0,548071.0,1584.0,741439.0,2143.0,40262.0,116.0,57251.0,165.0,3549030.0,10257.0,4311271.0,12460.0,2515059.0,7269.0,3112091.0,8994.0,94397.0,273.0,94397.0,273.0,74265.0,215.0,74265.0,215.0,65936.0,191.0,65936.0,191.0,282700.0,817.0,282700.0,817.0,144229.0,417.0,147490.0,426.0,7608.0,22.0,13305.0,38.0,93746.0,271.0,97276.0,281.0,0.0,0.0,0.0,0.0,0.0,0.0,136337.0,394.0,0.0,0.0,12269.0,35.0,258438.0,747.0,260266.0,752.0,0.0,0.0,0.0,0.0,12652.0,37.0,12652.0,37.0,1783325.0,5154.0,2120648.0,6129.0,715.0,2.0,715.0,2.0,0.0,0.0,0.0,0.0,871939.0,2520.0,906771.0,2621.0,166135.0,480.0,322439.0,932.0,152977.0,442.0,173358.0,501.0,302849.0,875.0,302849.0,875.0,0.0,0.0,0.0,0.0,0.0,0.0,0.0,0.0,0.0,0.0,0.0,0.0,271090.0,783.0,428315.0,1238.0
2022-23,101912199,Lovett El,649,4546582.0,7006.0,5636563.0,8685.0,4125760.0,6357.0,5033452.0,7756.0,403381.0,622.0,585670.0,902.0,17441.0,27.0,17441.0,27.0,4529141.0,6979.0,5619122.0,8658.0,3522424.0,5427.0,4152312.0,6398.0,40426.0,62.0,40426.0,62.0,119925.0,185.0,121026.0,186.0,68654.0,106.0,152342.0,235.0,306419.0,472.0,306419.0,472.0,187242.0,289.0,189622.0,292.0,18066.0,28.0,46907.0,72.0,100289.0,155.0,103642.0,160.0,0.0,0.0,0.0,0.0,0.0,0.0,135410.0,209.0,1300.0,2.0,206620.0,318.0,164396.0,253.0,164396.0,253.0,0.0,0.0,0.0,0.0,0.0,0.0,0.0,0.0,3362652.0,5181.0,3813966.0,5877.0,27242.0,42.0,27242.0,42.0,0.0,0.0,0.0,0.0,591696.0,912.0,699796.0,1078.0,329127.0,507.0,456785.0,704.0,13114.0,20.0,13114.0,20.0,39614.0,61.0,39614.0,61.0,0.0,0.0,0.0,0.0,0.0,0.0,0.0,0.0,0.0,0.0,0.0,0.0,165696.0,255.0,539851.0,832.0
2022-23,101912128,Lyons El,865,5980021.0,6913.0,7662678.0,8859.0,5096029.0,5891.0,6240969.0,7215.0,804109.0,930.0,1341826.0,1551.0,79883.0,92.0,79883.0,92.0,5900138.0,6821.0,7582795.0,8766.0,4496477.0,5198.0,5705010.0,6595.0,83793.0,97.0,84899.0,98.0,134495.0,155.0,134495.0,155.0,83898.0,97.0,83898.0,97.0,628857.0,727.0,628857.0,727.0,194200.0,225.0,197773.0,229.0,18127.0,21.0,65199.0,75.0,94083.0,109.0,96857.0,112.0,0.0,0.0,0.0,0.0,0.0,0.0,284212.0,329.0,1050.0,1.0,82879.0,96.0,165108.0,191.0,174913.0,202.0,0.0,0.0,0.0,0.0,50.0,0.0,50.0,0.0,3981408.0,4603.0,4481575.0,5181.0,3951.0,5.0,3951.0,5.0,0.0,0.0,0.0,0.0,523457.0,605.0,664010.0,768.0,399767.0,462.0,869037.0,1005.0,360480.0,417.0,413674.0,478.0,464867.0,537.0,464867.0,537.0,0.0,0.0,1019.0,1.0,0.0,0.0,0.0,0.0,0.0,0.0,0.0,0.0,166208.0,192.0,592194.0,685.0
2022-23,101912201,Macgregor El,443,3199815.0,7223.0,3950315.0,8917.0,2719578.0,6139.0,3203991.0,7232.0,438703.0,990.0,704790.0,1591.0,41534.0,94.0,41534.0,94.0,3158281.0,7129.0,3908781.0,8823.0,2222838.0,5018.0,2701351.0,6098.0,29267.0,66.0,29267.0,66.0,157138.0,355.0,157441.0,355.0,32823.0,74.0,32823.0,74.0,350202.0,791.0,350202.0,791.0,139283.0,314.0,142742.0,322.0,16576.0,37.0,32016.0,72.0,73839.0,167.0,77193.0,174.0,0.0,0.0,0.0,0.0,0.0,0.0,164900.0,372.0,515.0,1.0,82424.0,186.0,135800.0,307.0,138422.0,312.0,0.0,0.0,0.0,0.0,0.0,0.0,0.0,0.0,2281860.0,5151.0,2540962.0,5736.0,5251.0,12.0,5251.0,12.0,0.0,0.0,0.0,0.0,144845.0,327.0,150643.0,340.0,151468.0,342.0,329632.0,744.0,3193.0,7.0,3193.0,7.0,435349.0,983.0,435349.0,983.0,0.0,0.0,0.0,0.0,0.0,0.0,0.0,0.0,0.0,0.0,0.0,0.0,136315.0,308.0,393857.0,889.0
2022-23,101912203,Mading El,337,3139015.0,9315.0,3991088.0,11843.0,2455999.0,7288.0,2907045.0,8626.0,630281.0,1870.0,1031308.0,3060.0,52735.0,156.0,52735.0,156.0,3086280.0,9158.0,3938353.0,11687.0,1991028.0,5908.0,2494732.0,7403.0,110269.0,327.0,110269.0,327.0,49963.0,148.0,65498.0,194.0,35193.0,104.0,35193.0,104.0,428157.0,1270.0,428157.0,1270.0,113952.0,338.0,116153.0,345.0,6619.0,20.0,48369.0,144.0,96300.0,286.0,99590.0,296.0,0.0,0.0,0.0,0.0,0.0,0.0,276134.0,819.0,1050.0,3.0,4011.0,12.0,253749.0,753.0,255758.0,759.0,0.0,0.0,0.0,0.0,0.0,0.0,0.0,0.0,1793897.0,5323.0,2062025.0,6119.0,0.0,0.0,0.0,0.0,0.0,0.0,0.0,0.0,573771.0,1703.0,590955.0,1754.0,129877.0,385.0,342011.0,1015.0,23217.0,69.0,26139.0,78.0,310719.0,922.0,310719.0,922.0,0.0,0.0,0.0,0.0,0.0,0.0,0.0,0.0,0.0,0.0,0.0,0.0,254799.0,756.0,570831.0,1694.0
2022-23,101912010,Madison H S,1924,14535107.0,7555.0,18255888.0,9489.0,12559378.0,6528.0,14279223.0,7422.0,1680773.0,874.0,3200687.0,1664.0,294956.0,153.0,775978.0,403.0,14240151.0,7401.0,17479910.0,9085.0,9577812.0,4978.0,11987525.0,6231.0,99068.0,51.0,99068.0,51.0,124806.0,65.0,124806.0,65.0,305638.0,159.0,305638.0,159.0,1853048.0,963.0,1853048.0,963.0,903705.0,470.0,1097182.0,570.0,67543.0,35.0,128297.0,67.0,148012.0,77.0,151529.0,79.0,0.0,0.0,0.0,0.0,0.0,0.0,436678.0,227.0,430033.0,224.0,555561.0,289.0,487030.0,253.0,493924.0,257.0,121347.0,63.0,121347.0,63.0,122109.0,63.0,122109.0,63.0,7435526.0,3865.0,8625136.0,4483.0,15149.0,8.0,15149.0,8.0,1885975.0,980.0,1953914.0,1016.0,2520609.0,1310.0,2683522.0,1395.0,576217.0,299.0,1736491.0,903.0,38834.0,20.0,38834.0,20.0,0.0,0.0,0.0,0.0,0.0,0.0,0.0,0.0,607322.0,316.0,629748.0,327.0,382666.0,199.0,382666.0,199.0,777853.0,404.0,1413852.0,735.0
2022-23,101912460,Mandarin Immersion Magnet School,739,4796586.0,6491.0,5850120.0,7916.0,4375125.0,5920.0,5051166.0,6835.0,410505.0,555.0,725414.0,982.0,10956.0,15.0,73540.0,100.0,4785630.0,6476.0,5776580.0,7817.0,3650300.0,4940.0,4227824.0,5721.0,87617.0,119.0,88724.0,120.0,41682.0,56.0,41682.0,56.0,69299.0,94.0,69299.0,94.0,471805.0,638.0,471805.0,638.0,193178.0,261.0,195554.0,265.0,1660.0,2.0,23856.0,32.0,90586.0,123.0,93942.0,127.0,0.0,0.0,0.0,0.0,0.0,0.0,198787.0,269.0,61630.0,83.0,247234.0,335.0,116633.0,158.0,116633.0,158.0,1240.0,2.0,1240.0,2.0,0.0,0.0,0.0,0.0,3887719.0,5261.0,4282277.0,5795.0,70760.0,96.0,70760.0,96.0,0.0,0.0,0.0,0.0,391765.0,530.0,411029.0,556.0,69256.0,94.0,184703.0,250.0,57635.0,78.0,98625.0,133.0,128992.0,175.0,128992.0,175.0,0.0,0.0,0.0,0.0,0.0,0.0,0.0,0.0,50230.0,68.0,50230.0,68.0,129273.0,175.0,520503.0,704.0
2022-23,101912483,Mark White El,639,4395896.0,6879.0,5211916.0,8156.0,3758228.0,5881.0,4305227.0,6737.0,595763.0,932.0,849324.0,1329.0,41905.0,66.0,57365.0,90.0,4353991.0,6814.0,5154551.0,8067.0,3347817.0,5239.0,3952678.0,6186.0,5436.0,9.0,5436.0,9.0,151911.0,238.0,151911.0,238.0,61772.0,97.0,61772.0,97.0,408048.0,639.0,408048.0,639.0,186790.0,292.0,189152.0,296.0,12535.0,20.0,13754.0,22.0,67530.0,106.0,69447.0,109.0,0.0,0.0,0.0,0.0,0.0,0.0,185244.0,290.0,0.0,0.0,4957.0,8.0,112152.0,176.0,112152.0,176.0,0.0,0.0,0.0,0.0,0.0,0.0,0.0,0.0,2756657.0,4314.0,3157305.0,4941.0,0.0,0.0,0.0,0.0,0.0,0.0,0.0,0.0,629731.0,985.0,659174.0,1032.0,201347.0,315.0,337746.0,529.0,46395.0,73.0,75268.0,118.0,604253.0,946.0,604253.0,946.0,0.0,0.0,0.0,0.0,3456.0,5.0,3456.0,5.0,0.0,0.0,0.0,0.0,112152.0,176.0,305630.0,478.0
2022-23,101912480,Marshall El,610,4699416.0,7704.0,6818599.0,11178.0,4066810.0,6667.0,5272186.0,8643.0,539443.0,884.0,1447616.0,2373.0,93163.0,153.0,98797.0,162.0,4606253.0,7551.0,6719802.0,11016.0,3392542.0,5562.0,4947426.0,8111.0,6112.0,10.0,6112.0,10.0,138582.0,227.0,189258.0,310.0,73528.0,121.0,73528.0,121.0,424335.0,696.0,493508.0,809.0,205618.0,337.0,210350.0,345.0,12879.0,21.0,100677.0,165.0,94938.0,156.0,98446.0,161.0,825.0,1.0,825.0,1.0,0.0,0.0,296740.0,486.0,7.0,0.0,12030.0,20.0,222233.0,364.0,240343.0,394.0,0.0,0.0,9637.0,16.0,34654.0,57.0,34654.0,57.0,2846888.0,4667.0,3411245.0,5592.0,1852.0,3.0,1852.0,3.0,0.0,0.0,0.0,0.0,658454.0,1079.0,681192.0,1117.0,431156.0,707.0,1516402.0,2486.0,176337.0,289.0,205738.0,337.0,234672.0,385.0,234672.0,385.0,0.0,0.0,0.0,0.0,0.0,0.0,0.0,0.0,0.0,0.0,0.0,0.0,256894.0,421.0,668701.0,1096.0
2022-23,101912061,Marshall Middle,607,5329413.0,8780.0,7168853.0,11810.0,4586927.0,7557.0,5555985.0,9153.0,644093.0,1061.0,1349321.0,2223.0,98393.0,162.0,263547.0,434.0,5231020.0,8618.0,6905306.0,11376.0,3551724.0,5851.0,4669385.0,7693.0,86409.0,142.0,86409.0,142.0,112073.0,185.0,325537.0,536.0,66407.0,109.0,66407.0,109.0,605894.0,998.0,605894.0,998.0,282069.0,465.0,287746.0,474.0,28921.0,48.0,72014.0,119.0,89735.0,148.0,93277.0,154.0,0.0,0.0,0.0,0.0,0.0,0.0,276531.0,456.0,108042.0,178.0,116907.0,193.0,295788.0,487.0,298306.0,491.0,3958.0,7.0,3958.0,7.0,0.0,0.0,0.0,0.0,3279869.0,5403.0,3917188.0,6453.0,2135.0,4.0,2135.0,4.0,0.0,0.0,0.0,0.0,1013599.0,1670.0,1054194.0,1737.0,510761.0,841.0,1150420.0,1895.0,16868.0,28.0,16868.0,28.0,0.0,0.0,0.0,0.0,0.0,0.0,0.0,0.0,0.0,0.0,0.0,0.0,108042.0,178.0,108042.0,178.0,299746.0,494.0,656459.0,1081.0
2022-23,101912289,Martinez C El,279,2536487.0,9091.0,3489859.0,12508.0,2189219.0,7847.0,2796201.0,10022.0,343630.0,1232.0,680949.0,2441.0,3638.0,13.0,12709.0,46.0,2532849.0,9078.0,3477150.0,12463.0,1698081.0,6086.0,2430640.0,8712.0,42013.0,151.0,43112.0,155.0,85425.0,306.0,117761.0,422.0,30745.0,110.0,30745.0,110.0,332166.0,1191.0,334028.0,1197.0,130939.0,469.0,133180.0,477.0,914.0,3.0,914.0,3.0,89452.0,321.0,92973.0,333.0,0.0,0.0,0.0,0.0,0.0,0.0,141084.0,506.0,0.0,0.0,2755.0,10.0,122504.0,439.0,125965.0,451.0,610.0,2.0,23993.0,86.0,0.0,0.0,0.0,0.0,1775226.0,6363.0,2226233.0,7979.0,0.0,0.0,0.0,0.0,0.0,0.0,0.0,0.0,439496.0,1575.0,451092.0,1617.0,48500.0,174.0,328795.0,1178.0,60556.0,217.0,68989.0,247.0,88150.0,316.0,88150.0,316.0,0.0,0.0,0.0,0.0,0.0,0.0,0.0,0.0,0.0,0.0,0.0,0.0,120921.0,433.0,300327.0,1076.0
2022-23,101912298,Martinez R El,425,3896489.0,9168.0,4757931.0,11195.0,3054922.0,7188.0,3529030.0,8304.0,588211.0,1384.0,941975.0,2216.0,253356.0,596.0,286926.0,675.0,3643133.0,8572.0,4471005.0,10520.0,2559658.0,6023.0,3125874.0,7355.0,91709.0,216.0,91709.0,216.0,72368.0,170.0,72368.0,170.0,52554.0,124.0,52554.0,124.0,371480.0,874.0,371480.0,874.0,109555.0,258.0,113791.0,268.0,42998.0,101.0,71026.0,167.0,96562.0,227.0,100098.0,236.0,0.0,0.0,0.0,0.0,0.0,0.0,222894.0,524.0,0.0,0.0,400.0,1.0,246249.0,579.0,248811.0,585.0,0.0,0.0,0.0,0.0,0.0,0.0,0.0,0.0,1975437.0,4648.0,2256771.0,5310.0,2344.0,6.0,3458.0,8.0,0.0,0.0,0.0,0.0,689278.0,1622.0,706694.0,1663.0,108111.0,254.0,303560.0,714.0,98560.0,232.0,115738.0,272.0,523154.0,1231.0,523154.0,1231.0,0.0,0.0,0.0,0.0,0.0,0.0,0.0,0.0,0.0,0.0,0.0,0.0,246249.0,579.0,490364.0,1154.0
2022-23,101912179,Mcgowen El,385,2941973.0,7641.0,3894897.0,10117.0,2564295.0,6661.0,3033069.0,7878.0,344578.0,895.0,785650.0,2041.0,33100.0,86.0,76178.0,198.0,2908873.0,7556.0,3818719.0,9919.0,1923309.0,4996.0,2573989.0,6686.0,66174.0,172.0,66174.0,172.0,38899.0,101.0,58619.0,152.0,43353.0,113.0,43353.0,113.0,427230.0,1110.0,427713.0,1111.0,140352.0,365.0,142594.0,370.0,6889.0,18.0,11216.0,29.0,115116.0,299.0,118875.0,309.0,0.0,0.0,0.0,0.0,0.0,0.0,191287.0,497.0,0.0,0.0,18370.0,48.0,143942.0,374.0,147851.0,384.0,3469.0,9.0,3469.0,9.0,0.0,0.0,0.0,0.0,1739728.0,4519.0,2141402.0,5562.0,1530.0,4.0,1530.0,4.0,0.0,0.0,0.0,0.0,721218.0,1873.0,738579.0,1918.0,153127.0,398.0,381994.0,992.0,4397.0,11.0,4397.0,11.0,141322.0,367.0,141322.0,367.0,0.0,0.0,0.0,0.0,0.0,0.0,0.0,0.0,0.0,0.0,0.0,0.0,147551.0,383.0,388692.0,1010.0
2022-23,101912227,Mcnamara El,991,7296981.0,7363.0,9053773.0,9136.0,5726521.0,5779.0,6857634.0,6920.0,1003911.0,1013.0,1584380.0,1599.0,566549.0,572.0,611759.0,617.0,6730432.0,6792.0,8442014.0,8519.0,5054448.0,5100.0,6313515.0,6371.0,84334.0,85.0,85352.0,86.0,180700.0,182.0,180700.0,182.0,79867.0,81.0,79867.0,81.0,585778.0,591.0,587037.0,592.0,211204.0,213.0,214677.0,217.0,7107.0,7.0,7107.0,7.0,110961.0,112.0,114471.0,116.0,0.0,0.0,0.0,0.0,0.0,0.0,438370.0,442.0,0.0,0.0,2847.0,3.0,252731.0,255.0,254769.0,257.0,40131.0,40.0,40131.0,40.0,122908.0,124.0,122908.0,124.0,3989907.0,4026.0,4491348.0,4532.0,24.0,0.0,24.0,0.0,0.0,0.0,0.0,0.0,328958.0,332.0,341699.0,345.0,348775.0,352.0,1018179.0,1027.0,350961.0,354.0,410188.0,414.0,1295774.0,1308.0,1295774.0,1308.0,0.0,0.0,0.0,0.0,0.0,0.0,0.0,0.0,0.0,0.0,0.0,0.0,416033.0,420.0,866149.0,874.0
2022-23,101912062,Mcreynolds Middle,398,4168731.0,10474.0,5047098.0,12681.0,3351764.0,8422.0,3812084.0,9578.0,780917.0,1962.0,1198964.0,3012.0,36050.0,91.0,36050.0,91.0,4132681.0,10384.0,5011048.0,12591.0,2624966.0,6595.0,3189029.0,8013.0,83768.0,210.0,83768.0,210.0,36000.0,90.0,36000.0,90.0,56993.0,143.0,56993.0,143.0,629401.0,1581.0,629401.0,1581.0,139414.0,350.0,234766.0,590.0,12633.0,32.0,34496.0,87.0,41977.0,105.0,41977.0,105.0,0.0,0.0,0.0,0.0,0.0,0.0,189350.0,476.0,110747.0,278.0,111887.0,281.0,384340.0,966.0,390939.0,982.0,12442.0,31.0,12442.0,31.0,0.0,0.0,0.0,0.0,2555697.0,6421.0,2849654.0,7160.0,2412.0,6.0,2412.0,6.0,0.0,0.0,0.0,0.0,873474.0,2195.0,902410.0,2267.0,174265.0,438.0,530274.0,1332.0,19304.0,49.0,19304.0,49.0,0.0,0.0,0.0,0.0,0.0,0.0,0.0,0.0,0.0,0.0,0.0,0.0,102747.0,258.0,102747.0,258.0,404782.0,1017.0,604247.0,1518.0
2022-23,101912204,Memorial El,423,3291308.0,7781.0,4126423.0,9755.0,2677398.0,6330.0,3274151.0,7740.0,605468.0,1431.0,810592.0,1916.0,8442.0,20.0,41680.0,99.0,3282866.0,7761.0,4084743.0,9657.0,2188307.0,5173.0,2843509.0,6722.0,81813.0,193.0,82832.0,196.0,33794.0,80.0,33794.0,80.0,45344.0,107.0,45344.0,107.0,296018.0,700.0,297038.0,702.0,135583.0,321.0,137515.0,325.0,6806.0,16.0,8615.0,20.0,81026.0,192.0,84559.0,200.0,0.0,0.0,0.0,0.0,0.0,0.0,130114.0,308.0,0.0,0.0,6002.0,14.0,414175.0,979.0,415421.0,982.0,0.0,0.0,0.0,0.0,0.0,0.0,0.0,0.0,2197441.0,5195.0,2585920.0,6113.0,3136.0,7.0,3136.0,7.0,0.0,0.0,0.0,0.0,471087.0,1114.0,589013.0,1392.0,98073.0,232.0,174098.0,412.0,1598.0,4.0,24948.0,59.0,97356.0,230.0,97356.0,230.0,0.0,0.0,0.0,0.0,0.0,0.0,0.0,0.0,0.0,0.0,0.0,0.0,414175.0,979.0,559041.0,1322.0
2022-23,101912055,Meyerland Middle,1133,9347547.0,8250.0,11205989.0,9891.0,7695370.0,6792.0,8926109.0,7878.0,1393131.0,1230.0,1860783.0,1642.0,259046.0,229.0,419097.0,370.0,9088501.0,8022.0,10786892.0,9521.0,6268813.0,5533.0,7477163.0,6599.0,93645.0,83.0,94754.0,84.0,57827.0,51.0,157075.0,139.0,134967.0,119.0,134967.0,119.0,929514.0,820.0,929514.0,820.0,372286.0,329.0,377068.0,333.0,52239.0,46.0,94308.0,83.0,102746.0,91.0,104487.0,92.0,0.0,0.0,0.0,0.0,0.0,0.0,227822.0,201.0,170184.0,150.0,274806.0,243.0,906280.0,800.0,914538.0,807.0,0.0,0.0,0.0,0.0,0.0,0.0,0.0,0.0,5423603.0,4787.0,5985078.0,5283.0,32392.0,29.0,32392.0,29.0,107270.0,95.0,109648.0,97.0,1452929.0,1282.0,1525425.0,1346.0,826225.0,729.0,1497933.0,1322.0,68415.0,60.0,68415.0,60.0,0.0,0.0,0.0,0.0,0.0,0.0,0.0,0.0,101203.0,89.0,101203.0,89.0,155684.0,137.0,155684.0,137.0,920780.0,813.0,1311114.0,1157.0
2022-23,101912458,Mickey Leland College Prep Acad Fo,311,2769445.0,8905.0,3336626.0,10729.0,2500105.0,8039.0,2873530.0,9240.0,267586.0,860.0,461342.0,1483.0,1754.0,6.0,1754.0,6.0,2767691.0,8899.0,3334872.0,10723.0,1792400.0,5763.0,2173070.0,6987.0,2423.0,8.0,2423.0,8.0,86280.0,277.0,86280.0,277.0,26078.0,84.0,26078.0,84.0,366738.0,1179.0,375124.0,1206.0,164806.0,530.0,170641.0,549.0,11466.0,37.0,11466.0,37.0,91079.0,293.0,94611.0,304.0,0.0,0.0,0.0,0.0,0.0,0.0,142564.0,458.0,147241.0,473.0,155924.0,501.0,71487.0,230.0,74854.0,241.0,7693.0,25.0,21837.0,70.0,0.0,0.0,0.0,0.0,1923801.0,6186.0,2058325.0,6618.0,6203.0,20.0,6203.0,20.0,110226.0,354.0,112584.0,362.0,285509.0,918.0,296911.0,955.0,133248.0,428.0,384110.0,1235.0,3059.0,10.0,3059.0,10.0,0.0,0.0,0.0,0.0,0.0,0.0,0.0,0.0,79397.0,255.0,82075.0,264.0,147131.0,473.0,147131.0,473.0,79117.0,254.0,244474.0,786.0
2022-23,101912485,Middle College H S At Hcc Fraga,132,1142291.0,8654.0,1259709.0,9543.0,1097888.0,8317.0,1193743.0,9044.0,43693.0,331.0,56366.0,427.0,710.0,5.0,9600.0,73.0,1141581.0,8648.0,1250109.0,9471.0,732266.0,5547.0,831235.0,6297.0,1185.0,9.0,1185.0,9.0,23096.0,175.0,23297.0,176.0,17114.0,130.0,17114.0,130.0,213692.0,1619.0,213692.0,1619.0,135642.0,1028.0,140431.0,1064.0,16288.0,123.0,19811.0,150.0,2236.0,17.0,2236.0,17.0,0.0,0.0,0.0,0.0,0.0,0.0,0.0,0.0,0.0,0.0,1046.0,8.0,62.0,0.0,62.0,0.0,0.0,0.0,0.0,0.0,0.0,0.0,0.0,0.0,607042.0,4599.0,659047.0,4993.0,2863.0,22.0,2863.0,22.0,133550.0,1012.0,135941.0,1030.0,18319.0,139.0,18319.0,139.0,373978.0,2833.0,422312.0,3199.0,5767.0,44.0,5767.0,44.0,0.0,0.0,0.0,0.0,0.0,0.0,0.0,0.0,0.0,0.0,0.0,0.0,0.0,0.0,0.0,0.0,62.0,0.0,5860.0,44.0
2022-23,101912484,Middle College H S At Hcc Gulfton,123,1053982.0,8569.0,1299623.0,10566.0,961972.0,7821.0,1084173.0,8814.0,79813.0,649.0,195797.0,1592.0,12197.0,99.0,19653.0,160.0,1041785.0,8470.0,1279970.0,10406.0,657162.0,5343.0,854322.0,6946.0,924.0,8.0,924.0,8.0,4939.0,40.0,4939.0,40.0,15450.0,126.0,15450.0,126.0,304240.0,2473.0,338331.0,2751.0,14550.0,118.0,14550.0,118.0,146.0,1.0,5121.0,42.0,41028.0,334.0,42887.0,349.0,0.0,0.0,0.0,0.0,0.0,0.0,0.0,0.0,0.0,0.0,0.0,0.0,3346.0,27.0,3346.0,27.0,0.0,0.0,0.0,0.0,0.0,0.0,0.0,0.0,796712.0,6477.0,844079.0,6862.0,271.0,2.0,271.0,2.0,156068.0,1269.0,167334.0,1360.0,40393.0,328.0,40393.0,328.0,38057.0,309.0,181498.0,1476.0,6938.0,56.0,6938.0,56.0,0.0,0.0,0.0,0.0,0.0,0.0,0.0,0.0,0.0,0.0,2100.0,17.0,0.0,0.0,0.0,0.0,3346.0,27.0,37357.0,304.0
2022-23,101912011,Milby H S,2102,13239860.0,6299.0,17176465.0,8171.0,10840084.0,5157.0,13545278.0,6444.0,2097506.0,998.0,3117193.0,1483.0,302270.0,144.0,513994.0,245.0,12937590.0,6155.0,16662471.0,7927.0,8200012.0,3901.0,10650879.0,5067.0,103568.0,49.0,104635.0,50.0,224647.0,107.0,238147.0,113.0,231722.0,110.0,231722.0,110.0,1742927.0,829.0,1852917.0,882.0,571898.0,272.0,668568.0,318.0,171367.0,82.0,449330.0,214.0,101176.0,48.0,101566.0,48.0,0.0,0.0,0.0,0.0,-542.0,0.0,489883.0,233.0,711270.0,338.0,893406.0,425.0,715516.0,340.0,715516.0,340.0,31397.0,15.0,31397.0,15.0,128894.0,61.0,170336.0,81.0,6713183.0,3194.0,7552977.0,3593.0,32779.0,16.0,32779.0,16.0,1831129.0,871.0,1867643.0,889.0,1553456.0,739.0,2128877.0,1013.0,839895.0,400.0,2229977.0,1061.0,117679.0,56.0,117679.0,56.0,0.0,0.0,0.0,0.0,0.0,0.0,0.0,0.0,259196.0,123.0,296191.0,141.0,656889.0,313.0,656889.0,313.0,933384.0,444.0,1779459.0,847.0
2022-23,101912299,Milne El,479,3095156.0,6462.0,4203533.0,8776.0,2674943.0,5584.0,3246014.0,6777.0,329265.0,687.0,866571.0,1809.0,90948.0,190.0,90948.0,190.0,3004208.0,6272.0,4112585.0,8586.0,2173587.0,4538.0,2721851.0,5682.0,70783.0,148.0,70783.0,148.0,30348.0,63.0,30521.0,64.0,50437.0,105.0,50437.0,105.0,338887.0,707.0,413460.0,863.0,154155.0,322.0,156526.0,327.0,14695.0,31.0,32435.0,68.0,91457.0,191.0,95000.0,198.0,0.0,0.0,0.0,0.0,0.0,0.0,362784.0,757.0,0.0,0.0,88994.0,186.0,79859.0,167.0,81735.0,171.0,0.0,0.0,0.0,0.0,0.0,0.0,0.0,0.0,1849099.0,3860.0,2009136.0,4194.0,0.0,0.0,0.0,0.0,0.0,0.0,0.0,0.0,726972.0,1518.0,744403.0,1554.0,173610.0,362.0,542724.0,1133.0,62536.0,131.0,71204.0,149.0,112132.0,234.0,112132.0,234.0,0.0,0.0,0.0,0.0,0.0,0.0,0.0,0.0,0.0,0.0,0.0,0.0,79859.0,167.0,604460.0,1262.0
2022-23,101912354,Mistral Center For Early Childhood,332,2957633.0,8909.0,3724727.0,11219.0,2318304.0,6983.0,2877125.0,8666.0,602714.0,1815.0,752496.0,2267.0,36615.0,110.0,95106.0,286.0,2921018.0,8798.0,3629621.0,10933.0,2064199.0,6217.0,2637298.0,7944.0,81725.0,246.0,81725.0,246.0,131340.0,396.0,131340.0,396.0,32451.0,98.0,32451.0,98.0,284781.0,858.0,284781.0,858.0,150976.0,455.0,153354.0,462.0,767.0,2.0,17741.0,53.0,78596.0,237.0,81929.0,247.0,0.0,0.0,0.0,0.0,0.0,0.0,209.0,1.0,0.0,0.0,35575.0,107.0,96183.0,290.0,97671.0,294.0,0.0,0.0,0.0,0.0,0.0,0.0,41731.0,126.0,1076177.0,3241.0,1257767.0,3788.0,0.0,0.0,0.0,0.0,0.0,0.0,0.0,0.0,248767.0,749.0,254355.0,766.0,80133.0,241.0,243148.0,732.0,204013.0,614.0,225255.0,678.0,1215745.0,3662.0,1215745.0,3662.0,0.0,0.0,0.0,0.0,0.0,0.0,0.0,0.0,0.0,0.0,0.0,0.0,96183.0,290.0,186619.0,562.0
2022-23,101912264,Mitchell El,500,3205737.0,6411.0,4422112.0,8844.0,2896975.0,5794.0,3670040.0,7340.0,266552.0,533.0,848300.0,1697.0,42210.0,84.0,-96228.0,-192.0,3163527.0,6327.0,4518340.0,9037.0,2327295.0,4655.0,3350675.0,6701.0,94518.0,189.0,94518.0,189.0,39073.0,78.0,51152.0,102.0,49068.0,98.0,49068.0,98.0,352360.0,705.0,374397.0,749.0,152264.0,305.0,154636.0,309.0,6850.0,14.0,23603.0,47.0,89438.0,179.0,92792.0,186.0,0.0,0.0,0.0,0.0,0.0,0.0,265349.0,531.0,0.0,0.0,5530.0,11.0,52661.0,105.0,53350.0,107.0,0.0,0.0,0.0,0.0,0.0,0.0,0.0,0.0,2317105.0,4634.0,2945022.0,5890.0,1044.0,2.0,1044.0,2.0,0.0,0.0,0.0,0.0,542329.0,1085.0,567938.0,1136.0,131985.0,264.0,445932.0,892.0,82672.0,165.0,111092.0,222.0,35731.0,71.0,35731.0,71.0,0.0,0.0,0.0,0.0,0.0,0.0,0.0,0.0,0.0,0.0,0.0,0.0,52661.0,105.0,360695.0,721.0
2022-23,101912207,Montgomery El,454,3374694.0,7433.0,4357241.0,9597.0,3102078.0,6833.0,3661904.0,8066.0,226720.0,499.0,649441.0,1430.0,45896.0,101.0,45896.0,101.0,3328798.0,7332.0,4311345.0,9496.0,2242971.0,4940.0,2968594.0,6539.0,99789.0,220.0,99789.0,220.0,120401.0,265.0,172789.0,381.0,44401.0,98.0,44401.0,98.0,476657.0,1050.0,476657.0,1050.0,163209.0,359.0,166638.0,367.0,17398.0,38.0,39992.0,88.0,84771.0,187.0,88126.0,194.0,0.0,0.0,0.0,0.0,0.0,0.0,167197.0,368.0,738.0,2.0,4404.0,10.0,77991.0,172.0,79504.0,175.0,472.0,1.0,472.0,1.0,0.0,0.0,0.0,0.0,2178153.0,4798.0,2527243.0,5567.0,821.0,2.0,821.0,2.0,0.0,0.0,0.0,0.0,492911.0,1086.0,527417.0,1162.0,442779.0,975.0,772498.0,1702.0,82201.0,181.0,93779.0,207.0,52732.0,116.0,52732.0,116.0,0.0,0.0,0.0,0.0,0.0,0.0,0.0,0.0,0.0,0.0,0.0,0.0,79201.0,174.0,309949.0,683.0
2022-23,101912359,Moreno El,698,4794423.0,6869.0,6224758.0,8918.0,4123707.0,5908.0,4847726.0,6945.0,627155.0,899.0,1303916.0,1868.0,43561.0,62.0,73116.0,105.0,4750862.0,6806.0,6151642.0,8813.0,3393653.0,4862.0,4351476.0,6234.0,81618.0,117.0,82726.0,119.0,283375.0,406.0,283375.0,406.0,64127.0,92.0,64127.0,92.0,463997.0,665.0,465416.0,667.0,168078.0,241.0,170448.0,244.0,12294.0,18.0,54791.0,78.0,94161.0,135.0,97730.0,140.0,0.0,0.0,0.0,0.0,0.0,0.0,374290.0,536.0,0.0,0.0,12873.0,18.0,181021.0,259.0,185852.0,266.0,146.0,0.0,146.0,0.0,8392.0,12.0,8392.0,12.0,3376315.0,4837.0,3970040.0,5688.0,1205.0,2.0,1205.0,2.0,0.0,0.0,0.0,0.0,453210.0,649.0,557106.0,798.0,188946.0,271.0,454651.0,651.0,368571.0,528.0,409409.0,587.0,173056.0,248.0,173056.0,248.0,0.0,0.0,0.0,0.0,0.0,0.0,0.0,0.0,0.0,0.0,0.0,0.0,189559.0,272.0,586175.0,840.0
2022-23,101912311,Mount Carmel Academy,269,2192999.0,8152.0,2358987.0,8769.0,192632.0,716.0,192632.0,716.0,1998819.0,7431.0,2164807.0,8048.0,1548.0,6.0,1548.0,6.0,2191451.0,8147.0,2357439.0,8764.0,2104216.0,7822.0,2262028.0,8409.0,2786.0,10.0,2786.0,10.0,13288.0,49.0,13288.0,49.0,24038.0,89.0,24038.0,89.0,16965.0,63.0,16965.0,63.0,24967.0,93.0,24967.0,93.0,441.0,2.0,1012.0,4.0,4750.0,18.0,4750.0,18.0,0.0,0.0,0.0,0.0,0.0,0.0,0.0,0.0,0.0,0.0,2843.0,11.0,0.0,0.0,0.0,0.0,0.0,0.0,0.0,0.0,0.0,0.0,0.0,0.0,1496229.0,5562.0,1503631.0,5590.0,7821.0,29.0,7821.0,29.0,333680.0,1240.0,333680.0,1240.0,96990.0,361.0,96990.0,361.0,242567.0,902.0,396778.0,1475.0,14164.0,53.0,14164.0,53.0,0.0,0.0,0.0,0.0,0.0,0.0,0.0,0.0,0.0,0.0,0.0,0.0,0.0,0.0,0.0,0.0,0.0,0.0,4375.0,16.0
2022-23,101912054,Navarro Middle,547,5215173.0,9534.0,6586884.0,12042.0,4060136.0,7423.0,5039754.0,9213.0,951510.0,1740.0,1328117.0,2428.0,203527.0,372.0,219013.0,400.0,5011646.0,9162.0,6367871.0,11641.0,3255306.0,5951.0,4123554.0,7538.0,80117.0,146.0,81218.0,148.0,70195.0,128.0,161594.0,295.0,69286.0,127.0,69286.0,127.0,684144.0,1251.0,782489.0,1431.0,134726.0,246.0,134726.0,246.0,74618.0,136.0,81886.0,150.0,112929.0,206.0,116455.0,213.0,0.0,0.0,0.0,0.0,1.0,0.0,215747.0,394.0,80148.0,147.0,106600.0,195.0,432411.0,791.0,437504.0,800.0,17299.0,32.0,18751.0,34.0,0.0,0.0,0.0,0.0,2890802.0,5285.0,3185891.0,5824.0,3623.0,7.0,3623.0,7.0,123779.0,226.0,126019.0,230.0,1006797.0,1841.0,1051457.0,1922.0,410686.0,751.0,992074.0,1814.0,45634.0,83.0,85125.0,156.0,0.0,0.0,0.0,0.0,0.0,0.0,0.0,0.0,0.0,0.0,0.0,0.0,72523.0,133.0,72523.0,133.0,457802.0,837.0,851159.0,1556.0
2022-23,101912209,Neff Ecc,610,4694885.0,7697.0,5919179.0,9704.0,3680960.0,6034.0,4512613.0,7398.0,954303.0,1564.0,1346944.0,2208.0,59622.0,98.0,59622.0,98.0,4635263.0,7599.0,5859557.0,9606.0,3479539.0,5704.0,4334503.0,7106.0,80146.0,131.0,81261.0,133.0,165772.0,272.0,165772.0,272.0,61461.0,101.0,61461.0,101.0,355858.0,583.0,355858.0,583.0,115494.0,189.0,117888.0,193.0,46485.0,76.0,75290.0,123.0,102005.0,167.0,105535.0,173.0,0.0,0.0,0.0,0.0,0.0,0.0,293077.0,480.0,0.0,0.0,798.0,1.0,189152.0,310.0,193820.0,318.0,0.0,0.0,0.0,0.0,39351.0,65.0,39351.0,65.0,2069399.0,3392.0,2557207.0,4192.0,403.0,1.0,403.0,1.0,0.0,0.0,0.0,0.0,483650.0,793.0,495462.0,812.0,269202.0,441.0,541318.0,887.0,216961.0,356.0,263250.0,432.0,1367145.0,2241.0,1367145.0,2241.0,0.0,0.0,0.0,0.0,0.0,0.0,0.0,0.0,0.0,0.0,0.0,0.0,228503.0,375.0,543179.0,890.0
2022-23,101912394,Neff El,749,5179008.0,6915.0,6781387.0,9054.0,4617854.0,6165.0,5697141.0,7606.0,512078.0,684.0,968744.0,1293.0,49076.0,66.0,115502.0,154.0,5129932.0,6849.0,6665885.0,8900.0,3956342.0,5282.0,5182546.0,6919.0,87530.0,117.0,88633.0,118.0,88769.0,119.0,88769.0,119.0,86505.0,115.0,86505.0,115.0,483343.0,645.0,494042.0,660.0,206746.0,276.0,211415.0,282.0,18621.0,25.0,42689.0,57.0,102621.0,137.0,106156.0,142.0,0.0,0.0,0.0,0.0,0.0,0.0,256243.0,342.0,0.0,0.0,0.0,0.0,99405.0,133.0,100184.0,134.0,0.0,0.0,0.0,0.0,50.0,0.0,50.0,0.0,3791454.0,5062.0,4388953.0,5860.0,3629.0,5.0,3629.0,5.0,0.0,0.0,0.0,0.0,723281.0,966.0,843706.0,1126.0,317425.0,424.0,826448.0,1103.0,194688.0,260.0,226666.0,303.0,0.0,0.0,0.0,0.0,0.0,0.0,0.0,0.0,0.0,0.0,0.0,0.0,0.0,0.0,0.0,0.0,99455.0,133.0,376483.0,503.0
2022-23,101912477,North Forest H S,974,8906735.0,9144.0,11878777.0,12196.0,7275527.0,7470.0,9011762.0,9252.0,1402542.0,1440.0,2593860.0,2663.0,228666.0,235.0,273155.0,280.0,8678069.0,8910.0,11605622.0,11915.0,5332178.0,5475.0,7594618.0,7797.0,42725.0,44.0,42725.0,44.0,116891.0,120.0,259069.0,266.0,152243.0,156.0,152243.0,156.0,1163570.0,1195.0,1163570.0,1195.0,587074.0,603.0,631963.0,649.0,83936.0,86.0,148948.0,153.0,126428.0,130.0,129943.0,133.0,0.0,0.0,0.0,0.0,0.0,0.0,302928.0,311.0,337680.0,347.0,394564.0,405.0,735249.0,755.0,738281.0,758.0,95.0,0.0,38085.0,39.0,0.0,0.0,0.0,0.0,3613797.0,3710.0,4960660.0,5093.0,21074.0,22.0,21074.0,22.0,776293.0,797.0,787921.0,809.0,1749523.0,1796.0,1814109.0,1863.0,1060345.0,1089.0,2114092.0,2171.0,24670.0,25.0,24670.0,25.0,0.0,0.0,0.0,0.0,0.0,0.0,0.0,0.0,361435.0,371.0,361689.0,371.0,337680.0,347.0,337680.0,347.0,733252.0,753.0,1183727.0,1215.0
2022-23,101912308,North Houston Early College H S,475,3517325.0,7405.0,4033090.0,8491.0,3053517.0,6428.0,3317388.0,6984.0,455209.0,958.0,707103.0,1489.0,8599.0,18.0,8599.0,18.0,3508726.0,7387.0,4024491.0,8473.0,2090324.0,4401.0,2420967.0,5097.0,3117.0,7.0,3117.0,7.0,155096.0,327.0,160594.0,338.0,63702.0,134.0,63702.0,134.0,671871.0,1414.0,671871.0,1414.0,124978.0,263.0,127342.0,268.0,16597.0,35.0,27317.0,58.0,76974.0,162.0,80252.0,169.0,0.0,0.0,0.0,0.0,0.0,0.0,80496.0,169.0,7236.0,15.0,44269.0,93.0,210971.0,444.0,210971.0,444.0,15418.0,32.0,15418.0,32.0,72442.0,153.0,72442.0,153.0,2075842.0,4370.0,2223584.0,4681.0,20329.0,43.0,20329.0,43.0,636481.0,1340.0,643611.0,1355.0,39378.0,83.0,45186.0,95.0,414665.0,873.0,640146.0,1348.0,15964.0,34.0,15964.0,34.0,0.0,0.0,0.0,0.0,0.0,0.0,0.0,0.0,0.0,0.0,2025.0,4.0,0.0,0.0,0.0,0.0,306067.0,644.0,433646.0,913.0
2022-23,101912210,Northline El,421,3485895.0,8280.0,4873307.0,11576.0,2887394.0,6858.0,3598305.0,8547.0,471193.0,1119.0,1098860.0,2610.0,127308.0,302.0,176142.0,418.0,3358587.0,7978.0,4697165.0,11157.0,2352335.0,5587.0,3389127.0,8050.0,95659.0,227.0,95659.0,227.0,42141.0,100.0,42141.0,100.0,47879.0,114.0,47879.0,114.0,395078.0,938.0,395078.0,938.0,193679.0,460.0,196029.0,466.0,22941.0,54.0,37937.0,90.0,80457.0,191.0,84012.0,200.0,0.0,0.0,0.0,0.0,0.0,0.0,245105.0,582.0,0.0,0.0,350.0,1.0,128418.0,305.0,130967.0,311.0,0.0,0.0,32881.0,78.0,0.0,0.0,0.0,0.0,1892078.0,4494.0,2370673.0,5631.0,884.0,2.0,884.0,2.0,0.0,0.0,0.0,0.0,604514.0,1436.0,621898.0,1477.0,468806.0,1114.0,976465.0,2319.0,100391.0,238.0,126632.0,301.0,163496.0,388.0,163496.0,388.0,0.0,0.0,0.0,0.0,0.0,0.0,0.0,0.0,0.0,0.0,0.0,0.0,128418.0,305.0,416088.0,988.0
2022-23,101912003,Northside H S,1159,10530388.0,9086.0,13046920.0,11257.0,9254519.0,7985.0,10785306.0,9306.0,1254413.0,1082.0,1737932.0,1500.0,21456.0,19.0,523682.0,452.0,10508932.0,9067.0,12523238.0,10805.0,6854272.0,5914.0,8185638.0,7063.0,89684.0,77.0,90791.0,78.0,66578.0,57.0,66628.0,57.0,230817.0,199.0,230817.0,199.0,1374136.0,1186.0,1417528.0,1223.0,680400.0,587.0,843510.0,728.0,42550.0,37.0,91968.0,79.0,134068.0,116.0,137593.0,119.0,0.0,0.0,0.0,0.0,0.0,0.0,201081.0,173.0,562141.0,485.0,732565.0,632.0,418509.0,361.0,430188.0,371.0,8593.0,7.0,45001.0,39.0,47184.0,41.0,47184.0,41.0,4426305.0,3819.0,5126103.0,4423.0,3429.0,3.0,3429.0,3.0,1562949.0,1349.0,1605946.0,1386.0,1979752.0,1708.0,2044490.0,1764.0,820265.0,708.0,1577086.0,1361.0,78454.0,68.0,84190.0,73.0,0.0,0.0,0.0,0.0,0.0,0.0,0.0,0.0,601351.0,519.0,621063.0,536.0,543680.0,469.0,549037.0,474.0,492747.0,425.0,911894.0,787.0
2022-23,101912211,Oak Forest El,876,5605809.0,6399.0,8364858.0,9549.0,5097685.0,5819.0,5707053.0,6515.0,435357.0,497.0,663240.0,757.0,72767.0,83.0,1994565.0,2277.0,5533042.0,6316.0,6370293.0,7272.0,4209985.0,4806.0,4820628.0,5503.0,87957.0,100.0,89073.0,102.0,105010.0,120.0,106157.0,121.0,96341.0,110.0,96341.0,110.0,544279.0,621.0,556191.0,635.0,185459.0,212.0,188929.0,216.0,2173.0,2.0,2173.0,2.0,98302.0,112.0,101831.0,116.0,0.0,0.0,0.0,0.0,0.0,0.0,155545.0,178.0,1300.0,1.0,44627.0,51.0,171972.0,196.0,178534.0,204.0,0.0,0.0,0.0,0.0,30264.0,35.0,30264.0,35.0,4457937.0,5089.0,5043521.0,5757.0,150465.0,172.0,150465.0,172.0,0.0,0.0,0.0,0.0,557629.0,637.0,571146.0,652.0,40929.0,47.0,42029.0,48.0,79967.0,91.0,84604.0,97.0,42579.0,49.0,42579.0,49.0,0.0,0.0,1092.0,1.0,0.0,0.0,0.0,0.0,0.0,0.0,0.0,0.0,203536.0,232.0,429052.0,490.0
2022-23,101912212,Oates El,324,3255604.0,10048.0,3960593.0,12224.0,2617467.0,8079.0,3026496.0,9341.0,444070.0,1371.0,740030.0,2284.0,194067.0,599.0,194067.0,599.0,3061537.0,9449.0,3766526.0,11625.0,2122423.0,6551.0,2504157.0,7729.0,77679.0,240.0,77679.0,240.0,60744.0,187.0,60744.0,187.0,48213.0,149.0,48213.0,149.0,314539.0,971.0,395330.0,1220.0,105670.0,326.0,109093.0,337.0,58766.0,181.0,65736.0,203.0,100171.0,309.0,103692.0,320.0,0.0,0.0,0.0,0.0,0.0,0.0,219460.0,677.0,0.0,0.0,788.0,2.0,163083.0,503.0,165351.0,510.0,0.0,0.0,0.0,0.0,10249.0,32.0,10249.0,32.0,1658615.0,5119.0,1887644.0,5826.0,0.0,0.0,0.0,0.0,0.0,0.0,0.0,0.0,613851.0,1895.0,631310.0,1948.0,251738.0,777.0,348143.0,1075.0,92784.0,286.0,110411.0,341.0,271217.0,837.0,271217.0,837.0,0.0,0.0,0.0,0.0,0.0,0.0,0.0,0.0,0.0,0.0,0.0,0.0,173332.0,535.0,483583.0,1493.0
2022-23,101912338,Ortiz Middle,871,6672107.0,7660.0,8461152.0,9714.0,5735990.0,6586.0,6963405.0,7995.0,815565.0,936.0,1377195.0,1581.0,120552.0,138.0,120552.0,138.0,6551555.0,7522.0,8340600.0,9576.0,4725784.0,5426.0,5960982.0,6844.0,7721.0,9.0,8829.0,10.0,78978.0,91.0,212053.0,243.0,98738.0,113.0,98738.0,113.0,730879.0,839.0,731934.0,840.0,192127.0,221.0,194508.0,223.0,77689.0,89.0,111770.0,128.0,129838.0,149.0,133352.0,153.0,0.0,0.0,0.0,0.0,0.0,0.0,272370.0,313.0,146891.0,169.0,194749.0,224.0,336899.0,387.0,356351.0,409.0,25755.0,30.0,59598.0,68.0,0.0,0.0,0.0,0.0,4148832.0,4763.0,4817378.0,5531.0,1775.0,2.0,1775.0,2.0,0.0,0.0,0.0,0.0,1345478.0,1545.0,1400047.0,1607.0,482929.0,554.0,1168320.0,1341.0,66290.0,76.0,66290.0,76.0,0.0,0.0,0.0,0.0,0.0,0.0,0.0,0.0,0.0,0.0,0.0,0.0,118514.0,136.0,118514.0,136.0,387737.0,445.0,768276.0,882.0
2022-23,101912213,Osborne El,312,3324028.0,10654.0,4383092.0,14048.0,2596097.0,8321.0,3081172.0,9876.0,598911.0,1920.0,1132869.0,3631.0,129020.0,414.0,169051.0,542.0,3195008.0,10240.0,4214041.0,13507.0,2268910.0,7272.0,2925700.0,9377.0,85159.0,273.0,86256.0,276.0,51845.0,166.0,66094.0,212.0,44431.0,142.0,44431.0,142.0,337774.0,1083.0,337774.0,1083.0,142240.0,456.0,144612.0,464.0,12279.0,39.0,156966.0,503.0,107829.0,346.0,111140.0,356.0,0.0,0.0,0.0,0.0,0.0,0.0,190505.0,611.0,0.0,0.0,1371.0,4.0,144541.0,463.0,146788.0,470.0,0.0,0.0,0.0,0.0,0.0,0.0,0.0,0.0,1736788.0,5567.0,2042857.0,6548.0,322.0,1.0,322.0,1.0,0.0,0.0,0.0,0.0,649736.0,2082.0,667126.0,2138.0,291409.0,934.0,652753.0,2092.0,4912.0,16.0,13604.0,44.0,367300.0,1177.0,367300.0,1177.0,0.0,0.0,0.0,0.0,0.0,0.0,0.0,0.0,0.0,0.0,0.0,0.0,144541.0,463.0,470079.0,1507.0
2022-23,101912214,Park Place El,734,5373754.0,7321.0,6785099.0,9244.0,4569301.0,6225.0,5562975.0,7579.0,562587.0,766.0,980258.0,1336.0,241866.0,330.0,241866.0,330.0,5131888.0,6992.0,6543233.0,8914.0,3865047.0,5266.0,4784938.0,6519.0,87042.0,119.0,88151.0,120.0,107226.0,146.0,107226.0,146.0,67567.0,92.0,67567.0,92.0,472154.0,643.0,558203.0,760.0,183544.0,250.0,187022.0,255.0,17647.0,24.0,37761.0,51.0,97698.0,133.0,98948.0,135.0,0.0,0.0,0.0,0.0,0.0,0.0,374534.0,510.0,0.0,0.0,1363.0,2.0,192031.0,262.0,195545.0,266.0,0.0,0.0,0.0,0.0,39396.0,54.0,39396.0,54.0,3457652.0,4711.0,3876069.0,5281.0,0.0,0.0,0.0,0.0,0.0,0.0,0.0,0.0,370569.0,505.0,385362.0,525.0,413070.0,563.0,803447.0,1095.0,236637.0,322.0,280654.0,382.0,422533.0,576.0,422533.0,576.0,0.0,0.0,0.0,0.0,0.0,0.0,0.0,0.0,0.0,0.0,0.0,0.0,231427.0,315.0,702724.0,957.0
2022-23,101912215,Parker El,851,6219630.0,7309.0,7634110.0,8971.0,5718625.0,6720.0,6807387.0,7999.0,487961.0,573.0,813679.0,956.0,13044.0,15.0,13044.0,15.0,6206586.0,7293.0,7621066.0,8955.0,4737168.0,5567.0,5640660.0,6628.0,40035.0,47.0,41054.0,48.0,200746.0,236.0,200746.0,236.0,105897.0,124.0,105897.0,124.0,609842.0,717.0,609842.0,717.0,203980.0,240.0,208129.0,245.0,70423.0,83.0,125514.0,147.0,99358.0,117.0,102901.0,121.0,0.0,0.0,0.0,0.0,0.0,0.0,209804.0,247.0,0.0,0.0,229961.0,270.0,138644.0,163.0,140961.0,166.0,0.0,0.0,0.0,0.0,493.0,1.0,493.0,1.0,4625567.0,5435.0,5242117.0,6160.0,198882.0,234.0,207200.0,243.0,0.0,0.0,0.0,0.0,682431.0,802.0,699614.0,822.0,379457.0,446.0,614577.0,722.0,137983.0,162.0,158535.0,186.0,43129.0,51.0,43129.0,51.0,0.0,0.0,0.0,0.0,0.0,0.0,0.0,0.0,0.0,0.0,0.0,0.0,139137.0,163.0,613104.0,720.0
2022-23,101912216,Patterson El,919,6398660.0,6963.0,7847950.0,8540.0,5303521.0,5771.0,6183922.0,6729.0,1055798.0,1149.0,1623767.0,1767.0,39341.0,43.0,40261.0,44.0,6359319.0,6920.0,7807689.0,8496.0,4853479.0,5281.0,5850733.0,6366.0,81231.0,88.0,81231.0,88.0,188647.0,205.0,202041.0,220.0,83940.0,91.0,83940.0,91.0,418352.0,455.0,418352.0,455.0,158415.0,172.0,162289.0,177.0,62599.0,68.0,98110.0,107.0,102241.0,111.0,105765.0,115.0,0.0,0.0,0.0,0.0,0.0,0.0,337035.0,367.0,750.0,1.0,54921.0,60.0,362275.0,394.0,363909.0,396.0,0.0,0.0,0.0,0.0,47390.0,52.0,47390.0,52.0,4325414.0,4707.0,4806733.0,5230.0,2541.0,3.0,2541.0,3.0,0.0,0.0,0.0,0.0,581346.0,633.0,599717.0,653.0,481055.0,523.0,924438.0,1006.0,287750.0,313.0,350569.0,381.0,270798.0,295.0,270798.0,295.0,0.0,0.0,0.0,0.0,0.0,0.0,0.0,0.0,0.0,0.0,0.0,0.0,410415.0,447.0,811341.0,883.0
2022-23,101912217,Peck El,388,3293239.0,8488.0,4266293.0,10996.0,2864785.0,7383.0,3462636.0,8924.0,395609.0,1020.0,722376.0,1862.0,32845.0,85.0,81281.0,209.0,3260394.0,8403.0,4185012.0,10786.0,2325712.0,5994.0,2954332.0,7614.0,37822.0,97.0,38928.0,100.0,36323.0,94.0,37507.0,97.0,52816.0,136.0,52816.0,136.0,397882.0,1025.0,397882.0,1025.0,161276.0,416.0,163652.0,422.0,7174.0,18.0,26912.0,69.0,93612.0,241.0,97134.0,250.0,0.0,0.0,0.0,0.0,0.0,0.0,211819.0,546.0,0.0,0.0,53840.0,139.0,147777.0,381.0,149275.0,385.0,0.0,0.0,0.0,0.0,0.0,0.0,0.0,0.0,1926838.0,4966.0,2247774.0,5793.0,873.0,2.0,873.0,2.0,0.0,0.0,0.0,0.0,885269.0,2282.0,914225.0,2356.0,108274.0,279.0,369615.0,953.0,48774.0,126.0,56466.0,146.0,142589.0,367.0,142589.0,367.0,0.0,0.0,0.0,0.0,0.0,0.0,0.0,0.0,0.0,0.0,0.0,0.0,147777.0,381.0,424324.0,1094.0
2022-23,101912064,Pershing Middle,1390,9791528.0,7044.0,11587193.0,8336.0,8593080.0,6182.0,9693093.0,6973.0,1182617.0,851.0,1875881.0,1350.0,15831.0,11.0,18219.0,13.0,9775697.0,7033.0,11568974.0,8323.0,6968774.0,5014.0,8377945.0,6027.0,89387.0,64.0,89387.0,64.0,61450.0,44.0,62962.0,45.0,138766.0,100.0,138766.0,100.0,1203310.0,866.0,1206082.0,868.0,384490.0,277.0,390203.0,281.0,25221.0,18.0,48094.0,35.0,116064.0,83.0,119593.0,86.0,0.0,0.0,0.0,0.0,0.0,0.0,215667.0,155.0,148080.0,107.0,272703.0,196.0,625640.0,450.0,631442.0,454.0,14515.0,10.0,16130.0,12.0,0.0,0.0,0.0,0.0,7029033.0,5057.0,7668952.0,5517.0,33757.0,24.0,34872.0,25.0,210439.0,151.0,212812.0,153.0,1324311.0,953.0,1386478.0,997.0,361308.0,260.0,1073879.0,773.0,28614.0,21.0,45874.0,33.0,0.0,0.0,0.0,0.0,0.0,0.0,0.0,0.0,0.0,0.0,0.0,0.0,127840.0,92.0,127840.0,92.0,660395.0,475.0,1018267.0,733.0
2022-23,101912265,Petersen El,375,3188613.0,8503.0,4107519.0,10953.0,2721477.0,7257.0,3236540.0,8631.0,345888.0,922.0,739016.0,1971.0,121248.0,323.0,131963.0,352.0,3067365.0,8180.0,3975556.0,10601.0,2247182.0,5992.0,2866701.0,7645.0,3897.0,10.0,3897.0,10.0,52371.0,140.0,87932.0,234.0,46398.0,124.0,46398.0,124.0,310672.0,828.0,310672.0,828.0,149733.0,399.0,152103.0,406.0,28147.0,75.0,51777.0,138.0,99985.0,267.0,103515.0,276.0,0.0,0.0,0.0,0.0,0.0,0.0,210780.0,562.0,0.0,0.0,8786.0,23.0,128980.0,344.0,132995.0,355.0,0.0,0.0,0.0,0.0,0.0,0.0,0.0,0.0,1764403.0,4705.0,2148668.0,5730.0,1113.0,3.0,1113.0,3.0,0.0,0.0,0.0,0.0,452859.0,1208.0,470257.0,1254.0,494888.0,1320.0,728061.0,1941.0,142713.0,381.0,160010.0,427.0,82409.0,220.0,82409.0,220.0,0.0,0.0,0.0,0.0,0.0,0.0,0.0,0.0,0.0,0.0,0.0,0.0,128980.0,344.0,358768.0,957.0
2022-23,101912218,Pilgrim Academy,1226,8089360.0,6598.0,10479693.0,8548.0,7077029.0,5772.0,8810969.0,7187.0,984733.0,803.0,1638346.0,1336.0,27598.0,23.0,30378.0,25.0,8061762.0,6576.0,10449315.0,8523.0,5907721.0,4819.0,7605952.0,6204.0,92408.0,75.0,93510.0,76.0,202755.0,165.0,244755.0,200.0,97904.0,80.0,97904.0,80.0,874702.0,713.0,922673.0,753.0,252698.0,206.0,254728.0,208.0,12979.0,11.0,76652.0,63.0,136559.0,111.0,139638.0,114.0,0.0,0.0,0.0,0.0,0.0,0.0,514435.0,420.0,48526.0,40.0,57644.0,47.0,280095.0,228.0,283409.0,231.0,70168.0,57.0,70168.0,57.0,85247.0,70.0,85247.0,70.0,5305370.0,4327.0,6067173.0,4949.0,1653.0,1.0,1653.0,1.0,0.0,0.0,0.0,0.0,675457.0,551.0,705562.0,575.0,408379.0,333.0,1250441.0,1020.0,548996.0,448.0,626995.0,511.0,637871.0,520.0,637871.0,520.0,0.0,0.0,0.0,0.0,0.0,0.0,0.0,0.0,47326.0,39.0,47326.0,39.0,436710.0,356.0,1061794.0,866.0
2022-23,101912337,Pin Oak Middle,1194,8895359.0,7450.0,10044610.0,8413.0,7386289.0,6186.0,8107613.0,6790.0,1222684.0,1024.0,1640462.0,1374.0,286386.0,240.0,296535.0,248.0,8608973.0,7210.0,9748075.0,8164.0,5571209.0,4666.0,6159232.0,5158.0,90704.0,76.0,91807.0,77.0,170196.0,143.0,172409.0,144.0,118769.0,99.0,118769.0,99.0,1220831.0,1022.0,1220831.0,1022.0,303426.0,254.0,305858.0,256.0,8635.0,7.0,60984.0,51.0,121967.0,102.0,125479.0,105.0,0.0,0.0,0.0,0.0,0.0,0.0,228880.0,192.0,172345.0,144.0,389556.0,326.0,823014.0,689.0,830348.0,695.0,4044.0,3.0,40089.0,34.0,3833.0,3.0,3833.0,3.0,5554695.0,4652.0,6027476.0,5048.0,203134.0,170.0,203134.0,170.0,0.0,0.0,2388.0,2.0,1240500.0,1039.0,1289593.0,1080.0,458659.0,384.0,574769.0,481.0,50870.0,43.0,50870.0,43.0,0.0,0.0,0.0,0.0,0.0,0.0,0.0,0.0,98171.0,82.0,98238.0,82.0,137700.0,115.0,139351.0,117.0,865244.0,725.0,1361164.0,1140.0
2022-23,101912219,Piney Point El,1195,8327644.0,6969.0,10382097.0,8688.0,6949762.0,5816.0,8154200.0,6824.0,1143795.0,957.0,1996489.0,1671.0,234087.0,196.0,231408.0,194.0,8093557.0,6773.0,10150689.0,8494.0,5922422.0,4956.0,7452891.0,6237.0,64641.0,54.0,67727.0,57.0,184312.0,154.0,225581.0,189.0,119348.0,100.0,119348.0,100.0,786867.0,658.0,786867.0,658.0,232416.0,194.0,235948.0,197.0,39983.0,33.0,92508.0,77.0,109149.0,91.0,112674.0,94.0,0.0,0.0,0.0,0.0,0.0,0.0,407560.0,341.0,1909.0,2.0,4578.0,4.0,534381.0,447.0,537404.0,450.0,28491.0,24.0,28491.0,24.0,69638.0,58.0,69638.0,58.0,5284072.0,4422.0,6104189.0,5108.0,2059.0,2.0,2059.0,2.0,0.0,0.0,0.0,0.0,645013.0,540.0,708501.0,593.0,658369.0,551.0,1274498.0,1067.0,491743.0,412.0,567957.0,475.0,377882.0,316.0,377882.0,316.0,0.0,0.0,0.0,0.0,0.0,0.0,0.0,0.0,0.0,0.0,0.0,0.0,634419.0,531.0,1058402.0,886.0
2022-23,101912220,PleasantvilleEl,233,2502337.0,10740.0,3222982.0,13833.0,2090791.0,8973.0,2607639.0,11192.0,356497.0,1530.0,560294.0,2405.0,55049.0,236.0,55049.0,236.0,2447288.0,10503.0,3167933.0,13596.0,1708381.0,7332.0,2239805.0,9613.0,80048.0,344.0,80048.0,344.0,40584.0,174.0,40584.0,174.0,32910.0,141.0,32910.0,141.0,277077.0,1189.0,277077.0,1189.0,128513.0,552.0,131973.0,566.0,6456.0,28.0,19604.0,84.0,86572.0,372.0,90098.0,387.0,0.0,0.0,0.0,0.0,0.0,0.0,163722.0,703.0,0.0,0.0,1712.0,7.0,86747.0,372.0,88377.0,379.0,0.0,0.0,0.0,0.0,0.0,0.0,0.0,0.0,1551351.0,6658.0,1793762.0,7699.0,697.0,3.0,697.0,3.0,0.0,0.0,0.0,0.0,425412.0,1826.0,438086.0,1880.0,81504.0,350.0,358614.0,1539.0,8645.0,37.0,8645.0,37.0,292932.0,1257.0,292932.0,1257.0,0.0,0.0,0.0,0.0,0.0,0.0,0.0,0.0,0.0,0.0,0.0,0.0,86747.0,372.0,260797.0,1119.0
2022-23,101912221,Poe El,784,5309867.0,6773.0,6127079.0,7815.0,4668017.0,5954.0,5294758.0,6754.0,448146.0,572.0,638617.0,815.0,193704.0,247.0,193704.0,247.0,5116163.0,6526.0,5933375.0,7568.0,3734473.0,4763.0,4361008.0,5563.0,82550.0,105.0,83659.0,107.0,147323.0,188.0,147323.0,188.0,70003.0,89.0,70003.0,89.0,530660.0,677.0,530660.0,677.0,199888.0,255.0,203349.0,259.0,6968.0,9.0,6968.0,9.0,86162.0,110.0,89518.0,114.0,0.0,0.0,0.0,0.0,0.0,0.0,176662.0,225.0,309.0,0.0,3612.0,5.0,184573.0,235.0,187359.0,239.0,0.0,0.0,0.0,0.0,73254.0,93.0,73254.0,93.0,4165004.0,5313.0,4709451.0,6007.0,11648.0,15.0,11648.0,15.0,0.0,0.0,0.0,0.0,359824.0,459.0,371215.0,473.0,133680.0,171.0,157841.0,201.0,146470.0,187.0,163910.0,209.0,41401.0,53.0,41401.0,53.0,0.0,0.0,0.0,0.0,0.0,0.0,0.0,0.0,0.0,0.0,0.0,0.0,258136.0,329.0,448813.0,572.0
2022-23,101912222,Port Houston El,277,2691652.0,9717.0,3473799.0,12541.0,2423854.0,8750.0,2948118.0,10643.0,261704.0,945.0,512630.0,1851.0,6094.0,22.0,13051.0,47.0,2685558.0,9695.0,3460748.0,12494.0,1921585.0,6937.0,2470674.0,8919.0,85831.0,310.0,86937.0,314.0,33530.0,121.0,33530.0,121.0,45212.0,163.0,45212.0,163.0,306060.0,1105.0,306060.0,1105.0,60922.0,220.0,60922.0,220.0,76560.0,276.0,93302.0,337.0,98521.0,356.0,102039.0,368.0,0.0,0.0,0.0,0.0,0.0,0.0,175888.0,635.0,0.0,0.0,5734.0,21.0,57337.0,207.0,58980.0,213.0,0.0,0.0,0.0,0.0,0.0,0.0,0.0,0.0,1708503.0,6168.0,2004207.0,7235.0,0.0,0.0,0.0,0.0,0.0,0.0,0.0,0.0,698945.0,2523.0,727128.0,2625.0,1942.0,7.0,207940.0,751.0,51029.0,184.0,62725.0,226.0,167802.0,606.0,167802.0,606.0,0.0,0.0,0.0,0.0,0.0,0.0,0.0,0.0,0.0,0.0,0.0,0.0,57337.0,207.0,269075.0,971.0
2022-23,101912071,Project Chrysalis Middle,270,1537159.0,5693.0,1838659.0,6810.0,1479891.0,5481.0,1715200.0,6353.0,49327.0,183.0,115518.0,428.0,7941.0,29.0,7941.0,29.0,1529218.0,5664.0,1830718.0,6780.0,1175840.0,4355.0,1444474.0,5350.0,2148.0,8.0,2148.0,8.0,10112.0,37.0,10112.0,37.0,17924.0,66.0,17924.0,66.0,167757.0,621.0,167757.0,621.0,106636.0,395.0,110534.0,409.0,16440.0,61.0,16440.0,61.0,22901.0,85.0,22901.0,85.0,0.0,0.0,0.0,0.0,0.0,0.0,0.0,0.0,0.0,0.0,26218.0,97.0,8295.0,31.0,10267.0,38.0,0.0,0.0,0.0,0.0,1165.0,4.0,1165.0,4.0,1178421.0,4365.0,1275369.0,4724.0,6742.0,25.0,6742.0,25.0,0.0,0.0,0.0,0.0,0.0,0.0,0.0,0.0,323053.0,1196.0,505206.0,1871.0,11542.0,43.0,11542.0,43.0,0.0,0.0,0.0,0.0,0.0,0.0,0.0,0.0,0.0,0.0,0.0,0.0,0.0,0.0,0.0,0.0,9460.0,35.0,31859.0,118.0
2022-23,101912223,Pugh El,346,3431957.0,9919.0,4496784.0,12996.0,2716732.0,7852.0,3295435.0,9524.0,606162.0,1752.0,999299.0,2888.0,109063.0,315.0,202050.0,584.0,3322894.0,9604.0,4294734.0,12413.0,2327303.0,6726.0,3061247.0,8848.0,81647.0,236.0,82761.0,239.0,89334.0,258.0,89334.0,258.0,37716.0,109.0,37716.0,109.0,422576.0,1221.0,422576.0,1221.0,139763.0,404.0,142142.0,411.0,6544.0,19.0,31288.0,90.0,89571.0,259.0,93096.0,269.0,0.0,0.0,0.0,0.0,0.0,0.0,170617.0,493.0,0.0,0.0,32329.0,93.0,67610.0,195.0,69098.0,200.0,0.0,0.0,0.0,0.0,60830.0,176.0,60830.0,176.0,1649207.0,4766.0,1945434.0,5623.0,269.0,1.0,269.0,1.0,0.0,0.0,0.0,0.0,478351.0,1383.0,489966.0,1416.0,123008.0,356.0,512651.0,1482.0,16040.0,46.0,44939.0,130.0,927579.0,2681.0,927579.0,2681.0,0.0,0.0,0.0,0.0,0.0,0.0,0.0,0.0,0.0,0.0,0.0,0.0,128440.0,371.0,338844.0,979.0
2022-23,101912396,Ray Daily El,822,5068233.0,6166.0,6105345.0,7427.0,4421616.0,5379.0,5061062.0,6157.0,625671.0,761.0,1011426.0,1230.0,20946.0,25.0,32857.0,40.0,5047287.0,6140.0,6072488.0,7387.0,3730487.0,4538.0,4474331.0,5443.0,100919.0,123.0,100919.0,123.0,82573.0,100.0,82573.0,100.0,68020.0,83.0,68020.0,83.0,541695.0,659.0,541695.0,659.0,190346.0,232.0,193813.0,236.0,12426.0,15.0,41108.0,50.0,117741.0,143.0,121247.0,148.0,0.0,0.0,0.0,0.0,0.0,0.0,236337.0,288.0,750.0,1.0,6714.0,8.0,162647.0,198.0,165811.0,202.0,0.0,0.0,0.0,0.0,39683.0,48.0,39683.0,48.0,3590978.0,4369.0,4033928.0,4907.0,1390.0,2.0,1390.0,2.0,0.0,0.0,0.0,0.0,521505.0,634.0,533111.0,649.0,221313.0,269.0,500369.0,609.0,165650.0,202.0,178300.0,217.0,343371.0,418.0,343371.0,418.0,0.0,0.0,0.0,0.0,0.0,0.0,0.0,0.0,0.0,0.0,0.0,0.0,203080.0,247.0,457392.0,556.0
2022-23,101912382,Reagan K-8 Educational Ctr,876,5774200.0,6592.0,7547641.0,8616.0,4735946.0,5406.0,5794148.0,6614.0,948398.0,1083.0,1557489.0,1778.0,89856.0,103.0,196004.0,224.0,5684344.0,6489.0,7351637.0,8392.0,4118836.0,4702.0,5163073.0,5894.0,73944.0,84.0,79205.0,90.0,44763.0,51.0,86763.0,99.0,65732.0,75.0,65732.0,75.0,571076.0,652.0,571076.0,652.0,180541.0,206.0,221514.0,253.0,7035.0,8.0,19865.0,23.0,118166.0,135.0,121698.0,139.0,0.0,0.0,0.0,0.0,0.0,0.0,490335.0,560.0,71142.0,81.0,83504.0,95.0,427781.0,488.0,427781.0,488.0,5328.0,6.0,20731.0,24.0,0.0,0.0,0.0,0.0,4327430.0,4940.0,4753477.0,5426.0,1752.0,2.0,1752.0,2.0,0.0,0.0,0.0,0.0,522789.0,597.0,630670.0,720.0,134814.0,154.0,681336.0,778.0,150194.0,171.0,158504.0,181.0,43114.0,49.0,43114.0,49.0,0.0,0.0,0.0,0.0,0.0,0.0,0.0,0.0,71142.0,81.0,71142.0,81.0,433109.0,494.0,1011642.0,1155.0
2022-23,101912224,Red El,604,4748776.0,7862.0,5701797.0,9440.0,4202655.0,6958.0,4821145.0,7982.0,509971.0,844.0,816255.0,1351.0,36150.0,60.0,64397.0,107.0,4712626.0,7802.0,5637400.0,9333.0,3607272.0,5972.0,4265551.0,7062.0,83744.0,139.0,84858.0,140.0,179284.0,297.0,180384.0,299.0,80793.0,134.0,80793.0,134.0,313993.0,520.0,314199.0,520.0,144133.0,239.0,146374.0,242.0,57929.0,96.0,71877.0,119.0,104024.0,172.0,107382.0,178.0,0.0,0.0,0.0,0.0,0.0,0.0,208590.0,345.0,1800.0,3.0,30342.0,50.0,139363.0,231.0,141260.0,234.0,0.0,0.0,0.0,0.0,291.0,0.0,291.0,0.0,2770744.0,4587.0,3134501.0,5190.0,5032.0,8.0,5032.0,8.0,0.0,0.0,0.0,0.0,1081655.0,1791.0,1122287.0,1858.0,295878.0,490.0,513815.0,851.0,159315.0,264.0,182572.0,302.0,258548.0,428.0,258548.0,428.0,0.0,0.0,0.0,0.0,0.0,0.0,0.0,0.0,0.0,0.0,600.0,1.0,141454.0,234.0,387902.0,642.0
2022-23,101912060,Revere Middle,1112,7703140.0,6927.0,9638540.0,8668.0,6455364.0,5805.0,7739442.0,6960.0,1151920.0,1036.0,1787908.0,1608.0,95856.0,86.0,111190.0,100.0,7607284.0,6841.0,9527350.0,8568.0,5084851.0,4573.0,6508496.0,5853.0,89782.0,81.0,89782.0,81.0,134787.0,121.0,241514.0,217.0,99010.0,89.0,99010.0,89.0,1140939.0,1026.0,1140939.0,1026.0,347464.0,312.0,353273.0,318.0,29660.0,27.0,63136.0,57.0,109244.0,98.0,112765.0,101.0,0.0,0.0,0.0,0.0,0.0,0.0,324276.0,292.0,111255.0,100.0,127177.0,114.0,445061.0,400.0,451751.0,406.0,15231.0,14.0,15231.0,14.0,0.0,0.0,0.0,0.0,4855404.0,4366.0,5293023.0,4760.0,55758.0,50.0,55758.0,50.0,79905.0,72.0,82279.0,74.0,1294640.0,1164.0,1357606.0,1221.0,643089.0,578.0,1661014.0,1494.0,106941.0,96.0,106941.0,96.0,0.0,0.0,0.0,0.0,0.0,0.0,0.0,0.0,0.0,0.0,0.0,0.0,105005.0,94.0,105005.0,94.0,466542.0,420.0,865724.0,779.0
2022-23,101912225,Reynolds El,334,2876917.0,8614.0,3656775.0,10948.0,2325627.0,6963.0,2824452.0,8456.0,506028.0,1515.0,786990.0,2356.0,45262.0,136.0,45333.0,136.0,2831655.0,8478.0,3611442.0,10813.0,1906158.0,5707.0,2457695.0,7358.0,77390.0,232.0,77390.0,232.0,17481.0,52.0,17481.0,52.0,39741.0,119.0,39741.0,119.0,380969.0,1141.0,380969.0,1141.0,148865.0,446.0,153541.0,460.0,1453.0,4.0,5775.0,17.0,101231.0,303.0,104591.0,313.0,0.0,0.0,0.0,0.0,0.0,0.0,210656.0,631.0,0.0,0.0,230.0,1.0,157430.0,471.0,160775.0,481.0,256.0,1.0,256.0,1.0,681.0,2.0,681.0,2.0,1798320.0,5384.0,2167614.0,6490.0,241.0,1.0,241.0,1.0,0.0,0.0,0.0,0.0,729326.0,2184.0,746628.0,2235.0,95549.0,286.0,212343.0,636.0,1285.0,4.0,1285.0,4.0,48567.0,145.0,48567.0,145.0,0.0,0.0,0.0,0.0,0.0,0.0,0.0,0.0,0.0,0.0,0.0,0.0,158367.0,474.0,382646.0,1146.0
2022-23,101912080,Rice Sch /La Escuela Rice,1076,7682029.0,7139.0,9241948.0,8589.0,6812811.0,6332.0,8015277.0,7449.0,690671.0,642.0,1048124.0,974.0,178547.0,166.0,178547.0,166.0,7503482.0,6973.0,9063401.0,8423.0,5789095.0,5380.0,6767488.0,6289.0,95023.0,88.0,96118.0,89.0,159391.0,148.0,160411.0,149.0,106667.0,99.0,106667.0,99.0,671780.0,624.0,679968.0,632.0,159790.0,149.0,257373.0,239.0,3010.0,3.0,42002.0,39.0,102490.0,95.0,110233.0,102.0,0.0,0.0,0.0,0.0,0.0,0.0,244765.0,227.0,96220.0,89.0,270182.0,251.0,311290.0,289.0,317750.0,295.0,8256.0,8.0,8911.0,8.0,470.0,0.0,470.0,0.0,5789342.0,5380.0,6494237.0,6036.0,10914.0,10.0,11934.0,11.0,0.0,0.0,0.0,0.0,1006146.0,935.0,1046393.0,972.0,170200.0,158.0,500237.0,465.0,110644.0,103.0,127864.0,119.0,0.0,0.0,0.0,0.0,0.0,0.0,0.0,0.0,0.0,0.0,0.0,0.0,86981.0,81.0,86981.0,81.0,329255.0,306.0,795755.0,740.0
2022-23,101912228,River Oaks El,695,4518389.0,6501.0,5723935.0,8236.0,3772923.0,5429.0,4539778.0,6532.0,604655.0,870.0,909111.0,1308.0,140811.0,203.0,275046.0,396.0,4377578.0,6299.0,5448889.0,7840.0,3209844.0,4618.0,3734076.0,5373.0,74801.0,108.0,75820.0,109.0,143085.0,206.0,143085.0,206.0,72674.0,105.0,72674.0,105.0,374870.0,539.0,376869.0,542.0,189526.0,273.0,194117.0,279.0,1700.0,2.0,22058.0,32.0,109489.0,158.0,113013.0,163.0,0.0,0.0,0.0,0.0,0.0,0.0,139686.0,201.0,1853.0,3.0,374987.0,540.0,199736.0,287.0,202504.0,291.0,0.0,0.0,0.0,0.0,0.0,0.0,0.0,0.0,3127794.0,4500.0,3587804.0,5162.0,263982.0,380.0,287380.0,413.0,0.0,0.0,0.0,0.0,526196.0,757.0,554462.0,798.0,131169.0,189.0,164086.0,236.0,126848.0,183.0,126848.0,183.0,0.0,0.0,0.0,0.0,0.0,0.0,1109.0,2.0,0.0,0.0,0.0,0.0,0.0,0.0,0.0,0.0,201589.0,290.0,727200.0,1046.0
2022-23,101912229,Roberts El,724,4289994.0,5925.0,5372826.0,7421.0,3814129.0,5268.0,4550120.0,6285.0,426162.0,589.0,734584.0,1015.0,49703.0,69.0,88122.0,122.0,4240291.0,5857.0,5284704.0,7299.0,3230692.0,4462.0,3741661.0,5168.0,83963.0,116.0,84983.0,117.0,53100.0,73.0,53100.0,73.0,52924.0,73.0,52924.0,73.0,360895.0,498.0,360895.0,498.0,178253.0,246.0,180639.0,250.0,1334.0,2.0,19037.0,26.0,110292.0,152.0,113805.0,157.0,0.0,0.0,0.0,0.0,0.0,0.0,112677.0,156.0,19883.0,27.0,413247.0,571.0,135751.0,188.0,138532.0,191.0,8820.0,12.0,8820.0,12.0,4384.0,6.0,4384.0,6.0,3423171.0,4728.0,3912331.0,5404.0,23851.0,33.0,23851.0,33.0,0.0,0.0,0.0,0.0,351230.0,485.0,362825.0,501.0,258027.0,356.0,285944.0,395.0,15174.0,21.0,15174.0,21.0,0.0,0.0,0.0,0.0,0.0,0.0,0.0,0.0,0.0,0.0,0.0,0.0,0.0,0.0,0.0,0.0,168838.0,233.0,684579.0,946.0
2022-23,101912186,Robinson El,496,3918122.0,7899.0,5299418.0,10684.0,3339618.0,6733.0,4349784.0,8770.0,567504.0,1144.0,928994.0,1873.0,11000.0,22.0,20640.0,42.0,3907122.0,7877.0,5278778.0,10643.0,2784747.0,5614.0,3784759.0,7631.0,80811.0,163.0,80811.0,163.0,34138.0,69.0,55787.0,112.0,57911.0,117.0,57911.0,117.0,422893.0,853.0,422893.0,853.0,122366.0,247.0,125824.0,254.0,17875.0,36.0,35836.0,72.0,98767.0,199.0,102305.0,206.0,0.0,0.0,0.0,0.0,0.0,0.0,279129.0,563.0,0.0,0.0,2958.0,6.0,287614.0,580.0,295233.0,595.0,0.0,0.0,30411.0,61.0,0.0,0.0,0.0,0.0,2426417.0,4892.0,3018834.0,6086.0,0.0,0.0,0.0,0.0,0.0,0.0,0.0,0.0,633536.0,1277.0,650174.0,1311.0,397717.0,802.0,781603.0,1576.0,114837.0,232.0,150931.0,304.0,47001.0,95.0,47001.0,95.0,0.0,0.0,0.0,0.0,0.0,0.0,0.0,0.0,0.0,0.0,0.0,0.0,287614.0,580.0,614727.0,1239.0
2022-23,101912113,Roderick R Paige El,368,2991614.0,8129.0,3933186.0,10688.0,2518616.0,6844.0,2919389.0,7933.0,452922.0,1231.0,954462.0,2594.0,20076.0,55.0,59335.0,161.0,2971538.0,8075.0,3873851.0,10527.0,1968166.0,5348.0,2592269.0,7044.0,74603.0,203.0,74603.0,203.0,82886.0,225.0,82886.0,225.0,40540.0,110.0,40540.0,110.0,401390.0,1091.0,425224.0,1156.0,146953.0,399.0,150402.0,409.0,12090.0,33.0,61408.0,167.0,103116.0,280.0,106160.0,288.0,0.0,0.0,0.0,0.0,0.0,0.0,194927.0,530.0,0.0,0.0,900.0,2.0,141794.0,385.0,144532.0,393.0,0.0,0.0,0.0,0.0,0.0,0.0,0.0,0.0,1709786.0,4646.0,2019713.0,5488.0,0.0,0.0,0.0,0.0,0.0,0.0,0.0,0.0,589548.0,1602.0,601179.0,1634.0,235150.0,639.0,507352.0,1379.0,15252.0,41.0,44583.0,121.0,280008.0,761.0,280008.0,761.0,0.0,0.0,0.0,0.0,0.0,0.0,0.0,0.0,0.0,0.0,0.0,0.0,141794.0,385.0,393254.0,1069.0
2022-23,101912372,Rodriguez El,898,6261631.0,6973.0,9025354.0,10051.0,5361095.0,5970.0,6789430.0,7561.0,741589.0,826.0,1948106.0,2169.0,158947.0,177.0,287818.0,321.0,6102684.0,6796.0,8737536.0,9730.0,4470824.0,4979.0,6238970.0,6948.0,80085.0,89.0,80085.0,89.0,247359.0,275.0,247359.0,275.0,92065.0,103.0,92065.0,103.0,725121.0,807.0,785235.0,874.0,129884.0,145.0,226022.0,252.0,23778.0,26.0,160206.0,178.0,74959.0,83.0,76440.0,85.0,0.0,0.0,0.0,0.0,0.0,0.0,538710.0,600.0,0.0,0.0,22645.0,25.0,222970.0,248.0,227124.0,253.0,4654.0,5.0,4654.0,5.0,30985.0,35.0,30985.0,35.0,4173830.0,4648.0,5260051.0,5858.0,405.0,0.0,405.0,0.0,0.0,0.0,0.0,0.0,715260.0,797.0,744266.0,829.0,366111.0,408.0,1113244.0,1240.0,391706.0,436.0,453843.0,505.0,175193.0,195.0,175193.0,195.0,21570.0,24.0,21570.0,24.0,0.0,0.0,0.0,0.0,0.0,0.0,0.0,0.0,258609.0,288.0,966004.0,1076.0
2022-23,101912231,RooseveltEl,421,3327300.0,7903.0,4204775.0,9988.0,2922357.0,6941.0,3529314.0,8383.0,295023.0,701.0,556487.0,1322.0,109920.0,261.0,118974.0,283.0,3217380.0,7642.0,4085801.0,9705.0,2269485.0,5391.0,2812549.0,6681.0,95433.0,227.0,95433.0,227.0,24882.0,59.0,24882.0,59.0,48406.0,115.0,48406.0,115.0,382457.0,908.0,382457.0,908.0,163068.0,387.0,166538.0,396.0,6850.0,16.0,9324.0,22.0,77890.0,185.0,80291.0,191.0,0.0,0.0,0.0,0.0,0.0,0.0,199586.0,474.0,0.0,0.0,69597.0,165.0,114270.0,271.0,117258.0,279.0,0.0,0.0,0.0,0.0,34472.0,82.0,34472.0,82.0,2371677.0,5633.0,2633893.0,6256.0,4309.0,10.0,4309.0,10.0,0.0,0.0,0.0,0.0,507663.0,1206.0,525015.0,1247.0,124653.0,296.0,334277.0,794.0,56564.0,134.0,134855.0,320.0,3605.0,9.0,3605.0,9.0,0.0,0.0,0.0,0.0,0.0,0.0,0.0,0.0,0.0,0.0,0.0,0.0,148909.0,354.0,426951.0,1014.0
2022-23,101912232,RossEl,270,2703412.0,10013.0,3261439.0,12079.0,2300070.0,8519.0,2585955.0,9578.0,376992.0,1396.0,640338.0,2372.0,26350.0,98.0,35146.0,130.0,2677062.0,9915.0,3226293.0,11949.0,1793369.0,6642.0,2181818.0,8081.0,38048.0,141.0,39154.0,145.0,199711.0,740.0,219711.0,814.0,33643.0,125.0,33643.0,125.0,293518.0,1087.0,293518.0,1087.0,131196.0,486.0,134653.0,499.0,6354.0,24.0,15608.0,58.0,58042.0,215.0,61399.0,227.0,0.0,0.0,0.0,0.0,0.0,0.0,118939.0,441.0,0.0,0.0,3306.0,12.0,123181.0,456.0,124544.0,461.0,0.0,0.0,0.0,0.0,0.0,0.0,0.0,0.0,1897348.0,7027.0,2124418.0,7868.0,0.0,0.0,0.0,0.0,0.0,0.0,0.0,0.0,396193.0,1467.0,427259.0,1582.0,114942.0,426.0,212328.0,786.0,2159.0,8.0,8035.0,30.0,143239.0,531.0,143239.0,531.0,0.0,0.0,0.0,0.0,0.0,0.0,0.0,0.0,0.0,0.0,0.0,0.0,123181.0,456.0,254232.0,942.0
2022-23,101912233,Rucker El,391,3975444.0,10167.0,5244099.0,13412.0,3170706.0,8109.0,3959756.0,10127.0,612672.0,1567.0,1081298.0,2765.0,192066.0,491.0,203045.0,519.0,3783378.0,9676.0,5041054.0,12893.0,2669871.0,6828.0,3397767.0,8690.0,100039.0,256.0,106133.0,271.0,51659.0,132.0,154619.0,395.0,58845.0,150.0,58845.0,150.0,401869.0,1028.0,425536.0,1088.0,176220.0,451.0,178590.0,457.0,7282.0,19.0,111644.0,286.0,100286.0,256.0,103809.0,265.0,0.0,0.0,0.0,0.0,0.0,0.0,251258.0,643.0,2203.0,6.0,17315.0,44.0,211771.0,542.0,213153.0,545.0,0.0,0.0,18310.0,47.0,3333.0,9.0,3333.0,9.0,2294492.0,5868.0,2658351.0,6799.0,1447.0,4.0,1447.0,4.0,0.0,0.0,0.0,0.0,766978.0,1962.0,784156.0,2006.0,193329.0,494.0,541020.0,1384.0,79488.0,203.0,188605.0,482.0,230337.0,589.0,230337.0,589.0,0.0,0.0,0.0,0.0,0.0,0.0,0.0,0.0,0.0,0.0,0.0,0.0,217307.0,556.0,637138.0,1630.0
2022-23,101912281,Sanchez El,436,3887656.0,8917.0,5522352.0,12666.0,3363235.0,7714.0,4003778.0,9183.0,306207.0,702.0,630970.0,1447.0,218214.0,500.0,887604.0,2036.0,3669442.0,8416.0,4634748.0,10630.0,2620094.0,6009.0,3303053.0,7576.0,74180.0,170.0,75294.0,173.0,45847.0,105.0,45847.0,105.0,67674.0,155.0,67674.0,155.0,439533.0,1008.0,439533.0,1008.0,178182.0,409.0,181521.0,416.0,7650.0,18.0,12208.0,28.0,92076.0,211.0,95434.0,219.0,0.0,0.0,0.0,0.0,0.0,0.0,257003.0,589.0,3279.0,8.0,13269.0,30.0,100679.0,231.0,103664.0,238.0,161.0,0.0,161.0,0.0,40087.0,92.0,40087.0,92.0,2238157.0,5133.0,2613343.0,5994.0,0.0,0.0,0.0,0.0,0.0,0.0,0.0,0.0,1002679.0,2300.0,1029715.0,2362.0,119308.0,274.0,344101.0,789.0,165092.0,379.0,193915.0,445.0,0.0,0.0,0.0,0.0,0.0,0.0,0.0,0.0,0.0,0.0,0.0,0.0,3279.0,8.0,3279.0,8.0,140927.0,323.0,418217.0,959.0
2022-23,101912237,Scarborough El,656,4388411.0,6690.0,5639724.0,8597.0,3801785.0,5795.0,4785087.0,7294.0,570767.0,870.0,978648.0,1492.0,15859.0,24.0,-124011.0,-189.0,4372552.0,6665.0,5763735.0,8786.0,3326114.0,5070.0,4352465.0,6635.0,84441.0,129.0,84441.0,129.0,75796.0,116.0,75796.0,116.0,58285.0,89.0,58285.0,89.0,543985.0,829.0,543985.0,829.0,89330.0,136.0,91480.0,139.0,17640.0,27.0,24839.0,38.0,90223.0,138.0,92958.0,142.0,0.0,0.0,0.0,0.0,0.0,0.0,351379.0,536.0,0.0,0.0,0.0,0.0,86738.0,132.0,88107.0,134.0,0.0,0.0,0.0,0.0,0.0,0.0,0.0,0.0,2976863.0,4538.0,3520974.0,5367.0,621.0,1.0,621.0,1.0,0.0,0.0,0.0,0.0,439756.0,670.0,454329.0,693.0,374915.0,572.0,698471.0,1065.0,110574.0,169.0,183127.0,279.0,383085.0,584.0,383085.0,584.0,0.0,0.0,0.0,0.0,0.0,0.0,0.0,0.0,0.0,0.0,0.0,0.0,86738.0,132.0,444371.0,677.0
2022-23,101912024,Scarborough H S,750,7478691.0,9972.0,8867327.0,11823.0,5808973.0,7745.0,6606363.0,8808.0,1385348.0,1847.0,1914580.0,2553.0,284370.0,379.0,346384.0,462.0,7194321.0,9592.0,8520943.0,11361.0,4266641.0,5689.0,5046571.0,6729.0,89675.0,120.0,89675.0,120.0,67169.0,90.0,84574.0,113.0,140595.0,187.0,140595.0,187.0,1025051.0,1367.0,1039627.0,1386.0,435420.0,581.0,616524.0,822.0,24888.0,33.0,28587.0,38.0,113309.0,151.0,116833.0,156.0,0.0,0.0,0.0,0.0,0.0,0.0,198915.0,265.0,439340.0,586.0,516225.0,688.0,529966.0,707.0,548644.0,732.0,1802.0,2.0,11107.0,15.0,58552.0,78.0,58552.0,78.0,2668274.0,3558.0,2975847.0,3968.0,4680.0,6.0,27281.0,36.0,722534.0,963.0,759791.0,1013.0,1769855.0,2360.0,1834170.0,2446.0,427321.0,570.0,968282.0,1291.0,36068.0,48.0,36068.0,48.0,0.0,0.0,0.0,0.0,0.0,0.0,0.0,0.0,535701.0,714.0,546213.0,728.0,431545.0,575.0,450838.0,601.0,598343.0,798.0,922453.0,1230.0
2022-23,101912353,School At St George Place,779,5273627.0,6770.0,6770045.0,8691.0,4543711.0,5833.0,5683451.0,7296.0,695911.0,893.0,1026406.0,1318.0,34005.0,44.0,60188.0,77.0,5239622.0,6726.0,6709857.0,8613.0,3742711.0,4805.0,4576968.0,5875.0,79849.0,103.0,80960.0,104.0,164508.0,211.0,184356.0,237.0,76144.0,98.0,76144.0,98.0,496751.0,638.0,496751.0,638.0,193555.0,248.0,197048.0,253.0,12767.0,16.0,38451.0,49.0,104248.0,134.0,107759.0,138.0,0.0,0.0,0.0,0.0,0.0,0.0,218068.0,280.0,350.0,0.0,354678.0,455.0,368739.0,473.0,372961.0,479.0,0.0,0.0,0.0,0.0,0.0,0.0,0.0,0.0,3568773.0,4581.0,4112102.0,5279.0,45931.0,59.0,45931.0,59.0,0.0,0.0,0.0,0.0,762863.0,979.0,784416.0,1007.0,182736.0,235.0,444353.0,570.0,46366.0,60.0,46366.0,60.0,263864.0,339.0,263864.0,339.0,0.0,0.0,0.0,0.0,0.0,0.0,0.0,0.0,0.0,0.0,0.0,0.0,369089.0,474.0,967865.0,1242.0
2022-23,101912269,Scroggins El,332,3065663.0,9234.0,3660876.0,11027.0,2550998.0,7684.0,2892556.0,8713.0,434352.0,1308.0,645146.0,1943.0,80313.0,242.0,123174.0,371.0,2985350.0,8992.0,3537702.0,10656.0,2061797.0,6210.0,2406703.0,7249.0,85466.0,257.0,86567.0,261.0,51928.0,156.0,51928.0,156.0,41451.0,125.0,41451.0,125.0,402134.0,1211.0,402134.0,1211.0,138209.0,416.0,140584.0,423.0,11962.0,36.0,36273.0,109.0,65594.0,198.0,68410.0,206.0,0.0,0.0,0.0,0.0,0.0,0.0,165081.0,497.0,0.0,0.0,9453.0,28.0,125339.0,378.0,127585.0,384.0,1470.0,4.0,1470.0,4.0,0.0,0.0,0.0,0.0,1833919.0,5524.0,2060591.0,6207.0,0.0,0.0,0.0,0.0,0.0,0.0,0.0,0.0,479578.0,1445.0,503866.0,1518.0,187269.0,564.0,242178.0,729.0,93623.0,282.0,119545.0,360.0,264152.0,796.0,264152.0,796.0,0.0,0.0,0.0,0.0,0.0,0.0,0.0,0.0,0.0,0.0,0.0,0.0,126809.0,382.0,323993.0,976.0
2022-23,101912402,Secondary Daep,37,5822365.0,157361.0,5892170.0,159248.0,5308857.0,143483.0,5361983.0,144918.0,300317.0,8117.0,316996.0,8567.0,213191.0,5762.0,213191.0,5762.0,5609174.0,151599.0,5678979.0,153486.0,2983176.0,80626.0,3023303.0,81711.0,3203.0,87.0,3203.0,87.0,130197.0,3519.0,130197.0,3519.0,41504.0,1122.0,41504.0,1122.0,1431153.0,38680.0,1431153.0,38680.0,695012.0,18784.0,705624.0,19071.0,1365.0,37.0,1365.0,37.0,127512.0,3446.0,129899.0,3511.0,0.0,0.0,0.0,0.0,0.0,0.0,16679.0,451.0,0.0,0.0,0.0,0.0,58257.0,1575.0,58257.0,1575.0,137795.0,3724.0,137795.0,3724.0,0.0,0.0,0.0,0.0,1767.0,48.0,1767.0,48.0,0.0,0.0,0.0,0.0,0.0,0.0,0.0,0.0,474063.0,12813.0,496875.0,13429.0,4957572.0,133988.0,4975988.0,134486.0,0.0,0.0,0.0,0.0,0.0,0.0,0.0,0.0,0.0,0.0,0.0,0.0,0.0,0.0,0.0,0.0,0.0,0.0,0.0,0.0,175772.0,4751.0,204349.0,5523.0
2022-23,101912373,Seguin El,386,3701842.0,9590.0,4832290.0,12519.0,3287139.0,8516.0,4007191.0,10381.0,379482.0,983.0,774017.0,2005.0,35221.0,91.0,51082.0,132.0,3666621.0,9499.0,4781208.0,12387.0,2558192.0,6627.0,3316905.0,8593.0,38029.0,99.0,39139.0,101.0,68088.0,176.0,97202.0,252.0,57377.0,149.0,57377.0,149.0,468593.0,1214.0,468593.0,1214.0,160434.0,416.0,162807.0,422.0,23224.0,60.0,37297.0,97.0,92281.0,239.0,95818.0,248.0,0.0,0.0,0.0,0.0,0.0,0.0,243048.0,630.0,0.0,0.0,35895.0,93.0,200403.0,519.0,203201.0,526.0,0.0,0.0,21551.0,56.0,0.0,0.0,0.0,0.0,2203270.0,5708.0,2624401.0,6799.0,0.0,0.0,0.0,0.0,0.0,0.0,0.0,0.0,694241.0,1799.0,713821.0,1849.0,332193.0,861.0,632627.0,1639.0,122242.0,317.0,150867.0,391.0,114272.0,296.0,114272.0,296.0,0.0,0.0,0.0,0.0,0.0,0.0,0.0,0.0,0.0,0.0,0.0,0.0,200403.0,519.0,519424.0,1346.0
2022-23,101912276,Shadowbriar El,487,3974886.0,8162.0,4766191.0,9787.0,3316684.0,6810.0,3863038.0,7932.0,580486.0,1192.0,819012.0,1682.0,77716.0,160.0,84141.0,173.0,3897170.0,8002.0,4682050.0,9614.0,2669673.0,5482.0,3240376.0,6654.0,83177.0,171.0,84273.0,173.0,93812.0,193.0,93812.0,193.0,56574.0,116.0,56574.0,116.0,538122.0,1105.0,538122.0,1105.0,83701.0,172.0,88440.0,182.0,27133.0,56.0,53020.0,109.0,120271.0,247.0,123789.0,254.0,0.0,0.0,0.0,0.0,0.0,0.0,168668.0,346.0,0.0,0.0,7259.0,15.0,224707.0,461.0,227717.0,468.0,0.0,0.0,0.0,0.0,0.0,0.0,0.0,0.0,2493515.0,5120.0,2741250.0,5629.0,489.0,1.0,489.0,1.0,0.0,0.0,0.0,0.0,641528.0,1317.0,730543.0,1500.0,118138.0,243.0,364554.0,749.0,7277.0,15.0,7277.0,15.0,411516.0,845.0,411516.0,845.0,0.0,0.0,0.0,0.0,0.0,0.0,0.0,0.0,0.0,0.0,0.0,0.0,224707.0,461.0,426421.0,876.0
2022-23,101912479,Shadydale El,631,4435565.0,7029.0,6007160.0,9520.0,3863401.0,6123.0,4813094.0,7628.0,526644.0,835.0,1138946.0,1805.0,45520.0,72.0,55120.0,87.0,4390045.0,6957.0,5952040.0,9433.0,3173963.0,5030.0,4317642.0,6843.0,85107.0,135.0,85107.0,135.0,51190.0,81.0,51190.0,81.0,65280.0,103.0,65280.0,103.0,478301.0,758.0,521235.0,826.0,203395.0,322.0,205758.0,326.0,12786.0,20.0,39743.0,63.0,99949.0,158.0,103487.0,164.0,0.0,0.0,0.0,0.0,0.0,0.0,300294.0,476.0,0.0,0.0,12482.0,20.0,220074.0,349.0,220074.0,349.0,0.0,0.0,0.0,0.0,0.0,0.0,28753.0,46.0,2998580.0,4752.0,3673801.0,5822.0,-34.0,0.0,-34.0,0.0,0.0,0.0,0.0,0.0,847797.0,1344.0,895204.0,1419.0,169312.0,268.0,595953.0,944.0,23618.0,37.0,32030.0,51.0,130698.0,207.0,130698.0,207.0,0.0,0.0,0.0,0.0,0.0,0.0,0.0,0.0,0.0,0.0,0.0,0.0,220074.0,349.0,621852.0,986.0
2022-23,101912023,Sharpstown H S,1854,13483814.0,7273.0,16346747.0,8817.0,10934061.0,5898.0,12622869.0,6808.0,2072504.0,1118.0,3227981.0,1741.0,477249.0,257.0,495897.0,267.0,13006565.0,7015.0,15850850.0,8550.0,8028533.0,4330.0,10012612.0,5401.0,166969.0,90.0,173908.0,94.0,90055.0,49.0,91725.0,49.0,233971.0,126.0,233971.0,126.0,2034988.0,1098.0,2078857.0,1121.0,695071.0,375.0,699666.0,377.0,178303.0,96.0,307336.0,166.0,151948.0,82.0,155472.0,84.0,0.0,0.0,0.0,0.0,0.0,0.0,428442.0,231.0,634699.0,342.0,750751.0,405.0,534239.0,288.0,550805.0,297.0,136551.0,74.0,143132.0,77.0,120489.0,65.0,121195.0,65.0,6746364.0,3639.0,8084267.0,4360.0,7242.0,4.0,7242.0,4.0,1346275.0,726.0,1379908.0,744.0,2076380.0,1120.0,2231938.0,1204.0,730966.0,394.0,1342724.0,724.0,151621.0,82.0,165105.0,89.0,0.0,0.0,0.0,0.0,0.0,0.0,0.0,0.0,523544.0,282.0,523544.0,282.0,514131.0,277.0,521732.0,281.0,910042.0,491.0,1594390.0,860.0
2022-23,101912081,Sharpstown International School,1279,9618405.0,7520.0,11221779.0,8774.0,8084404.0,6321.0,9101178.0,7116.0,1075986.0,841.0,1606172.0,1256.0,458015.0,358.0,514429.0,402.0,9160390.0,7162.0,10707350.0,8372.0,6663460.0,5210.0,7715088.0,6032.0,84443.0,66.0,84443.0,66.0,138524.0,108.0,141663.0,111.0,140223.0,110.0,140223.0,110.0,1152321.0,901.0,1152321.0,901.0,240425.0,188.0,319328.0,250.0,48352.0,38.0,198841.0,155.0,112399.0,88.0,115921.0,91.0,0.0,0.0,0.0,0.0,0.0,0.0,202743.0,159.0,97569.0,76.0,139406.0,109.0,428398.0,335.0,432823.0,338.0,0.0,0.0,0.0,0.0,54276.0,42.0,54276.0,42.0,6275013.0,4906.0,6816175.0,5329.0,11639.0,9.0,11639.0,9.0,447231.0,350.0,460816.0,360.0,1107084.0,866.0,1142706.0,893.0,686558.0,537.0,1371737.0,1073.0,52622.0,41.0,52622.0,41.0,0.0,0.0,0.0,0.0,0.0,0.0,0.0,0.0,0.0,0.0,2213.0,2.0,86644.0,68.0,86644.0,68.0,493599.0,386.0,762798.0,596.0
2022-23,101912239,Shearn El,477,3012667.0,6316.0,3966212.0,8315.0,2608129.0,5468.0,3132804.0,6568.0,339992.0,713.0,728252.0,1527.0,64546.0,135.0,105156.0,220.0,2948121.0,6181.0,3861056.0,8094.0,2169100.0,4547.0,2781893.0,5832.0,3896.0,8.0,3896.0,8.0,53337.0,112.0,53337.0,112.0,40756.0,85.0,40756.0,85.0,348525.0,731.0,398293.0,835.0,139996.0,293.0,142345.0,298.0,17054.0,36.0,43990.0,92.0,78693.0,165.0,82050.0,172.0,0.0,0.0,0.0,0.0,0.0,0.0,208889.0,438.0,0.0,0.0,750.0,2.0,95177.0,200.0,96802.0,203.0,1587.0,3.0,1587.0,3.0,0.0,0.0,0.0,0.0,1774541.0,3720.0,2136738.0,4480.0,554.0,1.0,554.0,1.0,0.0,0.0,0.0,0.0,262703.0,551.0,274073.0,575.0,366894.0,769.0,607279.0,1273.0,168774.0,354.0,194784.0,408.0,277141.0,581.0,277141.0,581.0,0.0,0.0,0.0,0.0,750.0,2.0,750.0,2.0,0.0,0.0,0.0,0.0,96764.0,203.0,363808.0,763.0
2022-23,101912240,Sherman El,527,3637858.0,6903.0,4966306.0,9424.0,3085821.0,5855.0,3665658.0,6956.0,539410.0,1024.0,1283944.0,2436.0,12627.0,24.0,16704.0,32.0,3625231.0,6879.0,4949602.0,9392.0,2637730.0,5005.0,3605189.0,6841.0,45446.0,86.0,45446.0,86.0,43966.0,83.0,43966.0,83.0,51422.0,98.0,51422.0,98.0,475526.0,902.0,500404.0,950.0,112423.0,213.0,115921.0,220.0,12267.0,23.0,38568.0,73.0,96913.0,184.0,100451.0,191.0,0.0,0.0,0.0,0.0,0.0,0.0,286271.0,543.0,0.0,0.0,10558.0,20.0,145908.0,277.0,147776.0,280.0,3630.0,7.0,3630.0,7.0,0.0,0.0,0.0,0.0,2373112.0,4503.0,2883099.0,5471.0,346.0,1.0,346.0,1.0,0.0,0.0,0.0,0.0,521204.0,989.0,535760.0,1017.0,336506.0,639.0,732714.0,1390.0,75127.0,143.0,116058.0,220.0,169398.0,321.0,169398.0,321.0,0.0,0.0,0.0,0.0,0.0,0.0,0.0,0.0,0.0,0.0,0.0,0.0,149538.0,284.0,467543.0,887.0
2022-23,101912241,Sinclair El,649,4497431.0,6930.0,5266671.0,8115.0,4120411.0,6349.0,4573769.0,7047.0,334474.0,515.0,634700.0,978.0,42546.0,66.0,58202.0,90.0,4454885.0,6864.0,5208469.0,8025.0,3343574.0,5152.0,3867272.0,5959.0,75438.0,116.0,76457.0,118.0,46137.0,71.0,46137.0,71.0,69992.0,108.0,69992.0,108.0,431116.0,664.0,431116.0,664.0,201703.0,311.0,206686.0,318.0,12713.0,20.0,21687.0,33.0,92326.0,142.0,95681.0,147.0,0.0,0.0,0.0,0.0,0.0,0.0,191608.0,295.0,4489.0,7.0,21865.0,34.0,125235.0,193.0,127806.0,197.0,0.0,0.0,0.0,0.0,52162.0,80.0,52162.0,80.0,3147249.0,4849.0,3521932.0,5427.0,6370.0,10.0,6370.0,10.0,0.0,0.0,0.0,0.0,696182.0,1073.0,713973.0,1100.0,334798.0,516.0,451677.0,696.0,85474.0,132.0,85474.0,132.0,2926.0,5.0,2926.0,5.0,0.0,0.0,0.0,0.0,0.0,0.0,0.0,0.0,0.0,0.0,0.0,0.0,181886.0,280.0,402740.0,621.0
2022-23,101912242,Smith El,778,5458699.0,7016.0,7252580.0,9322.0,4656759.0,5986.0,5784826.0,7436.0,653543.0,840.0,1290600.0,1659.0,148397.0,191.0,177154.0,228.0,5310302.0,6826.0,7075426.0,9094.0,4000616.0,5142.0,5279112.0,6785.0,89186.0,115.0,89186.0,115.0,64306.0,83.0,111944.0,144.0,74067.0,95.0,74067.0,95.0,540144.0,694.0,540144.0,694.0,203927.0,262.0,206292.0,265.0,63541.0,82.0,120002.0,154.0,71024.0,91.0,71075.0,91.0,0.0,0.0,0.0,0.0,0.0,0.0,274022.0,352.0,80.0,0.0,79551.0,102.0,201616.0,259.0,203518.0,262.0,0.0,0.0,24718.0,32.0,0.0,0.0,0.0,0.0,3604380.0,4633.0,4200322.0,5399.0,0.0,0.0,0.0,0.0,0.0,0.0,0.0,0.0,917369.0,1179.0,962363.0,1237.0,216330.0,278.0,787738.0,1013.0,155849.0,200.0,205167.0,264.0,212883.0,274.0,212883.0,274.0,0.0,0.0,0.0,0.0,0.0,0.0,0.0,0.0,0.0,0.0,0.0,0.0,201696.0,259.0,624191.0,802.0
2022-23,101912486,South Early College H S,390,2789500.0,7153.0,3186076.0,8169.0,2508518.0,6432.0,2804632.0,7191.0,270643.0,694.0,371105.0,952.0,10339.0,27.0,10339.0,27.0,2779161.0,7126.0,3175737.0,8143.0,1705470.0,4373.0,2001732.0,5133.0,2649.0,7.0,2649.0,7.0,114058.0,292.0,114058.0,292.0,52184.0,134.0,52184.0,134.0,567611.0,1455.0,573821.0,1471.0,143559.0,368.0,145927.0,374.0,16522.0,42.0,23433.0,60.0,98675.0,253.0,102029.0,262.0,0.0,0.0,0.0,0.0,0.0,0.0,70722.0,181.0,7040.0,18.0,17789.0,46.0,48983.0,126.0,48983.0,126.0,0.0,0.0,0.0,0.0,22410.0,57.0,22410.0,57.0,1574893.0,4038.0,1673415.0,4291.0,0.0,0.0,0.0,0.0,628557.0,1612.0,663608.0,1702.0,27878.0,71.0,27878.0,71.0,415515.0,1065.0,588548.0,1509.0,51.0,0.0,51.0,0.0,0.0,0.0,0.0,0.0,0.0,0.0,0.0,0.0,53834.0,138.0,54248.0,139.0,0.0,0.0,0.0,0.0,78433.0,201.0,167989.0,431.0
2022-23,101912244,Southmayd El,366,3408933.0,9314.0,4338334.0,11853.0,2885451.0,7884.0,3553193.0,9708.0,424977.0,1161.0,676836.0,1849.0,98505.0,269.0,108305.0,296.0,3310428.0,9045.0,4230029.0,11557.0,2373778.0,6486.0,3028901.0,8276.0,4120.0,11.0,4120.0,11.0,43314.0,118.0,45960.0,126.0,55253.0,151.0,55253.0,151.0,373432.0,1020.0,432723.0,1182.0,115868.0,317.0,118110.0,323.0,57677.0,158.0,68805.0,188.0,95385.0,261.0,98742.0,270.0,0.0,0.0,0.0,0.0,0.0,0.0,164597.0,450.0,0.0,0.0,14074.0,38.0,191019.0,522.0,195264.0,534.0,0.0,0.0,0.0,0.0,0.0,0.0,0.0,0.0,2119989.0,5792.0,2345875.0,6409.0,483.0,1.0,483.0,1.0,0.0,0.0,0.0,0.0,651824.0,1781.0,749697.0,2048.0,159647.0,436.0,455539.0,1245.0,59786.0,163.0,86200.0,236.0,127098.0,347.0,127098.0,347.0,0.0,0.0,0.0,0.0,0.0,0.0,0.0,0.0,0.0,0.0,0.0,0.0,191601.0,524.0,441760.0,1207.0
2022-23,101912014,Sterling H S,1420,11291864.0,7952.0,14493780.0,10207.0,10137312.0,7139.0,12125597.0,8539.0,1038016.0,731.0,2251647.0,1586.0,116536.0,82.0,116536.0,82.0,11175328.0,7870.0,14377244.0,10125.0,7721349.0,5438.0,10251719.0,7220.0,11998.0,8.0,11998.0,8.0,280647.0,198.0,280647.0,198.0,244503.0,172.0,244503.0,172.0,1242540.0,875.0,1258253.0,886.0,772980.0,544.0,942547.0,664.0,26284.0,19.0,117625.0,83.0,109037.0,77.0,109421.0,77.0,0.0,0.0,0.0,0.0,0.0,0.0,293621.0,207.0,414312.0,292.0,463914.0,327.0,257646.0,181.0,261315.0,184.0,0.0,0.0,122.0,0.0,94032.0,66.0,94032.0,66.0,5640536.0,3972.0,7411177.0,5219.0,7146.0,5.0,7146.0,5.0,1770781.0,1247.0,1811006.0,1275.0,2106108.0,1483.0,2197785.0,1548.0,529095.0,373.0,1424786.0,1003.0,50117.0,35.0,50117.0,35.0,0.0,0.0,0.0,0.0,0.0,0.0,0.0,0.0,305555.0,215.0,328985.0,232.0,391214.0,276.0,391214.0,276.0,374776.0,264.0,755028.0,532.0
2022-23,101912245,StevensEl,582,4059509.0,6975.0,5113696.0,8786.0,3414226.0,5866.0,4089974.0,7027.0,554362.0,953.0,932801.0,1603.0,90921.0,156.0,90921.0,156.0,3968588.0,6819.0,5022775.0,8630.0,2902467.0,4987.0,3629805.0,6237.0,21662.0,37.0,21662.0,37.0,98664.0,170.0,179209.0,308.0,53223.0,91.0,53223.0,91.0,464749.0,799.0,464749.0,799.0,166724.0,286.0,170211.0,292.0,12311.0,21.0,32214.0,55.0,97259.0,167.0,100784.0,173.0,0.0,0.0,0.0,0.0,0.0,0.0,212737.0,366.0,0.0,0.0,0.0,0.0,151529.0,260.0,153124.0,263.0,0.0,0.0,0.0,0.0,0.0,0.0,0.0,0.0,2957474.0,5082.0,3406896.0,5854.0,1412.0,2.0,1412.0,2.0,0.0,0.0,0.0,0.0,519024.0,892.0,622074.0,1069.0,213171.0,366.0,441308.0,758.0,85088.0,146.0,111180.0,191.0,40890.0,70.0,40890.0,70.0,0.0,0.0,0.0,0.0,0.0,0.0,0.0,0.0,0.0,0.0,0.0,0.0,151529.0,260.0,373890.0,642.0
2022-23,101912098,StevensonMiddle,1192,8647767.0,7255.0,10959954.0,9195.0,7228245.0,6064.0,8564664.0,7185.0,1217379.0,1021.0,2185781.0,1834.0,202143.0,170.0,209509.0,176.0,8445624.0,7085.0,10750445.0,9019.0,5587796.0,4688.0,7235511.0,6070.0,88708.0,74.0,88708.0,74.0,92492.0,78.0,139897.0,117.0,119268.0,100.0,119268.0,100.0,1226203.0,1029.0,1270697.0,1066.0,441677.0,371.0,457392.0,384.0,75951.0,64.0,84384.0,71.0,91360.0,77.0,94011.0,79.0,0.0,0.0,0.0,0.0,0.0,0.0,373039.0,313.0,141381.0,119.0,235946.0,198.0,556684.0,467.0,568733.0,477.0,23487.0,20.0,33551.0,28.0,617.0,1.0,6203.0,5.0,5614937.0,4711.0,6203582.0,5204.0,9806.0,8.0,9806.0,8.0,141833.0,119.0,146308.0,123.0,1126973.0,945.0,1273222.0,1068.0,707172.0,593.0,1668231.0,1400.0,25499.0,21.0,25597.0,21.0,0.0,0.0,0.0,0.0,0.0,0.0,0.0,0.0,97235.0,82.0,98322.0,82.0,122705.0,103.0,122705.0,103.0,599464.0,503.0,1202672.0,1009.0
2022-23,101912163,Sugar Grove Academy,841,6750926.0,8027.0,9356468.0,11125.0,5516192.0,6559.0,7049408.0,8382.0,942336.0,1120.0,2005489.0,2385.0,292398.0,348.0,301571.0,359.0,6458528.0,7680.0,9054897.0,10767.0,4320172.0,5137.0,6241187.0,7421.0,85843.0,102.0,86958.0,103.0,89711.0,107.0,132770.0,158.0,89008.0,106.0,91842.0,109.0,780685.0,928.0,1045608.0,1243.0,371681.0,442.0,379485.0,451.0,35027.0,42.0,47126.0,56.0,112795.0,134.0,116330.0,138.0,0.0,0.0,0.0,0.0,0.0,0.0,254695.0,303.0,115838.0,138.0,161801.0,192.0,446004.0,530.0,446004.0,530.0,7259.0,9.0,7307.0,9.0,4505.0,5.0,4505.0,5.0,3608269.0,4290.0,4126122.0,4906.0,1719.0,2.0,1719.0,2.0,0.0,0.0,2352.0,3.0,1229977.0,1463.0,1277088.0,1519.0,817703.0,972.0,2256123.0,2683.0,138789.0,165.0,138789.0,165.0,0.0,0.0,0.0,0.0,0.0,0.0,0.0,0.0,88465.0,105.0,89484.0,106.0,104491.0,124.0,104491.0,124.0,469115.0,558.0,1058729.0,1259.0
2022-23,101912248,Sutton El,1047,7542696.0,7204.0,9534469.0,9106.0,6689587.0,6389.0,8106124.0,7742.0,742170.0,709.0,1307606.0,1249.0,110939.0,106.0,120739.0,115.0,7431757.0,7098.0,9413730.0,8991.0,5423530.0,5180.0,6778214.0,6474.0,113426.0,108.0,113426.0,108.0,246807.0,236.0,389457.0,372.0,115746.0,111.0,115778.0,111.0,853536.0,815.0,901329.0,861.0,205112.0,196.0,205215.0,196.0,82446.0,79.0,94593.0,90.0,95784.0,91.0,98668.0,94.0,0.0,0.0,0.0,0.0,0.0,0.0,364425.0,348.0,3150.0,3.0,4793.0,5.0,215635.0,206.0,222224.0,212.0,0.0,0.0,0.0,0.0,76462.0,73.0,76462.0,73.0,4679485.0,4469.0,5556514.0,5307.0,-3918.0,-4.0,-3918.0,-4.0,34193.0,33.0,43367.0,41.0,1055151.0,1008.0,1099490.0,1050.0,720489.0,688.0,1235053.0,1180.0,444909.0,425.0,496085.0,474.0,206078.0,197.0,206078.0,197.0,0.0,0.0,0.0,0.0,0.0,0.0,0.0,0.0,0.0,0.0,0.0,0.0,295370.0,282.0,721168.0,689.0
2022-23,101912039,T H Rogers School,1062,8701038.0,8193.0,10075208.0,9487.0,7445078.0,7010.0,8287303.0,7803.0,1239056.0,1167.0,1628080.0,1533.0,16904.0,16.0,159825.0,150.0,8684134.0,8177.0,9915383.0,9337.0,5959082.0,5611.0,6633455.0,6246.0,103443.0,97.0,103443.0,97.0,287982.0,271.0,289087.0,272.0,210336.0,198.0,210336.0,198.0,874269.0,823.0,874269.0,823.0,410654.0,387.0,412896.0,389.0,16043.0,15.0,52478.0,49.0,129849.0,122.0,133377.0,126.0,0.0,0.0,0.0,0.0,0.0,0.0,174916.0,165.0,111081.0,105.0,445436.0,419.0,562960.0,530.0,567255.0,534.0,18435.0,17.0,18435.0,17.0,0.0,0.0,0.0,0.0,4593716.0,4326.0,5089131.0,4792.0,1123199.0,1058.0,1210140.0,1139.0,56574.0,53.0,56574.0,53.0,2071095.0,1950.0,2153850.0,2028.0,105976.0,100.0,149765.0,141.0,41098.0,39.0,41098.0,39.0,0.0,0.0,0.0,0.0,0.0,0.0,0.0,0.0,0.0,0.0,0.0,0.0,95538.0,90.0,95538.0,90.0,596938.0,562.0,1119287.0,1054.0
2022-23,101912068,TanglewoodMiddle,808,5541131.0,6858.0,6793054.0,8407.0,4914897.0,6083.0,5818165.0,7201.0,607359.0,752.0,952819.0,1179.0,18875.0,23.0,22070.0,27.0,5522256.0,6834.0,6770984.0,8380.0,3879304.0,4801.0,4685484.0,5799.0,6622.0,8.0,6622.0,8.0,35532.0,44.0,153106.0,189.0,88374.0,109.0,88374.0,109.0,726101.0,899.0,726101.0,899.0,210100.0,260.0,213363.0,264.0,12812.0,16.0,40960.0,51.0,87864.0,109.0,91219.0,113.0,0.0,0.0,0.0,0.0,0.0,0.0,206573.0,256.0,132907.0,164.0,205362.0,254.0,309149.0,383.0,317260.0,393.0,14898.0,18.0,16818.0,21.0,18593.0,23.0,18593.0,23.0,3836433.0,4748.0,4194206.0,5191.0,10050.0,12.0,10050.0,12.0,238437.0,295.0,239527.0,296.0,661635.0,819.0,772516.0,956.0,259661.0,321.0,702243.0,869.0,40493.0,50.0,40493.0,50.0,0.0,0.0,0.0,0.0,0.0,0.0,0.0,0.0,0.0,0.0,0.0,0.0,115629.0,143.0,115629.0,143.0,359918.0,445.0,696320.0,862.0
2022-23,101912100,TexasConnections Academy At Houst,8967,55140753.0,6149.0,56881145.0,6343.0,2995491.0,334.0,2995491.0,334.0,52121178.0,5813.0,53813609.0,6001.0,24084.0,3.0,72045.0,8.0,55116669.0,6147.0,56809100.0,6335.0,53760110.0,5995.0,55151291.0,6150.0,43343.0,5.0,43343.0,5.0,206637.0,23.0,215368.0,24.0,373797.0,42.0,373797.0,42.0,263828.0,29.0,263828.0,29.0,388229.0,43.0,438600.0,49.0,6867.0,1.0,93524.0,10.0,73858.0,8.0,73858.0,8.0,0.0,0.0,0.0,0.0,0.0,0.0,0.0,0.0,0.0,0.0,0.0,0.0,0.0,0.0,0.0,0.0,0.0,0.0,0.0,0.0,0.0,0.0,0.0,0.0,47643559.0,5313.0,47643559.0,5313.0,45573.0,5.0,45573.0,5.0,85000.0,9.0,85000.0,9.0,2285736.0,255.0,2285736.0,255.0,4861142.0,542.0,6553573.0,731.0,195659.0,22.0,195659.0,22.0,0.0,0.0,0.0,0.0,0.0,0.0,0.0,0.0,0.0,0.0,0.0,0.0,0.0,0.0,0.0,0.0,0.0,0.0,0.0,0.0
2022-23,101912077,ThomasMiddle,526,4898782.0,9313.0,6502009.0,12361.0,4139611.0,7870.0,4880708.0,9279.0,723979.0,1376.0,1480800.0,2815.0,35192.0,67.0,140501.0,267.0,4863590.0,9246.0,6361508.0,12094.0,3151685.0,5992.0,4331176.0,8234.0,53670.0,102.0,53670.0,102.0,26823.0,51.0,101632.0,193.0,72680.0,138.0,72680.0,138.0,623571.0,1185.0,653759.0,1243.0,282011.0,536.0,287846.0,547.0,72113.0,137.0,90826.0,173.0,101536.0,193.0,105063.0,200.0,0.0,0.0,0.0,0.0,0.0,0.0,178771.0,340.0,116406.0,221.0,119869.0,228.0,360403.0,685.0,363524.0,691.0,2692.0,5.0,2692.0,5.0,0.0,0.0,0.0,0.0,2527422.0,4805.0,3119418.0,5930.0,445.0,1.0,445.0,1.0,0.0,0.0,0.0,0.0,1160303.0,2206.0,1207585.0,2296.0,686686.0,1305.0,1350889.0,2568.0,9233.0,18.0,9233.0,18.0,0.0,0.0,0.0,0.0,0.0,0.0,0.0,0.0,0.0,0.0,0.0,0.0,116406.0,221.0,116406.0,221.0,363095.0,690.0,557532.0,1060.0
2022-23,101912243,ThompsonEl,399,3595668.0,9012.0,4532953.0,11361.0,2958514.0,7415.0,3594768.0,9009.0,621299.0,1557.0,915930.0,2296.0,15855.0,40.0,22255.0,56.0,3579813.0,8972.0,4510698.0,11305.0,2469768.0,6190.0,3029183.0,7592.0,86018.0,216.0,86018.0,216.0,56512.0,142.0,56512.0,142.0,55779.0,140.0,55779.0,140.0,356767.0,894.0,481194.0,1206.0,177162.0,444.0,179523.0,450.0,1869.0,5.0,13241.0,33.0,100761.0,253.0,104114.0,261.0,0.0,0.0,0.0,0.0,0.0,0.0,217644.0,545.0,0.0,0.0,4608.0,12.0,275177.0,690.0,280973.0,704.0,0.0,0.0,0.0,0.0,0.0,0.0,0.0,0.0,2141471.0,5367.0,2357499.0,5909.0,983.0,2.0,983.0,2.0,0.0,0.0,0.0,0.0,702923.0,1762.0,797126.0,1998.0,72383.0,181.0,334848.0,839.0,1454.0,4.0,1454.0,4.0,385422.0,966.0,385422.0,966.0,0.0,0.0,0.0,0.0,0.0,0.0,0.0,0.0,0.0,0.0,0.0,0.0,275177.0,690.0,633366.0,1587.0
2022-23,101912279,Tijerina El,340,3644650.0,10720.0,4671204.0,13739.0,2873590.0,8452.0,3533834.0,10394.0,549005.0,1615.0,915315.0,2692.0,222055.0,653.0,222055.0,653.0,3422595.0,10066.0,4449149.0,13086.0,2336793.0,6873.0,3162184.0,9301.0,85624.0,252.0,85624.0,252.0,84703.0,249.0,84827.0,249.0,53637.0,158.0,53637.0,158.0,386457.0,1137.0,386457.0,1137.0,121135.0,356.0,121135.0,356.0,12522.0,37.0,14395.0,42.0,101419.0,298.0,104939.0,309.0,0.0,0.0,0.0,0.0,0.0,0.0,166382.0,489.0,0.0,0.0,21720.0,64.0,202364.0,595.0,209908.0,617.0,0.0,0.0,0.0,0.0,37941.0,112.0,37941.0,112.0,1770336.0,5207.0,2266159.0,6665.0,912.0,3.0,912.0,3.0,0.0,0.0,0.0,0.0,744742.0,2190.0,768535.0,2260.0,118073.0,347.0,373356.0,1098.0,147197.0,433.0,178881.0,526.0,401030.0,1180.0,401030.0,1180.0,0.0,0.0,0.0,0.0,0.0,0.0,0.0,0.0,0.0,0.0,0.0,0.0,240305.0,707.0,439471.0,1293.0
2022-23,101912374,Tinsley El,595,4026051.0,6766.0,5470446.0,9194.0,3347102.0,5625.0,3975073.0,6681.0,584807.0,983.0,1394831.0,2344.0,94142.0,158.0,100542.0,169.0,3931909.0,6608.0,5369904.0,9025.0,2913183.0,4896.0,3609754.0,6067.0,80063.0,135.0,80063.0,135.0,71605.0,120.0,71605.0,120.0,55472.0,93.0,55472.0,93.0,455381.0,765.0,459237.0,772.0,80950.0,136.0,166557.0,280.0,18914.0,32.0,24280.0,41.0,87486.0,147.0,91014.0,153.0,0.0,0.0,0.0,0.0,0.0,0.0,612076.0,1029.0,0.0,0.0,6501.0,11.0,168855.0,284.0,173072.0,291.0,0.0,0.0,0.0,0.0,0.0,0.0,17319.0,29.0,2614447.0,4394.0,3045111.0,5118.0,2413.0,4.0,2413.0,4.0,0.0,0.0,0.0,0.0,396174.0,666.0,424860.0,714.0,467161.0,785.0,740712.0,1245.0,173998.0,292.0,229408.0,386.0,108861.0,183.0,108861.0,183.0,0.0,0.0,0.0,0.0,0.0,0.0,0.0,0.0,0.0,0.0,0.0,0.0,168855.0,284.0,818539.0,1376.0
2022-23,101912249,Travis El,713,4743438.0,6653.0,5498300.0,7712.0,4156807.0,5830.0,4706552.0,6601.0,566897.0,795.0,760044.0,1066.0,19734.0,28.0,31704.0,44.0,4723704.0,6625.0,5466596.0,7667.0,3416455.0,4792.0,3992165.0,5599.0,88308.0,124.0,89410.0,125.0,137250.0,192.0,145054.0,203.0,75053.0,105.0,75053.0,105.0,355830.0,499.0,355830.0,499.0,191234.0,268.0,193476.0,271.0,1983.0,3.0,15437.0,22.0,90885.0,127.0,94245.0,132.0,0.0,0.0,0.0,0.0,0.0,0.0,115114.0,161.0,750.0,1.0,20218.0,28.0,365956.0,513.0,370594.0,520.0,0.0,0.0,0.0,0.0,0.0,0.0,0.0,0.0,3527032.0,4947.0,4076892.0,5718.0,73151.0,103.0,74261.0,104.0,0.0,0.0,0.0,0.0,586557.0,823.0,604362.0,848.0,31482.0,44.0,46084.0,65.0,55712.0,78.0,55712.0,78.0,83064.0,116.0,83064.0,116.0,0.0,0.0,0.0,0.0,0.0,0.0,0.0,0.0,0.0,0.0,0.0,0.0,366706.0,514.0,520434.0,730.0
2022-23,101912251,Twain El,906,5634128.0,6219.0,6992524.0,7718.0,5108314.0,5638.0,6167092.0,6807.0,512189.0,565.0,782077.0,863.0,13625.0,15.0,43355.0,48.0,5620503.0,6204.0,6949169.0,7670.0,4378496.0,4833.0,5152710.0,5687.0,72375.0,80.0,73394.0,81.0,64289.0,71.0,67702.0,75.0,86249.0,95.0,86249.0,95.0,464345.0,513.0,464345.0,513.0,201716.0,223.0,205198.0,226.0,2370.0,3.0,4242.0,5.0,114980.0,127.0,118507.0,131.0,0.0,0.0,0.0,0.0,0.0,0.0,141205.0,156.0,1052.0,1.0,384690.0,425.0,234631.0,259.0,250203.0,276.0,0.0,0.0,724.0,1.0,0.0,0.0,0.0,0.0,4420881.0,4880.0,5144953.0,5679.0,25420.0,28.0,25420.0,28.0,0.0,0.0,0.0,0.0,711902.0,786.0,736229.0,813.0,89934.0,99.0,107300.0,118.0,136683.0,151.0,151022.0,167.0,0.0,0.0,0.0,0.0,0.0,0.0,0.0,0.0,0.0,0.0,0.0,0.0,0.0,0.0,0.0,0.0,235683.0,260.0,784245.0,866.0
2022-23,101912285,Valley West El,653,4648160.0,7118.0,5916478.0,9060.0,3809083.0,5833.0,4717300.0,7224.0,717900.0,1099.0,1078001.0,1651.0,121177.0,186.0,121177.0,186.0,4526983.0,6933.0,5795301.0,8875.0,3155649.0,4833.0,4093322.0,6268.0,39743.0,61.0,40849.0,63.0,158721.0,243.0,159808.0,245.0,55529.0,85.0,55529.0,85.0,425091.0,651.0,428995.0,657.0,159552.0,244.0,162971.0,250.0,23306.0,36.0,55550.0,85.0,85072.0,130.0,88426.0,135.0,0.0,0.0,0.0,0.0,0.0,0.0,250099.0,383.0,327.0,1.0,33509.0,51.0,223186.0,342.0,225021.0,345.0,0.0,0.0,0.0,0.0,200807.0,308.0,200807.0,308.0,2772718.0,4246.0,3285657.0,5032.0,2007.0,3.0,2007.0,3.0,0.0,0.0,0.0,0.0,458843.0,703.0,515876.0,790.0,466041.0,714.0,806426.0,1235.0,229198.0,351.0,255294.0,391.0,175047.0,268.0,175047.0,268.0,0.0,0.0,0.0,0.0,0.0,0.0,0.0,0.0,0.0,0.0,0.0,0.0,423129.0,648.0,721115.0,1104.0
2022-23,101912252,Wainwright El,427,3851788.0,9021.0,4750536.0,11125.0,3417359.0,8003.0,3892239.0,9115.0,369741.0,866.0,699318.0,1638.0,64688.0,151.0,158979.0,372.0,3787100.0,8869.0,4591557.0,10753.0,2740095.0,6417.0,3315912.0,7766.0,77992.0,183.0,77992.0,183.0,51410.0,120.0,51410.0,120.0,65824.0,154.0,65824.0,154.0,436761.0,1023.0,436761.0,1023.0,166754.0,391.0,169143.0,396.0,13002.0,30.0,29719.0,70.0,118126.0,277.0,121648.0,285.0,0.0,0.0,0.0,0.0,0.0,0.0,187733.0,440.0,0.0,0.0,16674.0,39.0,70997.0,166.0,72602.0,170.0,0.0,0.0,0.0,0.0,46139.0,108.0,46139.0,108.0,2167576.0,5076.0,2500723.0,5856.0,356.0,1.0,356.0,1.0,0.0,0.0,0.0,0.0,1007426.0,2359.0,1036019.0,2426.0,180803.0,423.0,358362.0,839.0,132417.0,310.0,156387.0,366.0,181386.0,425.0,181386.0,425.0,0.0,0.0,0.0,0.0,0.0,0.0,0.0,0.0,0.0,0.0,0.0,0.0,117136.0,274.0,332693.0,779.0
2022-23,101912253,Walnut Bend El,668,4359940.0,6527.0,5520904.0,8265.0,3844088.0,5755.0,4689509.0,7020.0,478700.0,717.0,794243.0,1189.0,37152.0,56.0,37152.0,56.0,4322788.0,6471.0,5483752.0,8209.0,3155456.0,4724.0,4014825.0,6010.0,81190.0,122.0,81190.0,122.0,94181.0,141.0,94181.0,141.0,64413.0,96.0,64413.0,96.0,493436.0,739.0,493436.0,739.0,165217.0,247.0,167305.0,250.0,12443.0,19.0,20126.0,30.0,91470.0,137.0,95013.0,142.0,0.0,0.0,0.0,0.0,0.0,0.0,244533.0,366.0,0.0,0.0,40148.0,60.0,164982.0,247.0,168582.0,252.0,0.0,0.0,0.0,0.0,0.0,0.0,0.0,0.0,2840509.0,4252.0,3265711.0,4889.0,696.0,1.0,696.0,1.0,0.0,0.0,0.0,0.0,537818.0,805.0,612530.0,917.0,196378.0,294.0,514835.0,771.0,240803.0,360.0,258424.0,387.0,341602.0,511.0,341602.0,511.0,0.0,0.0,0.0,0.0,0.0,0.0,0.0,0.0,0.0,0.0,0.0,0.0,164982.0,247.0,466577.0,698.0
2022-23,101912015,Waltrip H S,1594,12911615.0,8100.0,15133564.0,9494.0,11320731.0,7102.0,12862932.0,8070.0,1548017.0,971.0,2212100.0,1388.0,42867.0,27.0,58532.0,37.0,12868748.0,8073.0,15075032.0,9457.0,8434773.0,5292.0,10026557.0,6290.0,110614.0,69.0,110614.0,69.0,165836.0,104.0,165836.0,104.0,236662.0,148.0,236662.0,148.0,1588000.0,996.0,1588000.0,996.0,1013011.0,636.0,1025731.0,643.0,48114.0,30.0,223373.0,140.0,125365.0,79.0,147653.0,93.0,0.0,0.0,0.0,0.0,0.0,0.0,224975.0,141.0,474996.0,298.0,641759.0,403.0,603719.0,379.0,609194.0,382.0,9380.0,6.0,10523.0,7.0,58278.0,37.0,58278.0,37.0,6624318.0,4156.0,7338449.0,4604.0,26765.0,17.0,27882.0,17.0,1450719.0,910.0,1532578.0,961.0,1999790.0,1255.0,2010062.0,1261.0,949410.0,596.0,1862978.0,1169.0,61916.0,39.0,61916.0,39.0,0.0,0.0,0.0,0.0,0.0,0.0,0.0,0.0,610346.0,383.0,645560.0,405.0,441169.0,277.0,441169.0,277.0,704315.0,442.0,1154438.0,724.0
2022-23,101912016,Washington B T H S,877,7681305.0,8759.0,9394861.0,10712.0,6573714.0,7496.0,7485729.0,8536.0,1086593.0,1239.0,1774470.0,2023.0,20998.0,24.0,134662.0,154.0,7660307.0,8735.0,9260199.0,10559.0,4859145.0,5541.0,6102638.0,6959.0,45756.0,52.0,45756.0,52.0,93648.0,107.0,99032.0,113.0,157558.0,180.0,157558.0,180.0,906608.0,1034.0,934473.0,1066.0,498601.0,569.0,500958.0,571.0,14116.0,16.0,43003.0,49.0,118548.0,135.0,122063.0,139.0,0.0,0.0,0.0,0.0,0.0,0.0,181176.0,207.0,491751.0,561.0,587486.0,670.0,304597.0,347.0,308687.0,352.0,108588.0,124.0,108588.0,124.0,61391.0,70.0,61391.0,70.0,3179845.0,3626.0,3615658.0,4123.0,6142.0,7.0,6142.0,7.0,718797.0,820.0,747101.0,852.0,1561185.0,1780.0,1707809.0,1947.0,327189.0,373.0,982708.0,1121.0,35030.0,40.0,35030.0,40.0,0.0,0.0,0.0,0.0,0.0,0.0,0.0,0.0,865792.0,987.0,871732.0,994.0,394523.0,450.0,395485.0,451.0,571804.0,652.0,894744.0,1020.0
2022-23,101912056,Welch Middle,645,5308002.0,8229.0,7146052.0,11079.0,4478259.0,6943.0,5204219.0,8069.0,765832.0,1187.0,1877922.0,2912.0,63911.0,99.0,63911.0,99.0,5244091.0,8130.0,7082141.0,10980.0,3389170.0,5255.0,4130312.0,6404.0,84249.0,131.0,84249.0,131.0,37007.0,57.0,37007.0,57.0,83744.0,130.0,83744.0,130.0,771064.0,1195.0,805881.0,1249.0,244689.0,379.0,247069.0,383.0,73579.0,114.0,100833.0,156.0,104849.0,163.0,108374.0,168.0,0.0,0.0,0.0,0.0,0.0,0.0,1003323.0,1556.0,85635.0,133.0,91106.0,141.0,368298.0,571.0,375287.0,582.0,0.0,0.0,13149.0,20.0,1807.0,3.0,1807.0,3.0,3038252.0,4710.0,3330455.0,5163.0,0.0,0.0,0.0,0.0,127663.0,198.0,127663.0,198.0,1226980.0,1902.0,1307873.0,2028.0,278034.0,431.0,665689.0,1032.0,30192.0,47.0,30192.0,47.0,0.0,0.0,0.0,0.0,0.0,0.0,0.0,0.0,87230.0,135.0,87230.0,135.0,85635.0,133.0,89591.0,139.0,370105.0,574.0,1435803.0,2226.0
2022-23,101912254,Wesley El,270,2419549.0,8961.0,3184418.0,11794.0,2007486.0,7435.0,2414183.0,8941.0,333221.0,1234.0,690399.0,2557.0,78842.0,292.0,79836.0,296.0,2340707.0,8669.0,3104582.0,11498.0,1609047.0,5959.0,2208583.0,8180.0,39757.0,147.0,39757.0,147.0,89794.0,333.0,91292.0,338.0,30501.0,113.0,30501.0,113.0,276286.0,1023.0,276286.0,1023.0,130952.0,485.0,134413.0,498.0,1042.0,4.0,1042.0,4.0,87584.0,324.0,98922.0,366.0,0.0,0.0,0.0,0.0,0.0,0.0,144915.0,537.0,0.0,0.0,0.0,0.0,75744.0,281.0,76864.0,285.0,0.0,0.0,0.0,0.0,0.0,0.0,0.0,0.0,1736613.0,6432.0,2042311.0,7564.0,238.0,1.0,238.0,1.0,0.0,0.0,0.0,0.0,490958.0,1818.0,504146.0,1867.0,32664.0,121.0,282438.0,1046.0,3861.0,14.0,3861.0,14.0,629.0,2.0,629.0,2.0,0.0,0.0,0.0,0.0,0.0,0.0,0.0,0.0,0.0,0.0,0.0,0.0,75744.0,281.0,236974.0,878.0
2022-23,101912099,West Briar Middle,1061,7249829.0,6833.0,8608281.0,8113.0,6281476.0,5920.0,7280484.0,6862.0,933842.0,880.0,1293286.0,1219.0,34511.0,33.0,34511.0,33.0,7215318.0,6800.0,8573770.0,8081.0,4727426.0,4456.0,5674178.0,5348.0,87482.0,82.0,88570.0,83.0,41654.0,39.0,41654.0,39.0,94685.0,89.0,94685.0,89.0,957423.0,902.0,957423.0,902.0,391952.0,369.0,398926.0,376.0,40297.0,38.0,174521.0,164.0,113432.0,107.0,116960.0,110.0,0.0,0.0,0.0,0.0,0.0,0.0,230032.0,217.0,162539.0,153.0,195583.0,184.0,572638.0,540.0,575291.0,542.0,23498.0,22.0,23563.0,22.0,2292.0,2.0,2292.0,2.0,4653384.0,4386.0,5083318.0,4791.0,17663.0,17.0,17663.0,17.0,39574.0,37.0,39574.0,37.0,952411.0,898.0,1077035.0,1015.0,770408.0,726.0,1294678.0,1220.0,20911.0,20.0,20911.0,20.0,0.0,0.0,0.0,0.0,0.0,0.0,0.0,0.0,0.0,0.0,0.0,0.0,152839.0,144.0,152839.0,144.0,608128.0,573.0,887752.0,837.0
2022-23,101912255,West University El,1104,6948992.0,6294.0,7971104.0,7220.0,6047727.0,5478.0,6910190.0,6259.0,684623.0,620.0,840168.0,761.0,216642.0,196.0,220746.0,200.0,6732350.0,6098.0,7750358.0,7020.0,5130549.0,4647.0,5982640.0,5419.0,82515.0,75.0,82515.0,75.0,66039.0,60.0,66039.0,60.0,103718.0,94.0,103718.0,94.0,563688.0,511.0,563688.0,511.0,259844.0,235.0,264413.0,240.0,2080.0,2.0,8937.0,8.0,107648.0,98.0,111008.0,101.0,0.0,0.0,0.0,0.0,0.0,0.0,96583.0,87.0,0.0,0.0,52192.0,47.0,356528.0,323.0,358884.0,325.0,0.0,0.0,0.0,0.0,59741.0,54.0,59741.0,54.0,5363692.0,4858.0,6064202.0,5493.0,173493.0,157.0,174592.0,158.0,0.0,0.0,0.0,0.0,485058.0,439.0,510057.0,462.0,158140.0,143.0,256656.0,232.0,46686.0,42.0,47798.0,43.0,89012.0,81.0,89012.0,81.0,0.0,0.0,1552.0,1.0,0.0,0.0,0.0,0.0,0.0,0.0,0.0,0.0,416269.0,377.0,574222.0,520.0
2022-23,101912017,Westbury H S,2243,18214925.0,8121.0,21593465.0,9627.0,15576669.0,6945.0,17518452.0,7810.0,2506128.0,1117.0,3940497.0,1757.0,132128.0,59.0,134516.0,60.0,18082797.0,8062.0,21458949.0,9567.0,11902551.0,5307.0,14150260.0,6309.0,106935.0,48.0,108042.0,48.0,248689.0,111.0,285375.0,127.0,341858.0,152.0,341858.0,152.0,2380539.0,1061.0,2657772.0,1185.0,557350.0,248.0,753217.0,336.0,245944.0,110.0,276994.0,123.0,167523.0,75.0,171038.0,76.0,0.0,0.0,0.0,0.0,0.0,0.0,401044.0,179.0,810701.0,361.0,929408.0,414.0,1113107.0,496.0,1120283.0,499.0,31401.0,14.0,31401.0,14.0,176199.0,79.0,176199.0,79.0,9961588.0,4441.0,10869676.0,4846.0,7567.0,3.0,7567.0,3.0,2353893.0,1049.0,2412672.0,1076.0,2640337.0,1177.0,2884474.0,1286.0,788968.0,352.0,2201879.0,982.0,67945.0,30.0,67945.0,30.0,0.0,0.0,0.0,0.0,0.0,0.0,0.0,0.0,131091.0,58.0,138091.0,62.0,661676.0,295.0,662804.0,295.0,1469732.0,655.0,2213841.0,987.0
2022-23,101912036,Westside H S,2873,20427281.0,7110.0,23513025.0,8184.0,16808472.0,5850.0,18963275.0,6601.0,3102381.0,1080.0,4030880.0,1403.0,516428.0,180.0,518870.0,181.0,19910853.0,6930.0,22994155.0,8004.0,13354149.0,4648.0,15231076.0,5301.0,101513.0,35.0,102583.0,36.0,208774.0,73.0,208774.0,73.0,420742.0,146.0,420742.0,146.0,2765678.0,963.0,2777421.0,967.0,692664.0,241.0,796969.0,277.0,92726.0,32.0,312221.0,109.0,173331.0,60.0,176843.0,62.0,0.0,0.0,0.0,0.0,0.0,0.0,389865.0,136.0,726236.0,253.0,1164417.0,405.0,1290987.0,449.0,1315243.0,458.0,24914.0,9.0,38862.0,14.0,59139.0,21.0,59139.0,21.0,10157650.0,3536.0,11081836.0,3857.0,834.0,0.0,834.0,0.0,2907811.0,1012.0,3008655.0,1047.0,2395920.0,834.0,2516680.0,876.0,1765316.0,614.0,2824970.0,983.0,100216.0,35.0,100216.0,35.0,0.0,0.0,0.0,0.0,0.0,0.0,0.0,0.0,482007.0,168.0,504038.0,175.0,682189.0,237.0,696092.0,242.0,1418910.0,494.0,2260834.0,787.0
2022-23,101912256,Wharton K-8 Dual Language Academy,627,4442525.0,7085.0,5823000.0,9287.0,3988839.0,6362.0,5094158.0,8125.0,441973.0,705.0,717129.0,1144.0,11713.0,19.0,11713.0,19.0,4430812.0,7067.0,5811287.0,9268.0,3464587.0,5526.0,4237541.0,6758.0,88717.0,141.0,89807.0,143.0,116683.0,186.0,116683.0,186.0,57380.0,92.0,57380.0,92.0,326481.0,521.0,328829.0,524.0,76275.0,122.0,76275.0,122.0,50888.0,81.0,76459.0,122.0,98876.0,158.0,102397.0,163.0,0.0,0.0,0.0,0.0,0.0,0.0,178830.0,285.0,296.0,0.0,394340.0,629.0,150353.0,240.0,152470.0,243.0,0.0,0.0,0.0,0.0,0.0,0.0,0.0,0.0,3301307.0,5265.0,3763917.0,6003.0,11794.0,19.0,11794.0,19.0,0.0,0.0,0.0,0.0,141930.0,226.0,147741.0,236.0,222457.0,355.0,416983.0,665.0,340562.0,543.0,421512.0,672.0,261837.0,418.0,261837.0,418.0,0.0,0.0,0.0,0.0,0.0,0.0,0.0,0.0,0.0,0.0,0.0,0.0,150925.0,241.0,740782.0,1181.0
2022-23,101912018,Wheatley H S,639,8822483.0,13807.0,10720392.0,16777.0,7274807.0,11385.0,8625740.0,13499.0,1540323.0,2411.0,2087299.0,3267.0,7353.0,12.0,7353.0,12.0,8815130.0,13795.0,10713039.0,16765.0,5073673.0,7940.0,6634028.0,10382.0,110822.0,173.0,110822.0,173.0,45723.0,72.0,94693.0,148.0,180552.0,283.0,180552.0,283.0,1152778.0,1804.0,1152778.0,1804.0,723953.0,1133.0,779741.0,1220.0,76015.0,119.0,80788.0,126.0,141525.0,221.0,145025.0,227.0,0.0,0.0,0.0,0.0,0.0,0.0,123958.0,194.0,379125.0,593.0,402215.0,629.0,916089.0,1434.0,929852.0,1455.0,7072.0,11.0,56425.0,88.0,7803.0,12.0,7803.0,12.0,3382582.0,5294.0,4142196.0,6482.0,2263.0,4.0,2263.0,4.0,1127388.0,1764.0,1174773.0,1838.0,2201429.0,3445.0,2284796.0,3576.0,439329.0,688.0,1148828.0,1798.0,7582.0,12.0,7582.0,12.0,0.0,0.0,0.0,0.0,0.0,0.0,0.0,0.0,344468.0,539.0,356289.0,558.0,377652.0,591.0,377652.0,591.0,932437.0,1459.0,1218660.0,1907.0
2022-23,101912257,Whidby El,394,3004902.0,7627.0,4263364.0,10821.0,2539021.0,6444.0,3328807.0,8449.0,332600.0,844.0,779083.0,1977.0,133281.0,338.0,155474.0,395.0,2871621.0,7288.0,4107890.0,10426.0,1988232.0,5046.0,2860811.0,7261.0,87353.0,222.0,87353.0,222.0,113316.0,288.0,153255.0,389.0,40168.0,102.0,40168.0,102.0,294563.0,748.0,294563.0,748.0,136994.0,348.0,139380.0,354.0,11937.0,30.0,22979.0,58.0,90926.0,231.0,94468.0,240.0,0.0,0.0,0.0,0.0,0.0,0.0,246886.0,627.0,100.0,0.0,28918.0,73.0,107046.0,272.0,107951.0,274.0,0.0,0.0,25522.0,65.0,986.0,3.0,986.0,3.0,1879565.0,4770.0,2339661.0,5938.0,856.0,2.0,856.0,2.0,0.0,0.0,0.0,0.0,444208.0,1127.0,455789.0,1157.0,274075.0,696.0,663352.0,1684.0,83547.0,212.0,98094.0,249.0,81238.0,206.0,81238.0,206.0,0.0,0.0,0.0,0.0,0.0,0.0,0.0,0.0,0.0,0.0,0.0,0.0,108132.0,274.0,424916.0,1078.0
2022-23,101912267,White E El,706,5159874.0,7309.0,6749610.0,9560.0,4237967.0,6003.0,5334393.0,7556.0,807368.0,1144.0,1280781.0,1814.0,114539.0,162.0,134436.0,190.0,5045335.0,7146.0,6615174.0,9370.0,3630364.0,5142.0,4792220.0,6788.0,83777.0,119.0,83777.0,119.0,197674.0,280.0,197674.0,280.0,65200.0,92.0,65200.0,92.0,461498.0,654.0,461498.0,654.0,126647.0,179.0,129701.0,184.0,42615.0,60.0,66109.0,94.0,94009.0,133.0,97551.0,138.0,0.0,0.0,0.0,0.0,0.0,0.0,339357.0,481.0,15128.0,21.0,48201.0,68.0,298288.0,423.0,303751.0,430.0,0.0,0.0,0.0,0.0,30135.0,43.0,30135.0,43.0,3274137.0,4638.0,3842375.0,5442.0,0.0,0.0,0.0,0.0,0.0,0.0,0.0,0.0,460933.0,653.0,475192.0,673.0,315916.0,447.0,784484.0,1111.0,262131.0,371.0,305875.0,433.0,388667.0,551.0,388667.0,551.0,0.0,0.0,0.0,0.0,0.0,0.0,0.0,0.0,0.0,0.0,0.0,0.0,343551.0,487.0,728231.0,1031.0
2022-23,101912258,Whittier El,354,2773584.0,7835.0,3433048.0,9698.0,2494480.0,7047.0,2838942.0,8020.0,273416.0,772.0,588418.0,1662.0,5688.0,16.0,5688.0,16.0,2767896.0,7819.0,3427360.0,9682.0,1897369.0,5360.0,2305225.0,6512.0,82948.0,234.0,82948.0,234.0,33620.0,95.0,33620.0,95.0,44921.0,127.0,44921.0,127.0,373996.0,1056.0,373996.0,1056.0,157607.0,445.0,159973.0,452.0,1392.0,4.0,10946.0,31.0,95816.0,271.0,99342.0,281.0,0.0,0.0,0.0,0.0,0.0,0.0,194453.0,549.0,0.0,0.0,7355.0,21.0,80227.0,227.0,81625.0,231.0,0.0,0.0,0.0,0.0,0.0,0.0,-1873.0,-5.0,1867922.0,5277.0,2071761.0,5852.0,242.0,1.0,242.0,1.0,0.0,0.0,0.0,0.0,516598.0,1459.0,527975.0,1491.0,135525.0,383.0,302337.0,854.0,129529.0,366.0,173187.0,489.0,37853.0,107.0,37853.0,107.0,0.0,0.0,0.0,0.0,0.0,0.0,0.0,0.0,0.0,0.0,0.0,0.0,80227.0,227.0,287452.0,812.0
2022-23,101912082,Williams Middle,411,4855984.0,11815.0,6430697.0,15646.0,3904822.0,9501.0,4734512.0,11519.0,741270.0,1804.0,1326173.0,3227.0,209892.0,511.0,370012.0,900.0,4646092.0,11304.0,6060685.0,14746.0,3220567.0,7836.0,4200735.0,10221.0,70342.0,171.0,70342.0,171.0,121533.0,296.0,189322.0,461.0,72015.0,175.0,72015.0,175.0,444645.0,1082.0,546141.0,1329.0,257822.0,627.0,260188.0,633.0,7692.0,19.0,37375.0,91.0,90154.0,219.0,93509.0,228.0,0.0,0.0,0.0,0.0,0.0,0.0,183022.0,445.0,95533.0,232.0,101030.0,246.0,258729.0,630.0,262242.0,638.0,7060.0,17.0,44764.0,109.0,0.0,0.0,0.0,0.0,2852338.0,6940.0,3338728.0,8123.0,440.0,1.0,440.0,1.0,0.0,0.0,0.0,0.0,960448.0,2337.0,1075726.0,2617.0,222111.0,540.0,650243.0,1582.0,6086.0,15.0,6086.0,15.0,0.0,0.0,0.0,0.0,0.0,0.0,0.0,0.0,243347.0,592.0,243347.0,592.0,95533.0,232.0,95533.0,232.0,265789.0,647.0,650582.0,1583.0
2022-23,101912260,Windsor Village El,656,4865906.0,7418.0,5999330.0,9145.0,4468067.0,6811.0,5185406.0,7905.0,388967.0,593.0,805052.0,1227.0,8872.0,14.0,8872.0,14.0,4857034.0,7404.0,5990458.0,9132.0,3629971.0,5533.0,4380875.0,6678.0,100356.0,153.0,100356.0,153.0,168939.0,258.0,178939.0,273.0,66953.0,102.0,66953.0,102.0,442988.0,675.0,443269.0,676.0,178450.0,272.0,181917.0,277.0,28492.0,43.0,45233.0,69.0,104702.0,160.0,108233.0,165.0,0.0,0.0,0.0,0.0,0.0,0.0,306487.0,467.0,2991.0,5.0,39180.0,60.0,129438.0,197.0,130786.0,199.0,2334.0,4.0,2334.0,4.0,0.0,0.0,0.0,0.0,3177562.0,4844.0,3554981.0,5419.0,3628.0,6.0,3628.0,6.0,0.0,0.0,0.0,0.0,477208.0,727.0,488805.0,745.0,632637.0,964.0,958191.0,1461.0,218250.0,333.0,241749.0,369.0,211708.0,323.0,211708.0,323.0,0.0,0.0,0.0,0.0,0.0,0.0,0.0,0.0,0.0,0.0,0.0,0.0,136041.0,207.0,482470.0,735.0
2022-23,101912009,Wisdom H S,2260,15802437.0,6992.0,20246669.0,8959.0,12891987.0,5704.0,15095349.0,6679.0,2391468.0,1058.0,4432158.0,1961.0,518982.0,230.0,719162.0,318.0,15283455.0,6763.0,19527507.0,8640.0,10546385.0,4667.0,13392055.0,5926.0,17749.0,8.0,17749.0,8.0,141683.0,63.0,168202.0,74.0,269311.0,119.0,269311.0,119.0,1826176.0,808.0,2159555.0,956.0,886079.0,392.0,989875.0,438.0,113921.0,50.0,186574.0,83.0,109776.0,49.0,113131.0,50.0,0.0,0.0,0.0,0.0,0.0,0.0,708798.0,314.0,475505.0,210.0,611730.0,271.0,650393.0,288.0,654442.0,290.0,55844.0,25.0,55844.0,25.0,190633.0,84.0,190633.0,84.0,9023222.0,3993.0,10678073.0,4725.0,3768.0,2.0,3768.0,2.0,1826296.0,808.0,1899469.0,840.0,1570418.0,695.0,1638602.0,725.0,768103.0,340.0,2058519.0,911.0,195238.0,86.0,195238.0,86.0,0.0,0.0,0.0,0.0,0.0,0.0,0.0,0.0,524035.0,232.0,524035.0,232.0,447726.0,198.0,447726.0,198.0,924649.0,409.0,2082077.0,921.0
2022-23,101912127,Woodson School,567,3667507.0,6468.0,4865744.0,8582.0,3131867.0,5524.0,3956209.0,6977.0,411043.0,725.0,784938.0,1384.0,124597.0,220.0,124597.0,220.0,3542910.0,6249.0,4741147.0,8362.0,2605267.0,4595.0,3413323.0,6020.0,83320.0,147.0,83320.0,147.0,34440.0,61.0,35405.0,62.0,52870.0,93.0,52870.0,93.0,386172.0,681.0,394274.0,695.0,86049.0,152.0,86049.0,152.0,7064.0,12.0,130310.0,230.0,117994.0,208.0,121500.0,214.0,0.0,0.0,0.0,0.0,0.0,0.0,252327.0,445.0,1249.0,2.0,949.0,2.0,168235.0,297.0,168259.0,297.0,0.0,0.0,0.0,0.0,0.0,0.0,0.0,0.0,2371115.0,4182.0,2800708.0,4940.0,299.0,1.0,299.0,1.0,0.0,0.0,0.0,0.0,635072.0,1120.0,652488.0,1151.0,143977.0,254.0,625408.0,1103.0,1131.0,2.0,4062.0,7.0,221582.0,391.0,221582.0,391.0,0.0,0.0,0.0,0.0,0.0,0.0,0.0,0.0,0.0,0.0,0.0,0.0,169734.0,299.0,436600.0,770.0
2022-23,101912019,Worthing H S,826,7990159.0,9673.0,10661323.0,12907.0,6644496.0,8044.0,8165233.0,9885.0,1144749.0,1386.0,1618791.0,1960.0,200914.0,243.0,877299.0,1062.0,7789245.0,9430.0,9784024.0,11845.0,4892712.0,5923.0,6611489.0,8004.0,73124.0,89.0,73124.0,89.0,159291.0,193.0,159291.0,193.0,157803.0,191.0,157803.0,191.0,1111856.0,1346.0,1186570.0,1437.0,398165.0,482.0,402767.0,488.0,205498.0,249.0,208554.0,252.0,115517.0,140.0,119055.0,144.0,0.0,0.0,0.0,0.0,0.0,0.0,162290.0,196.0,309783.0,375.0,326341.0,395.0,365496.0,442.0,365947.0,443.0,0.0,0.0,0.0,0.0,0.0,0.0,0.0,0.0,3403542.0,4121.0,4196459.0,5080.0,3495.0,4.0,3495.0,4.0,1244693.0,1507.0,1296981.0,1570.0,1883553.0,2280.0,1940531.0,2349.0,568885.0,689.0,1386168.0,1678.0,9798.0,12.0,9798.0,12.0,0.0,0.0,0.0,0.0,0.0,0.0,0.0,0.0,0.0,0.0,10104.0,12.0,300728.0,364.0,300728.0,364.0,374551.0,453.0,639760.0,775.0
2022-23,101912020,Yates H S,847,7700719.0,9092.0,9700318.0,11453.0,6616492.0,7812.0,8248703.0,9739.0,1073470.0,1267.0,1440858.0,1701.0,10757.0,13.0,10757.0,13.0,7689962.0,9079.0,9689561.0,11440.0,4958591.0,5854.0,6300333.0,7438.0,104557.0,123.0,105650.0,125.0,124959.0,148.0,124959.0,148.0,161354.0,191.0,161354.0,191.0,884015.0,1044.0,1094493.0,1292.0,523446.0,618.0,642544.0,759.0,45595.0,54.0,148129.0,175.0,122880.0,145.0,126431.0,149.0,0.0,0.0,0.0,0.0,0.0,0.0,139937.0,165.0,359738.0,425.0,402291.0,475.0,391113.0,462.0,407296.0,481.0,12533.0,15.0,34963.0,41.0,1181.0,1.0,1181.0,1.0,3334671.0,3937.0,4300815.0,5078.0,1605.0,2.0,2720.0,3.0,836709.0,988.0,858588.0,1014.0,2192734.0,2589.0,2315979.0,2734.0,413834.0,489.0,809837.0,956.0,1588.0,2.0,1588.0,2.0,0.0,0.0,0.0,0.0,0.0,0.0,0.0,0.0,151567.0,179.0,152956.0,181.0,359738.0,425.0,359738.0,425.0,397516.0,469.0,887340.0,1048.0
2022-23,101912247,Young El,385,2968782.0,7711.0,4449174.0,11556.0,2484808.0,6454.0,3308079.0,8592.0,476345.0,1237.0,1081447.0,2809.0,7629.0,20.0,59648.0,155.0,2961153.0,7691.0,4389526.0,11401.0,2219365.0,5765.0,3091061.0,8029.0,38941.0,101.0,38941.0,101.0,34919.0,91.0,310183.0,806.0,44009.0,114.0,44009.0,114.0,284104.0,738.0,284104.0,738.0,150001.0,390.0,153429.0,399.0,6781.0,18.0,31947.0,83.0,89054.0,231.0,92408.0,240.0,0.0,0.0,0.0,0.0,0.0,0.0,222236.0,577.0,0.0,0.0,3685.0,10.0,93979.0,244.0,96091.0,250.0,0.0,0.0,17761.0,46.0,0.0,0.0,0.0,0.0,1852615.0,4812.0,2288519.0,5944.0,239.0,1.0,239.0,1.0,0.0,0.0,0.0,0.0,614476.0,1596.0,651015.0,1691.0,229735.0,597.0,783037.0,2034.0,1858.0,5.0,1858.0,5.0,168251.0,437.0,168251.0,437.0,0.0,0.0,0.0,0.0,0.0,0.0,0.0,0.0,0.0,0.0,0.0,0.0,93979.0,244.0,496607.0,1290.0
2022-23,101912463,Young Women's College Prep Academ,400,4035996.0,10090.0,4750471.0,11876.0,2800860.0,7002.0,3336672.0,8342.0,302038.0,755.0,480701.0,1202.0,933098.0,2333.0,933098.0,2333.0,3102898.0,7757.0,3817373.0,9543.0,2104355.0,5261.0,2645646.0,6614.0,3461.0,9.0,3461.0,9.0,49563.0,124.0,49563.0,124.0,58798.0,147.0,58798.0,147.0,495145.0,1238.0,495145.0,1238.0,50761.0,127.0,53130.0,133.0,27387.0,68.0,42739.0,107.0,60622.0,152.0,60622.0,152.0,0.0,0.0,0.0,0.0,0.0,0.0,133870.0,335.0,99132.0,248.0,120725.0,302.0,153113.0,383.0,153113.0,383.0,561.0,1.0,561.0,1.0,0.0,0.0,0.0,0.0,1877157.0,4693.0,2072947.0,5182.0,854.0,2.0,854.0,2.0,531390.0,1328.0,546986.0,1367.0,22740.0,57.0,28697.0,72.0,414113.0,1035.0,746317.0,1866.0,3842.0,10.0,3842.0,10.0,0.0,0.0,0.0,0.0,0.0,0.0,0.0,0.0,0.0,0.0,4527.0,11.0,99132.0,248.0,99132.0,248.0,153670.0,384.0,314071.0,785.0
2023-24,101912102,Alcott El,227,3852816.0,16973.0,4968433.0,21887.0,2788016.0,12282.0,3533047.0,15564.0,621668.0,2739.0,891569.0,3928.0,443132.0,1952.0,543817.0,2396.0,3409684.0,15021.0,4424616.0,19492.0,1997569.0,8800.0,2813733.0,12395.0,4786.0,21.0,4786.0,21.0,32780.0,144.0,32780.0,144.0,97894.0,431.0,97894.0,431.0,585599.0,2580.0,615160.0,2710.0,131628.0,580.0,136895.0,603.0,3176.0,14.0,3176.0,14.0,46722.0,206.0,48383.0,213.0,0.0,0.0,0.0,0.0,0.0,0.0,150908.0,665.0,0.0,0.0,0.0,0.0,500954.0,2207.0,509577.0,2245.0,0.0,0.0,0.0,0.0,8576.0,38.0,8576.0,38.0,2143057.0,9441.0,2193920.0,9665.0,0.0,0.0,0.0,0.0,0.0,0.0,0.0,0.0,602003.0,2652.0,640771.0,2823.0,41493.0,183.0,800223.0,3525.0,283.0,1.0,5592.0,25.0,113318.0,499.0,113318.0,499.0,0.0,0.0,0.0,0.0,0.0,0.0,0.0,0.0,0.0,0.0,0.0,0.0,509530.0,2245.0,669060.0,2947.0
2023-24,101912104,Almeda El,791,6114618.0,7730.0,6994721.0,8843.0,5217986.0,6597.0,5507733.0,6963.0,422558.0,534.0,1006472.0,1272.0,474074.0,599.0,480516.0,607.0,5640544.0,7131.0,6514205.0,8235.0,4050564.0,5121.0,4459183.0,5637.0,74718.0,94.0,74718.0,94.0,75402.0,95.0,75402.0,95.0,175921.0,222.0,175921.0,222.0,729222.0,922.0,729307.0,922.0,174442.0,221.0,174442.0,221.0,5230.0,7.0,5230.0,7.0,97436.0,123.0,97436.0,123.0,0.0,0.0,0.0,0.0,0.0,0.0,448212.0,567.0,119.0,0.0,9316.0,12.0,207808.0,263.0,211143.0,267.0,0.0,0.0,0.0,0.0,0.0,0.0,0.0,0.0,4134022.0,5226.0,4198499.0,5308.0,0.0,0.0,0.0,0.0,0.0,0.0,0.0,0.0,526935.0,666.0,615748.0,778.0,215692.0,273.0,439927.0,556.0,200858.0,254.0,236165.0,299.0,305428.0,386.0,305428.0,386.0,0.0,0.0,0.0,0.0,0.0,0.0,0.0,0.0,119.0,0.0,119.0,0.0,248574.0,314.0,709403.0,897.0
2023-24,101912105,Anderson El,586,4971371.0,8484.0,6132968.0,10466.0,4224351.0,7209.0,4716450.0,8049.0,317685.0,542.0,716358.0,1222.0,429335.0,733.0,700160.0,1195.0,4542036.0,7751.0,5432808.0,9271.0,3072304.0,5243.0,3636502.0,6206.0,90901.0,155.0,90901.0,155.0,64583.0,110.0,64583.0,110.0,144982.0,247.0,144982.0,247.0,716590.0,1223.0,716590.0,1223.0,168724.0,288.0,168724.0,288.0,4492.0,8.0,4492.0,8.0,108016.0,184.0,108016.0,184.0,0.0,0.0,0.0,0.0,194.0,0.0,315081.0,538.0,4916.0,8.0,11995.0,20.0,144851.0,247.0,145610.0,248.0,18087.0,31.0,18087.0,31.0,0.0,0.0,0.0,0.0,2992841.0,5107.0,3130202.0,5342.0,1205.0,2.0,1205.0,2.0,0.0,0.0,0.0,0.0,577298.0,985.0,672661.0,1148.0,386883.0,660.0,664843.0,1135.0,126707.0,216.0,161552.0,276.0,285658.0,487.0,285658.0,487.0,0.0,0.0,0.0,0.0,0.0,0.0,0.0,0.0,2616.0,4.0,2616.0,4.0,165432.0,282.0,488157.0,833.0
2023-24,101912478,Arabic Immersion Magnet School,611,4107755.0,6723.0,4683492.0,7665.0,3535677.0,5787.0,3931386.0,6434.0,524292.0,858.0,698295.0,1143.0,47786.0,78.0,53811.0,88.0,4059969.0,6645.0,4629681.0,7577.0,2794042.0,4573.0,3195171.0,5229.0,87461.0,143.0,87461.0,143.0,121669.0,199.0,121669.0,199.0,75042.0,123.0,75042.0,123.0,424794.0,695.0,424794.0,695.0,138887.0,227.0,138887.0,227.0,2191.0,4.0,9785.0,16.0,61455.0,101.0,62935.0,103.0,0.0,0.0,0.0,0.0,0.0,0.0,155144.0,254.0,1800.0,3.0,1800.0,3.0,352628.0,577.0,352628.0,577.0,0.0,0.0,0.0,0.0,0.0,0.0,0.0,0.0,3193049.0,5226.0,3204265.0,5244.0,0.0,0.0,0.0,0.0,0.0,0.0,0.0,0.0,20039.0,33.0,20039.0,33.0,136191.0,223.0,321402.0,526.0,286025.0,468.0,477655.0,782.0,70237.0,115.0,70237.0,115.0,0.0,0.0,0.0,0.0,0.0,0.0,0.0,0.0,0.0,0.0,0.0,0.0,354428.0,580.0,511052.0,836.0
2023-24,101912273,Ashford El,528,5345341.0,10124.0,7874273.0,14913.0,4798185.0,9087.0,6532912.0,12373.0,381062.0,722.0,689560.0,1306.0,166094.0,315.0,651801.0,1234.0,5179247.0,9809.0,7222472.0,13679.0,3672062.0,6955.0,5453114.0,10328.0,6307.0,12.0,6307.0,12.0,49999.0,95.0,49999.0,95.0,158984.0,301.0,158984.0,301.0,752527.0,1425.0,786015.0,1489.0,242566.0,459.0,252965.0,479.0,5085.0,10.0,3612.0,7.0,90289.0,171.0,91941.0,174.0,0.0,0.0,0.0,0.0,0.0,0.0,185140.0,351.0,0.0,0.0,28998.0,55.0,201428.0,381.0,203797.0,386.0,0.0,0.0,0.0,0.0,0.0,0.0,0.0,0.0,3929138.0,7442.0,4040840.0,7653.0,0.0,0.0,0.0,0.0,0.0,0.0,0.0,0.0,757516.0,1435.0,917990.0,1739.0,77917.0,148.0,1592245.0,3016.0,863.0,2.0,37541.0,71.0,212385.0,402.0,212385.0,402.0,0.0,0.0,0.0,0.0,0.0,0.0,0.0,0.0,0.0,0.0,0.0,0.0,201428.0,381.0,419695.0,795.0
2023-24,101912274,AskewEl,862,6747833.0,7828.0,7513619.0,8716.0,5971836.0,6928.0,6370919.0,7391.0,423963.0,492.0,783755.0,909.0,352034.0,408.0,358945.0,416.0,6395799.0,7420.0,7154674.0,8300.0,4646736.0,5391.0,5121823.0,5942.0,95837.0,111.0,95837.0,111.0,170424.0,198.0,170424.0,198.0,213078.0,247.0,213078.0,247.0,701224.0,813.0,701224.0,813.0,221576.0,257.0,221576.0,257.0,6825.0,8.0,6825.0,8.0,121627.0,141.0,121627.0,141.0,0.0,0.0,0.0,0.0,0.0,0.0,279477.0,324.0,17487.0,20.0,19575.0,23.0,188910.0,219.0,190608.0,221.0,4738.0,5.0,4738.0,5.0,0.0,0.0,0.0,0.0,3887217.0,4510.0,3967609.0,4603.0,171629.0,199.0,171629.0,199.0,0.0,0.0,0.0,0.0,734721.0,852.0,825685.0,958.0,979301.0,1136.0,1236239.0,1434.0,157800.0,183.0,186399.0,216.0,246659.0,286.0,246659.0,286.0,0.0,0.0,0.0,0.0,0.0,0.0,0.0,0.0,15507.0,18.0,15507.0,18.0,195628.0,227.0,478891.0,556.0
2023-24,101912106,Atherton El,470,6130895.0,13044.0,8042479.0,17112.0,5307081.0,11292.0,6788315.0,14443.0,334206.0,711.0,678490.0,1444.0,489608.0,1042.0,575674.0,1225.0,5641287.0,12003.0,7466805.0,15887.0,4117080.0,8760.0,5667695.0,12059.0,4527.0,10.0,4527.0,10.0,105695.0,225.0,105695.0,225.0,131850.0,281.0,131850.0,281.0,711844.0,1515.0,737758.0,1570.0,256740.0,546.0,267276.0,569.0,4096.0,9.0,16361.0,35.0,87511.0,186.0,89160.0,190.0,0.0,0.0,0.0,0.0,0.0,0.0,221766.0,472.0,54749.0,116.0,54749.0,116.0,160815.0,342.0,163588.0,348.0,0.0,0.0,0.0,0.0,6380.0,14.0,6380.0,14.0,4204195.0,8945.0,4309734.0,9170.0,0.0,0.0,0.0,0.0,0.0,0.0,0.0,0.0,874278.0,1860.0,910677.0,1938.0,14467.0,31.0,1462922.0,3113.0,69.0,0.0,69.0,0.0,326334.0,694.0,326334.0,694.0,0.0,0.0,0.0,0.0,0.0,0.0,0.0,0.0,0.0,0.0,0.0,0.0,221944.0,472.0,446483.0,950.0
2023-24,101912041,Attucks Middle,440,6966108.0,15832.0,9136821.0,20766.0,5326119.0,12105.0,6514216.0,14805.0,1125528.0,2558.0,1527186.0,3471.0,514461.0,1169.0,1095419.0,2490.0,6451647.0,14663.0,8041402.0,18276.0,3965366.0,9012.0,5230950.0,11889.0,87923.0,200.0,90973.0,207.0,124825.0,284.0,126355.0,287.0,178219.0,405.0,178219.0,405.0,639344.0,1453.0,656816.0,1493.0,343848.0,781.0,359726.0,818.0,49049.0,111.0,49049.0,111.0,102861.0,234.0,104517.0,238.0,0.0,0.0,0.0,0.0,0.0,0.0,244920.0,557.0,131537.0,299.0,156128.0,355.0,828675.0,1883.0,840135.0,1909.0,0.0,0.0,1364.0,3.0,0.0,0.0,0.0,0.0,3184730.0,7238.0,3410933.0,7752.0,0.0,0.0,0.0,0.0,42155.0,96.0,43364.0,99.0,1396116.0,3173.0,1396116.0,3173.0,862807.0,1961.0,1940565.0,4410.0,5627.0,13.0,5627.0,13.0,0.0,0.0,0.0,0.0,0.0,0.0,0.0,0.0,0.0,0.0,0.0,0.0,131537.0,299.0,131537.0,299.0,828675.0,1883.0,1113260.0,2530.0
2023-24,101912001,Austin H S,1281,13960249.0,10898.0,16414800.0,12814.0,11775664.0,9193.0,12501487.0,9759.0,1696105.0,1324.0,2197872.0,1716.0,488480.0,381.0,1715441.0,1339.0,13471769.0,10517.0,14699359.0,11475.0,7819790.0,6104.0,8255972.0,6445.0,109432.0,85.0,109432.0,85.0,195736.0,153.0,195736.0,153.0,1032539.0,806.0,1032539.0,806.0,1963160.0,1533.0,2034542.0,1588.0,678621.0,530.0,887996.0,693.0,54397.0,42.0,54397.0,42.0,106530.0,83.0,106530.0,83.0,0.0,0.0,0.0,0.0,0.0,0.0,464155.0,362.0,455724.0,356.0,496328.0,387.0,851317.0,665.0,857209.0,669.0,77599.0,61.0,77599.0,61.0,83897.0,65.0,83897.0,65.0,6120802.0,4778.0,6081521.0,4747.0,71182.0,56.0,71182.0,56.0,2164372.0,1690.0,2185577.0,1706.0,1917035.0,1497.0,2051526.0,1602.0,644746.0,503.0,1213068.0,947.0,86816.0,68.0,86816.0,68.0,0.0,0.0,0.0,0.0,0.0,0.0,0.0,0.0,955252.0,746.0,967852.0,756.0,426614.0,333.0,427922.0,334.0,1077217.0,841.0,1606162.0,1254.0
2023-24,101912107,Barrick El,455,3598694.0,7909.0,4386567.0,9641.0,3297700.0,7248.0,3703671.0,8140.0,288513.0,634.0,545346.0,1199.0,12481.0,27.0,137550.0,302.0,3586213.0,7882.0,4249017.0,9338.0,2399010.0,5273.0,2804981.0,6165.0,86788.0,191.0,86788.0,191.0,48216.0,106.0,48216.0,106.0,100056.0,220.0,100056.0,220.0,535090.0,1176.0,535090.0,1176.0,131117.0,288.0,131117.0,288.0,2889.0,6.0,2889.0,6.0,104876.0,230.0,104876.0,230.0,0.0,0.0,0.0,0.0,621.0,1.0,242400.0,533.0,4734.0,10.0,17095.0,38.0,132657.0,292.0,135350.0,297.0,3000.0,7.0,3000.0,7.0,37159.0,82.0,37159.0,82.0,2665648.0,5859.0,2728572.0,5997.0,593.0,1.0,593.0,1.0,0.0,0.0,0.0,0.0,212674.0,467.0,296704.0,652.0,114938.0,253.0,291546.0,641.0,205952.0,453.0,241407.0,531.0,208237.0,458.0,208237.0,458.0,0.0,0.0,0.0,0.0,0.0,0.0,0.0,0.0,0.0,0.0,0.0,0.0,178171.0,392.0,435004.0,956.0
2023-24,101912108,Bastian El,664,4766629.0,7179.0,5583580.0,8409.0,4107870.0,6187.0,4553151.0,6857.0,642788.0,968.0,996207.0,1500.0,15971.0,24.0,34222.0,52.0,4750658.0,7155.0,5549358.0,8357.0,3575276.0,5384.0,4033869.0,6075.0,3653.0,6.0,3653.0,6.0,42871.0,65.0,42871.0,65.0,113944.0,172.0,113944.0,172.0,365421.0,550.0,365999.0,551.0,164386.0,248.0,164386.0,248.0,3622.0,5.0,3622.0,5.0,110914.0,167.0,112613.0,170.0,0.0,0.0,0.0,0.0,0.0,0.0,327796.0,494.0,0.0,0.0,239.0,0.0,275513.0,415.0,277163.0,417.0,0.0,0.0,0.0,0.0,70259.0,106.0,70259.0,106.0,3596169.0,5416.0,3637756.0,5479.0,0.0,0.0,0.0,0.0,0.0,0.0,0.0,0.0,488675.0,736.0,563759.0,849.0,144845.0,218.0,485319.0,731.0,21670.0,33.0,33223.0,50.0,128728.0,194.0,128728.0,194.0,0.0,0.0,0.0,0.0,0.0,0.0,0.0,0.0,0.0,0.0,0.0,0.0,370571.0,558.0,700256.0,1055.0
2023-24,101912467,Baylor College Of Medicine Academy,313,4090736.0,13069.0,4537050.0,14495.0,3318101.0,10601.0,3543173.0,11320.0,601828.0,1923.0,734775.0,2348.0,170807.0,546.0,259102.0,828.0,3919929.0,12524.0,4277948.0,13668.0,2508013.0,8013.0,2668059.0,8524.0,81149.0,259.0,149157.0,477.0,248453.0,794.0,253505.0,810.0,85554.0,273.0,85554.0,273.0,558651.0,1785.0,558651.0,1785.0,138132.0,441.0,138132.0,441.0,2471.0,8.0,1991.0,6.0,50596.0,162.0,50596.0,162.0,0.0,0.0,0.0,0.0,0.0,0.0,125393.0,401.0,5417.0,17.0,5417.0,17.0,241493.0,772.0,241493.0,772.0,0.0,0.0,0.0,0.0,0.0,0.0,0.0,0.0,2563888.0,8191.0,2571922.0,8217.0,4807.0,15.0,4807.0,15.0,108361.0,346.0,108361.0,346.0,240305.0,768.0,240305.0,768.0,657157.0,2100.0,881749.0,2817.0,-1495.0,-5.0,-1495.0,-5.0,0.0,0.0,0.0,0.0,0.0,0.0,0.0,0.0,99996.0,319.0,99996.0,319.0,2717.0,9.0,2717.0,9.0,244193.0,780.0,369586.0,1181.0
2023-24,101912234,Baylor College Of Medicine Biotech,350,3936207.0,11246.0,4351441.0,12433.0,3446059.0,9846.0,3721553.0,10633.0,465282.0,1329.0,605022.0,1729.0,24866.0,71.0,24866.0,71.0,3911341.0,11175.0,4326575.0,12362.0,2477311.0,7078.0,2648750.0,7568.0,87572.0,250.0,182483.0,521.0,271717.0,776.0,282120.0,806.0,94522.0,270.0,94522.0,270.0,633983.0,1811.0,633983.0,1811.0,121112.0,346.0,121112.0,346.0,2709.0,8.0,2499.0,7.0,81936.0,234.0,81936.0,234.0,0.0,0.0,0.0,0.0,0.0,0.0,131177.0,375.0,9155.0,26.0,16669.0,48.0,82484.0,236.0,82484.0,236.0,48840.0,140.0,48840.0,140.0,0.0,0.0,0.0,0.0,3273178.0,9352.0,3274437.0,9356.0,0.0,0.0,0.0,0.0,132773.0,379.0,133983.0,383.0,79312.0,227.0,165010.0,471.0,197272.0,564.0,385648.0,1102.0,5617.0,16.0,5617.0,16.0,0.0,0.0,0.0,0.0,0.0,0.0,0.0,0.0,82710.0,236.0,82710.0,236.0,1236.0,4.0,1236.0,4.0,139243.0,398.0,277934.0,794.0
2023-24,101912151,Bell El,564,5381800.0,9542.0,6042475.0,10714.0,4475238.0,7935.0,4847033.0,8594.0,520644.0,923.0,796875.0,1413.0,385918.0,684.0,398567.0,707.0,4995882.0,8858.0,5643908.0,10007.0,3435044.0,6091.0,3866966.0,6856.0,83186.0,147.0,83186.0,147.0,156956.0,278.0,157349.0,279.0,152731.0,271.0,152731.0,271.0,650809.0,1154.0,657685.0,1166.0,164514.0,292.0,164514.0,292.0,4959.0,9.0,4365.0,8.0,116673.0,207.0,116673.0,207.0,0.0,0.0,0.0,0.0,0.0,0.0,201123.0,357.0,6047.0,11.0,6126.0,11.0,211575.0,375.0,214215.0,380.0,0.0,0.0,0.0,0.0,13388.0,24.0,13388.0,24.0,3044926.0,5399.0,3093412.0,5485.0,594.0,1.0,594.0,1.0,0.0,0.0,0.0,0.0,949499.0,1684.0,949668.0,1684.0,265340.0,470.0,622172.0,1103.0,113425.0,201.0,152086.0,270.0,391088.0,693.0,391088.0,693.0,0.0,0.0,0.0,0.0,0.0,0.0,0.0,0.0,372.0,1.0,372.0,1.0,230638.0,409.0,434480.0,770.0
2023-24,101912002,Bellaire H S,3153,24568365.0,7792.0,27077268.0,8588.0,22546026.0,7151.0,23270568.0,7380.0,1900033.0,603.0,3078476.0,976.0,122306.0,39.0,728224.0,231.0,24446059.0,7753.0,26349044.0,8357.0,16383936.0,5196.0,17095432.0,5422.0,97569.0,31.0,97569.0,31.0,258382.0,82.0,265882.0,84.0,1325572.0,420.0,1325572.0,420.0,2841571.0,901.0,2843834.0,902.0,1133391.0,359.0,1451378.0,460.0,207964.0,66.0,207964.0,66.0,179622.0,57.0,179622.0,57.0,0.0,0.0,0.0,0.0,0.0,0.0,441708.0,140.0,960486.0,305.0,1351639.0,429.0,768247.0,244.0,771175.0,245.0,98384.0,31.0,98384.0,31.0,189018.0,60.0,189018.0,60.0,15231384.0,4831.0,15465801.0,4905.0,176489.0,56.0,176489.0,56.0,1832412.0,581.0,1844898.0,585.0,2512462.0,797.0,2764735.0,877.0,1402955.0,445.0,1961810.0,622.0,94214.0,30.0,94276.0,30.0,0.0,0.0,0.0,0.0,0.0,0.0,0.0,0.0,1178402.0,374.0,1178402.0,374.0,635948.0,202.0,635948.0,202.0,1381793.0,438.0,2226518.0,706.0
2023-24,101912360,Bellfort Early Childhood Center,319,2879895.0,9028.0,3457020.0,10837.0,2559621.0,8024.0,2860642.0,8968.0,293473.0,920.0,561354.0,1760.0,26801.0,84.0,35024.0,110.0,2853094.0,8944.0,3421996.0,10727.0,1890995.0,5928.0,2273276.0,7126.0,76754.0,241.0,76754.0,241.0,36373.0,114.0,36373.0,114.0,81989.0,257.0,81989.0,257.0,512921.0,1608.0,523510.0,1641.0,42479.0,133.0,42479.0,133.0,2379.0,7.0,2379.0,7.0,85672.0,269.0,85672.0,269.0,0.0,0.0,0.0,0.0,0.0,0.0,163092.0,511.0,7663.0,24.0,16092.0,50.0,116109.0,364.0,117172.0,367.0,1282.0,4.0,1282.0,4.0,-1522.0,-5.0,-1522.0,-5.0,1652095.0,5179.0,1655984.0,5191.0,83.0,0.0,83.0,0.0,0.0,0.0,0.0,0.0,326535.0,1024.0,326535.0,1024.0,157483.0,494.0,435060.0,1364.0,205810.0,645.0,232277.0,728.0,387556.0,1215.0,387556.0,1215.0,0.0,0.0,0.0,0.0,0.0,0.0,0.0,0.0,7663.0,24.0,7663.0,24.0,115869.0,363.0,299042.0,937.0
2023-24,101912295,Benavidez El,836,6988187.0,8359.0,10032315.0,12000.0,5946841.0,7113.0,7980768.0,9546.0,751089.0,898.0,1215955.0,1454.0,290257.0,347.0,835592.0,1000.0,6697930.0,8012.0,9196723.0,11001.0,4832547.0,5781.0,6926758.0,8286.0,8230.0,10.0,8230.0,10.0,64082.0,77.0,64082.0,77.0,212443.0,254.0,212443.0,254.0,1020283.0,1220.0,1053619.0,1260.0,113899.0,136.0,113899.0,136.0,6771.0,8.0,6771.0,8.0,106442.0,127.0,109726.0,131.0,0.0,0.0,0.0,0.0,0.0,0.0,365214.0,437.0,0.0,0.0,0.0,0.0,239711.0,287.0,242459.0,290.0,822.0,1.0,822.0,1.0,9450.0,11.0,9450.0,11.0,5254124.0,6285.0,5329075.0,6374.0,0.0,0.0,0.0,0.0,0.0,0.0,0.0,0.0,894459.0,1070.0,930376.0,1113.0,184038.0,220.0,2089364.0,2499.0,134.0,0.0,114774.0,137.0,115192.0,138.0,115192.0,138.0,0.0,0.0,0.0,0.0,0.0,0.0,0.0,0.0,0.0,0.0,0.0,0.0,249983.0,299.0,617942.0,739.0
2023-24,101912268,Benbrook El,484,3692619.0,7629.0,4287420.0,8858.0,3362156.0,6947.0,3688197.0,7620.0,307754.0,636.0,567556.0,1173.0,22709.0,47.0,31667.0,65.0,3669910.0,7582.0,4255753.0,8793.0,2491472.0,5148.0,2838180.0,5864.0,95235.0,197.0,95235.0,197.0,55077.0,114.0,55077.0,114.0,88512.0,183.0,88512.0,183.0,544781.0,1126.0,544781.0,1126.0,143985.0,297.0,143985.0,297.0,2539.0,5.0,2539.0,5.0,106969.0,221.0,106969.0,221.0,0.0,0.0,0.0,0.0,0.0,0.0,224141.0,463.0,453.0,1.0,10437.0,22.0,139866.0,289.0,142466.0,294.0,1021.0,2.0,1021.0,2.0,0.0,0.0,-1937.0,-4.0,2477630.0,5119.0,2515731.0,5198.0,1850.0,4.0,1850.0,4.0,0.0,0.0,0.0,0.0,185251.0,383.0,267174.0,552.0,341899.0,706.0,539049.0,1114.0,181544.0,375.0,215410.0,445.0,340396.0,703.0,340396.0,703.0,0.0,0.0,0.0,0.0,0.0,0.0,0.0,0.0,0.0,0.0,0.0,0.0,141340.0,292.0,376128.0,777.0
2023-24,101912109,Berry El,754,8407210.0,11150.0,11903263.0,15787.0,7715437.0,10233.0,9961392.0,13211.0,406059.0,539.0,1033314.0,1370.0,285714.0,379.0,908557.0,1205.0,8121496.0,10771.0,10994706.0,14582.0,6187109.0,8206.0,8560865.0,11354.0,7503.0,10.0,7503.0,10.0,114277.0,152.0,114277.0,152.0,199207.0,264.0,199207.0,264.0,974351.0,1292.0,1017036.0,1349.0,277474.0,368.0,289676.0,384.0,6102.0,8.0,3972.0,5.0,136596.0,181.0,138210.0,183.0,0.0,0.0,0.0,0.0,0.0,0.0,398439.0,528.0,3811.0,5.0,25014.0,33.0,203141.0,269.0,212673.0,282.0,382.0,1.0,382.0,1.0,11543.0,15.0,11543.0,15.0,6198963.0,8221.0,6266594.0,8311.0,0.0,0.0,0.0,0.0,0.0,0.0,0.0,0.0,919876.0,1220.0,971028.0,1288.0,18751.0,25.0,2237311.0,2967.0,242318.0,321.0,305575.0,405.0,522711.0,693.0,522711.0,693.0,0.0,0.0,0.0,0.0,0.0,0.0,0.0,0.0,0.0,0.0,0.0,0.0,218877.0,290.0,641322.0,851.0
2023-24,101912042,Black Middle,1330,9363780.0,7040.0,11856401.0,8915.0,8258707.0,6210.0,9889974.0,7436.0,931431.0,700.0,1475662.0,1110.0,173642.0,131.0,490765.0,369.0,9190138.0,6910.0,11365636.0,8546.0,6672008.0,5017.0,8300168.0,6241.0,84475.0,64.0,84475.0,64.0,156067.0,117.0,156067.0,117.0,263360.0,198.0,263360.0,198.0,1237968.0,931.0,1365537.0,1027.0,156424.0,118.0,156424.0,118.0,8399.0,6.0,8399.0,6.0,100957.0,76.0,100957.0,76.0,0.0,0.0,0.0,0.0,0.0,0.0,297774.0,224.0,192320.0,145.0,295695.0,222.0,326296.0,245.0,333167.0,251.0,15146.0,11.0,26818.0,20.0,-23282.0,-18.0,-23282.0,-18.0,6493476.0,4882.0,6493476.0,4882.0,23981.0,18.0,23981.0,18.0,79342.0,60.0,80562.0,61.0,1398064.0,1051.0,1481234.0,1114.0,533555.0,401.0,1023459.0,770.0,72017.0,54.0,1246366.0,937.0,0.0,0.0,0.0,0.0,0.0,0.0,0.0,0.0,79223.0,60.0,79223.0,60.0,164895.0,124.0,164895.0,124.0,345585.0,260.0,772440.0,581.0
2023-24,101912110,Blackshear El,301,4724759.0,15697.0,6102062.0,20273.0,3923199.0,13034.0,5077188.0,16868.0,292475.0,972.0,511115.0,1698.0,509085.0,1691.0,513759.0,1707.0,4215674.0,14006.0,5588303.0,18566.0,2769463.0,9201.0,3902690.0,12966.0,98173.0,326.0,103455.0,344.0,63820.0,212.0,63820.0,212.0,123386.0,410.0,123386.0,410.0,651180.0,2163.0,689408.0,2290.0,212921.0,707.0,223275.0,742.0,11256.0,37.0,11256.0,37.0,89909.0,299.0,91567.0,304.0,0.0,0.0,0.0,0.0,0.0,0.0,176064.0,585.0,0.0,0.0,1148.0,4.0,193317.0,642.0,195959.0,651.0,0.0,0.0,0.0,0.0,1766.0,6.0,1766.0,6.0,2865470.0,9520.0,2891319.0,9606.0,0.0,0.0,0.0,0.0,0.0,0.0,0.0,0.0,802965.0,2668.0,832978.0,2767.0,13748.0,46.0,1140407.0,3789.0,0.0,0.0,0.0,0.0,337925.0,1123.0,337925.0,1123.0,0.0,0.0,0.0,0.0,0.0,0.0,0.0,0.0,0.0,0.0,0.0,0.0,195566.0,650.0,375426.0,1247.0
2023-24,101912111,Bonham El,985,8039191.0,8162.0,11839223.0,12020.0,7154110.0,7263.0,9526975.0,9672.0,591636.0,601.0,1224434.0,1243.0,293445.0,298.0,1087814.0,1104.0,7745746.0,7864.0,10751409.0,10915.0,5692724.0,5779.0,8219049.0,8344.0,9521.0,10.0,9521.0,10.0,94050.0,95.0,94050.0,95.0,243542.0,247.0,243542.0,247.0,1045434.0,1061.0,1092345.0,1109.0,190325.0,193.0,195610.0,199.0,7585.0,8.0,7585.0,8.0,105607.0,107.0,107247.0,109.0,0.0,0.0,0.0,0.0,0.0,0.0,421037.0,427.0,1250.0,1.0,1250.0,1.0,348309.0,354.0,352774.0,358.0,1242.0,1.0,1242.0,1.0,6157.0,6.0,6157.0,6.0,6006546.0,6098.0,6058389.0,6151.0,0.0,0.0,0.0,0.0,0.0,0.0,0.0,0.0,759172.0,771.0,795942.0,808.0,157397.0,160.0,2515569.0,2554.0,101310.0,103.0,230102.0,234.0,364363.0,370.0,364363.0,370.0,0.0,0.0,0.0,0.0,0.0,0.0,0.0,0.0,0.0,0.0,0.0,0.0,356958.0,362.0,782460.0,794.0
2023-24,101912112,Bonner El,595,6481038.0,10893.0,8450932.0,14203.0,5357248.0,9004.0,6930631.0,11648.0,581473.0,977.0,975949.0,1640.0,542317.0,911.0,544352.0,915.0,5938721.0,9981.0,7906580.0,13288.0,4144334.0,6965.0,5772481.0,9702.0,37085.0,62.0,37085.0,62.0,79030.0,133.0,79030.0,133.0,190539.0,320.0,190539.0,320.0,770692.0,1295.0,801642.0,1347.0,259152.0,436.0,269551.0,453.0,7590.0,13.0,7590.0,13.0,107108.0,180.0,108759.0,183.0,0.0,0.0,0.0,0.0,0.0,0.0,276834.0,465.0,0.0,0.0,7636.0,13.0,333129.0,560.0,337518.0,567.0,0.0,0.0,0.0,0.0,10062.0,17.0,10062.0,17.0,3997886.0,6719.0,4080365.0,6858.0,0.0,0.0,0.0,0.0,0.0,0.0,0.0,0.0,1015617.0,1707.0,1055300.0,1774.0,193994.0,326.0,1681886.0,2827.0,24588.0,41.0,87953.0,148.0,363445.0,611.0,363445.0,611.0,0.0,0.0,0.0,0.0,0.0,0.0,0.0,0.0,0.0,0.0,0.0,0.0,343191.0,577.0,632050.0,1062.0
2023-24,101912114,Braeburn El,858,6972213.0,8126.0,9281865.0,10818.0,6028164.0,7026.0,6675963.0,7781.0,734609.0,856.0,2372243.0,2765.0,209440.0,244.0,233659.0,272.0,6762773.0,7882.0,9048206.0,10546.0,4893551.0,5703.0,5585498.0,6510.0,98861.0,115.0,98861.0,115.0,80156.0,93.0,84666.0,99.0,215786.0,251.0,215786.0,251.0,851925.0,993.0,853938.0,995.0,193319.0,225.0,193319.0,225.0,83600.0,97.0,83600.0,97.0,93995.0,110.0,95814.0,112.0,0.0,0.0,0.0,0.0,4492.0,5.0,531126.0,619.0,849.0,1.0,2466.0,3.0,245134.0,286.0,246854.0,288.0,0.0,0.0,0.0,0.0,0.0,0.0,0.0,0.0,4610400.0,5373.0,4678215.0,5452.0,1065.0,1.0,1065.0,1.0,0.0,0.0,0.0,0.0,930044.0,1084.0,1108884.0,1292.0,317659.0,370.0,740516.0,863.0,286411.0,334.0,321764.0,375.0,365614.0,426.0,365614.0,426.0,0.0,0.0,0.0,0.0,0.0,0.0,0.0,0.0,0.0,0.0,0.0,0.0,251580.0,293.0,783134.0,913.0
2023-24,101912116,Briargrove El,870,6113616.0,7027.0,6734730.0,7741.0,5224496.0,6005.0,5492440.0,6313.0,600914.0,691.0,953098.0,1096.0,288206.0,331.0,289192.0,332.0,5825410.0,6696.0,6445538.0,7409.0,4415151.0,5075.0,4729398.0,5436.0,72339.0,83.0,72339.0,83.0,65947.0,76.0,65947.0,76.0,178899.0,206.0,178899.0,206.0,567242.0,652.0,567638.0,652.0,180342.0,207.0,180342.0,207.0,5884.0,7.0,5688.0,7.0,96312.0,111.0,96312.0,111.0,0.0,0.0,0.0,0.0,0.0,0.0,255736.0,294.0,1122.0,1.0,48764.0,56.0,234992.0,270.0,237295.0,273.0,7180.0,8.0,7180.0,8.0,0.0,0.0,0.0,0.0,4226615.0,4858.0,4276162.0,4915.0,0.0,0.0,0.0,0.0,0.0,0.0,0.0,0.0,784267.0,901.0,856042.0,984.0,371255.0,427.0,564354.0,649.0,16677.0,19.0,16677.0,19.0,183302.0,211.0,183302.0,211.0,0.0,0.0,0.0,0.0,0.0,0.0,0.0,0.0,1122.0,1.0,1122.0,1.0,242172.0,278.0,547853.0,630.0
2023-24,101912344,Briarmeadow Charter,580,4695656.0,8096.0,5040615.0,8691.0,4272923.0,7367.0,4477108.0,7719.0,378112.0,652.0,515900.0,889.0,44621.0,77.0,47607.0,82.0,4651035.0,8019.0,4993008.0,8609.0,3354091.0,5783.0,3562554.0,6142.0,91042.0,157.0,91042.0,157.0,57618.0,99.0,57618.0,99.0,144305.0,249.0,144305.0,249.0,654274.0,1128.0,654274.0,1128.0,140952.0,243.0,140952.0,243.0,4621.0,8.0,4621.0,8.0,30899.0,53.0,30899.0,53.0,0.0,0.0,0.0,0.0,0.0,0.0,130136.0,224.0,7563.0,13.0,9087.0,16.0,160073.0,276.0,160073.0,276.0,5597.0,10.0,5597.0,10.0,0.0,0.0,0.0,0.0,3169444.0,5465.0,3226475.0,5563.0,2361.0,4.0,2361.0,4.0,0.0,0.0,0.0,0.0,822011.0,1417.0,822011.0,1417.0,146609.0,253.0,293003.0,505.0,58605.0,101.0,58605.0,101.0,278772.0,481.0,278772.0,481.0,0.0,0.0,0.0,0.0,0.0,0.0,0.0,0.0,2103.0,4.0,2103.0,4.0,171130.0,295.0,302790.0,522.0
2023-24,101912117,Briscoe El,227,2830579.0,12470.0,3315699.0,14607.0,2417770.0,10651.0,2694060.0,11868.0,342239.0,1508.0,511021.0,2251.0,70570.0,311.0,110618.0,487.0,2760009.0,12159.0,3205081.0,14119.0,1684937.0,7423.0,1973911.0,8696.0,4492.0,20.0,4492.0,20.0,32620.0,144.0,32620.0,144.0,92896.0,409.0,92896.0,409.0,482138.0,2124.0,486610.0,2144.0,150902.0,665.0,150902.0,665.0,3134.0,14.0,3119.0,14.0,93542.0,412.0,93542.0,412.0,0.0,0.0,0.0,0.0,0.0,0.0,133298.0,587.0,123.0,1.0,11937.0,53.0,215225.0,948.0,219168.0,965.0,0.0,0.0,0.0,0.0,0.0,0.0,0.0,0.0,1320031.0,5815.0,1433487.0,6315.0,470.0,2.0,470.0,2.0,0.0,0.0,0.0,0.0,869769.0,3832.0,869119.0,3829.0,96831.0,427.0,253412.0,1116.0,53904.0,237.0,82704.0,364.0,203656.0,897.0,203656.0,897.0,0.0,0.0,0.0,0.0,0.0,0.0,0.0,0.0,0.0,0.0,0.0,0.0,215348.0,949.0,362219.0,1596.0
2023-24,101912119,Brookline El,663,6718837.0,10134.0,9506516.0,14339.0,5953603.0,8980.0,7805674.0,11773.0,516893.0,780.0,1022522.0,1542.0,248341.0,375.0,678320.0,1023.0,6470496.0,9759.0,8828196.0,13316.0,4718400.0,7117.0,6672710.0,10064.0,6726.0,10.0,6726.0,10.0,60433.0,91.0,62860.0,95.0,182814.0,276.0,182814.0,276.0,821429.0,1239.0,862802.0,1301.0,262455.0,396.0,273042.0,412.0,5667.0,9.0,5667.0,9.0,57503.0,87.0,57503.0,87.0,0.0,0.0,0.0,0.0,0.0,0.0,336469.0,507.0,0.0,0.0,9029.0,14.0,346303.0,522.0,348443.0,526.0,0.0,0.0,0.0,0.0,8766.0,13.0,8766.0,13.0,5261389.0,7936.0,5375485.0,8108.0,0.0,0.0,0.0,0.0,0.0,0.0,0.0,0.0,530676.0,800.0,563059.0,849.0,61643.0,93.0,1843118.0,2780.0,27376.0,41.0,106885.0,161.0,234343.0,353.0,234343.0,353.0,0.0,0.0,0.0,0.0,0.0,0.0,0.0,0.0,0.0,0.0,0.0,0.0,355069.0,536.0,705290.0,1064.0
2023-24,101912120,Browning El,407,3668463.0,9013.0,4105611.0,10087.0,3056518.0,7510.0,3209470.0,7886.0,305528.0,751.0,533013.0,1310.0,306417.0,753.0,363128.0,892.0,3362046.0,8261.0,3742483.0,9195.0,2272122.0,5583.0,2455186.0,6032.0,90978.0,224.0,90978.0,224.0,53913.0,132.0,55471.0,136.0,94316.0,232.0,94316.0,232.0,542140.0,1332.0,552916.0,1359.0,47162.0,116.0,47162.0,116.0,2927.0,7.0,2927.0,7.0,93205.0,229.0,93205.0,229.0,0.0,0.0,0.0,0.0,0.0,0.0,179533.0,441.0,0.0,0.0,550.0,1.0,159167.0,391.0,164123.0,403.0,0.0,0.0,0.0,0.0,509.0,1.0,509.0,1.0,2192130.0,5386.0,2226368.0,5470.0,0.0,0.0,0.0,0.0,0.0,0.0,0.0,0.0,359425.0,883.0,359425.0,883.0,155823.0,383.0,286361.0,704.0,81026.0,199.0,111629.0,274.0,408359.0,1003.0,408359.0,1003.0,0.0,0.0,0.0,0.0,0.0,0.0,0.0,0.0,0.0,0.0,0.0,0.0,159676.0,392.0,344715.0,847.0
2023-24,101912121,Bruce El,310,3963270.0,12785.0,5396691.0,17409.0,3254672.0,10499.0,4418959.0,14255.0,303017.0,977.0,567523.0,1831.0,405581.0,1308.0,410209.0,1323.0,3557689.0,11476.0,4986482.0,16085.0,2342282.0,7556.0,3521276.0,11359.0,3830.0,12.0,3830.0,12.0,37297.0,120.0,37297.0,120.0,92550.0,299.0,92550.0,299.0,666191.0,2149.0,689111.0,2223.0,142496.0,460.0,147787.0,477.0,2995.0,10.0,2995.0,10.0,93490.0,302.0,95134.0,307.0,0.0,0.0,0.0,0.0,0.0,0.0,216445.0,698.0,1889.0,6.0,1889.0,6.0,168172.0,542.0,171671.0,554.0,0.0,0.0,0.0,0.0,6497.0,21.0,6497.0,21.0,2436529.0,7860.0,2482178.0,8007.0,0.0,0.0,0.0,0.0,0.0,0.0,0.0,0.0,643605.0,2076.0,776714.0,2506.0,63343.0,204.0,1067145.0,3442.0,47076.0,152.0,47076.0,152.0,190578.0,615.0,190578.0,615.0,0.0,0.0,0.0,0.0,0.0,0.0,0.0,0.0,1072.0,3.0,1072.0,3.0,175486.0,566.0,395430.0,1276.0
2023-24,101912122,Burbank El,749,6379590.0,8517.0,7468173.0,9971.0,5685862.0,7591.0,6215206.0,8298.0,649084.0,867.0,1132066.0,1511.0,44644.0,60.0,120901.0,161.0,6334946.0,8458.0,7347272.0,9809.0,4512884.0,6025.0,5088462.0,6794.0,86471.0,115.0,86471.0,115.0,156413.0,209.0,156413.0,209.0,187435.0,250.0,187435.0,250.0,738511.0,986.0,739904.0,988.0,174754.0,233.0,174754.0,233.0,5586.0,7.0,5566.0,7.0,100253.0,134.0,100253.0,134.0,0.0,0.0,0.0,0.0,0.0,0.0,431357.0,576.0,0.0,0.0,0.0,0.0,367052.0,490.0,369052.0,493.0,6796.0,9.0,6796.0,9.0,-1209.0,-2.0,-1209.0,-2.0,4229200.0,5646.0,4279228.0,5713.0,0.0,0.0,0.0,0.0,0.0,0.0,0.0,0.0,630498.0,842.0,718824.0,960.0,464607.0,620.0,821655.0,1097.0,309327.0,413.0,365361.0,488.0,328675.0,439.0,328675.0,439.0,0.0,0.0,0.0,0.0,0.0,0.0,0.0,0.0,0.0,0.0,0.0,0.0,372639.0,498.0,805996.0,1076.0
2023-24,101912043,Burbank Middle,1454,11292359.0,7766.0,13422473.0,9231.0,9585633.0,6593.0,10626645.0,7309.0,1333555.0,917.0,2112848.0,1453.0,373171.0,257.0,682980.0,470.0,10919188.0,7510.0,12739493.0,8762.0,7466163.0,5135.0,8460302.0,5819.0,78747.0,54.0,165631.0,114.0,181103.0,125.0,186247.0,128.0,288659.0,199.0,288659.0,199.0,1675603.0,1152.0,1678947.0,1155.0,397372.0,273.0,483607.0,333.0,62423.0,43.0,62423.0,43.0,101230.0,70.0,101230.0,70.0,0.0,0.0,0.0,0.0,0.0,0.0,556688.0,383.0,101372.0,70.0,181972.0,125.0,484624.0,333.0,487464.0,335.0,5040.0,3.0,5040.0,3.0,73930.0,51.0,73930.0,51.0,7823198.0,5380.0,7824431.0,5381.0,77890.0,54.0,77890.0,54.0,49473.0,34.0,49473.0,34.0,1205342.0,829.0,1459499.0,1004.0,666001.0,458.0,1551687.0,1067.0,387618.0,267.0,426138.0,293.0,0.0,0.0,0.0,0.0,0.0,0.0,0.0,0.0,41778.0,29.0,41778.0,29.0,97897.0,67.0,97897.0,67.0,569991.0,392.0,1210700.0,833.0
2023-24,101912124,Burnet El,365,3735259.0,10234.0,4941537.0,13538.0,3052354.0,8363.0,3572864.0,9789.0,612500.0,1678.0,933078.0,2556.0,70405.0,193.0,435595.0,1193.0,3664854.0,10041.0,4505942.0,12345.0,2167584.0,5939.0,2676160.0,7332.0,82904.0,227.0,82904.0,227.0,60869.0,167.0,60869.0,167.0,112009.0,307.0,112009.0,307.0,494542.0,1355.0,494542.0,1355.0,165380.0,453.0,165380.0,453.0,3041.0,8.0,3041.0,8.0,94926.0,260.0,94926.0,260.0,0.0,0.0,0.0,0.0,0.0,0.0,274962.0,753.0,23673.0,65.0,29523.0,81.0,446094.0,1222.0,449115.0,1230.0,3242.0,9.0,3242.0,9.0,0.0,0.0,0.0,0.0,2085338.0,5713.0,2110527.0,5782.0,562.0,2.0,562.0,2.0,0.0,0.0,0.0,0.0,385835.0,1057.0,454581.0,1245.0,300266.0,823.0,684722.0,1876.0,409254.0,1121.0,488118.0,1337.0,0.0,0.0,0.0,0.0,0.0,0.0,0.0,0.0,0.0,0.0,0.0,0.0,0.0,0.0,0.0,0.0,483599.0,1325.0,767432.0,2103.0
2023-24,101912125,Burrus El,215,2937818.0,13664.0,4204404.0,19555.0,2583003.0,12014.0,3378086.0,15712.0,254407.0,1183.0,475919.0,2214.0,100408.0,467.0,350399.0,1630.0,2837410.0,13197.0,3854005.0,17926.0,1793007.0,8340.0,2640417.0,12281.0,68706.0,320.0,73793.0,343.0,130000.0,605.0,137730.0,641.0,81172.0,378.0,81172.0,378.0,488673.0,2273.0,505184.0,2350.0,116083.0,540.0,121376.0,565.0,2586.0,12.0,1998.0,9.0,10829.0,50.0,10829.0,50.0,0.0,0.0,0.0,0.0,0.0,0.0,125836.0,585.0,295.0,1.0,5711.0,27.0,139167.0,647.0,139541.0,649.0,0.0,0.0,0.0,0.0,6892.0,32.0,6892.0,32.0,1938464.0,9016.0,1988168.0,9247.0,0.0,0.0,0.0,0.0,0.0,0.0,0.0,0.0,416143.0,1936.0,429193.0,1996.0,114579.0,533.0,926370.0,4309.0,0.0,0.0,5302.0,25.0,221870.0,1032.0,221870.0,1032.0,0.0,0.0,0.0,0.0,0.0,0.0,0.0,0.0,0.0,0.0,0.0,0.0,146354.0,681.0,280738.0,1306.0
2023-24,101912275,Bush El,726,5426939.0,7475.0,5879360.0,8098.0,4992596.0,6877.0,5246927.0,7227.0,425079.0,586.0,577378.0,795.0,9264.0,13.0,55055.0,76.0,5417675.0,7462.0,5824305.0,8022.0,3819859.0,5262.0,4081834.0,5622.0,94511.0,130.0,94511.0,130.0,64481.0,89.0,64481.0,89.0,174710.0,241.0,174710.0,241.0,730952.0,1007.0,730952.0,1007.0,171598.0,236.0,171598.0,236.0,5500.0,8.0,5500.0,8.0,102654.0,141.0,102654.0,141.0,0.0,0.0,0.0,0.0,0.0,0.0,119589.0,165.0,1500.0,2.0,20593.0,28.0,251910.0,347.0,257883.0,355.0,0.0,0.0,0.0,0.0,0.0,0.0,0.0,0.0,3857394.0,5313.0,3927862.0,5410.0,63912.0,88.0,63912.0,88.0,0.0,0.0,0.0,0.0,810317.0,1116.0,908660.0,1252.0,117516.0,162.0,139229.0,192.0,103583.0,143.0,103583.0,143.0,211543.0,291.0,211543.0,291.0,0.0,0.0,0.0,0.0,0.0,0.0,0.0,0.0,0.0,0.0,0.0,0.0,253410.0,349.0,398065.0,548.0
2023-24,101912287,Cage El,365,5279201.0,14464.0,6710530.0,18385.0,3848076.0,10543.0,4960250.0,13590.0,815437.0,2234.0,1131726.0,3101.0,615688.0,1687.0,618554.0,1695.0,4663513.0,12777.0,6091976.0,16690.0,3040394.0,8330.0,4177037.0,11444.0,5550.0,15.0,5550.0,15.0,49017.0,134.0,49017.0,134.0,113591.0,311.0,113591.0,311.0,494332.0,1354.0,499445.0,1368.0,197262.0,540.0,207639.0,569.0,3549.0,10.0,3549.0,10.0,90865.0,249.0,93368.0,256.0,0.0,0.0,0.0,0.0,0.0,0.0,245971.0,674.0,0.0,0.0,22380.0,61.0,664552.0,1821.0,669858.0,1835.0,0.0,0.0,0.0,0.0,3545.0,10.0,3545.0,10.0,3213077.0,8803.0,3256005.0,8921.0,0.0,0.0,0.0,0.0,0.0,0.0,0.0,0.0,493766.0,1353.0,517605.0,1418.0,81013.0,222.0,1080505.0,2960.0,54.0,0.0,81353.0,223.0,206650.0,566.0,206650.0,566.0,0.0,0.0,0.0,0.0,0.0,0.0,0.0,0.0,0.0,0.0,0.0,0.0,668953.0,1833.0,942816.0,2583.0
2023-24,101912322,Carnegie Vanguard H S,824,6204698.0,7530.0,6426313.0,7799.0,5040054.0,6117.0,5061221.0,6142.0,986116.0,1197.0,1122651.0,1362.0,178528.0,217.0,242441.0,294.0,6026170.0,7313.0,6183872.0,7505.0,3443545.0,4179.0,3481207.0,4225.0,96035.0,117.0,96035.0,117.0,117743.0,143.0,117743.0,143.0,125422.0,152.0,125422.0,152.0,841886.0,1022.0,842404.0,1022.0,670408.0,814.0,670408.0,814.0,3272.0,4.0,3272.0,4.0,86875.0,105.0,86875.0,105.0,0.0,0.0,0.0,0.0,0.0,0.0,80028.0,97.0,212360.0,258.0,248752.0,302.0,290341.0,352.0,293443.0,356.0,15706.0,19.0,15706.0,19.0,122577.0,149.0,122577.0,149.0,1509244.0,1832.0,1509170.0,1832.0,3399278.0,4125.0,3399278.0,4125.0,96135.0,117.0,96135.0,117.0,50088.0,61.0,50088.0,61.0,136075.0,165.0,173454.0,211.0,1859.0,2.0,1859.0,2.0,0.0,0.0,0.0,0.0,0.0,0.0,0.0,0.0,192507.0,234.0,193382.0,235.0,156875.0,190.0,156875.0,190.0,484109.0,588.0,603631.0,733.0
2023-24,101912292,Carrillo El,351,3550840.0,10116.0,4151150.0,11827.0,2957917.0,8427.0,3281613.0,9349.0,550209.0,1568.0,731952.0,2085.0,42714.0,122.0,137585.0,392.0,3508126.0,9995.0,4013565.0,11435.0,2194815.0,6253.0,2522786.0,7187.0,38008.0,108.0,38008.0,108.0,128586.0,366.0,128586.0,366.0,112351.0,320.0,112351.0,320.0,447251.0,1274.0,448004.0,1276.0,130253.0,371.0,130253.0,371.0,3386.0,10.0,3345.0,10.0,113625.0,324.0,113625.0,324.0,0.0,0.0,0.0,0.0,0.0,0.0,166094.0,473.0,5513.0,16.0,10605.0,30.0,278518.0,793.0,282261.0,804.0,0.0,0.0,0.0,0.0,55820.0,159.0,55820.0,159.0,2015125.0,5741.0,2059561.0,5868.0,1423.0,4.0,1423.0,4.0,0.0,0.0,0.0,0.0,519107.0,1479.0,600405.0,1711.0,208866.0,595.0,381032.0,1086.0,229328.0,653.0,254150.0,724.0,194426.0,554.0,194426.0,554.0,0.0,0.0,0.0,0.0,0.0,0.0,0.0,0.0,0.0,0.0,0.0,0.0,339851.0,968.0,514780.0,1467.0
2023-24,101912323,Challenge Early College H S,480,3512705.0,7318.0,3696740.0,7702.0,3124500.0,6509.0,3238282.0,6746.0,260267.0,542.0,328246.0,684.0,127938.0,267.0,130212.0,271.0,3384767.0,7052.0,3566528.0,7430.0,2032941.0,4235.0,2151509.0,4482.0,2327.0,5.0,2327.0,5.0,113437.0,236.0,113437.0,236.0,69603.0,145.0,69603.0,145.0,761145.0,1586.0,762453.0,1588.0,113251.0,236.0,163148.0,340.0,50776.0,106.0,50776.0,106.0,83396.0,174.0,83396.0,174.0,0.0,0.0,0.0,0.0,0.0,0.0,1021.0,2.0,27951.0,58.0,35200.0,73.0,87236.0,182.0,87236.0,182.0,2235.0,5.0,2235.0,5.0,40469.0,84.0,40469.0,84.0,2592822.0,5402.0,2592822.0,5402.0,43918.0,91.0,43918.0,91.0,249179.0,519.0,251612.0,524.0,39042.0,81.0,39042.0,81.0,294220.0,613.0,462740.0,964.0,7695.0,16.0,7695.0,16.0,0.0,0.0,0.0,0.0,0.0,0.0,0.0,0.0,0.0,0.0,2538.0,5.0,0.0,0.0,0.0,0.0,157891.0,329.0,166161.0,346.0
2023-24,101912027,ChavezH S,2006,18932499.0,9438.0,21679652.0,10807.0,16061545.0,8007.0,17606254.0,8777.0,2574729.0,1284.0,3231452.0,1611.0,296225.0,148.0,841946.0,420.0,18636274.0,9290.0,20837706.0,10388.0,11165627.0,5566.0,12568863.0,6266.0,89895.0,45.0,89895.0,45.0,289191.0,144.0,289191.0,144.0,1197915.0,597.0,1197915.0,597.0,2560857.0,1277.0,2595119.0,1294.0,674758.0,336.0,765306.0,382.0,16091.0,8.0,16091.0,8.0,153561.0,77.0,153561.0,77.0,0.0,0.0,0.0,0.0,0.0,0.0,511844.0,255.0,800428.0,399.0,918378.0,458.0,1362091.0,679.0,1382267.0,689.0,129936.0,65.0,151502.0,76.0,195924.0,98.0,195924.0,98.0,8470520.0,4223.0,8720859.0,4347.0,140952.0,70.0,140952.0,70.0,2666312.0,1329.0,2688985.0,1340.0,2713502.0,1353.0,2837264.0,1414.0,1034655.0,516.0,2100044.0,1047.0,125557.0,63.0,159798.0,80.0,0.0,0.0,0.0,0.0,0.0,0.0,0.0,0.0,1001010.0,499.0,1000950.0,499.0,710891.0,354.0,710891.0,354.0,1772875.0,884.0,2477963.0,1235.0
2023-24,101912048,Clifton Middle,419,4437219.0,10590.0,5495131.0,13115.0,3738418.0,8922.0,4322834.0,10317.0,532753.0,1271.0,853793.0,2038.0,166048.0,396.0,318504.0,760.0,4271171.0,10194.0,5176627.0,12355.0,2605539.0,6218.0,3192084.0,7618.0,4612.0,11.0,107349.0,256.0,111792.0,267.0,111484.0,266.0,118476.0,283.0,118476.0,283.0,841912.0,2009.0,841912.0,2009.0,153529.0,366.0,153529.0,366.0,3523.0,8.0,3523.0,8.0,87968.0,210.0,87968.0,210.0,0.0,0.0,0.0,0.0,0.0,0.0,190899.0,456.0,102458.0,245.0,112583.0,269.0,232025.0,554.0,236154.0,564.0,654.0,2.0,654.0,2.0,454.0,1.0,454.0,1.0,2870529.0,6851.0,2899052.0,6919.0,2085.0,5.0,2085.0,5.0,0.0,0.0,0.0,0.0,613443.0,1464.0,789674.0,1885.0,394434.0,941.0,889983.0,2124.0,46860.0,112.0,46860.0,112.0,0.0,0.0,0.0,0.0,0.0,0.0,0.0,0.0,0.0,0.0,0.0,0.0,96773.0,231.0,96773.0,231.0,238818.0,570.0,443971.0,1060.0
2023-24,101912123,CodwellEl,346,3744524.0,10822.0,4340513.0,12545.0,2889824.0,8352.0,3190520.0,9221.0,540594.0,1562.0,835386.0,2414.0,314106.0,908.0,314607.0,909.0,3430418.0,9915.0,4025906.0,11636.0,2123769.0,6138.0,2494417.0,7209.0,82121.0,237.0,82121.0,237.0,119304.0,345.0,119351.0,345.0,103300.0,299.0,103300.0,299.0,448936.0,1298.0,452896.0,1309.0,172211.0,498.0,172211.0,498.0,3499.0,10.0,3499.0,10.0,90834.0,263.0,90834.0,263.0,0.0,0.0,0.0,0.0,0.0,0.0,211559.0,611.0,1800.0,5.0,7251.0,21.0,276430.0,799.0,279077.0,807.0,109.0,0.0,109.0,0.0,2045.0,6.0,2045.0,6.0,2096504.0,6059.0,2207701.0,6381.0,0.0,0.0,0.0,0.0,0.0,0.0,0.0,0.0,800832.0,2315.0,885960.0,2561.0,86344.0,250.0,265524.0,767.0,18.0,0.0,18.0,0.0,160276.0,463.0,160276.0,463.0,0.0,0.0,0.0,0.0,0.0,0.0,0.0,0.0,0.0,0.0,0.0,0.0,280384.0,810.0,500041.0,1445.0
2023-24,101912013,Community Services-Sec,107,5196512.0,48566.0,5219942.0,48785.0,5069772.0,47381.0,5092688.0,47595.0,104679.0,978.0,105193.0,983.0,22061.0,206.0,22061.0,206.0,5174451.0,48359.0,5197881.0,48578.0,3885775.0,36316.0,3908691.0,36530.0,4439.0,41.0,4439.0,41.0,43504.0,407.0,43504.0,407.0,165586.0,1548.0,165586.0,1548.0,843787.0,7886.0,843787.0,7886.0,106910.0,999.0,106910.0,999.0,5620.0,53.0,5620.0,53.0,118047.0,1103.0,118047.0,1103.0,0.0,0.0,0.0,0.0,0.0,0.0,0.0,0.0,0.0,0.0,514.0,5.0,783.0,7.0,783.0,7.0,0.0,0.0,0.0,0.0,0.0,0.0,0.0,0.0,1997504.0,18668.0,1997504.0,18668.0,0.0,0.0,0.0,0.0,0.0,0.0,0.0,0.0,1617582.0,15118.0,1617582.0,15118.0,1558582.0,14566.0,1581498.0,14780.0,0.0,0.0,0.0,0.0,0.0,0.0,0.0,0.0,0.0,0.0,0.0,0.0,0.0,0.0,0.0,0.0,0.0,0.0,0.0,0.0,783.0,7.0,1297.0,12.0
2023-24,101912130,Condit El,730,5539598.0,7588.0,6076632.0,8324.0,5189040.0,7108.0,5452752.0,7470.0,308897.0,423.0,553125.0,758.0,41661.0,57.0,70755.0,97.0,5497937.0,7531.0,6005877.0,8227.0,4150889.0,5686.0,4414805.0,6048.0,93660.0,128.0,93660.0,128.0,54583.0,75.0,54583.0,75.0,178893.0,245.0,178893.0,245.0,598476.0,820.0,598476.0,820.0,200929.0,275.0,200929.0,275.0,5703.0,8.0,5703.0,8.0,91951.0,126.0,91951.0,126.0,0.0,0.0,0.0,0.0,0.0,0.0,175054.0,240.0,1650.0,2.0,64181.0,88.0,114208.0,156.0,115737.0,159.0,6995.0,10.0,6995.0,10.0,0.0,0.0,0.0,0.0,4088763.0,5601.0,4132450.0,5661.0,23349.0,32.0,23349.0,32.0,0.0,0.0,0.0,0.0,867253.0,1188.0,947677.0,1298.0,157426.0,216.0,284734.0,390.0,102095.0,140.0,119465.0,164.0,136198.0,187.0,136198.0,187.0,0.0,0.0,0.0,0.0,0.0,0.0,0.0,0.0,0.0,0.0,0.0,0.0,122853.0,168.0,361967.0,496.0
2023-24,101912358,Cook Jr El,467,6530023.0,13983.0,8522621.0,18250.0,5488695.0,11753.0,7026692.0,15046.0,526484.0,1127.0,880170.0,1885.0,514844.0,1102.0,615759.0,1319.0,6015179.0,12880.0,7906862.0,16931.0,4230871.0,9060.0,5830045.0,12484.0,5739.0,12.0,5739.0,12.0,63254.0,135.0,64204.0,137.0,146254.0,313.0,146254.0,313.0,855824.0,1833.0,885870.0,1897.0,249328.0,534.0,259921.0,557.0,4568.0,10.0,4568.0,10.0,112702.0,241.0,114331.0,245.0,0.0,0.0,0.0,0.0,0.0,0.0,236127.0,506.0,3513.0,8.0,4692.0,10.0,323338.0,692.0,327940.0,702.0,6365.0,14.0,6365.0,14.0,13423.0,29.0,13423.0,29.0,4690572.0,10044.0,4760591.0,10194.0,0.0,0.0,0.0,0.0,0.0,0.0,0.0,0.0,675540.0,1447.0,706601.0,1513.0,53096.0,114.0,1532270.0,3281.0,564.0,1.0,42884.0,92.0,248768.0,533.0,248768.0,533.0,0.0,0.0,0.0,0.0,0.0,0.0,0.0,0.0,0.0,0.0,0.0,0.0,346639.0,742.0,589497.0,1262.0
2023-24,101912132,Coop El,543,5265838.0,9698.0,7620935.0,14035.0,4547283.0,8374.0,5983412.0,11019.0,548231.0,1010.0,971489.0,1789.0,170324.0,314.0,666034.0,1227.0,5095514.0,9384.0,6954901.0,12808.0,3567731.0,6570.0,5063363.0,9325.0,80275.0,148.0,85572.0,158.0,69128.0,127.0,70409.0,130.0,145049.0,267.0,145049.0,267.0,560671.0,1033.0,581649.0,1071.0,224997.0,414.0,236944.0,436.0,4656.0,9.0,4656.0,9.0,94786.0,175.0,98248.0,181.0,0.0,0.0,0.0,0.0,0.0,0.0,286118.0,527.0,2212.0,4.0,27742.0,51.0,343628.0,633.0,348673.0,642.0,0.0,0.0,0.0,0.0,2381.0,4.0,2381.0,4.0,3421403.0,6301.0,3481379.0,6411.0,0.0,0.0,0.0,0.0,0.0,0.0,0.0,0.0,722928.0,1331.0,754127.0,1389.0,217649.0,401.0,1587311.0,2923.0,29502.0,54.0,97938.0,180.0,355811.0,655.0,355811.0,655.0,0.0,0.0,0.0,0.0,0.0,0.0,0.0,0.0,0.0,0.0,0.0,0.0,348221.0,641.0,666195.0,1227.0
2023-24,101912133,Cornelius El,752,6321157.0,8406.0,8263361.0,10989.0,5153725.0,6853.0,5670743.0,7541.0,647630.0,861.0,1055169.0,1403.0,519802.0,691.0,1537449.0,2044.0,5801355.0,7715.0,6725912.0,8944.0,3990691.0,5307.0,4487897.0,5968.0,105266.0,140.0,105266.0,140.0,143658.0,191.0,218282.0,290.0,160592.0,214.0,160592.0,214.0,726922.0,967.0,726922.0,967.0,166425.0,221.0,166425.0,221.0,4903.0,7.0,4903.0,7.0,88006.0,117.0,88006.0,117.0,0.0,0.0,0.0,0.0,0.0,0.0,348490.0,463.0,26823.0,36.0,28167.0,37.0,323977.0,431.0,326870.0,435.0,10605.0,14.0,10605.0,14.0,53487.0,71.0,53487.0,71.0,4316911.0,5741.0,4358673.0,5796.0,3214.0,4.0,3214.0,4.0,0.0,0.0,0.0,0.0,513816.0,683.0,548569.0,729.0,334179.0,444.0,675204.0,898.0,147226.0,196.0,196856.0,262.0,71117.0,95.0,71117.0,95.0,0.0,0.0,0.0,0.0,0.0,0.0,0.0,0.0,0.0,0.0,0.0,0.0,414892.0,552.0,767619.0,1021.0
2023-24,101912290,Crespo El,525,4597461.0,8757.0,5339106.0,10170.0,3984678.0,7590.0,4417588.0,8414.0,553969.0,1055.0,859113.0,1636.0,58814.0,112.0,62405.0,119.0,4538647.0,8645.0,5276701.0,10051.0,3318542.0,6321.0,3749996.0,7143.0,92975.0,177.0,92975.0,177.0,145745.0,278.0,145745.0,278.0,146144.0,278.0,146144.0,278.0,488143.0,930.0,493335.0,940.0,79888.0,152.0,79888.0,152.0,4439.0,8.0,4439.0,8.0,83010.0,158.0,83010.0,158.0,0.0,0.0,0.0,0.0,0.0,0.0,286085.0,545.0,0.0,0.0,7382.0,14.0,179761.0,342.0,183867.0,350.0,0.0,0.0,0.0,0.0,0.0,0.0,0.0,0.0,3085890.0,5878.0,3127887.0,5958.0,1120.0,2.0,1120.0,2.0,0.0,0.0,0.0,0.0,534954.0,1019.0,617737.0,1177.0,217442.0,414.0,485872.0,925.0,212761.0,405.0,260032.0,495.0,306719.0,584.0,306719.0,584.0,0.0,0.0,0.0,0.0,0.0,0.0,0.0,0.0,0.0,0.0,0.0,0.0,179761.0,342.0,477334.0,909.0
2023-24,101912135,Crockett El,551,4159035.0,7548.0,4866458.0,8832.0,3636940.0,6601.0,4041573.0,7335.0,330025.0,599.0,629407.0,1142.0,192070.0,349.0,195478.0,355.0,3966965.0,7200.0,4670980.0,8477.0,2814779.0,5108.0,3102726.0,5631.0,85746.0,156.0,85746.0,156.0,132533.0,241.0,132533.0,241.0,120152.0,218.0,120152.0,218.0,492397.0,894.0,492397.0,894.0,64074.0,116.0,64074.0,116.0,74792.0,136.0,74824.0,136.0,33371.0,61.0,33371.0,61.0,0.0,0.0,0.0,0.0,0.0,0.0,178316.0,324.0,-1.0,0.0,225378.0,409.0,130870.0,238.0,136305.0,247.0,13957.0,25.0,13957.0,25.0,0.0,0.0,0.0,0.0,3151653.0,5720.0,3249344.0,5897.0,4622.0,8.0,4622.0,8.0,0.0,0.0,0.0,0.0,483712.0,878.0,483734.0,878.0,-240.0,0.0,153926.0,279.0,296.0,1.0,43209.0,78.0,177801.0,323.0,177801.0,323.0,0.0,0.0,0.0,0.0,0.0,0.0,0.0,0.0,0.0,0.0,0.0,0.0,144826.0,263.0,553956.0,1005.0
2023-24,101912044,Cullen Middle,290,5394780.0,18603.0,7694125.0,26531.0,4569441.0,15757.0,5780448.0,19933.0,675840.0,2330.0,1052994.0,3631.0,149499.0,516.0,860683.0,2968.0,5245281.0,18087.0,6833442.0,23564.0,3404383.0,11739.0,4805285.0,16570.0,5516.0,19.0,5516.0,19.0,45032.0,155.0,49194.0,170.0,165378.0,570.0,165378.0,570.0,949675.0,3275.0,984878.0,3396.0,131307.0,453.0,136616.0,471.0,11323.0,39.0,11323.0,39.0,89957.0,310.0,89957.0,310.0,0.0,0.0,0.0,0.0,0.0,0.0,135563.0,467.0,121563.0,419.0,123561.0,426.0,314148.0,1083.0,317242.0,1094.0,3047.0,11.0,3047.0,11.0,3952.0,14.0,3952.0,14.0,3264737.0,11258.0,3352387.0,11560.0,0.0,0.0,0.0,0.0,0.0,0.0,0.0,0.0,1406132.0,4849.0,1454891.0,5017.0,47961.0,165.0,1354896.0,4672.0,83691.0,289.0,83691.0,289.0,0.0,0.0,0.0,0.0,0.0,0.0,0.0,0.0,50.0,0.0,50.0,0.0,121563.0,419.0,121563.0,419.0,321147.0,1107.0,465964.0,1607.0
2023-24,101912136,Cunningham El,532,4686632.0,8809.0,5447786.0,10240.0,4210348.0,7914.0,4585406.0,8619.0,470785.0,885.0,843531.0,1586.0,5499.0,10.0,18849.0,35.0,4681133.0,8799.0,5428937.0,10205.0,3325949.0,6252.0,3748035.0,7045.0,81583.0,153.0,81583.0,153.0,68942.0,130.0,68914.0,130.0,162827.0,306.0,162827.0,306.0,588313.0,1106.0,588813.0,1107.0,173596.0,326.0,173596.0,326.0,5322.0,10.0,5322.0,10.0,83878.0,158.0,83878.0,158.0,0.0,0.0,0.0,0.0,0.0,0.0,318580.0,599.0,4311.0,8.0,8344.0,16.0,186412.0,350.0,189045.0,355.0,0.0,0.0,0.0,0.0,0.0,0.0,0.0,0.0,3032858.0,5701.0,3032858.0,5701.0,767.0,1.0,767.0,1.0,0.0,0.0,0.0,0.0,1082692.0,2035.0,1188180.0,2233.0,135006.0,254.0,417692.0,785.0,118164.0,222.0,152561.0,287.0,120923.0,227.0,120923.0,227.0,0.0,0.0,0.0,0.0,0.0,0.0,0.0,0.0,0.0,0.0,0.0,0.0,190723.0,359.0,515941.0,970.0
2023-24,101912297,Davila El,416,4088915.0,9829.0,4785534.0,11504.0,3582795.0,8612.0,3957767.0,9514.0,472540.0,1136.0,764713.0,1838.0,33580.0,81.0,63054.0,152.0,4055335.0,9748.0,4722480.0,11352.0,2621234.0,6301.0,3006851.0,7228.0,94982.0,228.0,94982.0,228.0,141058.0,339.0,141058.0,339.0,126264.0,304.0,126264.0,304.0,601536.0,1446.0,602261.0,1448.0,150643.0,362.0,150643.0,362.0,3962.0,10.0,2162.0,5.0,94441.0,227.0,94441.0,227.0,0.0,0.0,0.0,0.0,0.0,0.0,271480.0,653.0,10596.0,25.0,19586.0,47.0,172086.0,414.0,174219.0,419.0,0.0,0.0,0.0,0.0,38533.0,93.0,38533.0,93.0,2372394.0,5703.0,2412217.0,5799.0,2492.0,6.0,2492.0,6.0,0.0,0.0,0.0,0.0,844247.0,2029.0,939564.0,2259.0,183084.0,440.0,397417.0,955.0,193713.0,466.0,228782.0,550.0,238190.0,573.0,238190.0,573.0,0.0,0.0,0.0,0.0,0.0,0.0,0.0,0.0,4583.0,11.0,4583.0,11.0,216632.0,521.0,499235.0,1200.0
2023-24,101912137,De Chaumes El,696,5323060.0,7648.0,6279672.0,9023.0,4735803.0,6804.0,5177530.0,7439.0,392189.0,563.0,811896.0,1167.0,195068.0,280.0,290246.0,417.0,5127992.0,7368.0,5989426.0,8605.0,3808358.0,5472.0,4289560.0,6163.0,95037.0,137.0,95037.0,137.0,62217.0,89.0,62217.0,89.0,156003.0,224.0,156003.0,224.0,566426.0,814.0,566426.0,814.0,148541.0,213.0,148541.0,213.0,4489.0,6.0,4489.0,6.0,54842.0,79.0,54842.0,79.0,0.0,0.0,0.0,0.0,0.0,0.0,365843.0,526.0,0.0,0.0,4465.0,6.0,155386.0,223.0,157600.0,226.0,30898.0,44.0,30898.0,44.0,45795.0,66.0,45795.0,66.0,3711836.0,5333.0,3754833.0,5395.0,3704.0,5.0,3704.0,5.0,0.0,0.0,0.0,0.0,461154.0,663.0,461154.0,663.0,278951.0,401.0,647543.0,930.0,203401.0,292.0,250144.0,359.0,236867.0,340.0,236867.0,340.0,0.0,0.0,0.0,0.0,0.0,0.0,0.0,0.0,0.0,0.0,0.0,0.0,232079.0,333.0,604601.0,869.0
2023-24,101912138,De ZavalaEl,231,3514678.0,15215.0,4969775.0,21514.0,3085932.0,13359.0,4020522.0,17405.0,323277.0,1399.0,511419.0,2214.0,105469.0,457.0,437834.0,1895.0,3409209.0,14758.0,4531941.0,19619.0,2295084.0,9935.0,3248926.0,14065.0,4055.0,18.0,4055.0,18.0,121813.0,527.0,126890.0,549.0,95689.0,414.0,95689.0,414.0,459151.0,1988.0,479178.0,2074.0,208212.0,901.0,216323.0,936.0,3073.0,13.0,3073.0,13.0,99859.0,432.0,101494.0,439.0,0.0,0.0,0.0,0.0,0.0,0.0,130032.0,563.0,407.0,2.0,607.0,3.0,118295.0,512.0,119820.0,519.0,0.0,0.0,0.0,0.0,3459.0,15.0,3459.0,15.0,2530607.0,10955.0,2575108.0,11148.0,0.0,0.0,0.0,0.0,0.0,0.0,0.0,0.0,438024.0,1896.0,453579.0,1964.0,92250.0,399.0,974577.0,4219.0,78.0,0.0,41824.0,181.0,225977.0,978.0,225977.0,978.0,0.0,0.0,0.0,0.0,0.0,0.0,0.0,0.0,0.0,0.0,0.0,0.0,122273.0,529.0,254030.0,1100.0
2023-24,101912045,Deady Middle,494,7044094.0,14259.0,17825237.0,36083.0,5150962.0,10427.0,6427701.0,13012.0,1037743.0,2101.0,1327539.0,2687.0,855389.0,1732.0,10069997.0,20385.0,6188705.0,12528.0,7755240.0,15699.0,3792772.0,7678.0,4992620.0,10107.0,80176.0,162.0,180974.0,366.0,138516.0,280.0,145852.0,295.0,157087.0,318.0,157087.0,318.0,938184.0,1899.0,962431.0,1948.0,176079.0,356.0,181364.0,367.0,5116.0,10.0,5116.0,10.0,101618.0,206.0,103268.0,209.0,0.0,0.0,0.0,0.0,0.0,0.0,202482.0,410.0,119362.0,242.0,138336.0,280.0,673535.0,1363.0,675773.0,1368.0,0.0,0.0,3677.0,7.0,1080.0,2.0,1080.0,2.0,3200794.0,6479.0,3336813.0,6755.0,1666.0,3.0,1666.0,3.0,0.0,0.0,0.0,0.0,1001897.0,2028.0,1243283.0,2517.0,1059209.0,2144.0,2020968.0,4091.0,125982.0,255.0,125982.0,255.0,0.0,0.0,0.0,0.0,0.0,0.0,0.0,0.0,0.0,0.0,0.0,0.0,113766.0,230.0,113766.0,230.0,680211.0,1377.0,907582.0,1837.0
2023-24,101912383,Deanda El,640,5109621.0,7984.0,5933384.0,9271.0,4618693.0,7217.0,5086772.0,7948.0,473101.0,739.0,769577.0,1202.0,17827.0,28.0,77035.0,120.0,5091794.0,7956.0,5856349.0,9151.0,3736218.0,5838.0,4229702.0,6609.0,51092.0,80.0,51092.0,80.0,60223.0,94.0,60223.0,94.0,156663.0,245.0,156663.0,245.0,552189.0,863.0,552189.0,863.0,162321.0,254.0,162321.0,254.0,4867.0,8.0,4867.0,8.0,108987.0,170.0,108987.0,170.0,0.0,0.0,0.0,0.0,0.0,0.0,258342.0,404.0,8025.0,13.0,16209.0,25.0,251090.0,392.0,252931.0,395.0,0.0,0.0,0.0,0.0,119.0,0.0,119.0,0.0,3386036.0,5291.0,3426943.0,5355.0,2248.0,4.0,2248.0,4.0,0.0,0.0,0.0,0.0,694081.0,1085.0,752749.0,1176.0,258910.0,405.0,541276.0,846.0,210504.0,329.0,260451.0,407.0,280781.0,439.0,280781.0,439.0,0.0,0.0,0.0,0.0,0.0,0.0,0.0,0.0,0.0,0.0,0.0,0.0,259234.0,405.0,527601.0,824.0
2023-24,101912026,Debakey H S For Health Prof,922,8245073.0,8943.0,8585497.0,9312.0,6929667.0,7516.0,7057989.0,7655.0,1088582.0,1181.0,1298905.0,1409.0,226824.0,246.0,228603.0,248.0,8018249.0,8697.0,8356894.0,9064.0,5320244.0,5770.0,5446867.0,5908.0,91686.0,99.0,91686.0,99.0,301873.0,327.0,301873.0,327.0,238212.0,258.0,238212.0,258.0,811367.0,880.0,822446.0,892.0,303138.0,329.0,303138.0,329.0,5526.0,6.0,5526.0,6.0,96294.0,104.0,96294.0,104.0,0.0,0.0,0.0,0.0,0.0,0.0,168387.0,183.0,12026.0,13.0,35951.0,39.0,584564.0,634.0,593195.0,643.0,92243.0,100.0,92243.0,100.0,145135.0,157.0,145135.0,157.0,4788129.0,5193.0,4792894.0,5198.0,32172.0,35.0,32172.0,35.0,1515474.0,1644.0,1527497.0,1657.0,443828.0,481.0,443828.0,481.0,298573.0,324.0,419487.0,455.0,0.0,0.0,0.0,0.0,0.0,0.0,0.0,0.0,0.0,0.0,0.0,0.0,90164.0,98.0,90164.0,98.0,0.0,0.0,0.0,0.0,833968.0,905.0,1034911.0,1122.0
2023-24,101912140,Dogan El,466,6045189.0,12973.0,8061902.0,17300.0,5143866.0,11038.0,6741027.0,14466.0,375599.0,806.0,775289.0,1664.0,525724.0,1128.0,545586.0,1171.0,5519465.0,11844.0,7516316.0,16129.0,3955881.0,8489.0,5589279.0,11994.0,6054.0,13.0,6054.0,13.0,72203.0,155.0,72203.0,155.0,134658.0,289.0,134658.0,289.0,826176.0,1773.0,858896.0,1843.0,236284.0,507.0,247131.0,530.0,4275.0,9.0,4289.0,9.0,79132.0,170.0,82452.0,177.0,0.0,0.0,0.0,0.0,0.0,0.0,281442.0,604.0,0.0,0.0,32001.0,69.0,199832.0,429.0,201341.0,432.0,0.0,0.0,0.0,0.0,4970.0,11.0,4970.0,11.0,4116809.0,8834.0,4177809.0,8965.0,0.0,0.0,0.0,0.0,0.0,0.0,0.0,0.0,776171.0,1666.0,806363.0,1730.0,38999.0,84.0,1560443.0,3349.0,75446.0,162.0,117113.0,251.0,307238.0,659.0,307238.0,659.0,0.0,0.0,0.0,0.0,0.0,0.0,0.0,0.0,0.0,0.0,0.0,0.0,204802.0,439.0,521275.0,1119.0
2023-24,101912115,Durham El,570,4046483.0,7099.0,5576736.0,9784.0,3620748.0,6352.0,4090622.0,7177.0,288825.0,507.0,576755.0,1012.0,136910.0,240.0,909359.0,1595.0,3909573.0,6859.0,4667377.0,8188.0,2837070.0,4977.0,3325571.0,5834.0,84698.0,149.0,84698.0,149.0,38883.0,68.0,38883.0,68.0,112560.0,197.0,112560.0,197.0,482208.0,846.0,482208.0,846.0,139246.0,244.0,139246.0,244.0,3466.0,6.0,3704.0,6.0,54767.0,96.0,54767.0,96.0,0.0,0.0,0.0,0.0,0.0,0.0,254948.0,447.0,8312.0,15.0,12332.0,22.0,148053.0,260.0,152899.0,268.0,0.0,0.0,0.0,0.0,310.0,1.0,310.0,1.0,3123744.0,5480.0,3293489.0,5778.0,3576.0,6.0,3576.0,6.0,0.0,0.0,0.0,0.0,278793.0,489.0,329233.0,578.0,124281.0,218.0,281826.0,494.0,78111.0,137.0,162606.0,285.0,144393.0,253.0,144393.0,253.0,0.0,0.0,0.0,0.0,0.0,0.0,0.0,0.0,7862.0,14.0,7862.0,14.0,148813.0,261.0,412627.0,724.0
2023-24,101912144,Durkee El,432,4543256.0,10517.0,6697844.0,15504.0,4003286.0,9267.0,5256699.0,12168.0,402109.0,931.0,750644.0,1738.0,137861.0,319.0,690501.0,1598.0,4405395.0,10198.0,6007343.0,13906.0,2895073.0,6702.0,4218718.0,9766.0,83385.0,193.0,88680.0,205.0,36235.0,84.0,36235.0,84.0,130519.0,302.0,130519.0,302.0,686405.0,1589.0,712781.0,1650.0,244405.0,566.0,254959.0,590.0,4328.0,10.0,4328.0,10.0,91079.0,211.0,92609.0,214.0,0.0,0.0,0.0,0.0,0.0,0.0,214354.0,496.0,2300.0,5.0,20140.0,47.0,224684.0,520.0,227038.0,526.0,0.0,0.0,0.0,0.0,6982.0,16.0,6982.0,16.0,2962744.0,6858.0,3005130.0,6956.0,0.0,0.0,0.0,0.0,0.0,0.0,0.0,0.0,977420.0,2263.0,1010379.0,2339.0,222377.0,515.0,1456577.0,3372.0,8888.0,21.0,66743.0,154.0,0.0,0.0,0.0,0.0,0.0,0.0,0.0,0.0,0.0,0.0,0.0,0.0,0.0,0.0,0.0,0.0,233966.0,542.0,468514.0,1085.0
2023-24,101912345,East Early College H S,461,3473328.0,7534.0,3641865.0,7900.0,3016863.0,6544.0,3149262.0,6831.0,388297.0,842.0,421672.0,915.0,68168.0,148.0,70931.0,154.0,3405160.0,7386.0,3570934.0,7746.0,2166873.0,4700.0,2265913.0,4915.0,72660.0,158.0,72660.0,158.0,128331.0,278.0,128331.0,278.0,91121.0,198.0,91121.0,198.0,553751.0,1201.0,553751.0,1201.0,31885.0,69.0,31885.0,69.0,130702.0,284.0,169077.0,367.0,81961.0,178.0,81961.0,178.0,0.0,0.0,0.0,0.0,0.0,0.0,7846.0,17.0,12825.0,28.0,33338.0,72.0,120952.0,262.0,120952.0,262.0,14099.0,31.0,14099.0,31.0,0.0,0.0,0.0,0.0,2035486.0,4415.0,2036597.0,4418.0,75150.0,163.0,75150.0,163.0,776682.0,1685.0,781136.0,1694.0,18188.0,39.0,18188.0,39.0,349044.0,757.0,479057.0,1039.0,2734.0,6.0,2734.0,6.0,0.0,0.0,0.0,0.0,0.0,0.0,0.0,0.0,0.0,0.0,1837.0,4.0,0.0,0.0,0.0,0.0,147876.0,321.0,176235.0,382.0
2023-24,101912301,EastwoodAcademy,383,3252926.0,8493.0,3414071.0,8914.0,2821072.0,7366.0,2855583.0,7456.0,327064.0,854.0,445475.0,1163.0,104790.0,274.0,113013.0,295.0,3148136.0,8220.0,3301058.0,8619.0,2033611.0,5310.0,2088479.0,5453.0,1119.0,3.0,1119.0,3.0,54127.0,141.0,54127.0,141.0,90490.0,236.0,90490.0,236.0,648761.0,1694.0,648761.0,1694.0,59059.0,154.0,59059.0,154.0,1840.0,5.0,1840.0,5.0,82340.0,215.0,82340.0,215.0,0.0,0.0,0.0,0.0,0.0,0.0,93796.0,245.0,1938.0,5.0,3904.0,10.0,174851.0,457.0,177143.0,463.0,0.0,0.0,0.0,0.0,0.0,0.0,0.0,0.0,1972954.0,5151.0,1972954.0,5151.0,7845.0,20.0,7845.0,20.0,666618.0,1741.0,671387.0,1753.0,32298.0,84.0,32298.0,84.0,263664.0,688.0,313763.0,819.0,0.0,0.0,0.0,0.0,0.0,0.0,0.0,0.0,0.0,0.0,0.0,0.0,27968.0,73.0,27968.0,73.0,0.0,0.0,0.0,0.0,176789.0,462.0,274843.0,718.0
2023-24,101912046,Edison Middle,445,5128740.0,11525.0,7898135.0,17749.0,4409786.0,9910.0,5975140.0,13427.0,580416.0,1304.0,1087167.0,2443.0,138538.0,311.0,835828.0,1878.0,4990202.0,11214.0,7062307.0,15870.0,3416800.0,7678.0,5233292.0,11760.0,5003.0,11.0,5003.0,11.0,39405.0,89.0,48015.0,108.0,153953.0,346.0,153953.0,346.0,777241.0,1747.0,825223.0,1854.0,134142.0,301.0,139397.0,313.0,5124.0,12.0,5124.0,12.0,38196.0,86.0,38196.0,86.0,0.0,0.0,0.0,0.0,0.0,0.0,186322.0,419.0,121670.0,273.0,125513.0,282.0,279708.0,629.0,283076.0,636.0,12178.0,27.0,12411.0,28.0,6782.0,15.0,6782.0,15.0,3181281.0,7149.0,3543919.0,7964.0,0.0,0.0,0.0,0.0,121.0,0.0,121.0,0.0,1258049.0,2827.0,1400905.0,3148.0,44549.0,100.0,1401911.0,3150.0,85865.0,193.0,85865.0,193.0,0.0,0.0,0.0,0.0,0.0,0.0,0.0,0.0,-1.0,0.0,-1.0,0.0,116089.0,261.0,116089.0,261.0,304249.0,684.0,513498.0,1154.0
2023-24,101912466,El Daep,2,337397.0,168699.0,337397.0,168699.0,308779.0,154390.0,308779.0,154390.0,6303.0,3152.0,6303.0,3152.0,22315.0,11158.0,22315.0,11158.0,315082.0,157541.0,315082.0,157541.0,195171.0,97586.0,195171.0,97586.0,327.0,164.0,327.0,164.0,3831.0,1916.0,3831.0,1916.0,9127.0,4564.0,9127.0,4564.0,93749.0,46875.0,93749.0,46875.0,6284.0,3142.0,6284.0,3142.0,272.0,136.0,272.0,136.0,1475.0,738.0,1475.0,738.0,0.0,0.0,0.0,0.0,0.0,0.0,0.0,0.0,0.0,0.0,0.0,0.0,4846.0,2423.0,4846.0,2423.0,0.0,0.0,0.0,0.0,0.0,0.0,0.0,0.0,0.0,0.0,0.0,0.0,0.0,0.0,0.0,0.0,0.0,0.0,0.0,0.0,15024.0,7512.0,15024.0,7512.0,295212.0,147606.0,295212.0,147606.0,0.0,0.0,0.0,0.0,0.0,0.0,0.0,0.0,0.0,0.0,0.0,0.0,0.0,0.0,0.0,0.0,0.0,0.0,0.0,0.0,4846.0,2423.0,4846.0,2423.0
2023-24,101912147,Eliot El,500,6244990.0,12490.0,8329811.0,16660.0,5266539.0,10533.0,6874180.0,13748.0,427335.0,855.0,773803.0,1548.0,551116.0,1102.0,681828.0,1364.0,5693874.0,11388.0,7647983.0,15296.0,4024035.0,8048.0,5675587.0,11351.0,5574.0,11.0,5574.0,11.0,78652.0,157.0,78652.0,157.0,146647.0,293.0,146647.0,293.0,790324.0,1581.0,819511.0,1639.0,249276.0,499.0,259804.0,520.0,4590.0,9.0,4590.0,9.0,82662.0,165.0,84192.0,168.0,0.0,0.0,0.0,0.0,0.0,0.0,254354.0,509.0,0.0,0.0,0.0,0.0,294533.0,589.0,301491.0,603.0,0.0,0.0,0.0,0.0,17581.0,35.0,17581.0,35.0,4072949.0,8146.0,4152407.0,8305.0,0.0,0.0,0.0,0.0,0.0,0.0,0.0,0.0,774938.0,1550.0,804591.0,1609.0,7131.0,14.0,1489880.0,2980.0,121280.0,243.0,183957.0,368.0,405462.0,811.0,405462.0,811.0,0.0,0.0,0.0,0.0,0.0,0.0,0.0,0.0,0.0,0.0,0.0,0.0,312114.0,624.0,573426.0,1147.0
2023-24,101912259,Ella J Baker Montessori School,617,5030461.0,8153.0,5869240.0,9513.0,4490596.0,7278.0,5097405.0,8262.0,500273.0,811.0,713086.0,1156.0,39592.0,64.0,58749.0,95.0,4990869.0,8089.0,5810491.0,9417.0,3472359.0,5628.0,4093512.0,6635.0,54043.0,88.0,54043.0,88.0,86163.0,140.0,86163.0,140.0,150444.0,244.0,150444.0,244.0,562969.0,912.0,562969.0,912.0,197489.0,320.0,197489.0,320.0,4429.0,7.0,4429.0,7.0,103454.0,168.0,103454.0,168.0,0.0,0.0,0.0,0.0,0.0,0.0,184326.0,299.0,1204.0,2.0,12225.0,20.0,356937.0,579.0,358321.0,581.0,0.0,0.0,0.0,0.0,1378.0,2.0,1378.0,2.0,3318411.0,5378.0,3411120.0,5529.0,15279.0,25.0,15279.0,25.0,39714.0,64.0,39714.0,64.0,325151.0,527.0,670479.0,1087.0,191678.0,311.0,295633.0,479.0,50925.0,83.0,62813.0,102.0,585064.0,948.0,585064.0,948.0,0.0,0.0,0.0,0.0,105128.0,170.0,105128.0,170.0,0.0,0.0,0.0,0.0,359519.0,583.0,556250.0,902.0
2023-24,101912475,Elmore El,507,6025484.0,11885.0,7731595.0,15250.0,5089069.0,10038.0,6393282.0,12610.0,400909.0,791.0,791022.0,1560.0,535506.0,1056.0,547291.0,1079.0,5489978.0,10828.0,7184304.0,14170.0,4025519.0,7940.0,5409516.0,10670.0,6933.0,14.0,6933.0,14.0,61464.0,121.0,61464.0,121.0,141639.0,279.0,141639.0,279.0,670458.0,1322.0,690256.0,1361.0,235837.0,465.0,246203.0,486.0,4494.0,9.0,5024.0,10.0,94413.0,186.0,96068.0,189.0,0.0,0.0,0.0,0.0,0.0,0.0,276225.0,545.0,955.0,2.0,2710.0,5.0,232026.0,458.0,232026.0,458.0,0.0,0.0,0.0,0.0,16240.0,32.0,16240.0,32.0,3962345.0,7815.0,4045844.0,7980.0,0.0,0.0,0.0,0.0,0.0,0.0,0.0,0.0,861442.0,1699.0,891804.0,1759.0,73290.0,145.0,1307544.0,2579.0,12019.0,24.0,51920.0,102.0,331661.0,654.0,331661.0,654.0,0.0,0.0,0.0,0.0,0.0,0.0,0.0,0.0,0.0,0.0,0.0,0.0,249221.0,492.0,527201.0,1040.0
2023-24,101912148,Elrod El,733,5662099.0,7725.0,6600435.0,9005.0,4920000.0,6712.0,5366870.0,7322.0,672326.0,917.0,1158948.0,1581.0,69773.0,95.0,74617.0,102.0,5592326.0,7629.0,6525818.0,8903.0,3868582.0,5278.0,4440651.0,6058.0,85254.0,116.0,85254.0,116.0,149025.0,203.0,149025.0,203.0,165763.0,226.0,165763.0,226.0,656000.0,895.0,667175.0,910.0,176010.0,240.0,176010.0,240.0,4879.0,7.0,4879.0,7.0,91490.0,125.0,91490.0,125.0,0.0,0.0,0.0,0.0,0.0,0.0,338888.0,462.0,0.0,0.0,944.0,1.0,315870.0,431.0,319419.0,436.0,48687.0,66.0,48687.0,66.0,30766.0,42.0,30766.0,42.0,3853515.0,5257.0,3899485.0,5320.0,0.0,0.0,0.0,0.0,0.0,0.0,0.0,0.0,500809.0,683.0,590676.0,806.0,277497.0,379.0,635590.0,867.0,266914.0,364.0,314108.0,429.0,298268.0,407.0,298268.0,407.0,0.0,0.0,0.0,0.0,0.0,0.0,0.0,0.0,0.0,0.0,0.0,0.0,395323.0,539.0,738704.0,1008.0
2023-24,101912149,Emerson El,990,6789001.0,6858.0,7825479.0,7905.0,5981995.0,6042.0,6367796.0,6432.0,497920.0,503.0,1146534.0,1158.0,309086.0,312.0,311149.0,314.0,6479915.0,6545.0,7514330.0,7590.0,4578682.0,4625.0,5166847.0,5219.0,96383.0,97.0,96383.0,97.0,137887.0,139.0,137887.0,139.0,181525.0,183.0,181525.0,183.0,794555.0,803.0,794555.0,803.0,184421.0,186.0,184421.0,186.0,5475.0,6.0,5475.0,6.0,96344.0,97.0,96344.0,97.0,0.0,0.0,0.0,0.0,0.0,0.0,423312.0,428.0,0.0,0.0,13886.0,14.0,278362.0,281.0,280693.0,284.0,0.0,0.0,0.0,0.0,126281.0,128.0,126281.0,128.0,4905454.0,4955.0,4915800.0,4965.0,-59.0,0.0,-59.0,0.0,0.0,0.0,0.0,0.0,351713.0,355.0,429280.0,434.0,401381.0,405.0,801825.0,810.0,137380.0,139.0,195908.0,198.0,279403.0,282.0,279403.0,282.0,0.0,0.0,0.0,0.0,0.0,0.0,0.0,0.0,0.0,0.0,0.0,0.0,404643.0,409.0,844172.0,853.0
2023-24,101912350,Energized For Excellence Academy E,190,88400.0,465.0,1232941.0,6489.0,73577.0,387.0,73577.0,387.0,14346.0,76.0,1158887.0,6099.0,477.0,3.0,477.0,3.0,87923.0,463.0,1232464.0,6487.0,45952.0,242.0,1161118.0,6111.0,547.0,3.0,547.0,3.0,4870.0,26.0,5163.0,27.0,15215.0,80.0,15215.0,80.0,16052.0,84.0,16052.0,84.0,3818.0,20.0,3818.0,20.0,456.0,2.0,456.0,2.0,944.0,5.0,944.0,5.0,0.0,0.0,0.0,0.0,0.0,0.0,29082.0,153.0,0.0,0.0,0.0,0.0,69.0,0.0,69.0,0.0,0.0,0.0,0.0,0.0,0.0,0.0,0.0,0.0,78019.0,411.0,897459.0,4723.0,0.0,0.0,0.0,0.0,0.0,0.0,0.0,0.0,0.0,0.0,7578.0,40.0,5975.0,31.0,263844.0,1389.0,3860.0,20.0,34432.0,181.0,0.0,0.0,0.0,0.0,0.0,0.0,0.0,0.0,0.0,0.0,0.0,0.0,0.0,0.0,0.0,0.0,69.0,0.0,29151.0,153.0
2023-24,101912364,Energized For Excellence Academy E,950,791401.0,833.0,7359048.0,7746.0,735768.0,774.0,735768.0,774.0,50865.0,54.0,6618512.0,6967.0,4768.0,5.0,4768.0,5.0,786633.0,828.0,7354280.0,7741.0,364363.0,384.0,6916704.0,7281.0,5475.0,6.0,5475.0,6.0,48707.0,51.0,49863.0,52.0,152163.0,160.0,152163.0,160.0,160523.0,169.0,160523.0,169.0,38169.0,40.0,38169.0,40.0,4548.0,5.0,4548.0,5.0,9472.0,10.0,12831.0,14.0,0.0,0.0,0.0,0.0,0.0,0.0,302.0,0.0,3150.0,3.0,3150.0,3.0,63.0,0.0,63.0,0.0,0.0,0.0,0.0,0.0,0.0,0.0,0.0,0.0,783420.0,825.0,5454806.0,5742.0,0.0,0.0,18580.0,20.0,0.0,0.0,0.0,0.0,0.0,0.0,97751.0,103.0,0.0,0.0,1381438.0,1454.0,0.0,0.0,398190.0,419.0,0.0,0.0,0.0,0.0,0.0,0.0,0.0,0.0,0.0,0.0,0.0,0.0,0.0,0.0,0.0,0.0,3213.0,3.0,3515.0,4.0
2023-24,101912342,Energized For Excellence Academy I,549,271092.0,494.0,4391383.0,7999.0,250164.0,456.0,250164.0,456.0,19308.0,35.0,4042919.0,7364.0,1620.0,3.0,98300.0,179.0,269472.0,491.0,4293083.0,7820.0,122789.0,224.0,4123530.0,7511.0,1863.0,3.0,1863.0,3.0,16560.0,30.0,16560.0,30.0,51737.0,94.0,51737.0,94.0,54578.0,99.0,55784.0,102.0,12978.0,24.0,28187.0,51.0,1548.0,3.0,1548.0,3.0,3219.0,6.0,3219.0,6.0,0.0,0.0,0.0,0.0,0.0,0.0,137.0,0.0,4200.0,8.0,4200.0,8.0,0.0,0.0,0.0,0.0,0.0,0.0,0.0,0.0,0.0,0.0,0.0,0.0,265272.0,483.0,3253750.0,5927.0,0.0,0.0,16292.0,30.0,0.0,0.0,0.0,0.0,0.0,0.0,81717.0,149.0,0.0,0.0,717280.0,1307.0,0.0,0.0,219707.0,400.0,0.0,0.0,0.0,0.0,0.0,0.0,0.0,0.0,0.0,0.0,0.0,0.0,0.0,0.0,0.0,0.0,4200.0,8.0,4337.0,8.0
2023-24,101912321,Energized For Stem Academy H S,549,321045.0,585.0,4643675.0,8458.0,294308.0,536.0,294308.0,536.0,24831.0,45.0,4231430.0,7708.0,1906.0,3.0,117937.0,215.0,319139.0,581.0,4525738.0,8244.0,144457.0,263.0,4348042.0,7920.0,2192.0,4.0,2192.0,4.0,19483.0,35.0,19483.0,35.0,60866.0,111.0,60866.0,111.0,64209.0,117.0,64209.0,117.0,15269.0,28.0,15269.0,28.0,1819.0,3.0,1819.0,3.0,3789.0,7.0,6803.0,12.0,0.0,0.0,0.0,0.0,0.0,0.0,0.0,0.0,7025.0,13.0,7025.0,13.0,30.0,0.0,30.0,0.0,0.0,0.0,0.0,0.0,0.0,0.0,0.0,0.0,312084.0,568.0,3297704.0,6007.0,0.0,0.0,15889.0,29.0,0.0,0.0,264362.0,482.0,0.0,0.0,68879.0,125.0,0.0,0.0,671593.0,1223.0,0.0,0.0,195881.0,357.0,0.0,0.0,0.0,0.0,0.0,0.0,0.0,0.0,0.0,0.0,4375.0,8.0,0.0,0.0,0.0,0.0,7055.0,13.0,7055.0,13.0
2023-24,101912390,Energized For Stem Academy Middle,351,176996.0,504.0,2966892.0,8453.0,161868.0,461.0,161868.0,461.0,14079.0,40.0,2736878.0,7797.0,1049.0,3.0,68146.0,194.0,175947.0,501.0,2898746.0,8259.0,79450.0,226.0,2490667.0,7096.0,1206.0,3.0,1206.0,3.0,10717.0,31.0,10717.0,31.0,33475.0,95.0,33475.0,95.0,35314.0,101.0,36907.0,105.0,8397.0,24.0,8397.0,24.0,999.0,3.0,999.0,3.0,2084.0,6.0,2084.0,6.0,0.0,0.0,0.0,0.0,0.0,0.0,309989.0,883.0,4200.0,12.0,4200.0,12.0,105.0,0.0,105.0,0.0,0.0,0.0,0.0,0.0,0.0,0.0,0.0,0.0,171642.0,489.0,1933496.0,5509.0,0.0,0.0,10095.0,29.0,0.0,0.0,0.0,0.0,0.0,0.0,64738.0,184.0,0.0,0.0,441771.0,1259.0,0.0,0.0,134352.0,383.0,0.0,0.0,0.0,0.0,0.0,0.0,0.0,0.0,0.0,0.0,0.0,0.0,0.0,0.0,0.0,0.0,4305.0,12.0,314294.0,895.0
2023-24,101912468,Energy Institute H S,663,5536503.0,8351.0,5921931.0,8932.0,5093699.0,7683.0,5261831.0,7936.0,433359.0,654.0,597075.0,901.0,9445.0,14.0,63025.0,95.0,5527058.0,8336.0,5858906.0,8837.0,4094672.0,6176.0,4276763.0,6451.0,4923.0,7.0,4923.0,7.0,73581.0,111.0,78381.0,118.0,209868.0,317.0,209868.0,317.0,750036.0,1131.0,750036.0,1131.0,87665.0,132.0,87665.0,132.0,4494.0,7.0,4494.0,7.0,87844.0,132.0,87844.0,132.0,0.0,0.0,0.0,0.0,0.0,0.0,128868.0,194.0,6263.0,9.0,21330.0,32.0,204702.0,309.0,204859.0,309.0,3010.0,5.0,3010.0,5.0,0.0,0.0,0.0,0.0,3198069.0,4824.0,3208403.0,4839.0,66023.0,100.0,66023.0,100.0,1139597.0,1719.0,1149304.0,1733.0,382886.0,578.0,382886.0,578.0,526508.0,794.0,660061.0,996.0,0.0,0.0,34319.0,52.0,0.0,0.0,0.0,0.0,0.0,0.0,0.0,0.0,0.0,0.0,0.0,0.0,0.0,0.0,0.0,0.0,213975.0,323.0,357910.0,540.0
2023-24,101912352,Farias Early Childhood Center,399,3305714.0,8285.0,3869027.0,9697.0,3011067.0,7547.0,3479268.0,8720.0,275926.0,692.0,371038.0,930.0,18721.0,47.0,18721.0,47.0,3286993.0,8238.0,3850306.0,9650.0,2321631.0,5819.0,2808838.0,7040.0,12986.0,33.0,12986.0,33.0,65766.0,165.0,68266.0,171.0,96259.0,241.0,96259.0,241.0,444276.0,1113.0,444946.0,1115.0,133370.0,334.0,133370.0,334.0,2919.0,7.0,2919.0,7.0,95207.0,239.0,95207.0,239.0,0.0,0.0,0.0,0.0,0.0,0.0,32575.0,82.0,364.0,1.0,364.0,1.0,114034.0,286.0,116012.0,291.0,0.0,0.0,0.0,0.0,181.0,0.0,181.0,0.0,1725999.0,4326.0,1726424.0,4327.0,0.0,0.0,0.0,0.0,0.0,0.0,0.0,0.0,278626.0,698.0,280302.0,703.0,170402.0,427.0,437648.0,1097.0,105763.0,265.0,138042.0,346.0,891624.0,2235.0,891624.0,2235.0,0.0,0.0,0.0,0.0,0.0,0.0,0.0,0.0,364.0,1.0,364.0,1.0,114215.0,286.0,151938.0,381.0
2023-24,101912152,Field El,461,3428259.0,7437.0,4822973.0,10462.0,2954720.0,6409.0,3409776.0,7396.0,406209.0,881.0,644756.0,1399.0,67330.0,146.0,768441.0,1667.0,3360929.0,7291.0,4054532.0,8795.0,2156020.0,4677.0,2508310.0,5441.0,99127.0,215.0,99127.0,215.0,36188.0,78.0,40616.0,88.0,105481.0,229.0,105481.0,229.0,491801.0,1067.0,492302.0,1068.0,97341.0,211.0,97341.0,211.0,3471.0,8.0,3496.0,8.0,93638.0,203.0,93638.0,203.0,0.0,0.0,0.0,0.0,0.0,0.0,169593.0,368.0,0.0,0.0,165487.0,359.0,261753.0,568.0,263032.0,571.0,16109.0,35.0,16109.0,35.0,0.0,0.0,0.0,0.0,2321056.0,5035.0,2394056.0,5193.0,4795.0,10.0,4795.0,10.0,0.0,0.0,0.0,0.0,583562.0,1266.0,673596.0,1461.0,86878.0,188.0,276660.0,600.0,8689.0,19.0,8689.0,19.0,78087.0,169.0,78087.0,169.0,0.0,0.0,0.0,0.0,0.0,0.0,0.0,0.0,0.0,0.0,0.0,0.0,277862.0,603.0,618649.0,1342.0
2023-24,101912078,Fleming Middle,348,6040790.0,17359.0,8557308.0,24590.0,5347556.0,15367.0,6881284.0,19774.0,553083.0,1589.0,921881.0,2649.0,140151.0,403.0,754143.0,2167.0,5900639.0,16956.0,7803165.0,22423.0,4123197.0,11848.0,5763613.0,16562.0,5572.0,16.0,5572.0,16.0,47858.0,138.0,60947.0,175.0,139668.0,401.0,139668.0,401.0,911004.0,2618.0,951716.0,2735.0,146796.0,422.0,151883.0,436.0,5664.0,16.0,5664.0,16.0,101147.0,291.0,102677.0,295.0,0.0,0.0,0.0,0.0,0.0,0.0,193813.0,557.0,140974.0,405.0,144633.0,416.0,267385.0,768.0,269496.0,774.0,2090.0,6.0,3698.0,11.0,9284.0,27.0,9284.0,27.0,4059171.0,11664.0,4234945.0,12169.0,0.0,0.0,0.0,0.0,30.0,0.0,30.0,0.0,1192837.0,3428.0,1225533.0,3522.0,127130.0,365.0,1614707.0,4640.0,101198.0,291.0,106486.0,306.0,0.0,0.0,0.0,0.0,0.0,0.0,0.0,0.0,540.0,2.0,540.0,2.0,140974.0,405.0,140974.0,405.0,278759.0,801.0,479950.0,1379.0
2023-24,101912271,Foerster El,540,5279785.0,9777.0,6438647.0,11923.0,4469082.0,8276.0,4947549.0,9162.0,436481.0,808.0,976868.0,1809.0,374222.0,693.0,514230.0,952.0,4905563.0,9084.0,5924417.0,10971.0,3374354.0,6249.0,3989235.0,7387.0,28300.0,52.0,28300.0,52.0,61160.0,113.0,61160.0,113.0,142581.0,264.0,142581.0,264.0,749282.0,1388.0,752479.0,1393.0,166995.0,309.0,166995.0,309.0,4408.0,8.0,4408.0,8.0,107000.0,198.0,110322.0,204.0,0.0,0.0,0.0,0.0,0.0,0.0,371956.0,689.0,3531.0,7.0,25926.0,48.0,266312.0,493.0,268215.0,497.0,0.0,0.0,0.0,0.0,0.0,0.0,0.0,0.0,3418412.0,6330.0,3468157.0,6423.0,1184.0,2.0,1184.0,2.0,0.0,0.0,0.0,0.0,662757.0,1227.0,662711.0,1227.0,217819.0,403.0,736912.0,1365.0,109664.0,203.0,161946.0,300.0,224244.0,415.0,224244.0,415.0,0.0,0.0,0.0,0.0,0.0,0.0,0.0,0.0,2611.0,5.0,2611.0,5.0,267232.0,495.0,665012.0,1232.0
2023-24,101912153,Fondren El,320,3012619.0,9414.0,3697344.0,11554.0,2687015.0,8397.0,3038356.0,9495.0,284156.0,888.0,617301.0,1929.0,41448.0,130.0,41687.0,130.0,2971171.0,9285.0,3655657.0,11424.0,1996772.0,6240.0,2491338.0,7785.0,73626.0,230.0,73626.0,230.0,42914.0,134.0,42914.0,134.0,103655.0,324.0,103655.0,324.0,368687.0,1152.0,372741.0,1165.0,127190.0,397.0,127190.0,397.0,3337.0,10.0,3337.0,10.0,85214.0,266.0,85214.0,266.0,0.0,0.0,0.0,0.0,0.0,0.0,176828.0,553.0,0.0,0.0,0.0,0.0,141960.0,444.0,145465.0,455.0,0.0,0.0,738.0,2.0,27816.0,87.0,27816.0,87.0,1624962.0,5078.0,1700137.0,5313.0,0.0,0.0,0.0,0.0,0.0,0.0,0.0,0.0,855534.0,2674.0,938231.0,2932.0,55805.0,174.0,386622.0,1208.0,69584.0,217.0,84295.0,263.0,195510.0,611.0,195510.0,611.0,0.0,0.0,0.0,0.0,0.0,0.0,0.0,0.0,0.0,0.0,0.0,0.0,169776.0,531.0,350847.0,1096.0
2023-24,101912072,Fondren Middle,764,8108613.0,10613.0,14305003.0,18724.0,6852327.0,8969.0,9147954.0,11974.0,856773.0,1121.0,1485496.0,1944.0,399513.0,523.0,3671553.0,4806.0,7709100.0,10090.0,10633450.0,13918.0,5259405.0,6884.0,7806363.0,10218.0,7154.0,9.0,7154.0,9.0,75231.0,98.0,86457.0,113.0,219404.0,287.0,219404.0,287.0,1120300.0,1466.0,1177949.0,1542.0,317833.0,416.0,328184.0,430.0,12443.0,16.0,12475.0,16.0,137805.0,180.0,137805.0,180.0,0.0,0.0,0.0,0.0,0.0,0.0,286187.0,375.0,124780.0,163.0,132969.0,174.0,404464.0,529.0,408222.0,534.0,19304.0,25.0,19304.0,25.0,10804.0,14.0,10804.0,14.0,5802884.0,7595.0,6055934.0,7927.0,-738.0,-1.0,-738.0,-1.0,0.0,0.0,0.0,0.0,905450.0,1185.0,938376.0,1228.0,217667.0,285.0,2546629.0,3333.0,224485.0,294.0,224485.0,294.0,0.0,0.0,0.0,0.0,0.0,0.0,0.0,0.0,0.0,0.0,0.0,0.0,76411.0,100.0,76411.0,100.0,482941.0,632.0,792353.0,1037.0
2023-24,101912047,FonvilleMiddle,663,6141941.0,9264.0,7095322.0,10702.0,5004283.0,7548.0,5327523.0,8035.0,811208.0,1224.0,1431455.0,2159.0,326450.0,492.0,336344.0,507.0,5815491.0,8771.0,6758978.0,10195.0,3858736.0,5820.0,4385877.0,6615.0,76599.0,116.0,90302.0,136.0,123650.0,187.0,185346.0,280.0,165910.0,250.0,165910.0,250.0,901223.0,1359.0,906103.0,1367.0,191837.0,289.0,193636.0,292.0,5534.0,8.0,7788.0,12.0,23812.0,36.0,23812.0,36.0,0.0,0.0,0.0,0.0,0.0,0.0,309291.0,467.0,131816.0,199.0,150356.0,227.0,321268.0,485.0,322799.0,487.0,8078.0,12.0,8078.0,12.0,0.0,0.0,0.0,0.0,3314639.0,4999.0,3434322.0,5180.0,1357.0,2.0,1357.0,2.0,15843.0,24.0,15843.0,24.0,1183756.0,1785.0,1276284.0,1925.0,770407.0,1162.0,1167441.0,1761.0,61299.0,92.0,61299.0,92.0,0.0,0.0,0.0,0.0,0.0,0.0,0.0,0.0,0.0,0.0,0.0,0.0,121173.0,183.0,121173.0,183.0,339989.0,513.0,674231.0,1017.0
2023-24,101912470,Fonwood Early Childhood Ctr,422,3650618.0,8651.0,4204330.0,9963.0,3318833.0,7865.0,3608659.0,8551.0,287669.0,682.0,497165.0,1178.0,44116.0,105.0,98506.0,233.0,3606502.0,8546.0,4105824.0,9729.0,2482356.0,5882.0,2805169.0,6647.0,3561.0,8.0,3561.0,8.0,94488.0,224.0,94488.0,224.0,124401.0,295.0,124401.0,295.0,525096.0,1244.0,525096.0,1244.0,77478.0,184.0,77478.0,184.0,59378.0,141.0,59910.0,142.0,99796.0,236.0,99796.0,236.0,0.0,0.0,0.0,0.0,0.0,0.0,175909.0,417.0,5850.0,14.0,5850.0,14.0,124575.0,295.0,124575.0,295.0,0.0,0.0,0.0,0.0,9523.0,23.0,9523.0,23.0,1465915.0,3474.0,1468365.0,3480.0,0.0,0.0,0.0,0.0,0.0,0.0,0.0,0.0,825412.0,1956.0,825472.0,1956.0,154066.0,365.0,369907.0,877.0,19564.0,46.0,34274.0,81.0,1001597.0,2373.0,1001597.0,2373.0,0.0,0.0,0.0,0.0,0.0,0.0,0.0,0.0,0.0,0.0,0.0,0.0,139948.0,332.0,315857.0,748.0
2023-24,101912476,Forest Brook Middle,605,8975589.0,14836.0,11804385.0,19511.0,7218579.0,11932.0,8991135.0,14861.0,1292673.0,2137.0,1759668.0,2909.0,464337.0,767.0,1053582.0,1741.0,8511252.0,14068.0,10750803.0,17770.0,5848096.0,9666.0,7793944.0,12883.0,7265.0,12.0,7265.0,12.0,54737.0,90.0,64032.0,106.0,185959.0,307.0,185959.0,307.0,1061481.0,1755.0,1112670.0,1839.0,259637.0,429.0,271971.0,450.0,6997.0,12.0,6924.0,11.0,111056.0,184.0,112585.0,186.0,0.0,0.0,0.0,0.0,0.0,0.0,206864.0,342.0,121501.0,201.0,123340.0,204.0,848017.0,1402.0,848217.0,1402.0,1822.0,3.0,1822.0,3.0,0.0,0.0,0.0,0.0,5832987.0,9641.0,5992786.0,9905.0,0.0,0.0,0.0,0.0,247.0,0.0,247.0,0.0,1234493.0,2040.0,1276632.0,2110.0,253384.0,419.0,2063545.0,3411.0,214117.0,354.0,224686.0,371.0,0.0,0.0,0.0,0.0,0.0,0.0,0.0,0.0,0.0,0.0,0.0,0.0,121165.0,200.0,121621.0,201.0,854859.0,1413.0,1071286.0,1771.0
2023-24,101912154,Foster El,363,3245177.0,8940.0,3948698.0,10878.0,2768668.0,7627.0,3192405.0,8795.0,465364.0,1282.0,724586.0,1996.0,11145.0,31.0,31707.0,87.0,3234032.0,8909.0,3916991.0,10791.0,2068201.0,5698.0,2516058.0,6931.0,94144.0,259.0,94144.0,259.0,49238.0,136.0,49238.0,136.0,100011.0,276.0,100011.0,276.0,509263.0,1403.0,509379.0,1403.0,134863.0,372.0,134863.0,372.0,3141.0,9.0,3141.0,9.0,17637.0,49.0,17637.0,49.0,0.0,0.0,0.0,0.0,0.0,0.0,230543.0,635.0,0.0,0.0,206.0,1.0,257534.0,709.0,261771.0,721.0,0.0,0.0,0.0,0.0,0.0,0.0,0.0,0.0,1619183.0,4461.0,1621381.0,4467.0,0.0,0.0,0.0,0.0,0.0,0.0,0.0,0.0,533184.0,1469.0,619539.0,1707.0,286929.0,790.0,612042.0,1686.0,76682.0,211.0,110858.0,305.0,460520.0,1269.0,460520.0,1269.0,0.0,0.0,0.0,0.0,0.0,0.0,0.0,0.0,0.0,0.0,0.0,0.0,257534.0,709.0,492636.0,1357.0
2023-24,101912155,Franklin El,239,2743864.0,11481.0,4045073.0,16925.0,2460195.0,10294.0,3226295.0,13499.0,174301.0,729.0,341066.0,1427.0,109368.0,458.0,477712.0,1999.0,2634496.0,11023.0,3567361.0,14926.0,1814761.0,7593.0,2576025.0,10778.0,3618.0,15.0,3618.0,15.0,33601.0,141.0,33601.0,141.0,73698.0,308.0,73698.0,308.0,463383.0,1939.0,483606.0,2023.0,126344.0,529.0,131606.0,551.0,2306.0,10.0,2306.0,10.0,21945.0,92.0,21945.0,92.0,0.0,0.0,0.0,0.0,0.0,0.0,144416.0,604.0,0.0,0.0,0.0,0.0,82849.0,347.0,84549.0,354.0,0.0,0.0,0.0,0.0,11991.0,50.0,11991.0,50.0,2016511.0,8437.0,2037516.0,8525.0,0.0,0.0,0.0,0.0,0.0,0.0,0.0,0.0,306971.0,1284.0,322870.0,1351.0,3897.0,16.0,724215.0,3030.0,54.0,0.0,26333.0,110.0,212223.0,888.0,212223.0,888.0,0.0,0.0,0.0,0.0,0.0,0.0,0.0,0.0,0.0,0.0,0.0,0.0,94840.0,397.0,240956.0,1008.0
2023-24,101912156,Frost El,467,4334008.0,9281.0,4908807.0,10511.0,3562243.0,7628.0,3857993.0,8261.0,501527.0,1074.0,759182.0,1626.0,270238.0,579.0,291632.0,624.0,4063770.0,8702.0,4617175.0,9887.0,2766457.0,5924.0,3069286.0,6572.0,3688.0,8.0,3688.0,8.0,43083.0,92.0,43083.0,92.0,124098.0,266.0,124098.0,266.0,542588.0,1162.0,542588.0,1162.0,142901.0,306.0,142901.0,306.0,4082.0,9.0,3672.0,8.0,109415.0,234.0,109415.0,234.0,0.0,0.0,0.0,0.0,0.0,0.0,247060.0,529.0,0.0,0.0,100.0,0.0,322923.0,691.0,326749.0,700.0,2245.0,5.0,2245.0,5.0,0.0,0.0,0.0,0.0,2582980.0,5531.0,2633891.0,5640.0,1469.0,3.0,1469.0,3.0,0.0,0.0,0.0,0.0,736623.0,1577.0,736623.0,1577.0,125695.0,269.0,335490.0,718.0,13680.0,29.0,22668.0,49.0,275865.0,591.0,275865.0,591.0,0.0,0.0,0.0,0.0,0.0,0.0,0.0,0.0,0.0,0.0,0.0,0.0,325168.0,696.0,576154.0,1234.0
2023-24,101912004,Furr H S,1017,11642965.0,11448.0,15495609.0,15237.0,9869108.0,9704.0,12609480.0,12399.0,1543226.0,1517.0,1867783.0,1837.0,230631.0,227.0,1018346.0,1001.0,11412334.0,11222.0,14477263.0,14235.0,6578232.0,6468.0,9257444.0,9103.0,14715.0,14.0,14715.0,14.0,77411.0,76.0,77411.0,76.0,959876.0,944.0,959876.0,944.0,1498926.0,1474.0,1562190.0,1536.0,554816.0,546.0,582549.0,573.0,53791.0,53.0,54199.0,53.0,121575.0,120.0,123216.0,121.0,0.0,0.0,0.0,0.0,0.0,0.0,245703.0,242.0,629794.0,619.0,673049.0,662.0,862331.0,848.0,866044.0,852.0,44167.0,43.0,44167.0,43.0,16700.0,16.0,16700.0,16.0,6011793.0,5911.0,6261059.0,6156.0,0.0,0.0,0.0,0.0,908016.0,893.0,946636.0,931.0,1640082.0,1613.0,1761819.0,1732.0,405958.0,399.0,2690316.0,2645.0,-2541.0,-2.0,8890.0,9.0,0.0,0.0,0.0,0.0,0.0,0.0,0.0,0.0,896034.0,881.0,962829.0,947.0,598813.0,589.0,599213.0,589.0,954179.0,938.0,1246501.0,1226.0
2023-24,101912291,GallegosEl,364,3561375.0,9784.0,4983310.0,13690.0,3008309.0,8265.0,3893840.0,10697.0,382965.0,1052.0,658542.0,1809.0,170101.0,467.0,430928.0,1184.0,3391274.0,9317.0,4552382.0,12507.0,2129644.0,5851.0,3032652.0,8331.0,4593.0,13.0,4593.0,13.0,32828.0,90.0,32828.0,90.0,105357.0,289.0,105357.0,289.0,605183.0,1663.0,636046.0,1747.0,186744.0,513.0,192020.0,528.0,3471.0,10.0,3471.0,10.0,80430.0,221.0,80430.0,221.0,0.0,0.0,0.0,0.0,0.0,0.0,217713.0,598.0,0.0,0.0,0.0,0.0,224330.0,616.0,228478.0,628.0,0.0,0.0,0.0,0.0,18694.0,51.0,18694.0,51.0,2284030.0,6275.0,2328697.0,6398.0,0.0,0.0,0.0,0.0,0.0,0.0,0.0,0.0,636812.0,1749.0,657160.0,1805.0,118116.0,324.0,961242.0,2641.0,24685.0,68.0,50913.0,140.0,84607.0,232.0,84607.0,232.0,0.0,0.0,0.0,0.0,0.0,0.0,0.0,0.0,0.0,0.0,0.0,0.0,243024.0,668.0,469749.0,1291.0
2023-24,101912283,Garcia El,322,2843709.0,8831.0,3471722.0,10782.0,2619852.0,8136.0,2803592.0,8707.0,215532.0,669.0,552449.0,1716.0,8325.0,26.0,115681.0,359.0,2835384.0,8806.0,3356041.0,10422.0,1904480.0,5915.0,2229306.0,6923.0,6001.0,19.0,6001.0,19.0,33795.0,105.0,33795.0,105.0,86883.0,270.0,86883.0,270.0,465032.0,1444.0,465032.0,1444.0,132532.0,412.0,132532.0,412.0,2860.0,9.0,-80.0,0.0,85376.0,265.0,85376.0,265.0,0.0,0.0,0.0,0.0,0.0,0.0,190807.0,593.0,3563.0,11.0,3563.0,11.0,114714.0,356.0,116235.0,361.0,148.0,0.0,148.0,0.0,0.0,0.0,0.0,0.0,1915996.0,5950.0,1915309.0,5948.0,0.0,0.0,0.0,0.0,0.0,0.0,0.0,0.0,559789.0,1738.0,650276.0,2019.0,106917.0,332.0,333835.0,1037.0,0.0,0.0,11596.0,36.0,134257.0,417.0,134257.0,417.0,0.0,0.0,0.0,0.0,0.0,0.0,0.0,0.0,3013.0,9.0,3013.0,9.0,115412.0,358.0,307740.0,956.0
2023-24,101912157,Garden Oaks Montessori,772,6243539.0,8087.0,7105700.0,9204.0,5574057.0,7220.0,6175155.0,7999.0,451793.0,585.0,681142.0,882.0,217689.0,282.0,249403.0,323.0,6025850.0,7806.0,6856297.0,8881.0,4466729.0,5786.0,5078052.0,6578.0,94474.0,122.0,94474.0,122.0,119056.0,154.0,119056.0,154.0,172013.0,223.0,172013.0,223.0,770283.0,998.0,770969.0,999.0,99625.0,129.0,99625.0,129.0,68612.0,89.0,68612.0,89.0,94269.0,122.0,95440.0,124.0,0.0,0.0,0.0,0.0,0.0,0.0,211504.0,274.0,10616.0,14.0,11737.0,15.0,128383.0,166.0,133025.0,172.0,0.0,0.0,0.0,0.0,1790.0,2.0,1790.0,2.0,4444254.0,5757.0,4525872.0,5863.0,13900.0,18.0,13900.0,18.0,0.0,0.0,0.0,0.0,916132.0,1187.0,1112780.0,1441.0,118520.0,154.0,300017.0,389.0,62383.0,81.0,77068.0,100.0,329872.0,427.0,329872.0,427.0,0.0,0.0,0.0,0.0,0.0,0.0,0.0,0.0,0.0,0.0,0.0,0.0,140789.0,182.0,358056.0,464.0
2023-24,101912158,Garden Villas El,360,3350761.0,9308.0,3956183.0,10989.0,2831644.0,7866.0,3090684.0,8585.0,471357.0,1309.0,674026.0,1872.0,47760.0,133.0,191473.0,532.0,3303001.0,9175.0,3764710.0,10458.0,1988311.0,5523.0,2246630.0,6241.0,80857.0,225.0,80857.0,225.0,30338.0,84.0,30338.0,84.0,88595.0,246.0,88595.0,246.0,546059.0,1517.0,546780.0,1519.0,136709.0,380.0,136709.0,380.0,2817.0,8.0,2817.0,8.0,100720.0,280.0,100720.0,280.0,0.0,0.0,0.0,0.0,0.0,0.0,183242.0,509.0,0.0,0.0,16934.0,47.0,328595.0,913.0,331088.0,920.0,0.0,0.0,0.0,0.0,0.0,0.0,0.0,0.0,2112752.0,5869.0,2148931.0,5969.0,0.0,0.0,0.0,0.0,0.0,0.0,0.0,0.0,408873.0,1136.0,487859.0,1355.0,293195.0,814.0,424605.0,1179.0,57053.0,158.0,68481.0,190.0,102533.0,285.0,102533.0,285.0,0.0,0.0,0.0,0.0,0.0,0.0,0.0,0.0,0.0,0.0,0.0,0.0,328595.0,913.0,531264.0,1476.0
2023-24,101912159,Golfcrest El,413,4076702.0,9871.0,5151319.0,12473.0,3413397.0,8265.0,3847833.0,9317.0,381438.0,924.0,981810.0,2377.0,281867.0,682.0,321676.0,779.0,3794835.0,9188.0,4829643.0,11694.0,2597710.0,6290.0,3194017.0,7734.0,51045.0,124.0,51045.0,124.0,47895.0,116.0,47895.0,116.0,116951.0,283.0,116951.0,283.0,512030.0,1240.0,512030.0,1240.0,151509.0,367.0,151509.0,367.0,3810.0,9.0,3810.0,9.0,108774.0,263.0,111011.0,269.0,0.0,0.0,0.0,0.0,0.0,0.0,241613.0,585.0,1262.0,3.0,194706.0,471.0,148844.0,360.0,150051.0,363.0,0.0,0.0,0.0,0.0,47857.0,116.0,47857.0,116.0,2432262.0,5889.0,2511348.0,6081.0,0.0,0.0,0.0,0.0,0.0,0.0,0.0,0.0,785773.0,1903.0,785943.0,1903.0,162789.0,394.0,598645.0,1450.0,82203.0,199.0,114295.0,277.0,126697.0,307.0,126697.0,307.0,0.0,0.0,0.0,0.0,0.0,0.0,0.0,0.0,1091.0,3.0,1091.0,3.0,196872.0,477.0,631635.0,1529.0
2023-24,101912162,Gregg El,366,4019438.0,10982.0,7099755.0,19398.0,3492416.0,9542.0,4527401.0,12370.0,405703.0,1108.0,718961.0,1964.0,121319.0,331.0,1853393.0,5064.0,3898119.0,10651.0,5246362.0,14334.0,2700473.0,7378.0,3774992.0,10314.0,5444.0,15.0,5444.0,15.0,36091.0,99.0,36591.0,100.0,122928.0,336.0,122928.0,336.0,598156.0,1634.0,628022.0,1716.0,132423.0,362.0,137714.0,376.0,3887.0,11.0,3887.0,11.0,53551.0,146.0,55080.0,150.0,0.0,0.0,0.0,0.0,0.0,0.0,224329.0,613.0,19522.0,53.0,24049.0,66.0,217399.0,594.0,218783.0,598.0,0.0,0.0,0.0,0.0,8892.0,24.0,8892.0,24.0,2964769.0,8100.0,2999319.0,8195.0,0.0,0.0,0.0,0.0,0.0,0.0,0.0,0.0,469630.0,1283.0,488917.0,1336.0,117632.0,321.0,1143813.0,3125.0,572.0,2.0,37107.0,101.0,100350.0,274.0,100350.0,274.0,0.0,0.0,0.0,0.0,0.0,0.0,0.0,0.0,0.0,0.0,0.0,0.0,246092.0,672.0,477782.0,1305.0
2023-24,101912058,Gregory-Lincoln Ed Ctr,493,5628797.0,11417.0,6504021.0,13193.0,4708861.0,9551.0,5253510.0,10656.0,432055.0,876.0,680252.0,1380.0,487881.0,990.0,570259.0,1157.0,5140916.0,10428.0,5933762.0,12036.0,3261592.0,6616.0,3767611.0,7642.0,81206.0,165.0,81206.0,165.0,146145.0,296.0,146145.0,296.0,132014.0,268.0,132014.0,268.0,924733.0,1876.0,924733.0,1876.0,158722.0,322.0,158722.0,322.0,4160.0,8.0,4160.0,8.0,91037.0,185.0,91037.0,185.0,0.0,0.0,0.0,0.0,0.0,0.0,237938.0,483.0,88107.0,179.0,88352.0,179.0,243404.0,494.0,247263.0,502.0,0.0,0.0,0.0,0.0,1566.0,3.0,1566.0,3.0,3849073.0,7807.0,3859436.0,7828.0,0.0,0.0,0.0,0.0,0.0,0.0,0.0,0.0,483978.0,982.0,841969.0,1708.0,197220.0,400.0,371484.0,754.0,16111.0,33.0,24297.0,49.0,253227.0,514.0,253227.0,514.0,0.0,0.0,0.0,0.0,0.0,0.0,0.0,0.0,86769.0,176.0,86769.0,176.0,246308.0,500.0,488350.0,991.0
2023-24,101912262,Grissom El,470,4214031.0,8966.0,5104042.0,10860.0,3628113.0,7719.0,4122957.0,8772.0,308191.0,656.0,700492.0,1490.0,277727.0,591.0,280593.0,597.0,3936304.0,8375.0,4823449.0,10263.0,2798183.0,5954.0,3314002.0,7051.0,80963.0,172.0,80963.0,172.0,42134.0,90.0,42134.0,90.0,107617.0,229.0,107617.0,229.0,512047.0,1089.0,568146.0,1209.0,140724.0,299.0,140724.0,299.0,3397.0,7.0,5244.0,11.0,89603.0,191.0,89603.0,191.0,0.0,0.0,0.0,0.0,0.0,0.0,293646.0,625.0,-221.0,0.0,2443.0,5.0,148863.0,317.0,151063.0,321.0,0.0,0.0,0.0,0.0,6903.0,15.0,6903.0,15.0,2730808.0,5810.0,2804627.0,5967.0,770.0,2.0,770.0,2.0,0.0,0.0,0.0,0.0,453615.0,965.0,522022.0,1111.0,271815.0,578.0,695074.0,1479.0,30253.0,64.0,53388.0,114.0,287407.0,612.0,287407.0,612.0,0.0,0.0,0.0,0.0,0.0,0.0,0.0,0.0,0.0,0.0,0.0,0.0,155545.0,331.0,454055.0,966.0
2023-24,101912369,Gross El,421,4098995.0,9736.0,4736512.0,11251.0,3489772.0,8289.0,3777463.0,8973.0,298015.0,708.0,513884.0,1221.0,311208.0,739.0,445165.0,1057.0,3787787.0,8997.0,4291347.0,10193.0,2590865.0,6154.0,2883982.0,6850.0,47884.0,114.0,47884.0,114.0,41961.0,100.0,41961.0,100.0,99648.0,237.0,99648.0,237.0,535095.0,1271.0,535095.0,1271.0,139596.0,332.0,139596.0,332.0,3074.0,7.0,3074.0,7.0,105083.0,250.0,105083.0,250.0,0.0,0.0,0.0,0.0,0.0,0.0,203196.0,483.0,35350.0,84.0,37016.0,88.0,180120.0,428.0,184711.0,439.0,476.0,1.0,476.0,1.0,0.0,0.0,0.0,0.0,2608688.0,6196.0,2614535.0,6210.0,4524.0,11.0,4524.0,11.0,0.0,0.0,0.0,0.0,486000.0,1154.0,577770.0,1372.0,147742.0,351.0,332315.0,789.0,89284.0,212.0,101187.0,240.0,227494.0,540.0,227494.0,540.0,0.0,0.0,0.0,0.0,0.0,0.0,0.0,0.0,0.0,0.0,0.0,0.0,216154.0,513.0,425607.0,1011.0
2023-24,101912456,H S Ahead Academy,144,2151585.0,14942.0,2646683.0,18380.0,1902547.0,13212.0,2062746.0,14325.0,145373.0,1010.0,266381.0,1850.0,103665.0,720.0,317556.0,2205.0,2047920.0,14222.0,2329127.0,16174.0,1186360.0,8239.0,1390162.0,9654.0,98355.0,683.0,98355.0,683.0,8952.0,62.0,8952.0,62.0,27447.0,191.0,27447.0,191.0,490529.0,3406.0,490529.0,3406.0,101532.0,705.0,101532.0,705.0,834.0,6.0,834.0,6.0,80691.0,560.0,80691.0,560.0,0.0,0.0,0.0,0.0,0.0,0.0,71986.0,500.0,0.0,0.0,4230.0,29.0,45071.0,313.0,45071.0,313.0,0.0,0.0,224.0,2.0,8149.0,57.0,8149.0,57.0,1661710.0,11540.0,1661710.0,11540.0,149.0,1.0,149.0,1.0,0.0,0.0,0.0,0.0,99703.0,692.0,99703.0,692.0,228362.0,1586.0,433087.0,3008.0,4776.0,33.0,4818.0,33.0,0.0,0.0,0.0,0.0,0.0,0.0,0.0,0.0,0.0,0.0,0.0,0.0,0.0,0.0,0.0,0.0,53220.0,370.0,129660.0,900.0
2023-24,101912034,H S For Law And Justice,435,5133802.0,11802.0,5504112.0,12653.0,4201942.0,9660.0,4302764.0,9891.0,808986.0,1860.0,993108.0,2283.0,122874.0,282.0,208240.0,479.0,5010928.0,11519.0,5295872.0,12174.0,2706459.0,6222.0,2850583.0,6553.0,3191.0,7.0,3191.0,7.0,224908.0,517.0,224908.0,517.0,790995.0,1818.0,790995.0,1818.0,643742.0,1480.0,643742.0,1480.0,162501.0,374.0,162501.0,374.0,2867.0,7.0,2867.0,7.0,89957.0,207.0,89957.0,207.0,0.0,0.0,0.0,0.0,0.0,0.0,106779.0,245.0,0.0,0.0,32003.0,74.0,377355.0,867.0,379393.0,872.0,8953.0,21.0,8953.0,21.0,0.0,0.0,0.0,0.0,2019170.0,4642.0,2019170.0,4642.0,5871.0,13.0,5871.0,13.0,1246976.0,2867.0,1252952.0,2880.0,397274.0,913.0,397274.0,913.0,73984.0,170.0,212132.0,488.0,0.0,0.0,0.0,0.0,0.0,0.0,0.0,0.0,0.0,0.0,0.0,0.0,881345.0,2026.0,881345.0,2026.0,0.0,0.0,0.0,0.0,386308.0,888.0,527128.0,1212.0
2023-24,101912131,Halpin Early Childhood Ctr,344,3720249.0,10815.0,3998149.0,11623.0,3398469.0,9879.0,3571217.0,10381.0,279616.0,813.0,365096.0,1061.0,42164.0,123.0,61836.0,180.0,3678085.0,10692.0,3936313.0,11443.0,2624247.0,7629.0,2851055.0,8288.0,82322.0,239.0,82322.0,239.0,59742.0,174.0,59742.0,174.0,120904.0,351.0,120904.0,351.0,431443.0,1254.0,431443.0,1254.0,105092.0,306.0,105092.0,306.0,4441.0,13.0,4441.0,13.0,89837.0,261.0,89837.0,261.0,0.0,0.0,0.0,0.0,0.0,0.0,25441.0,74.0,1800.0,5.0,7779.0,23.0,158257.0,460.0,158257.0,460.0,0.0,0.0,0.0,0.0,0.0,0.0,0.0,0.0,1895613.0,5511.0,1895682.0,5511.0,0.0,0.0,0.0,0.0,0.0,0.0,0.0,0.0,789478.0,2295.0,789478.0,2295.0,167694.0,487.0,362329.0,1053.0,112665.0,328.0,144751.0,421.0,552578.0,1606.0,552578.0,1606.0,0.0,0.0,0.0,0.0,0.0,0.0,0.0,0.0,0.0,0.0,0.0,0.0,160057.0,465.0,191477.0,557.0
2023-24,101912049,HamiltonMiddle,837,6905100.0,8250.0,7837351.0,9364.0,5950962.0,7110.0,6286288.0,7510.0,817347.0,977.0,1380860.0,1650.0,136791.0,163.0,170203.0,203.0,6768309.0,8086.0,7667148.0,9160.0,4382266.0,5236.0,4747424.0,5672.0,95220.0,114.0,161998.0,194.0,138847.0,166.0,174058.0,208.0,183884.0,220.0,183884.0,220.0,967894.0,1156.0,969191.0,1158.0,282772.0,338.0,282772.0,338.0,6019.0,7.0,6019.0,7.0,110239.0,132.0,110239.0,132.0,0.0,0.0,0.0,0.0,0.0,0.0,398839.0,477.0,288259.0,344.0,309738.0,370.0,287168.0,343.0,292804.0,350.0,25741.0,31.0,25741.0,31.0,0.0,0.0,0.0,0.0,4503461.0,5380.0,4503659.0,5381.0,5240.0,6.0,5240.0,6.0,0.0,0.0,0.0,0.0,1318078.0,1575.0,1318078.0,1575.0,218316.0,261.0,666171.0,796.0,43878.0,52.0,68710.0,82.0,0.0,0.0,0.0,0.0,0.0,0.0,0.0,0.0,81547.0,97.0,81547.0,97.0,214587.0,256.0,214587.0,256.0,383202.0,458.0,809156.0,967.0
2023-24,101912351,Harper Daep,127,4014376.0,31609.0,4121881.0,32456.0,3949329.0,31097.0,3965256.0,31222.0,-11830.0,-93.0,-11829.0,-93.0,76877.0,605.0,168454.0,1326.0,3937499.0,31004.0,3953427.0,31129.0,2251937.0,17732.0,2267864.0,17857.0,0.0,0.0,0.0,0.0,0.0,0.0,0.0,0.0,0.0,0.0,0.0,0.0,1114656.0,8777.0,1114656.0,8777.0,519078.0,4087.0,519078.0,4087.0,0.0,0.0,0.0,0.0,74639.0,588.0,74639.0,588.0,0.0,0.0,0.0,0.0,0.0,0.0,1.0,0.0,0.0,0.0,0.0,0.0,-107263.0,-845.0,-107263.0,-845.0,0.0,0.0,0.0,0.0,84452.0,665.0,84452.0,665.0,11392.0,90.0,11392.0,90.0,0.0,0.0,0.0,0.0,181737.0,1431.0,184379.0,1452.0,806557.0,6351.0,806557.0,6351.0,2959583.0,23304.0,2972868.0,23408.0,3869.0,30.0,3869.0,30.0,0.0,0.0,0.0,0.0,0.0,0.0,0.0,0.0,0.0,0.0,0.0,0.0,0.0,0.0,0.0,0.0,-25639.0,-202.0,-25638.0,-202.0
2023-24,101912320,Harris Co J J A E P,13,597112.0,45932.0,597112.0,45932.0,13893.0,1069.0,13893.0,1069.0,583219.0,44863.0,583219.0,44863.0,0.0,0.0,0.0,0.0,597112.0,45932.0,597112.0,45932.0,583200.0,44862.0,583200.0,44862.0,0.0,0.0,0.0,0.0,0.0,0.0,0.0,0.0,0.0,0.0,0.0,0.0,7102.0,546.0,7102.0,546.0,6791.0,522.0,6791.0,522.0,0.0,0.0,0.0,0.0,0.0,0.0,0.0,0.0,0.0,0.0,0.0,0.0,0.0,0.0,0.0,0.0,0.0,0.0,0.0,0.0,19.0,1.0,19.0,1.0,0.0,0.0,0.0,0.0,0.0,0.0,0.0,0.0,0.0,0.0,0.0,0.0,0.0,0.0,0.0,0.0,0.0,0.0,0.0,0.0,0.0,0.0,0.0,0.0,590302.0,45408.0,590302.0,45408.0,0.0,0.0,0.0,0.0,0.0,0.0,0.0,0.0,0.0,0.0,0.0,0.0,0.0,0.0,0.0,0.0,0.0,0.0,0.0,0.0,6810.0,524.0,6810.0,524.0
2023-24,101912166,Harris J R El,312,3878181.0,12430.0,5362899.0,17189.0,3386517.0,10854.0,4329209.0,13876.0,360878.0,1157.0,653420.0,2094.0,130786.0,419.0,380270.0,1219.0,3747395.0,12011.0,4982629.0,15970.0,2572179.0,8244.0,3530617.0,11316.0,3236.0,10.0,3236.0,10.0,49596.0,159.0,49596.0,159.0,105175.0,337.0,105175.0,337.0,511148.0,1638.0,531913.0,1705.0,219195.0,703.0,229774.0,736.0,3418.0,11.0,3418.0,11.0,84829.0,272.0,86483.0,277.0,0.0,0.0,0.0,0.0,0.0,0.0,237724.0,762.0,4947.0,16.0,7365.0,24.0,192960.0,618.0,194583.0,624.0,0.0,0.0,0.0,0.0,712.0,2.0,712.0,2.0,2372395.0,7604.0,2444736.0,7836.0,0.0,0.0,0.0,0.0,0.0,0.0,0.0,0.0,588651.0,1887.0,610206.0,1956.0,218119.0,699.0,1095547.0,3511.0,679.0,2.0,14224.0,46.0,368932.0,1182.0,368932.0,1182.0,0.0,0.0,0.0,0.0,0.0,0.0,0.0,0.0,0.0,0.0,0.0,0.0,198619.0,637.0,442133.0,1417.0
2023-24,101912167,Harris R P El,388,4166147.0,10737.0,5812606.0,14981.0,3789097.0,9766.0,4871125.0,12554.0,255552.0,659.0,519155.0,1338.0,121498.0,313.0,422326.0,1088.0,4044649.0,10424.0,5390280.0,13892.0,2863270.0,7380.0,3970839.0,10234.0,4790.0,12.0,4790.0,12.0,39476.0,102.0,39476.0,102.0,112973.0,291.0,112973.0,291.0,705987.0,1820.0,735363.0,1895.0,85832.0,221.0,85832.0,221.0,3492.0,9.0,3492.0,9.0,95507.0,246.0,97150.0,250.0,0.0,0.0,0.0,0.0,0.0,0.0,204934.0,528.0,0.0,0.0,0.0,0.0,128243.0,331.0,130352.0,336.0,0.0,0.0,0.0,0.0,5079.0,13.0,5079.0,13.0,3317049.0,8549.0,3376768.0,8703.0,-62.0,0.0,-62.0,0.0,0.0,0.0,0.0,0.0,389350.0,1003.0,410069.0,1057.0,82622.0,213.0,1081077.0,2786.0,506.0,1.0,58262.0,150.0,121862.0,314.0,121862.0,314.0,0.0,0.0,0.0,0.0,0.0,0.0,0.0,0.0,0.0,0.0,0.0,0.0,133322.0,344.0,340759.0,878.0
2023-24,101912051,Hartman Middle,766,9590579.0,12520.0,13663157.0,17837.0,8640438.0,11280.0,11300462.0,14753.0,722807.0,944.0,1528427.0,1995.0,227334.0,297.0,834268.0,1089.0,9363245.0,12224.0,12828889.0,16748.0,6823761.0,8908.0,9766145.0,12750.0,8712.0,11.0,8712.0,11.0,164585.0,215.0,176173.0,230.0,274022.0,358.0,274022.0,358.0,1171213.0,1529.0,1217489.0,1589.0,326548.0,426.0,337083.0,440.0,8713.0,11.0,8713.0,11.0,102315.0,134.0,103845.0,136.0,0.0,0.0,0.0,0.0,0.0,0.0,416580.0,544.0,132581.0,173.0,153675.0,201.0,331278.0,432.0,335784.0,438.0,13214.0,17.0,13214.0,17.0,6303.0,8.0,6303.0,8.0,7164371.0,9353.0,7398664.0,9659.0,0.0,0.0,0.0,0.0,0.0,0.0,0.0,0.0,1444271.0,1885.0,1596847.0,2085.0,57680.0,75.0,2685833.0,3506.0,119625.0,156.0,122529.0,160.0,0.0,0.0,0.0,0.0,0.0,0.0,0.0,0.0,93922.0,123.0,99202.0,130.0,123076.0,161.0,123076.0,161.0,360300.0,470.0,802738.0,1048.0
2023-24,101912168,Hartsfield El,300,3678454.0,12262.0,5112034.0,17040.0,3046548.0,10155.0,3903067.0,13010.0,537143.0,1790.0,789418.0,2631.0,94763.0,316.0,419549.0,1398.0,3583691.0,11946.0,4692485.0,15642.0,2132676.0,7109.0,3011146.0,10037.0,73287.0,244.0,78585.0,262.0,129049.0,430.0,134347.0,448.0,95689.0,319.0,95689.0,319.0,564336.0,1881.0,591457.0,1972.0,116232.0,387.0,121320.0,404.0,3075.0,10.0,3075.0,10.0,101757.0,339.0,103287.0,344.0,0.0,0.0,0.0,0.0,0.0,0.0,180664.0,602.0,14.0,0.0,214.0,1.0,358440.0,1195.0,361791.0,1206.0,0.0,0.0,0.0,0.0,9136.0,30.0,9136.0,30.0,2464838.0,8216.0,2510476.0,8368.0,0.0,0.0,0.0,0.0,0.0,0.0,0.0,0.0,471935.0,1573.0,485463.0,1618.0,86048.0,287.0,947176.0,3157.0,0.0,0.0,0.0,0.0,193280.0,644.0,193280.0,644.0,0.0,0.0,0.0,0.0,0.0,0.0,0.0,0.0,0.0,0.0,0.0,0.0,367590.0,1225.0,554396.0,1848.0
2023-24,101912169,Harvard El,671,4669940.0,6960.0,5642466.0,8409.0,4202416.0,6263.0,4674825.0,6967.0,409763.0,611.0,746324.0,1112.0,57761.0,86.0,221317.0,330.0,4612179.0,6874.0,5421149.0,8079.0,3284895.0,4896.0,3489397.0,5200.0,86796.0,129.0,86796.0,129.0,128217.0,191.0,128217.0,191.0,128839.0,192.0,128839.0,192.0,468276.0,698.0,468276.0,698.0,65688.0,98.0,65688.0,98.0,83810.0,125.0,83810.0,125.0,92169.0,137.0,92169.0,137.0,0.0,0.0,0.0,0.0,0.0,0.0,190825.0,284.0,3780.0,6.0,415196.0,619.0,227582.0,339.0,229809.0,342.0,4989.0,7.0,4989.0,7.0,37138.0,55.0,37138.0,55.0,3859658.0,5752.0,3960231.0,5902.0,-190.0,0.0,-190.0,0.0,0.0,0.0,0.0,0.0,353908.0,527.0,436528.0,651.0,66724.0,99.0,80509.0,120.0,4710.0,7.0,4710.0,7.0,53880.0,80.0,53880.0,80.0,0.0,0.0,0.0,0.0,0.0,0.0,0.0,0.0,3443.0,5.0,3443.0,5.0,270046.0,402.0,874514.0,1303.0
2023-24,101912097,Hcc Life Skills Program,65,2078313.0,31974.0,2465978.0,37938.0,2004380.0,30837.0,2392045.0,36801.0,72820.0,1120.0,72820.0,1120.0,1113.0,17.0,1113.0,17.0,2077200.0,31957.0,2464865.0,37921.0,1780732.0,27396.0,2168397.0,33360.0,1142.0,18.0,1142.0,18.0,10116.0,156.0,10116.0,156.0,64173.0,987.0,64173.0,987.0,38865.0,598.0,38865.0,598.0,166108.0,2556.0,166108.0,2556.0,2433.0,37.0,2433.0,37.0,13555.0,209.0,13555.0,209.0,0.0,0.0,0.0,0.0,0.0,0.0,0.0,0.0,0.0,0.0,0.0,0.0,76.0,1.0,76.0,1.0,0.0,0.0,0.0,0.0,0.0,0.0,0.0,0.0,198.0,3.0,198.0,3.0,0.0,0.0,0.0,0.0,0.0,0.0,0.0,0.0,2076926.0,31953.0,2437759.0,37504.0,0.0,0.0,26832.0,413.0,0.0,0.0,0.0,0.0,0.0,0.0,0.0,0.0,0.0,0.0,0.0,0.0,0.0,0.0,0.0,0.0,0.0,0.0,0.0,0.0,76.0,1.0,76.0,1.0
2023-24,101912012,Heights H S,2520,21435593.0,8506.0,22580170.0,8960.0,18453219.0,7323.0,18963650.0,7525.0,2471583.0,981.0,3099385.0,1230.0,510791.0,203.0,517135.0,205.0,20924802.0,8303.0,22063035.0,8755.0,12659565.0,5024.0,13230325.0,5250.0,117010.0,46.0,117009.0,46.0,310893.0,123.0,310893.0,123.0,1844414.0,732.0,1844414.0,732.0,2789812.0,1107.0,2789812.0,1107.0,846538.0,336.0,958084.0,380.0,11202.0,4.0,11202.0,4.0,130343.0,52.0,132057.0,52.0,0.0,0.0,0.0,0.0,0.0,0.0,229491.0,91.0,891585.0,354.0,1038061.0,412.0,1152615.0,457.0,1160045.0,460.0,53131.0,21.0,53131.0,21.0,117694.0,47.0,117694.0,47.0,10865333.0,4312.0,10886502.0,4320.0,127115.0,50.0,127596.0,51.0,2594476.0,1030.0,2616049.0,1038.0,2414667.0,958.0,2414667.0,958.0,631793.0,251.0,1335253.0,530.0,1774.0,1.0,1774.0,1.0,0.0,0.0,0.0,0.0,0.0,0.0,0.0,0.0,2074619.0,823.0,2083254.0,827.0,749480.0,297.0,774092.0,307.0,1465545.0,582.0,1823848.0,724.0
2023-24,101912170,HelmsEl,481,3849165.0,8002.0,4577959.0,9518.0,3492000.0,7260.0,3972889.0,8260.0,344058.0,715.0,556266.0,1156.0,13107.0,27.0,48804.0,101.0,3836058.0,7975.0,4529155.0,9416.0,2579731.0,5363.0,3080117.0,6404.0,86158.0,179.0,86158.0,179.0,125895.0,262.0,125895.0,262.0,113238.0,235.0,113238.0,235.0,495814.0,1031.0,495814.0,1031.0,60796.0,126.0,60796.0,126.0,91377.0,190.0,91377.0,190.0,90765.0,189.0,90765.0,189.0,0.0,0.0,0.0,0.0,0.0,0.0,175217.0,364.0,165.0,0.0,16285.0,34.0,190964.0,397.0,192338.0,400.0,0.0,0.0,0.0,0.0,1155.0,2.0,1155.0,2.0,2855606.0,5937.0,2896635.0,6022.0,250.0,1.0,250.0,1.0,0.0,0.0,0.0,0.0,427613.0,889.0,581229.0,1208.0,219281.0,456.0,416213.0,865.0,104839.0,218.0,169446.0,352.0,36185.0,75.0,36185.0,75.0,0.0,0.0,0.0,0.0,0.0,0.0,0.0,0.0,100.0,0.0,100.0,0.0,192184.0,400.0,384895.0,800.0
2023-24,101912171,Henderson J El,538,4179522.0,7769.0,4854446.0,9023.0,3712939.0,6901.0,4014474.0,7462.0,344120.0,640.0,711918.0,1323.0,122463.0,228.0,128054.0,238.0,4057059.0,7541.0,4726392.0,8785.0,2750338.0,5112.0,3105107.0,5772.0,53231.0,99.0,53231.0,99.0,49409.0,92.0,49409.0,92.0,115931.0,215.0,115931.0,215.0,705671.0,1312.0,705898.0,1312.0,89632.0,167.0,89632.0,167.0,3621.0,7.0,11985.0,22.0,86195.0,160.0,86195.0,160.0,0.0,0.0,0.0,0.0,461.0,1.0,298303.0,554.0,15101.0,28.0,18136.0,34.0,187469.0,348.0,190918.0,355.0,0.0,0.0,0.0,0.0,0.0,0.0,0.0,0.0,3031307.0,5634.0,3057748.0,5684.0,121.0,0.0,121.0,0.0,0.0,0.0,0.0,0.0,373424.0,694.0,470949.0,875.0,179852.0,334.0,373370.0,694.0,77195.0,143.0,124491.0,231.0,192129.0,357.0,192129.0,357.0,0.0,0.0,0.0,0.0,0.0,0.0,0.0,0.0,0.0,0.0,0.0,0.0,203031.0,377.0,507584.0,943.0
2023-24,101912172,Henderson N El,211,3609779.0,17108.0,5537568.0,26244.0,2985601.0,14150.0,3942525.0,18685.0,212928.0,1009.0,424256.0,2011.0,411250.0,1949.0,1170787.0,5549.0,3198529.0,15159.0,4366781.0,20696.0,2118357.0,10040.0,3108737.0,14733.0,4665.0,22.0,4665.0,22.0,58928.0,279.0,58928.0,279.0,91532.0,434.0,91532.0,434.0,595460.0,2822.0,616265.0,2921.0,131862.0,625.0,137139.0,650.0,2887.0,14.0,2887.0,14.0,83660.0,396.0,85309.0,404.0,0.0,0.0,0.0,0.0,0.0,0.0,147639.0,700.0,0.0,0.0,598.0,3.0,110787.0,525.0,112691.0,534.0,0.0,0.0,0.0,0.0,391.0,2.0,391.0,2.0,2180140.0,10332.0,2211128.0,10479.0,0.0,0.0,0.0,0.0,0.0,0.0,0.0,0.0,554723.0,2629.0,694126.0,3290.0,29283.0,139.0,861115.0,4081.0,-1440.0,-7.0,-1440.0,-7.0,324645.0,1539.0,324645.0,1539.0,0.0,0.0,0.0,0.0,0.0,0.0,0.0,0.0,0.0,0.0,0.0,0.0,111178.0,527.0,261319.0,1238.0
2023-24,101912052,Henry Middle,610,10351852.0,16970.0,14452113.0,23692.0,8893498.0,14580.0,11115200.0,18222.0,1028028.0,1685.0,1800349.0,2951.0,430326.0,705.0,1536564.0,2519.0,9921526.0,16265.0,12915549.0,21173.0,7131276.0,11691.0,9774396.0,16024.0,7518.0,12.0,7518.0,12.0,81263.0,133.0,81373.0,133.0,243402.0,399.0,243402.0,399.0,1228685.0,2014.0,1304818.0,2139.0,320018.0,525.0,330577.0,542.0,7833.0,13.0,7833.0,13.0,101631.0,167.0,103288.0,169.0,0.0,0.0,0.0,0.0,0.0,0.0,252866.0,415.0,147614.0,242.0,149880.0,246.0,645693.0,1059.0,648812.0,1064.0,1704.0,3.0,1704.0,3.0,3976.0,7.0,3976.0,7.0,7015159.0,11500.0,7340830.0,12034.0,-188.0,0.0,-188.0,0.0,32.0,0.0,32.0,0.0,1734095.0,2843.0,1800698.0,2952.0,84890.0,139.0,2396533.0,3929.0,287638.0,472.0,303462.0,497.0,0.0,0.0,0.0,0.0,0.0,0.0,0.0,0.0,0.0,0.0,0.0,0.0,139390.0,229.0,139390.0,229.0,660510.0,1083.0,934792.0,1532.0
2023-24,101912173,Herod El,762,5625311.0,7382.0,6604823.0,8668.0,5121494.0,6721.0,5654148.0,7420.0,463522.0,608.0,809890.0,1063.0,40295.0,53.0,140785.0,185.0,5585016.0,7329.0,6464038.0,8483.0,4006016.0,5257.0,4417629.0,5797.0,95494.0,125.0,95494.0,125.0,137139.0,180.0,137139.0,180.0,176088.0,231.0,176088.0,231.0,642683.0,843.0,642683.0,843.0,111374.0,146.0,111374.0,146.0,82007.0,108.0,82577.0,108.0,104035.0,137.0,104035.0,137.0,0.0,0.0,0.0,0.0,0.0,0.0,296607.0,389.0,1331.0,2.0,169223.0,222.0,221510.0,291.0,223850.0,294.0,3990.0,5.0,3990.0,5.0,3349.0,4.0,3349.0,4.0,4108556.0,5392.0,4147069.0,5442.0,49907.0,65.0,49907.0,65.0,0.0,0.0,0.0,0.0,804227.0,1055.0,894203.0,1173.0,182957.0,240.0,374134.0,491.0,79639.0,105.0,106261.0,139.0,129550.0,170.0,129550.0,170.0,0.0,0.0,0.0,0.0,0.0,0.0,0.0,0.0,0.0,0.0,0.0,0.0,230180.0,302.0,697019.0,915.0
2023-24,101912286,Herrera El,779,6273148.0,8053.0,7407665.0,9509.0,5878917.0,7547.0,6490333.0,8332.0,335354.0,430.0,733740.0,942.0,58877.0,76.0,183592.0,236.0,6214271.0,7977.0,7224073.0,9274.0,4524573.0,5808.0,5085619.0,6528.0,5688.0,7.0,5688.0,7.0,248978.0,320.0,249044.0,320.0,190306.0,244.0,190306.0,244.0,758651.0,974.0,883386.0,1134.0,184785.0,237.0,184785.0,237.0,5727.0,7.0,5727.0,7.0,121635.0,156.0,121635.0,156.0,0.0,0.0,0.0,0.0,0.0,0.0,305579.0,392.0,5650.0,7.0,22263.0,29.0,168278.0,216.0,170041.0,218.0,0.0,0.0,0.0,0.0,0.0,0.0,0.0,0.0,4416901.0,5670.0,4428256.0,5685.0,677.0,1.0,677.0,1.0,0.0,0.0,0.0,0.0,691480.0,888.0,772070.0,991.0,471790.0,606.0,952726.0,1223.0,269436.0,346.0,316577.0,406.0,190059.0,244.0,190059.0,244.0,0.0,0.0,0.0,0.0,0.0,0.0,0.0,0.0,0.0,0.0,0.0,0.0,173928.0,223.0,497883.0,639.0
2023-24,101912174,Highland Hts El,443,5763927.0,13011.0,7762206.0,17522.0,5072073.0,11449.0,6485552.0,14640.0,327508.0,739.0,887742.0,2004.0,364346.0,822.0,388912.0,878.0,5399581.0,12189.0,7373294.0,16644.0,3955695.0,8929.0,5608652.0,12661.0,5082.0,11.0,5082.0,11.0,69534.0,157.0,70781.0,160.0,132186.0,298.0,132186.0,298.0,771275.0,1741.0,805626.0,1819.0,163452.0,369.0,168543.0,380.0,4162.0,9.0,4162.0,9.0,96033.0,217.0,97676.0,220.0,0.0,0.0,0.0,0.0,0.0,0.0,239536.0,541.0,2427.0,5.0,32099.0,72.0,194611.0,439.0,199166.0,450.0,0.0,0.0,1003.0,2.0,5124.0,12.0,5124.0,12.0,3980131.0,8984.0,4216666.0,9518.0,0.0,0.0,0.0,0.0,0.0,0.0,0.0,0.0,823558.0,1859.0,856393.0,1933.0,45268.0,102.0,1419204.0,3204.0,41600.0,94.0,83542.0,189.0,306862.0,693.0,306862.0,693.0,0.0,0.0,0.0,0.0,0.0,0.0,0.0,0.0,0.0,0.0,0.0,0.0,202162.0,456.0,479685.0,1083.0
2023-24,101912473,Hilliard El,588,6672981.0,11349.0,9081345.0,15444.0,5509333.0,9370.0,7114981.0,12100.0,543834.0,925.0,1192065.0,2027.0,619814.0,1054.0,774299.0,1317.0,6053167.0,10295.0,8307046.0,14128.0,4294310.0,7303.0,6148322.0,10456.0,4816.0,8.0,4816.0,8.0,77769.0,132.0,78719.0,134.0,146249.0,249.0,146249.0,249.0,811968.0,1381.0,850682.0,1447.0,256620.0,436.0,267174.0,454.0,4572.0,8.0,4507.0,8.0,83252.0,142.0,86535.0,147.0,0.0,0.0,0.0,0.0,0.0,0.0,321533.0,547.0,4436.0,8.0,22861.0,39.0,348151.0,592.0,348151.0,592.0,0.0,0.0,0.0,0.0,21024.0,36.0,21024.0,36.0,4532129.0,7708.0,4627121.0,7869.0,0.0,0.0,0.0,0.0,0.0,0.0,0.0,0.0,663022.0,1128.0,689580.0,1173.0,61133.0,104.0,1838536.0,3127.0,35580.0,61.0,35691.0,61.0,387692.0,659.0,387692.0,659.0,0.0,0.0,0.0,0.0,0.0,0.0,0.0,0.0,0.0,0.0,0.0,0.0,373611.0,635.0,717219.0,1220.0
2023-24,101912395,Hines-Caldwell,691,5519612.0,7988.0,6430356.0,9306.0,4803776.0,6952.0,5079082.0,7350.0,630747.0,913.0,1079308.0,1562.0,85089.0,123.0,271966.0,394.0,5434523.0,7865.0,6158390.0,8912.0,3864111.0,5592.0,4243841.0,6142.0,58816.0,85.0,58816.0,85.0,80278.0,116.0,80278.0,116.0,154854.0,224.0,154854.0,224.0,585158.0,847.0,586068.0,848.0,162164.0,235.0,162164.0,235.0,4622.0,7.0,4622.0,7.0,119091.0,172.0,120959.0,175.0,0.0,0.0,0.0,0.0,0.0,0.0,281040.0,407.0,11807.0,17.0,33471.0,48.0,384989.0,557.0,389328.0,563.0,8024.0,12.0,8024.0,12.0,144.0,0.0,144.0,0.0,3889655.0,5629.0,3949037.0,5715.0,1834.0,3.0,1834.0,3.0,0.0,0.0,0.0,0.0,410014.0,593.0,495804.0,718.0,276792.0,401.0,524759.0,759.0,163650.0,237.0,187320.0,271.0,287343.0,416.0,287343.0,416.0,0.0,0.0,0.0,0.0,0.0,0.0,0.0,0.0,0.0,0.0,0.0,0.0,405235.0,586.0,712278.0,1031.0
2023-24,101912175,Hobby El,477,4578708.0,9599.0,6849815.0,14360.0,4157447.0,8716.0,5538933.0,11612.0,321647.0,674.0,725692.0,1521.0,99614.0,209.0,585190.0,1227.0,4479094.0,9390.0,6264625.0,13133.0,3179097.0,6665.0,4647916.0,9744.0,6016.0,13.0,6016.0,13.0,53512.0,112.0,53512.0,112.0,147927.0,310.0,147927.0,310.0,729348.0,1529.0,765018.0,1604.0,130387.0,273.0,135699.0,284.0,4781.0,10.0,4781.0,10.0,56903.0,119.0,58433.0,123.0,0.0,0.0,0.0,0.0,0.0,0.0,269665.0,565.0,6411.0,13.0,6797.0,14.0,153546.0,322.0,155352.0,326.0,0.0,0.0,0.0,0.0,11166.0,23.0,11166.0,23.0,3282177.0,6881.0,3411227.0,7151.0,0.0,0.0,0.0,0.0,0.0,0.0,0.0,0.0,728973.0,1528.0,755125.0,1583.0,45650.0,96.0,1350270.0,2831.0,883.0,2.0,47848.0,100.0,250288.0,525.0,250288.0,525.0,0.0,0.0,0.0,0.0,0.0,0.0,0.0,0.0,0.0,0.0,0.0,0.0,171123.0,359.0,446420.0,936.0
2023-24,101912053,Hogg Middle,1120,9295520.0,8300.0,10506001.0,9380.0,8000323.0,7143.0,8311333.0,7421.0,1200219.0,1072.0,1573785.0,1405.0,94978.0,85.0,620883.0,554.0,9200542.0,8215.0,9885118.0,8826.0,6585270.0,5880.0,6866895.0,6131.0,98342.0,88.0,98342.0,88.0,145766.0,130.0,145766.0,130.0,261164.0,233.0,261164.0,233.0,998896.0,892.0,998896.0,892.0,234807.0,210.0,234807.0,210.0,8531.0,8.0,22685.0,20.0,100871.0,90.0,100871.0,90.0,0.0,0.0,0.0,0.0,0.0,0.0,242445.0,216.0,175457.0,157.0,286503.0,256.0,579541.0,517.0,587925.0,525.0,11897.0,11.0,11897.0,11.0,0.0,0.0,0.0,0.0,6327132.0,5649.0,6327469.0,5650.0,66284.0,59.0,66284.0,59.0,674.0,1.0,1893.0,2.0,1582940.0,1413.0,1586391.0,1416.0,362755.0,324.0,674927.0,603.0,20338.0,18.0,25860.0,23.0,0.0,0.0,0.0,0.0,0.0,0.0,0.0,0.0,73524.0,66.0,73524.0,66.0,161297.0,144.0,161297.0,144.0,605598.0,541.0,967473.0,864.0
2023-24,101912050,HollandMiddle,591,5931162.0,10036.0,8830513.0,14942.0,5198374.0,8796.0,6889016.0,11657.0,594506.0,1006.0,1150993.0,1948.0,138282.0,234.0,790504.0,1338.0,5792880.0,9802.0,8040009.0,13604.0,3894834.0,6590.0,5846440.0,9892.0,5976.0,10.0,5976.0,10.0,43602.0,74.0,46543.0,79.0,151433.0,256.0,151433.0,256.0,972252.0,1645.0,1009402.0,1708.0,252710.0,428.0,263264.0,445.0,4889.0,8.0,4917.0,8.0,96409.0,163.0,98067.0,166.0,0.0,0.0,0.0,0.0,0.0,0.0,222833.0,377.0,157674.0,267.0,173773.0,294.0,202521.0,343.0,206781.0,350.0,5045.0,9.0,5045.0,9.0,5535.0,9.0,5535.0,9.0,4140011.0,7005.0,4377246.0,7407.0,0.0,0.0,0.0,0.0,7.0,0.0,7.0,0.0,1070512.0,1811.0,1199313.0,2029.0,57542.0,97.0,1695443.0,2869.0,154033.0,261.0,154033.0,261.0,0.0,0.0,0.0,0.0,0.0,0.0,0.0,0.0,0.0,0.0,0.0,0.0,150468.0,255.0,150468.0,255.0,220307.0,373.0,463499.0,784.0
2023-24,101912178,Horn El,753,5155078.0,6846.0,5581144.0,7412.0,4697802.0,6239.0,4966696.0,6596.0,397634.0,528.0,554806.0,737.0,59642.0,79.0,59642.0,79.0,5095436.0,6767.0,5521502.0,7333.0,3659514.0,4860.0,3928426.0,5217.0,97383.0,129.0,97383.0,129.0,50893.0,68.0,50893.0,68.0,158783.0,211.0,158783.0,211.0,540988.0,718.0,540988.0,718.0,192547.0,256.0,192547.0,256.0,10018.0,13.0,14018.0,19.0,138634.0,184.0,138634.0,184.0,0.0,0.0,0.0,0.0,0.0,0.0,139006.0,185.0,1850.0,2.0,14875.0,20.0,161408.0,214.0,162531.0,216.0,0.0,0.0,0.0,0.0,83418.0,111.0,83418.0,111.0,3865395.0,5133.0,3952518.0,5249.0,58800.0,78.0,58800.0,78.0,0.0,0.0,0.0,0.0,614691.0,816.0,695896.0,924.0,163653.0,217.0,167327.0,222.0,86256.0,115.0,86256.0,115.0,59965.0,80.0,59965.0,80.0,0.0,0.0,0.0,0.0,0.0,0.0,0.0,0.0,200.0,0.0,200.0,0.0,246476.0,327.0,403630.0,536.0
2023-24,101912348,Houston Academy For International,456,3539382.0,7762.0,3776932.0,8283.0,3022253.0,6628.0,3141343.0,6889.0,347180.0,761.0,458852.0,1006.0,169949.0,373.0,176737.0,388.0,3369433.0,7389.0,3600195.0,7895.0,2279234.0,4998.0,2409750.0,5285.0,2338.0,5.0,2338.0,5.0,104640.0,229.0,104640.0,229.0,117148.0,257.0,117148.0,257.0,586704.0,1287.0,586704.0,1287.0,127485.0,280.0,127485.0,280.0,1921.0,4.0,1921.0,4.0,73096.0,160.0,73096.0,160.0,0.0,0.0,0.0,0.0,0.0,0.0,86608.0,190.0,17720.0,39.0,27787.0,61.0,-628.0,-1.0,-628.0,-1.0,9783.0,21.0,13406.0,29.0,49992.0,110.0,49992.0,110.0,2033888.0,4460.0,2068318.0,4536.0,25044.0,55.0,25044.0,55.0,1060676.0,2326.0,1065588.0,2337.0,17524.0,38.0,17524.0,38.0,149395.0,328.0,238719.0,524.0,6039.0,13.0,6039.0,13.0,0.0,0.0,0.0,0.0,0.0,0.0,0.0,0.0,0.0,0.0,1798.0,4.0,4895.0,11.0,4895.0,11.0,71972.0,158.0,172270.0,378.0
2023-24,101912310,Houston Math Science And Technolog,2641,22888068.0,8666.0,29598580.0,11207.0,20569223.0,7788.0,25541057.0,9671.0,1947112.0,737.0,2984177.0,1130.0,371733.0,141.0,1073346.0,406.0,22516335.0,8526.0,28525234.0,10801.0,14619888.0,5536.0,19841956.0,7513.0,19510.0,7.0,19510.0,7.0,294825.0,112.0,300099.0,114.0,1989778.0,753.0,1989778.0,753.0,2500779.0,947.0,2637176.0,999.0,1388332.0,526.0,1441722.0,546.0,33613.0,13.0,33053.0,13.0,131761.0,50.0,131759.0,50.0,0.0,0.0,0.0,0.0,0.0,0.0,458680.0,174.0,712927.0,270.0,840669.0,318.0,721899.0,273.0,725148.0,275.0,70902.0,27.0,70902.0,27.0,32121.0,12.0,32121.0,12.0,13433580.0,5087.0,13557624.0,5134.0,958.0,0.0,958.0,0.0,1511767.0,572.0,1638804.0,621.0,3769755.0,1427.0,4005463.0,1517.0,361008.0,137.0,5233268.0,1982.0,-3121.0,-1.0,-3121.0,-1.0,0.0,0.0,0.0,0.0,0.0,0.0,0.0,0.0,1904539.0,721.0,1926504.0,729.0,682044.0,258.0,682044.0,258.0,855805.0,324.0,1483690.0,562.0
2023-24,101912180,Isaacs El,274,3669324.0,13392.0,4953536.0,18079.0,3220286.0,11753.0,4240191.0,15475.0,203131.0,741.0,463422.0,1691.0,245907.0,897.0,249923.0,912.0,3423417.0,12494.0,4703613.0,17166.0,2334187.0,8519.0,3385808.0,12357.0,2871.0,10.0,2871.0,10.0,46209.0,169.0,46209.0,169.0,88431.0,323.0,88431.0,323.0,619051.0,2259.0,643544.0,2349.0,126435.0,461.0,131526.0,480.0,2843.0,10.0,2635.0,10.0,84172.0,307.0,85700.0,313.0,0.0,0.0,0.0,0.0,0.0,0.0,189840.0,693.0,7980.0,29.0,10017.0,37.0,101656.0,371.0,103551.0,378.0,97.0,0.0,1146.0,4.0,9485.0,35.0,9485.0,35.0,2321771.0,8474.0,2448760.0,8937.0,0.0,0.0,0.0,0.0,0.0,0.0,0.0,0.0,676481.0,2469.0,700681.0,2557.0,6438.0,23.0,880972.0,3215.0,443.0,2.0,37640.0,137.0,299066.0,1091.0,299066.0,1091.0,0.0,0.0,0.0,0.0,0.0,0.0,0.0,0.0,0.0,0.0,0.0,0.0,119218.0,435.0,314039.0,1146.0
2023-24,101912181,Janowski El,400,3743599.0,9359.0,4867712.0,12169.0,3300996.0,8252.0,3772974.0,9432.0,336214.0,841.0,820771.0,2052.0,106389.0,266.0,273967.0,685.0,3637210.0,9093.0,4593745.0,11484.0,2403538.0,6009.0,2880321.0,7201.0,88585.0,221.0,88585.0,221.0,75149.0,188.0,75149.0,188.0,124853.0,312.0,124853.0,312.0,467711.0,1169.0,467711.0,1169.0,154523.0,386.0,154523.0,386.0,3808.0,10.0,3808.0,10.0,115462.0,289.0,115462.0,289.0,0.0,0.0,0.0,0.0,0.0,0.0,278874.0,697.0,0.0,0.0,185462.0,464.0,142478.0,356.0,144467.0,361.0,0.0,0.0,0.0,0.0,61103.0,153.0,61103.0,153.0,2009686.0,5024.0,2048179.0,5120.0,1050.0,3.0,1050.0,3.0,0.0,0.0,0.0,0.0,789399.0,1973.0,865880.0,2165.0,175104.0,438.0,513750.0,1284.0,198296.0,496.0,230486.0,576.0,260094.0,650.0,260094.0,650.0,0.0,0.0,0.0,0.0,0.0,0.0,0.0,0.0,0.0,0.0,0.0,0.0,203581.0,509.0,674306.0,1686.0
2023-24,101912182,Jefferson El,333,3514364.0,10554.0,4100212.0,12313.0,2961778.0,8894.0,3270078.0,9820.0,294735.0,885.0,534824.0,1606.0,257851.0,774.0,295310.0,887.0,3256513.0,9779.0,3804902.0,11426.0,2198433.0,6602.0,2537699.0,7621.0,13969.0,42.0,13969.0,42.0,34860.0,105.0,34860.0,105.0,118317.0,355.0,118317.0,355.0,424819.0,1276.0,436534.0,1311.0,148897.0,447.0,148897.0,447.0,3955.0,12.0,3925.0,12.0,107839.0,324.0,107839.0,324.0,0.0,0.0,0.0,0.0,0.0,0.0,178174.0,535.0,842.0,3.0,18125.0,54.0,158241.0,475.0,160222.0,481.0,0.0,0.0,0.0,0.0,39935.0,120.0,39935.0,120.0,2102805.0,6315.0,2219993.0,6667.0,136.0,0.0,136.0,0.0,0.0,0.0,0.0,0.0,761997.0,2288.0,842282.0,2529.0,88350.0,265.0,190885.0,573.0,11300.0,34.0,43526.0,131.0,86501.0,260.0,86501.0,260.0,0.0,0.0,0.0,0.0,0.0,0.0,0.0,0.0,842.0,3.0,842.0,3.0,198176.0,595.0,395614.0,1188.0
2023-24,101912006,Jones Futures Academy,317,4740245.0,14953.0,5637538.0,17784.0,3647649.0,11507.0,3730893.0,11769.0,933087.0,2943.0,1175986.0,3710.0,159509.0,503.0,730659.0,2305.0,4580736.0,14450.0,4906879.0,15479.0,2707401.0,8541.0,2836908.0,8949.0,88403.0,279.0,88403.0,279.0,29662.0,94.0,29662.0,94.0,135552.0,428.0,135552.0,428.0,600394.0,1894.0,600394.0,1894.0,180420.0,569.0,180420.0,569.0,95365.0,301.0,95365.0,301.0,90289.0,285.0,90289.0,285.0,0.0,0.0,0.0,0.0,0.0,0.0,130720.0,412.0,6100.0,19.0,16890.0,53.0,646420.0,2039.0,650202.0,2051.0,730.0,2.0,730.0,2.0,0.0,0.0,0.0,0.0,2150427.0,6784.0,2151008.0,6786.0,3779.0,12.0,3779.0,12.0,767469.0,2421.0,772149.0,2436.0,915804.0,2889.0,915869.0,2889.0,70657.0,223.0,232452.0,733.0,19350.0,61.0,30762.0,97.0,0.0,0.0,0.0,0.0,0.0,0.0,0.0,0.0,0.0,0.0,2318.0,7.0,0.0,0.0,0.0,0.0,653250.0,2061.0,798542.0,2519.0
2023-24,101912185,Kashmere Gardens El,331,5637120.0,17031.0,8955435.0,27056.0,4329665.0,13081.0,5687337.0,17182.0,309537.0,935.0,574122.0,1735.0,997918.0,3015.0,2693976.0,8139.0,4639202.0,14016.0,6261459.0,18917.0,3346718.0,10111.0,4736418.0,14309.0,5284.0,16.0,5284.0,16.0,73467.0,222.0,73467.0,222.0,115782.0,350.0,115782.0,350.0,675304.0,2040.0,700146.0,2115.0,145919.0,441.0,151180.0,457.0,3621.0,11.0,6390.0,19.0,99650.0,301.0,101180.0,306.0,0.0,0.0,0.0,0.0,0.0,0.0,188059.0,568.0,1356.0,4.0,1990.0,6.0,162266.0,490.0,163639.0,494.0,0.0,0.0,0.0,0.0,9835.0,30.0,9835.0,30.0,3200264.0,9668.0,3264937.0,9864.0,0.0,0.0,0.0,0.0,0.0,0.0,0.0,0.0,755076.0,2281.0,784924.0,2371.0,75439.0,228.0,1392615.0,4207.0,323.0,1.0,323.0,1.0,434643.0,1313.0,434643.0,1313.0,0.0,0.0,0.0,0.0,0.0,0.0,0.0,0.0,0.0,0.0,0.0,0.0,173457.0,524.0,363523.0,1098.0
2023-24,101912007,Kashmere H S,638,11295791.0,17705.0,13344571.0,20916.0,9242061.0,14486.0,10947299.0,17159.0,1308258.0,2051.0,1639917.0,2570.0,745472.0,1168.0,757355.0,1187.0,10550319.0,16537.0,12587216.0,19729.0,6856686.0,10747.0,8614242.0,13502.0,7472.0,12.0,7472.0,12.0,139816.0,219.0,141442.0,222.0,255049.0,400.0,255049.0,400.0,1426854.0,2236.0,1478374.0,2317.0,382234.0,599.0,392801.0,616.0,7263.0,11.0,12520.0,20.0,112594.0,176.0,116127.0,182.0,0.0,0.0,0.0,0.0,0.0,0.0,179588.0,281.0,512235.0,803.0,529111.0,829.0,827942.0,1298.0,833599.0,1307.0,4692.0,7.0,5502.0,9.0,17482.0,27.0,17482.0,27.0,6573708.0,10304.0,6567174.0,10293.0,0.0,0.0,0.0,0.0,704971.0,1105.0,731183.0,1146.0,1827937.0,2865.0,1891425.0,2965.0,63097.0,99.0,1810463.0,2838.0,580.0,1.0,657.0,1.0,0.0,0.0,0.0,0.0,0.0,0.0,0.0,0.0,17675.0,28.0,26176.0,41.0,505964.0,793.0,505964.0,793.0,856387.0,1342.0,1054174.0,1652.0
2023-24,101912187,Kelso El,396,3927079.0,9917.0,7744920.0,19558.0,2930728.0,7401.0,3422631.0,8643.0,607362.0,1534.0,1011187.0,2554.0,388989.0,982.0,3311102.0,8361.0,3538090.0,8935.0,4433818.0,11197.0,2332286.0,5890.0,2928673.0,7396.0,89494.0,226.0,89494.0,226.0,28537.0,72.0,28537.0,72.0,95560.0,241.0,95560.0,241.0,456343.0,1152.0,456343.0,1152.0,137255.0,347.0,137255.0,347.0,2899.0,7.0,2899.0,7.0,10055.0,25.0,10055.0,25.0,0.0,0.0,0.0,0.0,0.0,0.0,294700.0,744.0,4475.0,11.0,4475.0,11.0,371593.0,938.0,373234.0,943.0,0.0,0.0,0.0,0.0,3976.0,10.0,3976.0,10.0,2294995.0,5795.0,2376212.0,6001.0,0.0,0.0,0.0,0.0,0.0,0.0,0.0,0.0,476158.0,1202.0,567264.0,1432.0,231353.0,584.0,640703.0,1618.0,110009.0,278.0,127387.0,322.0,39914.0,101.0,39914.0,101.0,0.0,0.0,0.0,0.0,0.0,0.0,0.0,0.0,0.0,0.0,0.0,0.0,380044.0,960.0,676385.0,1708.0
2023-24,101912188,Kennedy El,496,4761663.0,9600.0,6873650.0,13858.0,4296971.0,8663.0,5636353.0,11364.0,296676.0,598.0,625138.0,1260.0,168016.0,339.0,612159.0,1234.0,4593647.0,9261.0,6261491.0,12624.0,3266910.0,6587.0,4664906.0,9405.0,4653.0,9.0,4653.0,9.0,56758.0,114.0,56758.0,114.0,144540.0,291.0,144540.0,291.0,678510.0,1368.0,715835.0,1443.0,213057.0,430.0,223454.0,451.0,4587.0,9.0,8450.0,17.0,92578.0,187.0,94225.0,190.0,0.0,0.0,0.0,0.0,0.0,0.0,215278.0,434.0,0.0,0.0,-284.0,-1.0,127856.0,258.0,129478.0,261.0,0.0,0.0,0.0,0.0,4198.0,8.0,4198.0,8.0,3444143.0,6944.0,3504158.0,7065.0,491.0,1.0,491.0,1.0,0.0,0.0,0.0,0.0,655415.0,1321.0,788705.0,1590.0,150681.0,304.0,1310039.0,2641.0,13183.0,27.0,110027.0,222.0,197680.0,399.0,197680.0,399.0,0.0,0.0,0.0,0.0,0.0,0.0,0.0,0.0,0.0,0.0,0.0,0.0,132054.0,266.0,348670.0,703.0
2023-24,101912389,Ketelsen El,421,4060829.0,9646.0,4745101.0,11271.0,3123903.0,7420.0,3337885.0,7928.0,368884.0,876.0,678078.0,1611.0,568042.0,1349.0,729138.0,1732.0,3492787.0,8296.0,4015963.0,9539.0,2376401.0,5645.0,2636308.0,6262.0,30307.0,72.0,30307.0,72.0,42658.0,101.0,42658.0,101.0,104082.0,247.0,104082.0,247.0,539121.0,1281.0,539121.0,1281.0,56851.0,135.0,56851.0,135.0,82820.0,197.0,83643.0,199.0,53273.0,127.0,53273.0,127.0,0.0,0.0,0.0,0.0,0.0,0.0,244491.0,581.0,0.0,0.0,7918.0,19.0,202204.0,480.0,208934.0,496.0,1299.0,3.0,1299.0,3.0,115.0,0.0,115.0,0.0,2379098.0,5651.0,2383137.0,5661.0,0.0,0.0,0.0,0.0,0.0,0.0,0.0,0.0,455338.0,1082.0,535532.0,1272.0,201177.0,478.0,360185.0,856.0,36272.0,86.0,57068.0,136.0,213628.0,507.0,213628.0,507.0,0.0,0.0,0.0,0.0,0.0,0.0,0.0,0.0,0.0,0.0,0.0,0.0,203933.0,484.0,463072.0,1100.0
2023-24,101912079,Key Middle,554,8465456.0,15281.0,11262712.0,20330.0,7331469.0,13234.0,8959644.0,16173.0,927604.0,1674.0,1422362.0,2567.0,206383.0,373.0,880706.0,1590.0,8259073.0,14908.0,10382006.0,18740.0,5822105.0,10509.0,7626278.0,13766.0,5821.0,11.0,5821.0,11.0,59423.0,107.0,69764.0,126.0,181866.0,328.0,181866.0,328.0,1098152.0,1982.0,1155716.0,2086.0,277805.0,501.0,288356.0,520.0,5797.0,10.0,6398.0,12.0,80591.0,145.0,80591.0,145.0,0.0,0.0,0.0,0.0,0.0,0.0,235384.0,425.0,132240.0,239.0,132240.0,239.0,558700.0,1008.0,560956.0,1013.0,1270.0,2.0,3060.0,6.0,35303.0,64.0,35303.0,64.0,5705667.0,10299.0,5933532.0,10710.0,0.0,0.0,0.0,0.0,0.0,0.0,0.0,0.0,1488626.0,2687.0,1538320.0,2777.0,148928.0,269.0,1730491.0,3124.0,188339.0,340.0,198658.0,359.0,0.0,0.0,0.0,0.0,0.0,0.0,0.0,0.0,0.0,0.0,0.0,0.0,131040.0,237.0,131040.0,237.0,596473.0,1077.0,849965.0,1534.0
2023-24,101912025,Kinder H S For Performing And Visu,769,6942563.0,9028.0,7140976.0,9286.0,6129339.0,7971.0,6191868.0,8052.0,799444.0,1040.0,911977.0,1186.0,13780.0,18.0,37131.0,48.0,6928783.0,9010.0,7103845.0,9238.0,4728840.0,6149.0,4753122.0,6181.0,7321.0,10.0,7321.0,10.0,139523.0,181.0,139523.0,181.0,154311.0,201.0,154311.0,201.0,834248.0,1085.0,835591.0,1087.0,284154.0,370.0,284154.0,370.0,24587.0,32.0,24587.0,32.0,85775.0,112.0,85775.0,112.0,0.0,0.0,0.0,0.0,0.0,0.0,54317.0,71.0,4867.0,6.0,89506.0,116.0,631985.0,822.0,641587.0,834.0,31594.0,41.0,32473.0,42.0,1148.0,1.0,1148.0,1.0,5674647.0,7379.0,5684495.0,7392.0,116413.0,151.0,116413.0,151.0,232980.0,303.0,234202.0,305.0,134273.0,175.0,134273.0,175.0,6306.0,8.0,19518.0,25.0,0.0,0.0,0.0,0.0,0.0,0.0,0.0,0.0,0.0,0.0,0.0,0.0,94140.0,122.0,94140.0,122.0,0.0,0.0,0.0,0.0,670024.0,871.0,820804.0,1067.0
2023-24,101912355,King Early Childhood Ctr,307,2427507.0,7907.0,2542987.0,8283.0,2152631.0,7012.0,2247926.0,7322.0,251592.0,820.0,271777.0,885.0,23284.0,76.0,23284.0,76.0,2404223.0,7831.0,2519703.0,8208.0,1391732.0,4533.0,1494712.0,4869.0,80725.0,263.0,80725.0,263.0,81497.0,265.0,81497.0,265.0,64566.0,210.0,64566.0,210.0,432633.0,1409.0,432633.0,1409.0,34062.0,111.0,34062.0,111.0,2078.0,7.0,2078.0,7.0,64709.0,211.0,64709.0,211.0,0.0,0.0,0.0,0.0,0.0,0.0,376.0,1.0,38.0,0.0,7443.0,24.0,252183.0,821.0,253856.0,827.0,0.0,0.0,0.0,0.0,0.0,0.0,0.0,0.0,954716.0,3110.0,957081.0,3118.0,0.0,0.0,0.0,0.0,0.0,0.0,0.0,0.0,293156.0,955.0,293156.0,955.0,26686.0,87.0,118641.0,386.0,1339.0,4.0,13030.0,42.0,876105.0,2854.0,876105.0,2854.0,0.0,0.0,0.0,0.0,0.0,0.0,0.0,0.0,38.0,0.0,38.0,0.0,252183.0,821.0,261637.0,852.0
2023-24,101912189,Kolter El,761,5153133.0,6772.0,6021939.0,7913.0,4881560.0,6415.0,5437472.0,7145.0,260513.0,342.0,561906.0,738.0,11060.0,15.0,22561.0,30.0,5142073.0,6757.0,5999378.0,7884.0,4074216.0,5354.0,4383733.0,5760.0,90344.0,119.0,90344.0,119.0,49034.0,64.0,49034.0,64.0,173397.0,228.0,173397.0,228.0,495022.0,650.0,495646.0,651.0,156970.0,206.0,156970.0,206.0,5647.0,7.0,5647.0,7.0,100677.0,132.0,102433.0,135.0,0.0,0.0,0.0,0.0,0.0,0.0,142494.0,187.0,6278.0,8.0,410599.0,540.0,-9025.0,-12.0,-10432.0,-14.0,0.0,0.0,0.0,0.0,-487.0,-1.0,-487.0,-1.0,3976247.0,5225.0,4145655.0,5448.0,17268.0,23.0,17268.0,23.0,0.0,0.0,0.0,0.0,873731.0,1148.0,946931.0,1244.0,254518.0,334.0,261683.0,344.0,7520.0,10.0,69427.0,91.0,16023.0,21.0,16023.0,21.0,0.0,0.0,0.0,0.0,0.0,0.0,0.0,0.0,0.0,0.0,0.0,0.0,-3234.0,-4.0,542174.0,712.0
2023-24,101912008,Lamar H S,3064,24440658.0,7977.0,26787580.0,8743.0,21676664.0,7075.0,22957119.0,7493.0,2450433.0,800.0,3451375.0,1126.0,313561.0,102.0,379086.0,124.0,24127097.0,7874.0,26408494.0,8619.0,14662147.0,4785.0,15840912.0,5170.0,17260.0,6.0,17260.0,6.0,453961.0,148.0,470697.0,154.0,1968604.0,642.0,1968604.0,642.0,3606188.0,1177.0,3606799.0,1177.0,573508.0,187.0,573508.0,187.0,337364.0,110.0,337364.0,110.0,150575.0,49.0,150575.0,49.0,0.0,0.0,0.0,0.0,0.0,0.0,340697.0,111.0,1151088.0,376.0,1864932.0,609.0,732991.0,239.0,743919.0,243.0,248509.0,81.0,253339.0,83.0,177430.0,58.0,177430.0,58.0,13868558.0,4526.0,13872193.0,4527.0,43435.0,14.0,43435.0,14.0,3325887.0,1085.0,3361221.0,1097.0,2374658.0,775.0,2733925.0,892.0,416399.0,136.0,1230664.0,402.0,11485.0,4.0,11485.0,4.0,0.0,0.0,0.0,0.0,0.0,0.0,0.0,0.0,1776657.0,580.0,1777184.0,580.0,952850.0,311.0,953050.0,311.0,1357168.0,443.0,2425337.0,792.0
2023-24,101912057,Lanier Middle,1418,9880956.0,6968.0,10539721.0,7433.0,8842849.0,6236.0,8903974.0,6279.0,950623.0,670.0,1339860.0,945.0,87484.0,62.0,295887.0,209.0,9793472.0,6907.0,10243834.0,7224.0,6892085.0,4860.0,6930373.0,4887.0,102534.0,72.0,102534.0,72.0,169241.0,119.0,169241.0,119.0,255199.0,180.0,255199.0,180.0,1299688.0,917.0,1299688.0,917.0,169906.0,120.0,169906.0,120.0,178375.0,126.0,177528.0,125.0,107806.0,76.0,107806.0,76.0,0.0,0.0,0.0,0.0,0.0,0.0,184914.0,130.0,238195.0,168.0,462252.0,326.0,358286.0,253.0,362236.0,255.0,22157.0,16.0,22157.0,16.0,0.0,0.0,0.0,0.0,7699333.0,5430.0,7699980.0,5430.0,176560.0,125.0,176560.0,125.0,47189.0,33.0,47189.0,33.0,971413.0,685.0,971433.0,685.0,225337.0,159.0,262940.0,185.0,55002.0,39.0,55002.0,39.0,0.0,0.0,0.0,0.0,0.0,0.0,0.0,0.0,0.0,0.0,0.0,0.0,220834.0,156.0,220834.0,156.0,397804.0,281.0,809896.0,571.0
2023-24,101912192,Lantrip El,462,4160905.0,9006.0,4988754.0,10798.0,3266201.0,7070.0,3790262.0,8204.0,852215.0,1845.0,1136996.0,2461.0,42489.0,92.0,61496.0,133.0,4118416.0,8914.0,4927258.0,10665.0,2384620.0,5162.0,2945648.0,6376.0,3008.0,7.0,3008.0,7.0,120767.0,261.0,120767.0,261.0,92926.0,201.0,92926.0,201.0,501703.0,1086.0,501703.0,1086.0,128161.0,277.0,128161.0,277.0,2773.0,6.0,2945.0,6.0,98002.0,212.0,98002.0,212.0,0.0,0.0,0.0,0.0,0.0,0.0,230852.0,500.0,5008.0,11.0,15838.0,34.0,744664.0,1612.0,748004.0,1619.0,0.0,0.0,0.0,0.0,36784.0,80.0,36784.0,80.0,2580773.0,5586.0,2585462.0,5596.0,2292.0,5.0,2292.0,5.0,0.0,0.0,0.0,0.0,169993.0,368.0,403092.0,872.0,331984.0,719.0,584825.0,1266.0,92995.0,201.0,104740.0,227.0,153923.0,333.0,153923.0,333.0,0.0,0.0,0.0,0.0,0.0,0.0,0.0,0.0,3294.0,7.0,3294.0,7.0,783162.0,1695.0,1028184.0,2226.0
2023-24,101912340,Las Americas,213,3126657.0,14679.0,4482950.0,21047.0,2751083.0,12916.0,3782471.0,17758.0,144529.0,679.0,192633.0,904.0,231045.0,1085.0,507846.0,2384.0,2895612.0,13594.0,3975104.0,18662.0,1985964.0,9324.0,3032274.0,14236.0,2899.0,14.0,2899.0,14.0,29303.0,138.0,29303.0,138.0,77993.0,366.0,77993.0,366.0,632597.0,2970.0,658371.0,3091.0,103824.0,487.0,109114.0,512.0,2345.0,11.0,4065.0,19.0,24466.0,115.0,24466.0,115.0,0.0,0.0,0.0,0.0,0.0,0.0,0.0,0.0,0.0,0.0,398.0,2.0,26033.0,122.0,26033.0,122.0,52.0,0.0,52.0,0.0,10136.0,48.0,10136.0,48.0,2719866.0,12769.0,2761814.0,12966.0,0.0,0.0,0.0,0.0,0.0,0.0,0.0,0.0,0.0,0.0,0.0,0.0,64700.0,304.0,1100126.0,5165.0,74825.0,351.0,74825.0,351.0,0.0,0.0,0.0,0.0,0.0,0.0,0.0,0.0,0.0,0.0,0.0,0.0,0.0,0.0,0.0,0.0,36221.0,170.0,38339.0,180.0
2023-24,101912357,Laurenzo Early Childhood Ctr,229,2116095.0,9241.0,2349917.0,10262.0,1727285.0,7543.0,1925727.0,8409.0,356008.0,1555.0,389473.0,1701.0,32802.0,143.0,34717.0,152.0,2083293.0,9097.0,2315200.0,10110.0,1233728.0,5387.0,1437121.0,6276.0,86381.0,377.0,86381.0,377.0,46107.0,201.0,46107.0,201.0,49013.0,214.0,49013.0,214.0,320012.0,1397.0,320012.0,1397.0,22982.0,100.0,22982.0,100.0,50473.0,220.0,57254.0,250.0,77008.0,336.0,77008.0,336.0,0.0,0.0,0.0,0.0,0.0,0.0,17848.0,78.0,2213.0,10.0,2738.0,12.0,195323.0,853.0,196357.0,857.0,0.0,0.0,0.0,0.0,53.0,0.0,53.0,0.0,960217.0,4193.0,965167.0,4215.0,0.0,0.0,0.0,0.0,0.0,0.0,0.0,0.0,240171.0,1049.0,240229.0,1049.0,76932.0,336.0,156863.0,685.0,27942.0,122.0,42633.0,186.0,580442.0,2535.0,580442.0,2535.0,0.0,0.0,0.0,0.0,0.0,0.0,0.0,0.0,673.0,3.0,673.0,3.0,196916.0,860.0,216323.0,945.0
2023-24,101912263,Law El,518,3613578.0,6976.0,4179381.0,8068.0,2816692.0,5438.0,3108035.0,6000.0,642276.0,1240.0,915539.0,1767.0,154610.0,298.0,155807.0,301.0,3458968.0,6678.0,4023574.0,7768.0,2093219.0,4041.0,2416625.0,4665.0,91678.0,177.0,91678.0,177.0,89040.0,172.0,89040.0,172.0,77089.0,149.0,77089.0,149.0,486391.0,939.0,486391.0,939.0,154223.0,298.0,154223.0,298.0,2524.0,5.0,2524.0,5.0,92482.0,179.0,92482.0,179.0,0.0,0.0,0.0,0.0,0.0,0.0,237676.0,459.0,8263.0,16.0,9146.0,18.0,348469.0,673.0,351110.0,678.0,0.0,0.0,0.0,0.0,15590.0,30.0,15590.0,30.0,2051663.0,3961.0,2084792.0,4025.0,0.0,0.0,0.0,0.0,0.0,0.0,0.0,0.0,463184.0,894.0,538691.0,1040.0,339417.0,655.0,488402.0,943.0,13372.0,26.0,21978.0,42.0,219010.0,423.0,219010.0,423.0,0.0,0.0,0.0,0.0,0.0,0.0,0.0,0.0,0.0,0.0,0.0,0.0,372322.0,719.0,613522.0,1184.0
2023-24,101912075,Lawson Middle,1132,13260024.0,11714.0,18098947.0,15988.0,11582911.0,10232.0,14960265.0,13216.0,1492232.0,1318.0,2368351.0,2092.0,184881.0,163.0,770331.0,681.0,13075143.0,11550.0,17328616.0,15308.0,9486736.0,8381.0,13344943.0,11789.0,88753.0,78.0,94066.0,83.0,201605.0,178.0,216085.0,191.0,415239.0,367.0,415239.0,367.0,1127246.0,996.0,1174373.0,1037.0,496500.0,439.0,513908.0,454.0,13629.0,12.0,-16073.0,-14.0,162546.0,144.0,165680.0,146.0,0.0,0.0,0.0,0.0,0.0,0.0,311422.0,275.0,174887.0,154.0,179305.0,158.0,903558.0,798.0,909544.0,803.0,130.0,0.0,130.0,0.0,4314.0,4.0,4314.0,4.0,8568704.0,7570.0,8845045.0,7814.0,0.0,0.0,0.0,0.0,34.0,0.0,34.0,0.0,2568996.0,2269.0,2682279.0,2370.0,659786.0,583.0,4186504.0,3698.0,112197.0,99.0,152116.0,134.0,0.0,0.0,0.0,0.0,0.0,0.0,0.0,0.0,82537.0,73.0,87625.0,77.0,140975.0,125.0,140975.0,125.0,941914.0,832.0,1234038.0,1090.0
2023-24,101912194,Lewis El,704,6043204.0,8584.0,8668929.0,12314.0,5428958.0,7712.0,7148092.0,10154.0,411577.0,585.0,883614.0,1255.0,202669.0,288.0,637223.0,905.0,5840535.0,8296.0,8031706.0,11409.0,4138427.0,5878.0,5910786.0,8396.0,6806.0,10.0,6806.0,10.0,50622.0,72.0,50622.0,72.0,167161.0,237.0,167161.0,237.0,883968.0,1256.0,927194.0,1317.0,251202.0,357.0,261782.0,372.0,5307.0,8.0,5307.0,8.0,101130.0,144.0,102770.0,146.0,0.0,0.0,0.0,0.0,0.0,0.0,354551.0,504.0,1713.0,2.0,2013.0,3.0,155608.0,221.0,159301.0,226.0,0.0,0.0,0.0,0.0,78591.0,112.0,83893.0,119.0,4531628.0,6437.0,4627933.0,6574.0,0.0,0.0,0.0,0.0,0.0,0.0,0.0,0.0,711412.0,1011.0,739358.0,1050.0,331737.0,471.0,1954153.0,2776.0,13482.0,19.0,97984.0,139.0,16364.0,23.0,16364.0,23.0,0.0,0.0,0.0,0.0,0.0,0.0,0.0,0.0,1713.0,2.0,1713.0,2.0,234199.0,333.0,594201.0,844.0
2023-24,101912324,Liberty H S,370,3522328.0,9520.0,3844596.0,10391.0,2740063.0,7406.0,3040287.0,8217.0,89366.0,242.0,110157.0,298.0,692899.0,1873.0,694152.0,1876.0,2829429.0,7647.0,3150444.0,8515.0,1865504.0,5042.0,2171506.0,5869.0,84862.0,229.0,84862.0,229.0,13325.0,36.0,13325.0,36.0,41111.0,111.0,41111.0,111.0,483967.0,1308.0,487918.0,1319.0,182862.0,494.0,182862.0,494.0,56890.0,154.0,57053.0,154.0,78473.0,212.0,78473.0,212.0,0.0,0.0,0.0,0.0,0.0,0.0,604.0,2.0,11371.0,31.0,20686.0,56.0,22072.0,60.0,22072.0,60.0,0.0,0.0,0.0,0.0,0.0,0.0,0.0,0.0,2180007.0,5892.0,2179753.0,5891.0,0.0,0.0,0.0,0.0,114335.0,309.0,114335.0,309.0,31331.0,85.0,31331.0,85.0,412596.0,1115.0,722820.0,1954.0,68725.0,186.0,68725.0,186.0,0.0,0.0,0.0,0.0,0.0,0.0,0.0,0.0,0.0,0.0,0.0,0.0,1750.0,5.0,1750.0,5.0,31693.0,86.0,42738.0,116.0
2023-24,101912195,Lockhart El,337,4624105.0,13721.0,6527268.0,19369.0,4215728.0,12510.0,5443991.0,16154.0,352558.0,1046.0,619131.0,1837.0,55819.0,166.0,464146.0,1377.0,4568286.0,13556.0,6063122.0,17991.0,3122592.0,9266.0,4382231.0,13004.0,4451.0,13.0,4451.0,13.0,49838.0,148.0,49838.0,148.0,144984.0,430.0,144984.0,430.0,752515.0,2233.0,786855.0,2335.0,237107.0,704.0,248741.0,738.0,4712.0,14.0,4712.0,14.0,108999.0,323.0,112201.0,333.0,0.0,0.0,0.0,0.0,0.0,0.0,186021.0,552.0,0.0,0.0,0.0,0.0,137828.0,409.0,137828.0,409.0,0.0,0.0,0.0,0.0,4928.0,15.0,4928.0,15.0,3148456.0,9343.0,3224358.0,9568.0,0.0,0.0,0.0,0.0,0.0,0.0,0.0,0.0,830130.0,2463.0,854453.0,2535.0,215437.0,639.0,1420534.0,4215.0,0.0,0.0,37.0,0.0,231175.0,686.0,231175.0,686.0,0.0,0.0,0.0,0.0,0.0,0.0,0.0,0.0,0.0,0.0,0.0,0.0,143088.0,425.0,329506.0,978.0
2023-24,101912059,Long Academy,715,7655637.0,10707.0,10320043.0,14434.0,6247446.0,8738.0,8148727.0,11397.0,882088.0,1234.0,1583475.0,2215.0,526103.0,736.0,587841.0,822.0,7129534.0,9971.0,9732202.0,13611.0,4594858.0,6426.0,6767314.0,9465.0,6454.0,9.0,6454.0,9.0,141894.0,198.0,147188.0,206.0,188402.0,263.0,191072.0,267.0,1068313.0,1494.0,1119684.0,1566.0,257067.0,360.0,277262.0,388.0,72099.0,101.0,73190.0,102.0,98618.0,138.0,100273.0,140.0,0.0,0.0,0.0,0.0,0.0,0.0,346517.0,485.0,127665.0,179.0,129084.0,181.0,530389.0,742.0,530389.0,742.0,28507.0,40.0,28507.0,40.0,15268.0,21.0,15268.0,21.0,4624380.0,6468.0,4930071.0,6895.0,0.0,0.0,0.0,0.0,196427.0,275.0,201514.0,282.0,1000767.0,1400.0,1053167.0,1473.0,535796.0,749.0,2416739.0,3380.0,70335.0,98.0,70335.0,98.0,0.0,0.0,0.0,0.0,0.0,0.0,0.0,0.0,0.0,0.0,0.0,0.0,119655.0,167.0,119655.0,167.0,582174.0,814.0,940721.0,1316.0
2023-24,101912196,Longfellow El,656,5597136.0,8532.0,6540731.0,9971.0,4617199.0,7038.0,5041542.0,7685.0,603139.0,919.0,1017654.0,1551.0,376798.0,574.0,481535.0,734.0,5220338.0,7958.0,6059196.0,9237.0,3678323.0,5607.0,4107701.0,6262.0,79565.0,121.0,79565.0,121.0,140262.0,214.0,140262.0,214.0,147126.0,224.0,147126.0,224.0,547168.0,834.0,565060.0,861.0,178501.0,272.0,178501.0,272.0,4544.0,7.0,4436.0,7.0,93029.0,142.0,93029.0,142.0,0.0,0.0,0.0,0.0,0.0,0.0,264652.0,403.0,6.0,0.0,113618.0,173.0,322152.0,491.0,324653.0,495.0,0.0,0.0,0.0,0.0,23251.0,35.0,23251.0,35.0,3805996.0,5802.0,3884010.0,5921.0,3181.0,5.0,3181.0,5.0,0.0,0.0,0.0,0.0,542550.0,827.0,622067.0,948.0,232605.0,355.0,456716.0,696.0,109711.0,167.0,115581.0,176.0,174475.0,266.0,174475.0,266.0,0.0,0.0,0.0,0.0,0.0,0.0,0.0,0.0,0.0,0.0,0.0,0.0,346403.0,528.0,737057.0,1124.0
2023-24,101912197,Looscan El,235,3102856.0,13204.0,4350716.0,18514.0,2644052.0,11251.0,3377361.0,14372.0,329097.0,1400.0,530478.0,2257.0,129707.0,552.0,442877.0,1885.0,2973149.0,12652.0,3907839.0,16629.0,1897524.0,8075.0,2643443.0,11249.0,2777.0,12.0,2777.0,12.0,22375.0,95.0,22375.0,95.0,82351.0,350.0,82351.0,350.0,546876.0,2327.0,572314.0,2435.0,120932.0,515.0,126226.0,537.0,2658.0,11.0,2658.0,11.0,74640.0,318.0,76171.0,324.0,0.0,0.0,0.0,0.0,0.0,0.0,154072.0,656.0,0.0,0.0,0.0,0.0,217638.0,926.0,220074.0,936.0,0.0,0.0,0.0,0.0,5378.0,23.0,5378.0,23.0,2085188.0,8873.0,2110919.0,8983.0,0.0,0.0,0.0,0.0,0.0,0.0,0.0,0.0,440557.0,1875.0,456186.0,1941.0,155728.0,663.0,866112.0,3686.0,0.0,0.0,26438.0,113.0,68660.0,292.0,68660.0,292.0,0.0,0.0,0.0,0.0,0.0,0.0,0.0,0.0,0.0,0.0,0.0,0.0,223016.0,949.0,379524.0,1615.0
2023-24,101912198,Love El,345,3828870.0,11098.0,4336583.0,12570.0,3343593.0,9692.0,3628221.0,10517.0,408963.0,1185.0,576295.0,1670.0,76314.0,221.0,132067.0,383.0,3752556.0,10877.0,4204516.0,12187.0,2774376.0,8042.0,3070239.0,8899.0,50160.0,145.0,50160.0,145.0,38410.0,111.0,38410.0,111.0,146209.0,424.0,146209.0,424.0,335028.0,971.0,335028.0,971.0,165576.0,480.0,165576.0,480.0,4714.0,14.0,4714.0,14.0,18906.0,55.0,18906.0,55.0,0.0,0.0,0.0,0.0,0.0,0.0,154538.0,448.0,0.0,0.0,-296.0,-1.0,218960.0,635.0,220815.0,640.0,0.0,0.0,0.0,0.0,217.0,1.0,217.0,1.0,2332983.0,6762.0,2432204.0,7050.0,741.0,2.0,741.0,2.0,0.0,0.0,0.0,0.0,820868.0,2379.0,911719.0,2643.0,143265.0,415.0,166631.0,483.0,107019.0,310.0,130587.0,379.0,128503.0,372.0,128503.0,372.0,0.0,0.0,0.0,0.0,0.0,0.0,0.0,0.0,0.0,0.0,0.0,0.0,219177.0,635.0,375274.0,1088.0
2023-24,101912199,Lovett El,654,5198834.0,7949.0,5996206.0,9169.0,4802952.0,7344.0,5306468.0,8114.0,368112.0,563.0,547534.0,837.0,27770.0,42.0,142204.0,217.0,5171064.0,7907.0,5854002.0,8951.0,3832377.0,5860.0,4166619.0,6371.0,82072.0,125.0,82072.0,125.0,142094.0,217.0,142094.0,217.0,164027.0,251.0,164027.0,251.0,500468.0,765.0,501176.0,766.0,176577.0,270.0,176577.0,270.0,5335.0,8.0,7520.0,11.0,99666.0,152.0,99666.0,152.0,1934.0,3.0,1934.0,3.0,0.0,0.0,156309.0,239.0,1650.0,3.0,191144.0,292.0,164864.0,252.0,164864.0,252.0,0.0,0.0,0.0,0.0,0.0,0.0,0.0,0.0,3726101.0,5697.0,3778357.0,5777.0,21345.0,33.0,21345.0,33.0,0.0,0.0,0.0,0.0,777879.0,1189.0,928549.0,1420.0,362623.0,554.0,496817.0,760.0,15621.0,24.0,15621.0,24.0,99047.0,151.0,99047.0,151.0,0.0,0.0,0.0,0.0,0.0,0.0,0.0,0.0,0.0,0.0,0.0,0.0,168448.0,258.0,514251.0,786.0
2023-24,101912128,Lyons El,825,6019605.0,7296.0,7045476.0,8540.0,5459857.0,6618.0,6093797.0,7386.0,425761.0,516.0,816227.0,989.0,133987.0,162.0,135452.0,164.0,5885618.0,7134.0,6910024.0,8376.0,4352807.0,5276.0,5035322.0,6103.0,88067.0,107.0,88067.0,107.0,75430.0,91.0,75430.0,91.0,180500.0,219.0,180500.0,219.0,732841.0,888.0,732841.0,888.0,164540.0,199.0,164540.0,199.0,5089.0,6.0,4419.0,5.0,90046.0,109.0,91803.0,111.0,0.0,0.0,0.0,0.0,0.0,0.0,245942.0,298.0,1300.0,2.0,51276.0,62.0,188288.0,228.0,190787.0,231.0,0.0,0.0,0.0,0.0,6710.0,8.0,6710.0,8.0,4264805.0,5169.0,4311333.0,5226.0,4155.0,5.0,4155.0,5.0,0.0,0.0,0.0,0.0,419608.0,509.0,709976.0,861.0,382698.0,464.0,651938.0,790.0,334920.0,406.0,382348.0,463.0,283134.0,343.0,283134.0,343.0,0.0,0.0,0.0,0.0,0.0,0.0,0.0,0.0,0.0,0.0,0.0,0.0,196298.0,238.0,494045.0,599.0
2023-24,101912201,Macgregor El,436,3710732.0,8511.0,4329173.0,9929.0,3384370.0,7762.0,3778409.0,8666.0,264661.0,607.0,478952.0,1099.0,61701.0,142.0,71812.0,165.0,3649031.0,8369.0,4257361.0,9765.0,2440899.0,5598.0,2802510.0,6428.0,78777.0,181.0,78777.0,181.0,150447.0,345.0,150447.0,345.0,105180.0,241.0,105180.0,241.0,480792.0,1103.0,480792.0,1103.0,149016.0,342.0,149016.0,342.0,3418.0,8.0,3418.0,8.0,85293.0,196.0,85293.0,196.0,0.0,0.0,0.0,0.0,0.0,0.0,166606.0,382.0,160.0,0.0,72818.0,167.0,155049.0,356.0,157465.0,361.0,0.0,0.0,0.0,0.0,0.0,0.0,0.0,0.0,2532362.0,5808.0,2574051.0,5904.0,2047.0,5.0,2047.0,5.0,0.0,0.0,0.0,0.0,493094.0,1131.0,569743.0,1307.0,150168.0,344.0,363517.0,834.0,5927.0,14.0,5927.0,14.0,310224.0,712.0,310224.0,712.0,0.0,0.0,0.0,0.0,0.0,0.0,0.0,0.0,160.0,0.0,160.0,0.0,155049.0,356.0,396729.0,910.0
2023-24,101912203,Mading El,338,3438396.0,10173.0,4003942.0,11846.0,2819325.0,8341.0,3054046.0,9036.0,537457.0,1590.0,868049.0,2568.0,81614.0,241.0,81847.0,242.0,3356782.0,9931.0,3922095.0,11604.0,2135752.0,6319.0,2400432.0,7102.0,85225.0,252.0,85225.0,252.0,15540.0,46.0,15540.0,46.0,90584.0,268.0,90584.0,268.0,434467.0,1285.0,448478.0,1327.0,105868.0,313.0,105868.0,313.0,3074.0,9.0,3074.0,9.0,92805.0,275.0,92805.0,275.0,0.0,0.0,0.0,0.0,0.0,0.0,280677.0,830.0,0.0,0.0,560.0,2.0,393467.0,1164.0,396102.0,1172.0,0.0,0.0,0.0,0.0,0.0,0.0,0.0,0.0,1825540.0,5401.0,1896092.0,5610.0,0.0,0.0,0.0,0.0,0.0,0.0,0.0,0.0,832120.0,2462.0,832120.0,2462.0,150554.0,445.0,347644.0,1029.0,17242.0,51.0,26146.0,77.0,137859.0,408.0,137859.0,408.0,0.0,0.0,0.0,0.0,0.0,0.0,0.0,0.0,0.0,0.0,0.0,0.0,393467.0,1164.0,677339.0,2004.0
2023-24,101912010,Madison H S,1850,18506384.0,10003.0,23657988.0,12788.0,16074775.0,8689.0,19553146.0,10569.0,2087651.0,1128.0,3011227.0,1628.0,343958.0,186.0,1093615.0,591.0,18162426.0,9818.0,22564373.0,12197.0,10630191.0,5746.0,14328390.0,7745.0,117208.0,63.0,122494.0,66.0,132076.0,71.0,132076.0,71.0,2470602.0,1335.0,2470602.0,1335.0,2049578.0,1108.0,2135951.0,1155.0,1052249.0,569.0,1095776.0,592.0,64757.0,35.0,66407.0,36.0,145146.0,78.0,149989.0,81.0,0.0,0.0,0.0,0.0,0.0,0.0,456462.0,247.0,570378.0,308.0,664595.0,359.0,851610.0,460.0,860019.0,465.0,64203.0,35.0,64203.0,35.0,14428.0,8.0,14428.0,8.0,8572896.0,4634.0,8638637.0,4670.0,17.0,0.0,17.0,0.0,1900763.0,1027.0,1974775.0,1067.0,2461310.0,1330.0,2832551.0,1531.0,1088520.0,588.0,4396278.0,2376.0,0.0,0.0,0.0,0.0,0.0,0.0,0.0,0.0,0.0,0.0,0.0,0.0,2638301.0,1426.0,2662317.0,1439.0,534231.0,289.0,534231.0,289.0,966388.0,522.0,1525567.0,825.0
2023-24,101912460,Mandarin Immersion Magnet School,792,5763415.0,7277.0,6338509.0,8003.0,5141124.0,6491.0,5382720.0,6796.0,499923.0,631.0,812968.0,1026.0,122368.0,155.0,142821.0,180.0,5641047.0,7123.0,6195688.0,7823.0,4127300.0,5211.0,4269961.0,5391.0,91701.0,116.0,91701.0,116.0,140020.0,177.0,140020.0,177.0,159192.0,201.0,159192.0,201.0,615589.0,777.0,615589.0,777.0,179374.0,226.0,179374.0,226.0,4885.0,6.0,4885.0,6.0,88045.0,111.0,88045.0,111.0,0.0,0.0,0.0,0.0,0.0,0.0,233422.0,295.0,64025.0,81.0,242583.0,306.0,170266.0,215.0,170266.0,215.0,0.0,0.0,0.0,0.0,650.0,1.0,650.0,1.0,4588005.0,5793.0,4588005.0,5793.0,71455.0,90.0,71455.0,90.0,92.0,0.0,92.0,0.0,427042.0,539.0,427116.0,539.0,89779.0,113.0,193641.0,244.0,99368.0,125.0,138079.0,174.0,130365.0,165.0,130365.0,165.0,0.0,0.0,0.0,0.0,0.0,0.0,0.0,0.0,58375.0,74.0,58375.0,74.0,176566.0,223.0,588546.0,743.0
2023-24,101912483,Mark White El,522,4603423.0,8819.0,5103639.0,9777.0,4038626.0,7737.0,4289814.0,8218.0,371319.0,711.0,620347.0,1188.0,193478.0,371.0,193478.0,371.0,4409945.0,8448.0,4910161.0,9406.0,3117194.0,5972.0,3423489.0,6558.0,81181.0,156.0,81181.0,156.0,135858.0,260.0,135858.0,260.0,136594.0,262.0,136594.0,262.0,466133.0,893.0,466133.0,893.0,174800.0,335.0,174800.0,335.0,4501.0,9.0,4501.0,9.0,93506.0,179.0,93506.0,179.0,0.0,0.0,0.0,0.0,0.0,0.0,187786.0,360.0,24869.0,48.0,27981.0,54.0,175309.0,336.0,175309.0,336.0,0.0,0.0,0.0,0.0,0.0,0.0,0.0,0.0,2859916.0,5479.0,2884730.0,5526.0,0.0,0.0,0.0,0.0,0.0,0.0,0.0,0.0,759285.0,1455.0,838996.0,1607.0,191830.0,367.0,341205.0,654.0,75196.0,144.0,130554.0,250.0,323540.0,620.0,323540.0,620.0,0.0,0.0,0.0,0.0,0.0,0.0,0.0,0.0,23281.0,45.0,23281.0,45.0,176897.0,339.0,367795.0,705.0
2023-24,101912480,Marshall El,540,5635668.0,10436.0,7533898.0,13952.0,4914483.0,9101.0,6450992.0,11946.0,411068.0,761.0,753051.0,1395.0,310117.0,574.0,329855.0,611.0,5325551.0,9862.0,7204043.0,13341.0,3782491.0,7005.0,5336771.0,9883.0,5139.0,10.0,5139.0,10.0,56099.0,104.0,56099.0,104.0,120006.0,222.0,120006.0,222.0,750143.0,1389.0,780512.0,1445.0,248617.0,460.0,259213.0,480.0,3795.0,7.0,4824.0,9.0,86901.0,161.0,90250.0,167.0,0.0,0.0,0.0,0.0,0.0,0.0,265666.0,492.0,1085.0,2.0,9135.0,17.0,256885.0,476.0,257158.0,476.0,0.0,0.0,110.0,0.0,13994.0,26.0,13994.0,26.0,4010333.0,7427.0,4153547.0,7692.0,0.0,0.0,0.0,0.0,0.0,0.0,0.0,0.0,787742.0,1459.0,818517.0,1516.0,15110.0,28.0,1348899.0,2498.0,-12501.0,-23.0,34628.0,64.0,252507.0,468.0,252507.0,468.0,0.0,0.0,0.0,0.0,0.0,0.0,0.0,0.0,0.0,0.0,0.0,0.0,272360.0,504.0,548495.0,1016.0
2023-24,101912061,Marshall Middle,584,6212643.0,10638.0,7299280.0,12499.0,4896637.0,8385.0,5226166.0,8949.0,704585.0,1206.0,1087554.0,1862.0,611421.0,1047.0,985560.0,1688.0,5601222.0,9591.0,6313720.0,10811.0,3698262.0,6333.0,4021582.0,6886.0,89284.0,153.0,151274.0,259.0,132698.0,227.0,140588.0,241.0,163591.0,280.0,163591.0,280.0,659604.0,1129.0,659604.0,1129.0,256998.0,440.0,256998.0,440.0,5431.0,9.0,5367.0,9.0,54954.0,94.0,54954.0,94.0,0.0,0.0,0.0,0.0,0.0,0.0,288492.0,494.0,101892.0,174.0,129336.0,221.0,417677.0,715.0,420692.0,720.0,5426.0,9.0,5426.0,9.0,5776.0,10.0,5776.0,10.0,3379975.0,5788.0,3389713.0,5804.0,80.0,0.0,80.0,0.0,0.0,0.0,0.0,0.0,1206382.0,2066.0,1293997.0,2216.0,436610.0,748.0,732804.0,1255.0,37775.0,65.0,37775.0,65.0,0.0,0.0,0.0,0.0,0.0,0.0,0.0,0.0,0.0,0.0,0.0,0.0,101892.0,174.0,101892.0,174.0,428879.0,734.0,747830.0,1281.0
2023-24,101912289,Martinez C El,257,2662229.0,10359.0,3501807.0,13626.0,2432605.0,9465.0,3027474.0,11780.0,197275.0,768.0,441871.0,1719.0,32349.0,126.0,32462.0,126.0,2629880.0,10233.0,3469345.0,13499.0,1717377.0,6682.0,2371541.0,9228.0,88855.0,346.0,90490.0,352.0,30268.0,118.0,30268.0,118.0,73018.0,284.0,73018.0,284.0,373342.0,1453.0,380251.0,1480.0,126389.0,492.0,131673.0,512.0,2288.0,9.0,2288.0,9.0,90684.0,353.0,92328.0,359.0,0.0,0.0,0.0,0.0,0.0,0.0,145684.0,567.0,3002.0,12.0,5390.0,21.0,120296.0,468.0,124258.0,483.0,4361.0,17.0,23140.0,90.0,0.0,0.0,-984.0,-4.0,1647854.0,6412.0,1686391.0,6562.0,0.0,0.0,0.0,0.0,0.0,0.0,0.0,0.0,392366.0,1527.0,469540.0,1827.0,293722.0,1143.0,830969.0,3233.0,58309.0,227.0,74972.0,292.0,118233.0,460.0,118233.0,460.0,0.0,0.0,0.0,0.0,0.0,0.0,0.0,0.0,3002.0,12.0,3002.0,12.0,116394.0,453.0,286223.0,1114.0
2023-24,101912298,Martinez R El,422,5834496.0,13826.0,7593944.0,17995.0,5052893.0,11974.0,6492309.0,15385.0,293164.0,695.0,602305.0,1427.0,488439.0,1157.0,499330.0,1183.0,5346057.0,12668.0,7094614.0,16812.0,3986953.0,9448.0,5472088.0,12967.0,4421.0,10.0,4421.0,10.0,63715.0,151.0,63715.0,151.0,128819.0,305.0,128819.0,305.0,669565.0,1587.0,695314.0,1648.0,239521.0,568.0,250071.0,593.0,4007.0,9.0,4007.0,9.0,92622.0,219.0,94277.0,223.0,0.0,0.0,0.0,0.0,0.0,0.0,215189.0,510.0,1813.0,4.0,7195.0,17.0,141707.0,336.0,144426.0,342.0,5880.0,14.0,5880.0,14.0,7034.0,17.0,7034.0,17.0,4073299.0,9652.0,4112482.0,9745.0,259.0,1.0,259.0,1.0,0.0,0.0,0.0,0.0,720313.0,1707.0,752390.0,1783.0,6258.0,15.0,1395352.0,3307.0,84837.0,201.0,126918.0,301.0,304657.0,722.0,304657.0,722.0,0.0,0.0,0.0,0.0,0.0,0.0,0.0,0.0,0.0,0.0,0.0,0.0,156434.0,371.0,379724.0,900.0
2023-24,101912179,Mcgowen El,351,5637467.0,16061.0,7067604.0,20136.0,4816462.0,13722.0,5945914.0,16940.0,300952.0,857.0,601637.0,1714.0,520053.0,1482.0,520053.0,1482.0,5117414.0,14580.0,6547551.0,18654.0,3700910.0,10544.0,4890625.0,13933.0,5793.0,17.0,5793.0,17.0,55541.0,158.0,55661.0,159.0,134402.0,383.0,134402.0,383.0,741303.0,2112.0,767385.0,2186.0,206941.0,590.0,217514.0,620.0,4266.0,12.0,4266.0,12.0,112925.0,322.0,114553.0,326.0,0.0,0.0,0.0,0.0,0.0,0.0,178936.0,510.0,5129.0,15.0,23978.0,68.0,132161.0,377.0,136395.0,389.0,5483.0,16.0,5483.0,16.0,12208.0,35.0,12208.0,35.0,3811229.0,10858.0,3857855.0,10991.0,0.0,0.0,0.0,0.0,0.0,0.0,0.0,0.0,788771.0,2247.0,816544.0,2326.0,130835.0,373.0,1240483.0,3534.0,1540.0,4.0,24428.0,70.0,229706.0,654.0,229706.0,654.0,0.0,0.0,0.0,0.0,0.0,0.0,0.0,0.0,0.0,0.0,0.0,0.0,155333.0,443.0,357352.0,1018.0
2023-24,101912227,Mcnamara El,958,7134858.0,7448.0,9233888.0,9639.0,6623095.0,6913.0,7289892.0,7609.0,479642.0,501.0,923020.0,963.0,32121.0,34.0,1020976.0,1066.0,7102737.0,7414.0,8212912.0,8573.0,5163123.0,5389.0,5839269.0,6095.0,88928.0,93.0,88928.0,93.0,129280.0,135.0,129280.0,135.0,210142.0,219.0,210142.0,219.0,820149.0,856.0,820149.0,856.0,195650.0,204.0,195650.0,204.0,6265.0,7.0,6265.0,7.0,110566.0,115.0,110566.0,115.0,0.0,0.0,0.0,0.0,0.0,0.0,419059.0,437.0,10489.0,11.0,11707.0,12.0,222364.0,232.0,224433.0,234.0,33620.0,35.0,33620.0,35.0,111687.0,117.0,111687.0,117.0,4744758.0,4953.0,4783406.0,4993.0,0.0,0.0,0.0,0.0,0.0,0.0,0.0,0.0,354073.0,370.0,440709.0,460.0,464636.0,485.0,921828.0,962.0,241447.0,252.0,346800.0,362.0,919189.0,959.0,919189.0,959.0,0.0,0.0,0.0,0.0,0.0,0.0,0.0,0.0,0.0,0.0,0.0,0.0,378634.0,395.0,800980.0,836.0
2023-24,101912062,Mcreynolds Middle,345,6652268.0,19282.0,8808274.0,25531.0,5471465.0,15859.0,6986538.0,20251.0,690966.0,2003.0,1047271.0,3036.0,489837.0,1420.0,774465.0,2245.0,6162431.0,17862.0,8033809.0,23286.0,4341549.0,12584.0,5983266.0,17343.0,5454.0,16.0,5454.0,16.0,37294.0,108.0,37294.0,108.0,139583.0,405.0,139583.0,405.0,869614.0,2521.0,908213.0,2633.0,175610.0,509.0,182710.0,530.0,4586.0,13.0,4586.0,13.0,72163.0,209.0,72163.0,209.0,0.0,0.0,0.0,0.0,0.0,0.0,176420.0,511.0,157275.0,456.0,158135.0,458.0,350508.0,1016.0,357190.0,1035.0,510.0,1.0,510.0,1.0,8285.0,24.0,8285.0,24.0,4058361.0,11763.0,4216650.0,12222.0,169.0,0.0,169.0,0.0,0.0,0.0,0.0,0.0,1461643.0,4237.0,1514735.0,4391.0,24259.0,70.0,1495005.0,4333.0,101421.0,294.0,106710.0,309.0,0.0,0.0,0.0,0.0,0.0,0.0,0.0,0.0,0.0,0.0,0.0,0.0,122067.0,354.0,122067.0,354.0,394511.0,1144.0,578473.0,1677.0
2023-24,101912204,Memorial El,444,3496779.0,7876.0,4131747.0,9306.0,3105893.0,6995.0,3526087.0,7942.0,348245.0,784.0,554281.0,1248.0,42641.0,96.0,51379.0,116.0,3454138.0,7780.0,4080368.0,9190.0,2357794.0,5310.0,2832571.0,6380.0,83900.0,189.0,83900.0,189.0,29308.0,66.0,29308.0,66.0,107162.0,241.0,107162.0,241.0,447972.0,1009.0,447972.0,1009.0,126258.0,284.0,126258.0,284.0,3519.0,8.0,3479.0,8.0,71610.0,161.0,71610.0,161.0,0.0,0.0,0.0,0.0,0.0,0.0,148131.0,334.0,1300.0,3.0,3231.0,7.0,225315.0,507.0,226746.0,511.0,0.0,0.0,0.0,0.0,0.0,0.0,0.0,0.0,2315527.0,5215.0,2417764.0,5445.0,1858.0,4.0,1858.0,4.0,0.0,0.0,0.0,0.0,747601.0,1684.0,870017.0,1959.0,82293.0,185.0,184954.0,417.0,61057.0,138.0,104170.0,235.0,19187.0,43.0,19187.0,43.0,0.0,0.0,0.0,0.0,0.0,0.0,0.0,0.0,0.0,0.0,0.0,0.0,226615.0,510.0,378108.0,852.0
2023-24,101912055,Meyerland Middle,1122,9585872.0,8544.0,10917912.0,9731.0,8269736.0,7371.0,8854489.0,7892.0,1137256.0,1014.0,1593879.0,1421.0,178880.0,159.0,469544.0,418.0,9406992.0,8384.0,10448368.0,9312.0,6501190.0,5794.0,7005416.0,6244.0,92566.0,83.0,187826.0,167.0,153291.0,137.0,164214.0,146.0,277477.0,247.0,277477.0,247.0,1079475.0,962.0,1080182.0,963.0,340619.0,304.0,340619.0,304.0,8824.0,8.0,8824.0,8.0,79187.0,71.0,79187.0,71.0,0.0,0.0,0.0,0.0,0.0,0.0,326462.0,291.0,222733.0,199.0,317705.0,283.0,651630.0,581.0,660456.0,589.0,0.0,0.0,0.0,0.0,0.0,0.0,0.0,0.0,6115424.0,5450.0,6080242.0,5419.0,30559.0,27.0,30559.0,27.0,41265.0,37.0,42482.0,38.0,1435287.0,1279.0,1591487.0,1418.0,725993.0,647.0,1209160.0,1078.0,84634.0,75.0,90348.0,81.0,0.0,0.0,0.0,0.0,0.0,0.0,0.0,0.0,99467.0,89.0,99467.0,89.0,206883.0,184.0,206883.0,184.0,667480.0,595.0,1097740.0,978.0
2023-24,101912458,Mickey Leland College Prep Acad Fo,302,3784030.0,12530.0,4029665.0,13343.0,3031691.0,10039.0,3059813.0,10132.0,728250.0,2411.0,945763.0,3132.0,24089.0,80.0,24089.0,80.0,3759941.0,12450.0,4005576.0,13263.0,2106126.0,6974.0,2169911.0,7185.0,2490.0,8.0,2490.0,8.0,95573.0,316.0,95573.0,316.0,77634.0,257.0,77634.0,257.0,456680.0,1512.0,456680.0,1512.0,202583.0,671.0,202583.0,671.0,2494.0,8.0,2494.0,8.0,74787.0,248.0,74787.0,248.0,0.0,0.0,0.0,0.0,0.0,0.0,176244.0,584.0,155900.0,516.0,161406.0,534.0,581247.0,1925.0,581247.0,1925.0,4427.0,15.0,4427.0,15.0,0.0,0.0,0.0,0.0,2244145.0,7431.0,2249668.0,7449.0,4060.0,13.0,4060.0,13.0,116101.0,384.0,117316.0,388.0,406014.0,1344.0,406014.0,1344.0,165813.0,549.0,221452.0,733.0,0.0,0.0,0.0,0.0,0.0,0.0,0.0,0.0,0.0,0.0,0.0,0.0,83872.0,278.0,85380.0,283.0,155594.0,515.0,155594.0,515.0,584342.0,1935.0,766092.0,2537.0
2023-24,101912485,Middle College H S At Hcc Fraga,134,1147543.0,8564.0,1199417.0,8951.0,1110543.0,8288.0,1141818.0,8521.0,36398.0,272.0,56997.0,425.0,602.0,4.0,602.0,4.0,1146941.0,8559.0,1198815.0,8946.0,741331.0,5532.0,766706.0,5722.0,1055.0,8.0,1055.0,8.0,10365.0,77.0,10365.0,77.0,33357.0,249.0,33357.0,249.0,174531.0,1302.0,197270.0,1472.0,179209.0,1337.0,179209.0,1337.0,845.0,6.0,845.0,6.0,1795.0,13.0,1795.0,13.0,0.0,0.0,0.0,0.0,0.0,0.0,28.0,0.0,4373.0,33.0,7974.0,60.0,80.0,1.0,80.0,1.0,0.0,0.0,0.0,0.0,0.0,0.0,0.0,0.0,567098.0,4232.0,578222.0,4315.0,0.0,0.0,0.0,0.0,171037.0,1276.0,172262.0,1286.0,-2.0,0.0,-2.0,0.0,400940.0,2992.0,435715.0,3252.0,3415.0,25.0,3415.0,25.0,0.0,0.0,0.0,0.0,0.0,0.0,0.0,0.0,0.0,0.0,1121.0,8.0,4373.0,33.0,4373.0,33.0,80.0,1.0,3709.0,28.0
2023-24,101912484,Middle College H S At Hcc Gulfton,112,1016419.0,9075.0,1128480.0,10076.0,960760.0,8578.0,1009488.0,9013.0,54540.0,487.0,115737.0,1033.0,1119.0,10.0,3255.0,29.0,1015300.0,9065.0,1125225.0,10047.0,619145.0,5528.0,694084.0,6197.0,546.0,5.0,546.0,5.0,5129.0,46.0,5129.0,46.0,21127.0,189.0,21127.0,189.0,355012.0,3170.0,356189.0,3180.0,8829.0,79.0,40740.0,364.0,456.0,4.0,456.0,4.0,1915.0,17.0,1915.0,17.0,0.0,0.0,0.0,0.0,0.0,0.0,0.0,0.0,1115.0,10.0,1257.0,11.0,2026.0,18.0,2026.0,18.0,0.0,0.0,0.0,0.0,0.0,0.0,0.0,0.0,743042.0,6634.0,743042.0,6634.0,188.0,2.0,188.0,2.0,184725.0,1649.0,185945.0,1660.0,40450.0,361.0,40450.0,361.0,35535.0,317.0,141801.0,1266.0,8219.0,73.0,8219.0,73.0,0.0,0.0,0.0,0.0,0.0,0.0,0.0,0.0,0.0,0.0,1120.0,10.0,1115.0,10.0,1115.0,10.0,2026.0,18.0,3345.0,30.0
2023-24,101912011,Milby H S,2172,17076825.0,7862.0,19713378.0,9076.0,13336802.0,6140.0,14801535.0,6815.0,2824772.0,1301.0,3761233.0,1732.0,915251.0,421.0,1150610.0,530.0,16161574.0,7441.0,18562768.0,8546.0,10444049.0,4808.0,12041516.0,5544.0,186756.0,86.0,186756.0,86.0,198010.0,91.0,198010.0,91.0,433700.0,200.0,433700.0,200.0,2091273.0,963.0,2099255.0,967.0,640328.0,295.0,642346.0,296.0,144155.0,66.0,144273.0,66.0,101887.0,47.0,101887.0,47.0,0.0,0.0,0.0,0.0,0.0,0.0,633459.0,292.0,1036186.0,477.0,1142106.0,526.0,708030.0,326.0,708030.0,326.0,67009.0,31.0,67009.0,31.0,93880.0,43.0,91531.0,42.0,8946412.0,4119.0,8962464.0,4126.0,22905.0,11.0,22905.0,11.0,2127459.0,979.0,2145235.0,988.0,1874555.0,863.0,2373536.0,1093.0,906687.0,417.0,2014896.0,928.0,122916.0,57.0,122916.0,57.0,0.0,0.0,0.0,0.0,0.0,0.0,0.0,0.0,263133.0,121.0,284570.0,131.0,885398.0,408.0,885398.0,408.0,996609.0,459.0,1735348.0,799.0
2023-24,101912299,Milne El,506,4142246.0,8186.0,5112551.0,10104.0,3420095.0,6759.0,3756264.0,7423.0,389772.0,770.0,857838.0,1695.0,332379.0,657.0,498449.0,985.0,3809867.0,7529.0,4614102.0,9119.0,2664342.0,5265.0,3098009.0,6123.0,72075.0,142.0,72075.0,142.0,40377.0,80.0,40377.0,80.0,113882.0,225.0,113882.0,225.0,518793.0,1025.0,533880.0,1055.0,146475.0,289.0,146475.0,289.0,3747.0,7.0,3747.0,7.0,84743.0,167.0,84743.0,167.0,0.0,0.0,0.0,0.0,0.0,0.0,348239.0,688.0,987.0,2.0,6072.0,12.0,158533.0,313.0,160690.0,318.0,0.0,0.0,0.0,0.0,484.0,1.0,484.0,1.0,2485588.0,4912.0,2573961.0,5087.0,0.0,0.0,0.0,0.0,0.0,0.0,0.0,0.0,707761.0,1399.0,787015.0,1555.0,183085.0,362.0,445329.0,880.0,50714.0,100.0,68223.0,135.0,217286.0,429.0,217286.0,429.0,0.0,0.0,0.0,0.0,0.0,0.0,0.0,0.0,987.0,2.0,987.0,2.0,159017.0,314.0,515857.0,1019.0
2023-24,101912354,Mistral Center For Early Childhood,355,3026577.0,8526.0,3356154.0,9454.0,2780366.0,7832.0,3058751.0,8616.0,196079.0,552.0,245475.0,691.0,50132.0,141.0,51928.0,146.0,2976445.0,8384.0,3304226.0,9308.0,2017527.0,5683.0,2267577.0,6388.0,82536.0,232.0,82536.0,232.0,82071.0,231.0,82071.0,231.0,79446.0,224.0,79446.0,224.0,371582.0,1047.0,371582.0,1047.0,88385.0,249.0,88385.0,249.0,2422.0,7.0,2422.0,7.0,74307.0,209.0,74307.0,209.0,0.0,0.0,0.0,0.0,0.0,0.0,2286.0,6.0,0.0,0.0,33348.0,94.0,142123.0,400.0,144063.0,406.0,0.0,0.0,0.0,0.0,36046.0,102.0,40352.0,114.0,1408954.0,3969.0,1409947.0,3972.0,0.0,0.0,0.0,0.0,0.0,0.0,0.0,0.0,247465.0,697.0,247465.0,697.0,125455.0,353.0,319057.0,899.0,44977.0,127.0,76811.0,216.0,971425.0,2736.0,971425.0,2736.0,0.0,0.0,0.0,0.0,0.0,0.0,0.0,0.0,0.0,0.0,0.0,0.0,178169.0,502.0,220049.0,620.0
2023-24,101912264,Mitchell El,560,4459538.0,7963.0,5293552.0,9453.0,3641054.0,6502.0,3886675.0,6940.0,490246.0,875.0,1076941.0,1923.0,328238.0,586.0,329936.0,589.0,4131300.0,7377.0,4963616.0,8864.0,3122074.0,5575.0,3614939.0,6455.0,51235.0,91.0,51235.0,91.0,46876.0,84.0,46876.0,84.0,123437.0,220.0,123437.0,220.0,401765.0,717.0,401765.0,717.0,147137.0,263.0,147137.0,263.0,3961.0,7.0,1911.0,3.0,88105.0,157.0,88105.0,157.0,0.0,0.0,0.0,0.0,0.0,0.0,331533.0,592.0,0.0,0.0,4400.0,8.0,138610.0,248.0,140170.0,250.0,0.0,0.0,0.0,0.0,0.0,0.0,0.0,0.0,3084069.0,5507.0,3186629.0,5690.0,1039.0,2.0,1039.0,2.0,0.0,0.0,0.0,0.0,581152.0,1038.0,581230.0,1038.0,139904.0,250.0,485076.0,866.0,22054.0,39.0,45641.0,82.0,156372.0,279.0,156372.0,279.0,0.0,0.0,0.0,0.0,0.0,0.0,0.0,0.0,0.0,0.0,0.0,0.0,138610.0,248.0,476103.0,850.0
2023-24,101912207,Montgomery El,423,3781568.0,8940.0,4293643.0,10150.0,3281776.0,7758.0,3499066.0,8272.0,206051.0,487.0,498203.0,1178.0,293741.0,694.0,296374.0,701.0,3487827.0,8245.0,3997269.0,9450.0,2267447.0,5360.0,2554329.0,6039.0,99673.0,236.0,99673.0,236.0,128633.0,304.0,128633.0,304.0,91313.0,216.0,91313.0,216.0,568367.0,1344.0,570704.0,1349.0,143678.0,340.0,143678.0,340.0,2845.0,7.0,2845.0,7.0,80024.0,189.0,80211.0,190.0,0.0,0.0,0.0,0.0,0.0,0.0,209737.0,496.0,139.0,0.0,2135.0,5.0,103531.0,245.0,105449.0,249.0,0.0,0.0,0.0,0.0,0.0,0.0,0.0,0.0,2342959.0,5539.0,2389981.0,5650.0,500.0,1.0,500.0,1.0,0.0,0.0,0.0,0.0,388252.0,918.0,388403.0,918.0,464472.0,1098.0,698345.0,1651.0,59492.0,141.0,74035.0,175.0,126305.0,299.0,126305.0,299.0,0.0,0.0,0.0,0.0,0.0,0.0,0.0,0.0,0.0,0.0,0.0,0.0,103729.0,245.0,317567.0,751.0
2023-24,101912359,Moreno El,691,5010989.0,7252.0,6556473.0,9488.0,4413338.0,6387.0,5220043.0,7554.0,465787.0,674.0,962482.0,1393.0,131864.0,191.0,373948.0,541.0,4879125.0,7061.0,6182525.0,8947.0,3451914.0,4996.0,4203087.0,6083.0,79246.0,115.0,79246.0,115.0,142457.0,206.0,142457.0,206.0,148061.0,214.0,148061.0,214.0,666819.0,965.0,667533.0,966.0,74364.0,108.0,157758.0,228.0,4175.0,6.0,4175.0,6.0,91873.0,133.0,91873.0,133.0,0.0,0.0,0.0,0.0,0.0,0.0,457832.0,663.0,0.0,0.0,5491.0,8.0,199352.0,288.0,204148.0,295.0,18964.0,27.0,18964.0,27.0,1900.0,3.0,1900.0,3.0,3530877.0,5110.0,3531055.0,5110.0,0.0,0.0,0.0,0.0,0.0,0.0,0.0,0.0,407757.0,590.0,567217.0,821.0,250034.0,362.0,461712.0,668.0,323918.0,469.0,787883.0,1140.0,146323.0,212.0,146323.0,212.0,0.0,0.0,0.0,0.0,0.0,0.0,0.0,0.0,0.0,0.0,0.0,0.0,220216.0,319.0,688335.0,996.0
2023-24,101912311,Mount Carmel Academy,229,267082.0,1166.0,2000131.0,8734.0,250164.0,1092.0,250164.0,1092.0,15298.0,67.0,1748347.0,7635.0,1620.0,7.0,1620.0,7.0,265462.0,1159.0,1998511.0,8727.0,122789.0,536.0,1850530.0,8081.0,1863.0,8.0,1863.0,8.0,16560.0,72.0,16560.0,72.0,51737.0,226.0,51737.0,226.0,54578.0,238.0,59680.0,261.0,12978.0,57.0,12978.0,57.0,1548.0,7.0,1548.0,7.0,3219.0,14.0,3219.0,14.0,0.0,0.0,0.0,0.0,0.0,0.0,206.0,1.0,0.0,0.0,0.0,0.0,190.0,1.0,190.0,1.0,0.0,0.0,0.0,0.0,0.0,0.0,0.0,0.0,265272.0,1158.0,1410144.0,6158.0,0.0,0.0,6718.0,29.0,0.0,0.0,195862.0,855.0,0.0,0.0,83415.0,364.0,0.0,0.0,287806.0,1257.0,0.0,0.0,12181.0,53.0,0.0,0.0,0.0,0.0,0.0,0.0,0.0,0.0,0.0,0.0,1989.0,9.0,0.0,0.0,0.0,0.0,190.0,1.0,396.0,2.0
2023-24,101912054,Navarro Middle,487,5878472.0,12071.0,6341385.0,13021.0,4357917.0,8948.0,4517708.0,9277.0,1002009.0,2058.0,1302104.0,2674.0,518546.0,1065.0,521573.0,1071.0,5359926.0,11006.0,5819812.0,11950.0,3163062.0,6495.0,3292325.0,6760.0,87165.0,179.0,142311.0,292.0,45183.0,93.0,52002.0,107.0,139825.0,287.0,139825.0,287.0,903489.0,1855.0,905294.0,1859.0,229466.0,471.0,229466.0,471.0,55358.0,114.0,55358.0,114.0,111190.0,228.0,111190.0,228.0,0.0,0.0,0.0,0.0,0.0,0.0,235892.0,484.0,87064.0,179.0,108277.0,222.0,516489.0,1061.0,522438.0,1073.0,19776.0,41.0,19776.0,41.0,0.0,0.0,0.0,0.0,3135384.0,6438.0,3146050.0,6460.0,1553.0,3.0,1553.0,3.0,60126.0,123.0,61253.0,126.0,1200421.0,2465.0,1200459.0,2465.0,287169.0,590.0,470140.0,965.0,50085.0,103.0,50310.0,103.0,0.0,0.0,0.0,0.0,0.0,0.0,0.0,0.0,0.0,0.0,0.0,0.0,80487.0,165.0,80487.0,165.0,544701.0,1118.0,809560.0,1662.0
2023-24,101912209,Neff Ecc,585,4737628.0,8099.0,6726142.0,11498.0,4211152.0,7199.0,5686722.0,9721.0,403031.0,689.0,865678.0,1480.0,123445.0,211.0,173742.0,297.0,4614183.0,7887.0,6552400.0,11201.0,3312054.0,5662.0,4892634.0,8363.0,5359.0,9.0,5359.0,9.0,86838.0,148.0,86838.0,148.0,128423.0,220.0,128423.0,220.0,622686.0,1064.0,622686.0,1064.0,72046.0,123.0,72046.0,123.0,4044.0,7.0,4044.0,7.0,99421.0,170.0,99421.0,170.0,0.0,0.0,0.0,0.0,0.0,0.0,352822.0,603.0,15943.0,27.0,16017.0,27.0,204675.0,350.0,209353.0,358.0,0.0,0.0,0.0,0.0,46301.0,79.0,46301.0,79.0,2252113.0,3850.0,2257956.0,3860.0,0.0,0.0,0.0,0.0,0.0,0.0,0.0,0.0,659731.0,1128.0,659731.0,1128.0,293900.0,502.0,580649.0,993.0,104615.0,179.0,1331251.0,2276.0,1020512.0,1744.0,1020512.0,1744.0,0.0,0.0,0.0,0.0,0.0,0.0,0.0,0.0,15943.0,27.0,15943.0,27.0,267369.0,457.0,624943.0,1068.0
2023-24,101912394,Neff El,727,6376130.0,8770.0,7346737.0,10106.0,5136330.0,7065.0,5600430.0,7703.0,580034.0,798.0,1086541.0,1495.0,659766.0,908.0,659766.0,908.0,5716364.0,7863.0,6686971.0,9198.0,4212433.0,5794.0,4831432.0,6646.0,86524.0,119.0,86524.0,119.0,59591.0,82.0,59591.0,82.0,196248.0,270.0,196248.0,270.0,732409.0,1007.0,751937.0,1034.0,176459.0,243.0,176459.0,243.0,6055.0,8.0,6055.0,8.0,19982.0,27.0,19982.0,27.0,0.0,0.0,0.0,0.0,0.0,0.0,324448.0,446.0,13445.0,18.0,13445.0,18.0,204483.0,281.0,205190.0,282.0,0.0,0.0,0.0,0.0,2018.0,3.0,2018.0,3.0,4344068.0,5975.0,4393838.0,6044.0,2549.0,4.0,2549.0,4.0,0.0,0.0,0.0,0.0,696372.0,958.0,869576.0,1196.0,254411.0,350.0,649949.0,894.0,192301.0,265.0,218957.0,301.0,0.0,0.0,0.0,0.0,0.0,0.0,0.0,0.0,0.0,0.0,0.0,0.0,8695.0,12.0,8695.0,12.0,211251.0,291.0,536690.0,738.0
2023-24,101912477,North Forest H S,949,12331836.0,12995.0,15029501.0,15837.0,10195316.0,10743.0,12213384.0,12870.0,1376737.0,1451.0,1996366.0,2104.0,759783.0,801.0,819751.0,864.0,11572053.0,12194.0,14209750.0,14973.0,7601728.0,8010.0,9822460.0,10350.0,8931.0,9.0,8931.0,9.0,73404.0,77.0,80516.0,85.0,269982.0,284.0,269982.0,284.0,1476228.0,1556.0,1537994.0,1621.0,471540.0,497.0,494141.0,521.0,131825.0,139.0,137093.0,144.0,114992.0,121.0,118276.0,125.0,0.0,0.0,0.0,0.0,0.0,0.0,299184.0,315.0,573190.0,604.0,583257.0,615.0,831915.0,877.0,831915.0,877.0,4527.0,5.0,6495.0,7.0,13791.0,15.0,13791.0,15.0,7360721.0,7756.0,7509715.0,7913.0,0.0,0.0,0.0,0.0,677827.0,714.0,698573.0,736.0,1974455.0,2081.0,2038734.0,2148.0,126649.0,133.0,2217167.0,2336.0,567.0,1.0,567.0,1.0,0.0,0.0,0.0,0.0,0.0,0.0,0.0,0.0,8411.0,9.0,10422.0,11.0,536500.0,565.0,536500.0,565.0,886923.0,935.0,1198072.0,1262.0
2023-24,101912308,North Houston Early College H S,483,3700694.0,7662.0,4046630.0,8378.0,3331227.0,6897.0,3446316.0,7135.0,288490.0,597.0,509920.0,1056.0,80977.0,168.0,90394.0,187.0,3619717.0,7494.0,3956236.0,8191.0,2311245.0,4785.0,2447520.0,5067.0,2528.0,5.0,2528.0,5.0,117476.0,243.0,117476.0,243.0,98869.0,205.0,98869.0,205.0,750524.0,1554.0,750524.0,1554.0,129227.0,268.0,129227.0,268.0,2085.0,4.0,2085.0,4.0,39934.0,83.0,39934.0,83.0,0.0,0.0,0.0,0.0,0.0,0.0,113425.0,235.0,363.0,1.0,42737.0,88.0,81978.0,170.0,81978.0,170.0,12734.0,26.0,12734.0,26.0,72754.0,151.0,72754.0,151.0,2430685.0,5032.0,2436523.0,5045.0,17586.0,36.0,17586.0,36.0,625914.0,1296.0,629570.0,1303.0,52041.0,108.0,52041.0,108.0,323844.0,670.0,482577.0,999.0,1818.0,4.0,12561.0,26.0,0.0,0.0,0.0,0.0,0.0,0.0,0.0,0.0,0.0,0.0,1750.0,4.0,363.0,1.0,363.0,1.0,167466.0,347.0,323265.0,669.0
2023-24,101912210,Northline El,398,3964433.0,9961.0,6275992.0,15769.0,3500902.0,8796.0,4570993.0,11485.0,344138.0,865.0,689821.0,1733.0,119393.0,300.0,1015178.0,2551.0,3845040.0,9661.0,5260814.0,13218.0,2708108.0,6804.0,3870999.0,9726.0,3947.0,10.0,3947.0,10.0,41653.0,105.0,41653.0,105.0,108094.0,272.0,108094.0,272.0,563901.0,1417.0,585353.0,1471.0,149915.0,377.0,155175.0,390.0,3515.0,9.0,3655.0,9.0,83831.0,211.0,85483.0,215.0,0.0,0.0,0.0,0.0,0.0,0.0,221363.0,556.0,0.0,0.0,-107.0,0.0,178448.0,448.0,181504.0,456.0,0.0,0.0,67.0,0.0,3628.0,9.0,3628.0,9.0,2269080.0,5701.0,2396821.0,6022.0,0.0,0.0,0.0,0.0,0.0,0.0,0.0,0.0,738721.0,1856.0,768212.0,1930.0,389812.0,979.0,1379571.0,3466.0,72679.0,183.0,106176.0,267.0,192672.0,484.0,192672.0,484.0,0.0,0.0,0.0,0.0,0.0,0.0,0.0,0.0,0.0,0.0,0.0,0.0,182076.0,457.0,406455.0,1021.0
2023-24,101912003,Northside H S,1134,12672621.0,11175.0,14516416.0,12801.0,11036453.0,9732.0,11585412.0,10216.0,1355837.0,1196.0,1797899.0,1585.0,280331.0,247.0,1133105.0,999.0,12392290.0,10928.0,13383311.0,11802.0,7226756.0,6373.0,7760073.0,6843.0,86910.0,77.0,86910.0,77.0,86984.0,77.0,86984.0,77.0,1639559.0,1446.0,1639559.0,1446.0,1584051.0,1397.0,1592967.0,1405.0,425039.0,375.0,481261.0,424.0,9493.0,8.0,12687.0,11.0,123486.0,109.0,124402.0,110.0,0.0,0.0,0.0,0.0,0.0,0.0,235055.0,207.0,635718.0,561.0,725526.0,640.0,521423.0,460.0,530011.0,467.0,2625.0,2.0,48433.0,43.0,44221.0,39.0,44221.0,39.0,4845709.0,4273.0,4887736.0,4310.0,0.0,0.0,0.0,0.0,1671390.0,1474.0,1684659.0,1486.0,2031117.0,1791.0,2031117.0,1791.0,815041.0,719.0,1373605.0,1211.0,61936.0,55.0,61970.0,55.0,0.0,0.0,0.0,0.0,0.0,0.0,0.0,0.0,1757085.0,1549.0,1750829.0,1544.0,583423.0,514.0,585224.0,516.0,620564.0,547.0,997842.0,880.0
2023-24,101912211,Oak Forest El,920,6349140.0,6901.0,6793791.0,7385.0,5751857.0,6252.0,5955955.0,6474.0,496435.0,540.0,733123.0,797.0,100848.0,110.0,104713.0,114.0,6248292.0,6792.0,6689078.0,7271.0,4593314.0,4993.0,4806248.0,5224.0,87979.0,96.0,87979.0,96.0,110011.0,120.0,110011.0,120.0,188084.0,204.0,188084.0,204.0,679423.0,739.0,679423.0,739.0,163631.0,178.0,163631.0,178.0,5683.0,6.0,5683.0,6.0,93577.0,102.0,95354.0,104.0,0.0,0.0,0.0,0.0,0.0,0.0,153606.0,167.0,1300.0,1.0,65533.0,71.0,318218.0,346.0,326454.0,355.0,0.0,0.0,0.0,0.0,7072.0,8.0,7072.0,8.0,5228838.0,5684.0,5356155.0,5822.0,52965.0,58.0,52965.0,58.0,0.0,0.0,0.0,0.0,453843.0,493.0,535752.0,582.0,52685.0,57.0,58136.0,63.0,90324.0,98.0,90358.0,98.0,43047.0,47.0,43047.0,47.0,0.0,0.0,0.0,0.0,0.0,0.0,0.0,0.0,0.0,0.0,0.0,0.0,326590.0,355.0,552665.0,601.0
2023-24,101912212,Oates El,272,3671047.0,13496.0,5177365.0,19034.0,3166530.0,11642.0,4143113.0,15232.0,304524.0,1120.0,545260.0,2005.0,199993.0,735.0,488992.0,1798.0,3471054.0,12761.0,4688373.0,17237.0,2274711.0,8363.0,3255554.0,11969.0,4591.0,17.0,4591.0,17.0,39091.0,144.0,39091.0,144.0,108494.0,399.0,108494.0,399.0,634919.0,2334.0,658614.0,2421.0,142179.0,523.0,147443.0,542.0,3553.0,13.0,3553.0,13.0,97966.0,360.0,99606.0,366.0,0.0,0.0,0.0,0.0,0.0,0.0,197938.0,728.0,1432.0,5.0,6365.0,23.0,156151.0,574.0,159157.0,585.0,2058.0,8.0,2058.0,8.0,5909.0,22.0,5909.0,22.0,2334750.0,8584.0,2367138.0,8703.0,0.0,0.0,0.0,0.0,0.0,0.0,0.0,0.0,693315.0,2549.0,714194.0,2626.0,17959.0,66.0,947514.0,3484.0,64627.0,238.0,85989.0,316.0,194853.0,716.0,194853.0,716.0,0.0,0.0,0.0,0.0,0.0,0.0,0.0,0.0,0.0,0.0,0.0,0.0,165550.0,609.0,371837.0,1367.0
2023-24,101912338,Ortiz Middle,823,7568530.0,9196.0,8839220.0,10740.0,6461005.0,7851.0,7164757.0,8706.0,743828.0,904.0,1310766.0,1593.0,363697.0,442.0,363697.0,442.0,7204833.0,8754.0,8475523.0,10298.0,4902745.0,5957.0,5645147.0,6859.0,83829.0,102.0,160971.0,196.0,161403.0,196.0,167831.0,204.0,217135.0,264.0,217135.0,264.0,1041356.0,1265.0,1041356.0,1265.0,205650.0,250.0,205960.0,250.0,7141.0,9.0,10592.0,13.0,77409.0,94.0,77409.0,94.0,0.0,0.0,0.0,0.0,0.0,0.0,343901.0,418.0,160550.0,195.0,184317.0,224.0,327299.0,398.0,347308.0,422.0,19671.0,24.0,67594.0,82.0,0.0,0.0,0.0,0.0,4849605.0,5893.0,5101227.0,6198.0,7283.0,9.0,7283.0,9.0,0.0,0.0,0.0,0.0,1314947.0,1598.0,1398461.0,1699.0,450425.0,547.0,1012075.0,1230.0,76604.0,93.0,76604.0,93.0,0.0,0.0,0.0,0.0,0.0,0.0,0.0,0.0,0.0,0.0,0.0,0.0,132927.0,162.0,132927.0,162.0,372397.0,452.0,746301.0,907.0
2023-24,101912213,Osborne El,322,4129035.0,12823.0,5820101.0,18075.0,3680541.0,11430.0,4830375.0,15001.0,281299.0,874.0,550541.0,1710.0,167195.0,519.0,439185.0,1364.0,3961840.0,12304.0,5380916.0,16711.0,2799460.0,8694.0,4000762.0,12425.0,5374.0,17.0,5374.0,17.0,58276.0,181.0,59474.0,185.0,132845.0,413.0,132845.0,413.0,558253.0,1734.0,579430.0,1799.0,141061.0,438.0,146356.0,455.0,4285.0,13.0,4085.0,13.0,105869.0,329.0,109162.0,339.0,0.0,0.0,0.0,0.0,0.0,0.0,183671.0,570.0,1573.0,5.0,1574.0,5.0,147487.0,458.0,149796.0,465.0,2940.0,9.0,2940.0,9.0,4417.0,14.0,4417.0,14.0,2823671.0,8769.0,2938124.0,9125.0,0.0,0.0,0.0,0.0,0.0,0.0,0.0,0.0,575684.0,1788.0,603949.0,1876.0,107284.0,333.0,1163031.0,3612.0,3890.0,12.0,34264.0,106.0,294894.0,916.0,294894.0,916.0,0.0,0.0,0.0,0.0,0.0,0.0,0.0,0.0,0.0,0.0,0.0,0.0,156417.0,486.0,343396.0,1066.0
2023-24,101912214,Park Place El,705,5462059.0,7748.0,6526812.0,9258.0,4998912.0,7091.0,5521491.0,7832.0,411782.0,584.0,860088.0,1220.0,51365.0,73.0,145233.0,206.0,5410694.0,7675.0,6381579.0,9052.0,3874019.0,5495.0,4329416.0,6141.0,89921.0,128.0,89921.0,128.0,80213.0,114.0,80213.0,114.0,161810.0,230.0,161810.0,230.0,633085.0,898.0,721529.0,1023.0,168534.0,239.0,168534.0,239.0,4883.0,7.0,4883.0,7.0,95182.0,135.0,95182.0,135.0,0.0,0.0,0.0,0.0,0.0,0.0,420947.0,597.0,0.0,0.0,1540.0,2.0,262750.0,373.0,266282.0,378.0,0.0,0.0,0.0,0.0,40297.0,57.0,40297.0,57.0,3708774.0,5261.0,3707772.0,5259.0,1722.0,2.0,1722.0,2.0,0.0,0.0,0.0,0.0,532637.0,756.0,616278.0,874.0,407824.0,578.0,753588.0,1069.0,191115.0,271.0,237378.0,337.0,265575.0,377.0,265575.0,377.0,0.0,0.0,0.0,0.0,0.0,0.0,0.0,0.0,0.0,0.0,0.0,0.0,303047.0,430.0,729250.0,1034.0
2023-24,101912215,Parker El,884,6635811.0,7507.0,7775550.0,8796.0,6089164.0,6888.0,6812621.0,7707.0,401722.0,454.0,740644.0,838.0,144925.0,164.0,222285.0,251.0,6490886.0,7343.0,7553265.0,8544.0,4898462.0,5541.0,5439294.0,6153.0,80021.0,91.0,80021.0,91.0,147196.0,167.0,147196.0,167.0,201845.0,228.0,201845.0,228.0,701681.0,794.0,701681.0,794.0,232617.0,263.0,232617.0,263.0,6136.0,7.0,6136.0,7.0,67332.0,76.0,69477.0,79.0,0.0,0.0,0.0,0.0,0.0,0.0,275162.0,311.0,3447.0,4.0,218035.0,247.0,150162.0,170.0,176964.0,200.0,0.0,0.0,0.0,0.0,1987.0,2.0,1987.0,2.0,4984127.0,5638.0,5064520.0,5729.0,138783.0,157.0,138783.0,157.0,0.0,0.0,0.0,0.0,600900.0,680.0,783227.0,886.0,391086.0,442.0,607840.0,688.0,117095.0,132.0,149756.0,169.0,103299.0,117.0,103299.0,117.0,0.0,0.0,0.0,0.0,0.0,0.0,0.0,0.0,3447.0,4.0,3447.0,4.0,152149.0,172.0,668701.0,756.0
2023-24,101912216,Patterson El,877,6357211.0,7249.0,8701733.0,9922.0,5720352.0,6523.0,6128318.0,6988.0,540018.0,616.0,1028701.0,1173.0,96841.0,110.0,1544714.0,1761.0,6260370.0,7138.0,7157019.0,8161.0,4532452.0,5168.0,4928938.0,5620.0,71001.0,81.0,71001.0,81.0,162633.0,185.0,213065.0,243.0,186163.0,212.0,186163.0,212.0,715958.0,816.0,715958.0,816.0,176190.0,201.0,176190.0,201.0,5607.0,6.0,5607.0,6.0,96895.0,110.0,96895.0,110.0,0.0,0.0,0.0,0.0,0.0,0.0,370017.0,422.0,8692.0,10.0,73312.0,84.0,231847.0,264.0,233700.0,266.0,0.0,0.0,0.0,0.0,72932.0,83.0,72932.0,83.0,4447791.0,5072.0,4447845.0,5072.0,1106.0,1.0,1106.0,1.0,0.0,0.0,0.0,0.0,506822.0,578.0,587577.0,670.0,426174.0,486.0,718839.0,820.0,257477.0,294.0,318902.0,364.0,307529.0,351.0,307529.0,351.0,0.0,0.0,0.0,0.0,0.0,0.0,0.0,0.0,6292.0,7.0,6292.0,7.0,307179.0,350.0,743669.0,848.0
2023-24,101912217,Peck El,340,3908856.0,11497.0,4661740.0,13711.0,3207952.0,9435.0,3616526.0,10637.0,415671.0,1223.0,751722.0,2211.0,285233.0,839.0,293492.0,863.0,3623623.0,10658.0,4368248.0,12848.0,2360412.0,6942.0,2825132.0,8309.0,91732.0,270.0,91732.0,270.0,40428.0,119.0,40428.0,119.0,110528.0,325.0,110528.0,325.0,552243.0,1624.0,553441.0,1628.0,143563.0,422.0,143563.0,422.0,3569.0,10.0,3569.0,10.0,75524.0,222.0,75524.0,222.0,0.0,0.0,0.0,0.0,0.0,0.0,273678.0,805.0,3008.0,9.0,5983.0,18.0,240696.0,708.0,242750.0,714.0,0.0,0.0,0.0,0.0,1920.0,6.0,1920.0,6.0,2193273.0,6451.0,2269653.0,6675.0,480.0,1.0,480.0,1.0,0.0,0.0,0.0,0.0,799051.0,2350.0,867648.0,2552.0,153460.0,451.0,455607.0,1340.0,47651.0,140.0,65232.0,192.0,184084.0,541.0,184084.0,541.0,0.0,0.0,0.0,0.0,0.0,0.0,0.0,0.0,3008.0,9.0,3008.0,9.0,242616.0,714.0,522521.0,1537.0
2023-24,101912064,Pershing Middle,1270,10388668.0,8180.0,11964756.0,9421.0,9191251.0,7237.0,9783789.0,7704.0,1176288.0,926.0,1719366.0,1354.0,21129.0,17.0,461601.0,363.0,10367539.0,8163.0,11503155.0,9058.0,7198486.0,5668.0,7946977.0,6257.0,87593.0,69.0,87593.0,69.0,83643.0,66.0,83643.0,66.0,287043.0,226.0,287043.0,226.0,1359201.0,1070.0,1359788.0,1071.0,334562.0,263.0,334562.0,263.0,8984.0,7.0,8984.0,7.0,109675.0,86.0,109675.0,86.0,0.0,0.0,0.0,0.0,0.0,0.0,274287.0,216.0,159975.0,126.0,265024.0,209.0,737348.0,581.0,743746.0,586.0,1029.0,1.0,1029.0,1.0,0.0,0.0,0.0,0.0,7542735.0,5939.0,7543892.0,5940.0,27047.0,21.0,27047.0,21.0,207641.0,163.0,208850.0,164.0,1382551.0,1089.0,1463703.0,1153.0,272633.0,215.0,932696.0,734.0,36580.0,29.0,42294.0,33.0,0.0,0.0,0.0,0.0,0.0,0.0,0.0,0.0,0.0,0.0,0.0,0.0,144875.0,114.0,144875.0,114.0,753477.0,593.0,1139798.0,897.0
2023-24,101912265,Petersen El,361,3909025.0,10828.0,4580654.0,12689.0,3062802.0,8484.0,3392302.0,9397.0,509002.0,1410.0,803468.0,2226.0,337221.0,934.0,384884.0,1066.0,3571804.0,9894.0,4195770.0,11623.0,2298673.0,6368.0,2677762.0,7418.0,3402.0,9.0,3402.0,9.0,48130.0,133.0,48130.0,133.0,117621.0,326.0,117621.0,326.0,483252.0,1339.0,483252.0,1339.0,152406.0,422.0,152406.0,422.0,3680.0,10.0,3680.0,10.0,101435.0,281.0,101435.0,281.0,0.0,0.0,0.0,0.0,0.0,0.0,230126.0,637.0,9526.0,26.0,12355.0,34.0,343781.0,952.0,347518.0,963.0,0.0,0.0,0.0,0.0,0.0,0.0,0.0,0.0,1833328.0,5078.0,1882190.0,5214.0,1030.0,3.0,1030.0,3.0,0.0,0.0,0.0,0.0,605125.0,1676.0,708717.0,1963.0,519283.0,1438.0,739539.0,2049.0,101548.0,281.0,116097.0,322.0,148285.0,411.0,148285.0,411.0,0.0,0.0,0.0,0.0,0.0,0.0,0.0,0.0,9526.0,26.0,9583.0,27.0,344567.0,954.0,581202.0,1610.0
2023-24,101912218,Pilgrim Academy,1302,9808031.0,7533.0,11387580.0,8746.0,8397441.0,6450.0,9314367.0,7154.0,939380.0,721.0,1589897.0,1221.0,471210.0,362.0,483316.0,371.0,9336821.0,7171.0,10904264.0,8375.0,6480223.0,4977.0,7365459.0,5657.0,85646.0,66.0,135167.0,104.0,128031.0,98.0,132950.0,102.0,254341.0,195.0,254341.0,195.0,1515294.0,1164.0,1520871.0,1168.0,233678.0,179.0,233678.0,179.0,7266.0,6.0,7266.0,6.0,118258.0,91.0,118258.0,91.0,0.0,0.0,0.0,0.0,0.0,0.0,588153.0,452.0,77424.0,59.0,99931.0,77.0,293670.0,226.0,297106.0,228.0,57186.0,44.0,57186.0,44.0,85804.0,66.0,85804.0,66.0,6433503.0,4941.0,6468055.0,4968.0,2293.0,2.0,2293.0,2.0,0.0,0.0,0.0,0.0,791183.0,608.0,948021.0,728.0,414086.0,318.0,1058686.0,813.0,632896.0,486.0,718204.0,552.0,548776.0,421.0,548776.0,421.0,0.0,0.0,0.0,0.0,0.0,0.0,0.0,0.0,76224.0,59.0,76224.0,59.0,437860.0,336.0,1057533.0,812.0
2023-24,101912337,Pin Oak Middle,1194,9461313.0,7924.0,10332992.0,8654.0,8342261.0,6987.0,8549327.0,7160.0,1078571.0,903.0,1636774.0,1371.0,40481.0,34.0,146891.0,123.0,9420832.0,7890.0,10186101.0,8531.0,6116628.0,5123.0,6266443.0,5248.0,90385.0,76.0,90385.0,76.0,150621.0,126.0,150621.0,126.0,243761.0,204.0,243761.0,204.0,1379904.0,1156.0,1379904.0,1156.0,352249.0,295.0,352249.0,295.0,7708.0,6.0,7708.0,6.0,116038.0,97.0,116038.0,97.0,0.0,0.0,0.0,0.0,0.0,0.0,297028.0,249.0,186565.0,156.0,471495.0,395.0,739929.0,620.0,746904.0,626.0,36252.0,30.0,62573.0,52.0,792.0,1.0,992.0,1.0,6494430.0,5439.0,6495076.0,5440.0,157896.0,132.0,157896.0,132.0,193.0,0.0,1418.0,1.0,1263422.0,1058.0,1263422.0,1058.0,410883.0,344.0,542993.0,455.0,46111.0,39.0,63328.0,53.0,0.0,0.0,0.0,0.0,0.0,0.0,0.0,0.0,85151.0,71.0,85151.0,71.0,155317.0,130.0,155331.0,130.0,807429.0,676.0,1421486.0,1191.0
2023-24,101912219,Piney Point El,1274,9470236.0,7433.0,10658151.0,8366.0,8114756.0,6370.0,8673039.0,6808.0,802082.0,630.0,1429841.0,1122.0,553398.0,434.0,555271.0,436.0,8916838.0,6999.0,10102880.0,7930.0,6474507.0,5082.0,7143299.0,5607.0,114963.0,90.0,114963.0,90.0,118264.0,93.0,152413.0,120.0,286121.0,225.0,286121.0,225.0,1141283.0,896.0,1141996.0,896.0,206772.0,162.0,206772.0,162.0,8353.0,7.0,8353.0,7.0,98495.0,77.0,98495.0,77.0,0.0,0.0,0.0,0.0,0.0,0.0,465663.0,366.0,603.0,0.0,4973.0,4.0,383320.0,301.0,387492.0,304.0,17057.0,13.0,17057.0,13.0,67100.0,53.0,67100.0,53.0,6242575.0,4900.0,6240959.0,4899.0,1570.0,1.0,1570.0,1.0,0.0,0.0,0.0,0.0,721969.0,567.0,893183.0,701.0,762270.0,598.0,1118671.0,878.0,437987.0,344.0,520925.0,409.0,282387.0,222.0,282387.0,222.0,0.0,0.0,0.0,0.0,0.0,0.0,0.0,0.0,0.0,0.0,0.0,0.0,468080.0,367.0,942285.0,740.0
2023-24,101912220,PleasantvilleEl,231,2483943.0,10753.0,2905183.0,12577.0,2187595.0,9470.0,2425626.0,10501.0,252412.0,1093.0,402963.0,1744.0,43936.0,190.0,76594.0,332.0,2440007.0,10563.0,2828589.0,12245.0,1650484.0,7145.0,1888515.0,8175.0,72945.0,316.0,72945.0,316.0,37647.0,163.0,37647.0,163.0,71364.0,309.0,71364.0,309.0,282384.0,1222.0,282384.0,1222.0,120843.0,523.0,120843.0,523.0,2351.0,10.0,651.0,3.0,88861.0,385.0,88861.0,385.0,0.0,0.0,0.0,0.0,0.0,0.0,147534.0,639.0,675.0,3.0,3323.0,14.0,112687.0,488.0,114481.0,496.0,0.0,0.0,0.0,0.0,-234.0,-1.0,-234.0,-1.0,1574873.0,6818.0,1618710.0,7007.0,1124.0,5.0,1124.0,5.0,0.0,0.0,0.0,0.0,378508.0,1639.0,456964.0,1978.0,144276.0,625.0,258559.0,1119.0,8248.0,36.0,8248.0,36.0,219850.0,952.0,219850.0,952.0,0.0,0.0,0.0,0.0,0.0,0.0,0.0,0.0,0.0,0.0,0.0,0.0,113128.0,490.0,265104.0,1148.0
2023-24,101912221,Poe El,734,5747422.0,7830.0,6167767.0,8403.0,5445312.0,7419.0,5617647.0,7653.0,292870.0,399.0,480814.0,655.0,9240.0,13.0,69306.0,94.0,5738182.0,7818.0,6098461.0,8309.0,4134425.0,5633.0,4306760.0,5868.0,83732.0,114.0,83732.0,114.0,151810.0,207.0,151810.0,207.0,171611.0,234.0,171611.0,234.0,713628.0,972.0,713628.0,972.0,178600.0,243.0,178600.0,243.0,5166.0,7.0,5166.0,7.0,82151.0,112.0,82151.0,112.0,0.0,0.0,0.0,0.0,0.0,0.0,179978.0,245.0,2700.0,4.0,7934.0,11.0,143271.0,195.0,146003.0,199.0,0.0,0.0,0.0,0.0,71088.0,97.0,71088.0,97.0,4713113.0,6421.0,4782153.0,6515.0,4494.0,6.0,4494.0,6.0,0.0,0.0,0.0,0.0,396220.0,540.0,472493.0,644.0,138253.0,188.0,141601.0,193.0,126943.0,173.0,150602.0,205.0,142100.0,194.0,142100.0,194.0,0.0,0.0,0.0,0.0,0.0,0.0,0.0,0.0,0.0,0.0,0.0,0.0,217059.0,296.0,405003.0,552.0
2023-24,101912222,Port Houston El,269,3128319.0,11629.0,4328024.0,16089.0,2788489.0,10366.0,3503908.0,13026.0,280053.0,1041.0,514468.0,1913.0,59777.0,222.0,309648.0,1151.0,3068542.0,11407.0,4018376.0,14938.0,2004876.0,7453.0,2732377.0,10158.0,3496.0,13.0,3496.0,13.0,30795.0,114.0,30795.0,114.0,99359.0,369.0,99359.0,369.0,521060.0,1937.0,544774.0,2025.0,137348.0,511.0,142657.0,530.0,3940.0,15.0,3940.0,15.0,97427.0,362.0,99067.0,368.0,0.0,0.0,0.0,0.0,0.0,0.0,185249.0,689.0,7912.0,29.0,11238.0,42.0,157371.0,585.0,159658.0,594.0,0.0,0.0,0.0,0.0,4958.0,18.0,4958.0,18.0,1970069.0,7324.0,2007579.0,7463.0,0.0,0.0,0.0,0.0,0.0,0.0,0.0,0.0,769720.0,2861.0,792087.0,2945.0,3191.0,12.0,680478.0,2530.0,42496.0,158.0,63481.0,236.0,112825.0,419.0,112825.0,419.0,0.0,0.0,0.0,0.0,0.0,0.0,0.0,0.0,0.0,0.0,0.0,0.0,170241.0,633.0,361911.0,1345.0
2023-24,101912071,Project Chrysalis Middle,252,2761357.0,10958.0,3973465.0,15768.0,2494618.0,9899.0,3356308.0,13319.0,105173.0,417.0,178790.0,709.0,161566.0,641.0,438367.0,1740.0,2599791.0,10317.0,3535098.0,14028.0,1939301.0,7696.0,2805681.0,11134.0,2541.0,10.0,2541.0,10.0,22533.0,89.0,22533.0,89.0,73401.0,291.0,73401.0,291.0,444447.0,1764.0,478912.0,1900.0,97722.0,388.0,102810.0,408.0,2252.0,9.0,2252.0,9.0,5547.0,22.0,5547.0,22.0,0.0,0.0,0.0,0.0,0.0,0.0,0.0,0.0,0.0,0.0,19076.0,76.0,11702.0,46.0,11702.0,46.0,0.0,0.0,0.0,0.0,345.0,1.0,345.0,1.0,2331728.0,9253.0,2375971.0,9428.0,0.0,0.0,0.0,0.0,0.0,0.0,0.0,0.0,123943.0,492.0,129257.0,513.0,132073.0,524.0,970986.0,3853.0,0.0,0.0,27761.0,110.0,0.0,0.0,0.0,0.0,0.0,0.0,0.0,0.0,0.0,0.0,0.0,0.0,0.0,0.0,0.0,0.0,12047.0,48.0,31123.0,124.0
2023-24,101912223,Pugh El,320,4754903.0,14859.0,6076755.0,18990.0,4078317.0,12745.0,5142322.0,16070.0,191007.0,597.0,400693.0,1252.0,485579.0,1517.0,533740.0,1668.0,4269324.0,13342.0,5543015.0,17322.0,3103882.0,9700.0,4176803.0,13053.0,5124.0,16.0,5124.0,16.0,53328.0,167.0,53328.0,167.0,110581.0,346.0,110581.0,346.0,668309.0,2088.0,693078.0,2166.0,143393.0,448.0,148675.0,465.0,3469.0,11.0,3469.0,11.0,59727.0,187.0,59727.0,187.0,0.0,0.0,0.0,0.0,0.0,0.0,168626.0,527.0,0.0,0.0,213.0,1.0,101455.0,317.0,103335.0,323.0,0.0,0.0,0.0,0.0,20056.0,63.0,20056.0,63.0,3073289.0,9604.0,3107036.0,9709.0,0.0,0.0,0.0,0.0,0.0,0.0,0.0,0.0,671555.0,2099.0,702900.0,2197.0,127198.0,397.0,1090835.0,3409.0,-519.0,-2.0,30745.0,96.0,276290.0,863.0,276290.0,863.0,0.0,0.0,0.0,0.0,0.0,0.0,0.0,0.0,0.0,0.0,0.0,0.0,121511.0,380.0,292230.0,913.0
2023-24,101912396,Ray Daily El,830,5955417.0,7175.0,6918910.0,8336.0,5313843.0,6402.0,5709084.0,6878.0,504856.0,608.0,861618.0,1038.0,136718.0,165.0,348208.0,420.0,5818699.0,7010.0,6570702.0,7917.0,4111865.0,4954.0,4561450.0,5496.0,105913.0,128.0,105913.0,128.0,79647.0,96.0,79647.0,96.0,182172.0,219.0,182172.0,219.0,782514.0,943.0,783170.0,944.0,177371.0,214.0,177371.0,214.0,5596.0,7.0,5596.0,7.0,118669.0,143.0,118669.0,143.0,0.0,0.0,0.0,0.0,0.0,0.0,287226.0,346.0,4964.0,6.0,6127.0,7.0,222013.0,267.0,225743.0,272.0,0.0,0.0,0.0,0.0,27975.0,34.0,27975.0,34.0,4351869.0,5243.0,4391184.0,5291.0,200.0,0.0,200.0,0.0,0.0,0.0,0.0,0.0,604957.0,729.0,688097.0,829.0,207993.0,251.0,479358.0,578.0,114322.0,138.0,137693.0,166.0,284406.0,343.0,284406.0,343.0,0.0,0.0,0.0,0.0,0.0,0.0,0.0,0.0,3914.0,5.0,3914.0,5.0,251038.0,302.0,543157.0,654.0
2023-24,101912382,Reagan K-8 Educational Ctr,765,7919113.0,10352.0,11761481.0,15374.0,6961025.0,9099.0,9404861.0,12294.0,685615.0,896.0,1504323.0,1966.0,272473.0,356.0,852297.0,1114.0,7646640.0,9996.0,10909184.0,14260.0,5677013.0,7421.0,8211376.0,10734.0,9098.0,12.0,9098.0,12.0,69798.0,91.0,79074.0,103.0,208793.0,273.0,208793.0,273.0,938424.0,1227.0,984664.0,1287.0,167005.0,218.0,169382.0,221.0,6572.0,9.0,6572.0,9.0,102844.0,134.0,104481.0,137.0,0.0,0.0,0.0,0.0,0.0,0.0,467971.0,612.0,87487.0,114.0,281658.0,368.0,361761.0,473.0,361761.0,473.0,9912.0,13.0,9967.0,13.0,7933.0,10.0,7933.0,10.0,5984773.0,7823.0,6095603.0,7968.0,-71.0,0.0,-71.0,0.0,0.0,0.0,0.0,0.0,804782.0,1052.0,1006677.0,1316.0,312507.0,409.0,2549985.0,3333.0,5269.0,7.0,51238.0,67.0,72287.0,94.0,72287.0,94.0,0.0,0.0,0.0,0.0,0.0,0.0,0.0,0.0,84429.0,110.0,84429.0,110.0,382664.0,500.0,1049036.0,1371.0
2023-24,101912224,Red El,586,4890685.0,8346.0,5684232.0,9700.0,4531490.0,7733.0,4860821.0,8295.0,320451.0,547.0,621781.0,1061.0,38744.0,66.0,201630.0,344.0,4851941.0,8280.0,5482602.0,9356.0,3524874.0,6015.0,3904575.0,6663.0,83517.0,143.0,83517.0,143.0,141814.0,242.0,141814.0,242.0,158110.0,270.0,158110.0,270.0,532486.0,909.0,532486.0,909.0,160279.0,274.0,160279.0,274.0,5031.0,9.0,5801.0,10.0,95985.0,164.0,95985.0,164.0,0.0,0.0,0.0,0.0,0.0,0.0,239411.0,409.0,1690.0,3.0,9873.0,17.0,148446.0,253.0,150472.0,257.0,0.0,0.0,0.0,0.0,-291.0,0.0,-291.0,0.0,3095760.0,5283.0,3187846.0,5440.0,1936.0,3.0,1936.0,3.0,0.0,0.0,0.0,0.0,992232.0,1693.0,1071460.0,1828.0,295510.0,504.0,464498.0,793.0,106326.0,181.0,129813.0,222.0,210332.0,359.0,210332.0,359.0,0.0,0.0,0.0,0.0,0.0,0.0,0.0,0.0,390.0,1.0,390.0,1.0,149455.0,255.0,399075.0,681.0
2023-24,101912060,Revere Middle,1102,10803363.0,9803.0,14828715.0,13456.0,9731754.0,8831.0,12461325.0,11308.0,810140.0,735.0,1527340.0,1386.0,261469.0,237.0,840050.0,762.0,10541894.0,9566.0,13988665.0,12694.0,7589490.0,6887.0,10601790.0,9620.0,11636.0,11.0,11636.0,11.0,93239.0,85.0,103060.0,94.0,321474.0,292.0,321474.0,292.0,1611859.0,1463.0,1685340.0,1529.0,293796.0,267.0,299081.0,271.0,10251.0,9.0,10251.0,9.0,111067.0,101.0,112716.0,102.0,0.0,0.0,0.0,0.0,0.0,0.0,335693.0,305.0,136535.0,124.0,137530.0,125.0,345525.0,314.0,353072.0,320.0,9999.0,9.0,9999.0,9.0,6080.0,6.0,6080.0,6.0,8187090.0,7429.0,8462735.0,7679.0,-276.0,0.0,-276.0,0.0,11038.0,10.0,11038.0,10.0,1503284.0,1364.0,1576590.0,1431.0,271804.0,247.0,3025389.0,2745.0,69872.0,63.0,69872.0,63.0,0.0,0.0,0.0,0.0,0.0,0.0,0.0,0.0,0.0,0.0,0.0,0.0,132779.0,120.0,132779.0,120.0,366303.0,332.0,710538.0,645.0
2023-24,101912225,Reynolds El,284,3862226.0,13599.0,4267938.0,15028.0,2871650.0,10111.0,3057518.0,10766.0,759716.0,2675.0,951612.0,3351.0,230860.0,813.0,258808.0,911.0,3631366.0,12787.0,4009130.0,14117.0,2182881.0,7686.0,2364528.0,8326.0,81527.0,287.0,81527.0,287.0,33116.0,117.0,33116.0,117.0,90229.0,318.0,90229.0,318.0,543844.0,1915.0,543844.0,1915.0,142041.0,500.0,142041.0,500.0,3006.0,11.0,3006.0,11.0,102055.0,359.0,102055.0,359.0,0.0,0.0,0.0,0.0,0.0,0.0,188735.0,665.0,1113.0,4.0,1113.0,4.0,442195.0,1557.0,446334.0,1572.0,0.0,0.0,0.0,0.0,2150.0,8.0,2150.0,8.0,2126550.0,7488.0,2132107.0,7507.0,401.0,1.0,401.0,1.0,0.0,0.0,0.0,0.0,664228.0,2339.0,750639.0,2643.0,129753.0,457.0,222596.0,784.0,-106.0,0.0,-106.0,0.0,257873.0,908.0,257873.0,908.0,0.0,0.0,0.0,0.0,0.0,0.0,0.0,0.0,0.0,0.0,0.0,0.0,445458.0,1569.0,638332.0,2248.0
2023-24,101912080,Rice Sch /La Escuela Rice,1040,8926422.0,8583.0,9948848.0,9566.0,8045884.0,7736.0,8580522.0,8251.0,722363.0,695.0,1091573.0,1050.0,158175.0,152.0,276753.0,266.0,8768247.0,8431.0,9672095.0,9300.0,6547698.0,6296.0,6835055.0,6572.0,97943.0,94.0,97943.0,94.0,145240.0,140.0,145240.0,140.0,252702.0,243.0,252702.0,243.0,966999.0,930.0,975487.0,938.0,134580.0,129.0,237172.0,228.0,7891.0,8.0,7278.0,7.0,95524.0,92.0,95524.0,92.0,0.0,0.0,0.0,0.0,0.0,0.0,299866.0,288.0,110895.0,107.0,304000.0,292.0,396455.0,381.0,402075.0,387.0,10378.0,10.0,10378.0,10.0,1406.0,1.0,1406.0,1.0,6791817.0,6531.0,6794746.0,6533.0,10992.0,11.0,10992.0,11.0,0.0,0.0,0.0,0.0,1130352.0,1087.0,1130352.0,1087.0,198136.0,191.0,585653.0,563.0,117280.0,113.0,134668.0,129.0,0.0,0.0,0.0,0.0,0.0,0.0,0.0,0.0,0.0,0.0,0.0,0.0,93782.0,90.0,93782.0,90.0,425888.0,410.0,921902.0,886.0
2023-24,101912228,River Oaks El,743,4877603.0,6565.0,5723180.0,7703.0,4365289.0,5875.0,4758083.0,6404.0,480218.0,646.0,845636.0,1138.0,32096.0,43.0,119461.0,161.0,4845507.0,6522.0,5603719.0,7542.0,3459299.0,4656.0,3628111.0,4883.0,79438.0,107.0,79438.0,107.0,161941.0,218.0,161941.0,218.0,147887.0,199.0,147887.0,199.0,497011.0,669.0,498272.0,671.0,186459.0,251.0,186459.0,251.0,4403.0,6.0,4403.0,6.0,101459.0,137.0,101459.0,137.0,0.0,0.0,0.0,0.0,0.0,0.0,162667.0,219.0,3171.0,4.0,426190.0,574.0,204439.0,275.0,206892.0,278.0,0.0,0.0,0.0,0.0,0.0,0.0,0.0,0.0,3610838.0,4860.0,3690851.0,4967.0,267228.0,360.0,267228.0,360.0,0.0,0.0,0.0,0.0,490291.0,660.0,575514.0,775.0,133209.0,179.0,137214.0,185.0,136331.0,183.0,136331.0,183.0,0.0,0.0,0.0,0.0,0.0,0.0,0.0,0.0,0.0,0.0,0.0,0.0,0.0,0.0,0.0,0.0,207610.0,279.0,796581.0,1072.0
2023-24,101912229,Roberts El,730,4743715.0,6498.0,5498042.0,7532.0,4368704.0,5985.0,4736896.0,6489.0,299609.0,410.0,585519.0,802.0,75402.0,103.0,175627.0,241.0,4668313.0,6395.0,5322415.0,7291.0,3574352.0,4896.0,3713075.0,5086.0,89916.0,123.0,89916.0,123.0,42844.0,59.0,43742.0,60.0,134897.0,185.0,134897.0,185.0,484807.0,664.0,484807.0,664.0,78907.0,108.0,78907.0,108.0,4187.0,6.0,4187.0,6.0,110376.0,151.0,110376.0,151.0,0.0,0.0,0.0,0.0,0.0,0.0,127089.0,174.0,2.0,0.0,384151.0,526.0,148025.0,203.0,151268.0,207.0,0.0,0.0,0.0,0.0,0.0,0.0,0.0,0.0,3975923.0,5446.0,4017069.0,5503.0,12195.0,17.0,12195.0,17.0,0.0,0.0,0.0,0.0,291081.0,399.0,375710.0,515.0,220248.0,302.0,233196.0,319.0,20839.0,29.0,20839.0,29.0,0.0,0.0,0.0,0.0,0.0,0.0,0.0,0.0,0.0,0.0,0.0,0.0,0.0,0.0,0.0,0.0,148027.0,203.0,663406.0,909.0
2023-24,101912186,Robinson El,452,5328072.0,11788.0,7029061.0,15551.0,4270045.0,9447.0,5637167.0,12472.0,520903.0,1152.0,840612.0,1860.0,537124.0,1188.0,551282.0,1220.0,4790948.0,10599.0,6477779.0,14331.0,3162293.0,6996.0,4532012.0,10027.0,3954.0,9.0,3954.0,9.0,40468.0,90.0,40468.0,90.0,123059.0,272.0,123059.0,272.0,750942.0,1661.0,784649.0,1736.0,247669.0,548.0,258234.0,571.0,3887.0,9.0,3887.0,9.0,92756.0,205.0,94410.0,209.0,0.0,0.0,0.0,0.0,0.0,0.0,261948.0,580.0,1584.0,4.0,1584.0,4.0,359875.0,796.0,369111.0,817.0,0.0,0.0,2.0,0.0,4461.0,10.0,4461.0,10.0,3662485.0,8103.0,3722236.0,8235.0,0.0,0.0,0.0,0.0,0.0,0.0,0.0,0.0,522494.0,1156.0,541443.0,1198.0,8233.0,18.0,1281735.0,2836.0,224.0,0.0,63653.0,141.0,231592.0,512.0,231592.0,512.0,0.0,0.0,0.0,0.0,0.0,0.0,0.0,0.0,0.0,0.0,0.0,0.0,365920.0,810.0,637106.0,1410.0
2023-24,101912113,Roderick R Paige El,399,5858337.0,14683.0,7292135.0,18276.0,4713995.0,11815.0,5837197.0,14630.0,676065.0,1694.0,984692.0,2468.0,468277.0,1174.0,470246.0,1179.0,5390060.0,13509.0,6821889.0,17097.0,3651508.0,9152.0,4827271.0,12098.0,4358.0,11.0,4358.0,11.0,56877.0,143.0,56877.0,143.0,116639.0,292.0,116639.0,292.0,685916.0,1719.0,712207.0,1785.0,230272.0,577.0,240647.0,603.0,3641.0,9.0,3614.0,9.0,113159.0,284.0,116208.0,291.0,0.0,0.0,0.0,0.0,0.0,0.0,207903.0,521.0,4934.0,12.0,8484.0,21.0,516111.0,1294.0,520309.0,1304.0,0.0,0.0,0.0,0.0,6359.0,16.0,6359.0,16.0,3744381.0,9384.0,3791274.0,9502.0,0.0,0.0,0.0,0.0,0.0,0.0,5292.0,13.0,777482.0,1949.0,809794.0,2030.0,31477.0,79.0,1084126.0,2717.0,78432.0,197.0,120348.0,302.0,230598.0,578.0,230598.0,578.0,0.0,0.0,0.0,0.0,0.0,0.0,0.0,0.0,629.0,2.0,629.0,2.0,527061.0,1321.0,743165.0,1863.0
2023-24,101912372,Rodriguez El,844,7003715.0,8298.0,8383948.0,9934.0,6225592.0,7376.0,6734254.0,7979.0,733282.0,869.0,1533861.0,1817.0,44841.0,53.0,115833.0,137.0,6958874.0,8245.0,8268115.0,9796.0,5177427.0,6134.0,5707776.0,6763.0,6311.0,7.0,6311.0,7.0,97503.0,116.0,97503.0,116.0,214944.0,255.0,214944.0,255.0,883405.0,1047.0,884401.0,1048.0,109572.0,130.0,202874.0,240.0,6263.0,7.0,19758.0,23.0,94904.0,112.0,94904.0,112.0,0.0,0.0,0.0,0.0,0.0,0.0,570830.0,676.0,355.0,0.0,89425.0,106.0,241966.0,287.0,246009.0,291.0,1748.0,2.0,1748.0,2.0,124476.0,147.0,124476.0,147.0,4835343.0,5729.0,4898571.0,5804.0,1767.0,2.0,1767.0,2.0,0.0,0.0,0.0,0.0,762090.0,903.0,762090.0,903.0,308613.0,366.0,825290.0,978.0,545936.0,647.0,611194.0,724.0,136580.0,162.0,136580.0,162.0,0.0,0.0,0.0,0.0,0.0,0.0,0.0,0.0,0.0,0.0,0.0,0.0,368545.0,437.0,1032623.0,1223.0
2023-24,101912231,RooseveltEl,404,3779363.0,9355.0,4295328.0,10632.0,3466118.0,8580.0,3752924.0,9289.0,272324.0,674.0,501483.0,1241.0,40921.0,101.0,40921.0,101.0,3738442.0,9254.0,4254407.0,10531.0,2476735.0,6131.0,2737832.0,6777.0,95823.0,237.0,95823.0,237.0,121142.0,300.0,121142.0,300.0,100709.0,249.0,100709.0,249.0,451078.0,1117.0,451078.0,1117.0,146459.0,363.0,146459.0,363.0,3164.0,8.0,3164.0,8.0,93346.0,231.0,93346.0,231.0,0.0,0.0,0.0,0.0,0.0,0.0,210333.0,521.0,0.0,0.0,35219.0,87.0,171165.0,424.0,174892.0,433.0,0.0,0.0,0.0,0.0,36600.0,91.0,36600.0,91.0,2555166.0,6325.0,2600429.0,6437.0,3795.0,9.0,3795.0,9.0,0.0,0.0,0.0,0.0,551795.0,1366.0,552086.0,1367.0,114395.0,283.0,276550.0,685.0,86420.0,214.0,145369.0,360.0,176885.0,438.0,176885.0,438.0,0.0,0.0,0.0,0.0,0.0,0.0,0.0,0.0,0.0,0.0,0.0,0.0,249986.0,619.0,499265.0,1236.0
2023-24,101912232,RossEl,258,2870045.0,11124.0,3452655.0,13382.0,2312365.0,8963.0,2526514.0,9793.0,320409.0,1242.0,598227.0,2319.0,237271.0,920.0,327914.0,1271.0,2632774.0,10205.0,3124741.0,12111.0,1525202.0,5912.0,1852799.0,7181.0,82373.0,319.0,82373.0,319.0,122706.0,476.0,122706.0,476.0,77701.0,301.0,77701.0,301.0,450305.0,1745.0,450305.0,1745.0,116819.0,453.0,116819.0,453.0,2587.0,10.0,2587.0,10.0,64730.0,251.0,64730.0,251.0,0.0,0.0,0.0,0.0,0.0,0.0,151966.0,589.0,0.0,0.0,6212.0,24.0,184174.0,714.0,185796.0,720.0,0.0,0.0,0.0,0.0,0.0,0.0,0.0,0.0,1766017.0,6845.0,1836827.0,7119.0,498.0,2.0,498.0,2.0,0.0,0.0,0.0,0.0,471755.0,1829.0,571603.0,2216.0,87666.0,340.0,230178.0,892.0,7636.0,30.0,25127.0,97.0,108851.0,422.0,108851.0,422.0,0.0,0.0,0.0,0.0,0.0,0.0,0.0,0.0,0.0,0.0,0.0,0.0,184174.0,714.0,343974.0,1333.0
2023-24,101912233,Rucker El,418,5188419.0,12412.0,6947647.0,16621.0,4291488.0,10267.0,5583194.0,13357.0,502417.0,1202.0,841816.0,2014.0,394514.0,944.0,522637.0,1250.0,4793905.0,11469.0,6425010.0,15371.0,3304819.0,7906.0,4642102.0,11106.0,4651.0,11.0,4651.0,11.0,62592.0,150.0,64279.0,154.0,151470.0,362.0,151470.0,362.0,624338.0,1494.0,648460.0,1551.0,242216.0,579.0,252781.0,605.0,4896.0,12.0,241.0,1.0,43268.0,104.0,43268.0,104.0,0.0,0.0,0.0,0.0,0.0,0.0,247843.0,593.0,1050.0,3.0,8201.0,20.0,350406.0,838.0,351561.0,841.0,0.0,0.0,296.0,1.0,4199.0,10.0,4199.0,10.0,3161513.0,7563.0,3235505.0,7740.0,0.0,0.0,0.0,0.0,0.0,0.0,0.0,0.0,836423.0,2001.0,869139.0,2079.0,110799.0,265.0,1292937.0,3093.0,323.0,1.0,87301.0,209.0,329192.0,788.0,329192.0,788.0,0.0,0.0,0.0,0.0,0.0,0.0,0.0,0.0,0.0,0.0,0.0,0.0,355655.0,851.0,607687.0,1454.0
2023-24,101912281,Sanchez El,431,4352414.0,10098.0,5565158.0,12912.0,3577074.0,8299.0,3906192.0,9063.0,414535.0,962.0,726028.0,1685.0,360805.0,837.0,932938.0,2165.0,3991609.0,9261.0,4632220.0,10748.0,2726838.0,6327.0,3097909.0,7188.0,87736.0,204.0,87736.0,204.0,35542.0,82.0,35542.0,82.0,133729.0,310.0,133729.0,310.0,529851.0,1229.0,529851.0,1229.0,161351.0,374.0,161351.0,374.0,4296.0,10.0,4296.0,10.0,87737.0,204.0,87737.0,204.0,0.0,0.0,0.0,0.0,0.0,0.0,261793.0,607.0,0.0,0.0,4820.0,11.0,184452.0,428.0,187379.0,435.0,7513.0,17.0,7513.0,17.0,29931.0,69.0,29931.0,69.0,2513191.0,5831.0,2602181.0,6038.0,0.0,0.0,0.0,0.0,0.0,0.0,0.0,0.0,961988.0,2232.0,1038062.0,2408.0,156564.0,363.0,341923.0,793.0,123202.0,286.0,143833.0,334.0,12135.0,28.0,12135.0,28.0,0.0,0.0,0.0,0.0,0.0,0.0,0.0,0.0,0.0,0.0,0.0,0.0,221896.0,515.0,491436.0,1140.0
2023-24,101912237,Scarborough El,715,5049652.0,7062.0,6099719.0,8531.0,4453359.0,6228.0,5059903.0,7077.0,519763.0,727.0,919643.0,1286.0,76530.0,107.0,120173.0,168.0,4973122.0,6955.0,5979546.0,8363.0,3523866.0,4928.0,4135017.0,5783.0,84974.0,119.0,84974.0,119.0,57723.0,81.0,57723.0,81.0,142646.0,200.0,142646.0,200.0,638378.0,893.0,650222.0,909.0,158476.0,222.0,158476.0,222.0,4422.0,6.0,4422.0,6.0,104853.0,147.0,104853.0,147.0,0.0,0.0,0.0,0.0,0.0,0.0,381811.0,534.0,0.0,0.0,0.0,0.0,257784.0,361.0,259402.0,363.0,0.0,0.0,0.0,0.0,0.0,0.0,0.0,0.0,3527693.0,4934.0,3707043.0,5185.0,-65.0,0.0,-65.0,0.0,0.0,0.0,0.0,0.0,468110.0,655.0,554583.0,776.0,396182.0,554.0,611103.0,855.0,101850.0,142.0,172083.0,241.0,221568.0,310.0,221568.0,310.0,0.0,0.0,0.0,0.0,0.0,0.0,0.0,0.0,0.0,0.0,0.0,0.0,257784.0,361.0,641213.0,897.0
2023-24,101912024,Scarborough H S,723,8848376.0,12238.0,11427240.0,15805.0,7502026.0,10376.0,9153332.0,12660.0,905294.0,1252.0,1196108.0,1654.0,441056.0,610.0,1077800.0,1491.0,8407320.0,11628.0,10349440.0,14315.0,5182593.0,7168.0,6801807.0,9408.0,8419.0,12.0,8419.0,12.0,142569.0,197.0,144219.0,199.0,271892.0,376.0,271892.0,376.0,1357068.0,1877.0,1412198.0,1953.0,415700.0,575.0,437216.0,605.0,18026.0,25.0,18026.0,25.0,106825.0,148.0,110253.0,152.0,0.0,0.0,0.0,0.0,0.0,0.0,208338.0,288.0,562847.0,778.0,588177.0,814.0,312702.0,433.0,318473.0,440.0,10721.0,15.0,10721.0,15.0,17878.0,25.0,17878.0,25.0,4912470.0,6795.0,4913850.0,6796.0,-166.0,0.0,-168.0,0.0,655118.0,906.0,680965.0,942.0,1796589.0,2485.0,1856434.0,2568.0,119015.0,165.0,1731697.0,2395.0,971.0,1.0,971.0,1.0,0.0,0.0,0.0,0.0,0.0,0.0,0.0,0.0,19175.0,27.0,23741.0,33.0,547900.0,758.0,547900.0,758.0,356248.0,493.0,594050.0,822.0
2023-24,101912353,School At St George Place,780,5546923.0,7111.0,6556068.0,8405.0,4996971.0,6406.0,5540467.0,7103.0,532379.0,683.0,881992.0,1131.0,17573.0,23.0,133609.0,171.0,5529350.0,7089.0,6422459.0,8234.0,3824099.0,4903.0,4298860.0,5511.0,86613.0,111.0,86613.0,111.0,163269.0,209.0,164309.0,211.0,169670.0,218.0,169670.0,218.0,633752.0,813.0,635327.0,815.0,200552.0,257.0,200552.0,257.0,5476.0,7.0,5476.0,7.0,104095.0,133.0,104095.0,133.0,0.0,0.0,0.0,0.0,0.0,0.0,278295.0,357.0,2478.0,3.0,132237.0,170.0,339346.0,435.0,343576.0,440.0,0.0,0.0,0.0,0.0,0.0,0.0,0.0,0.0,3920514.0,5026.0,4024636.0,5160.0,49583.0,64.0,49583.0,64.0,0.0,0.0,0.0,0.0,754657.0,968.0,864850.0,1109.0,168401.0,216.0,410242.0,526.0,40445.0,52.0,40445.0,52.0,253926.0,326.0,253926.0,326.0,0.0,0.0,0.0,0.0,0.0,0.0,0.0,0.0,2478.0,3.0,2478.0,3.0,339346.0,435.0,752670.0,965.0
2023-24,101912269,Scroggins El,328,4042458.0,12325.0,5437768.0,16579.0,3329300.0,10150.0,4299131.0,13107.0,208327.0,635.0,435812.0,1329.0,504831.0,1539.0,702825.0,2143.0,3537627.0,10785.0,4734943.0,14436.0,2375774.0,7243.0,3359739.0,10243.0,4176.0,13.0,4176.0,13.0,53376.0,163.0,53376.0,163.0,89234.0,272.0,89234.0,272.0,633327.0,1931.0,658043.0,2006.0,218751.0,667.0,229120.0,699.0,2876.0,9.0,2876.0,9.0,35235.0,107.0,35235.0,107.0,0.0,0.0,0.0,0.0,0.0,0.0,174200.0,531.0,0.0,0.0,1338.0,4.0,121657.0,371.0,124385.0,379.0,0.0,0.0,0.0,0.0,3221.0,10.0,3221.0,10.0,2302378.0,7019.0,2340591.0,7136.0,0.0,0.0,0.0,0.0,0.0,0.0,0.0,0.0,768869.0,2344.0,795716.0,2426.0,4493.0,14.0,906093.0,2762.0,0.0,0.0,15729.0,48.0,337009.0,1027.0,337009.0,1027.0,0.0,0.0,0.0,0.0,0.0,0.0,0.0,0.0,0.0,0.0,0.0,0.0,124878.0,381.0,303144.0,924.0
2023-24,101912402,Secondary Daep,59,4692025.0,79526.0,4702953.0,79711.0,4056649.0,68757.0,4066206.0,68919.0,265093.0,4493.0,266464.0,4516.0,370283.0,6276.0,370283.0,6276.0,4321742.0,73250.0,4332670.0,73435.0,2510245.0,42547.0,2519802.0,42709.0,2654.0,45.0,2654.0,45.0,132046.0,2238.0,132046.0,2238.0,96487.0,1635.0,96487.0,1635.0,879626.0,14909.0,879626.0,14909.0,396349.0,6718.0,396349.0,6718.0,3245.0,55.0,3245.0,55.0,111280.0,1886.0,111280.0,1886.0,0.0,0.0,0.0,0.0,0.0,0.0,1371.0,23.0,0.0,0.0,0.0,0.0,36283.0,615.0,36283.0,615.0,153527.0,2602.0,153527.0,2602.0,0.0,0.0,0.0,0.0,5.0,0.0,5.0,0.0,0.0,0.0,0.0,0.0,0.0,0.0,0.0,0.0,711255.0,12055.0,711255.0,12055.0,3435896.0,58236.0,3445453.0,58398.0,0.0,0.0,0.0,0.0,0.0,0.0,0.0,0.0,0.0,0.0,0.0,0.0,0.0,0.0,0.0,0.0,0.0,0.0,0.0,0.0,174586.0,2959.0,175957.0,2982.0
2023-24,101912373,Seguin El,348,3844015.0,11046.0,5920327.0,17012.0,3398101.0,9765.0,4691141.0,13480.0,334712.0,962.0,674107.0,1937.0,111202.0,320.0,555079.0,1595.0,3732813.0,10726.0,5365248.0,15417.0,2505108.0,7199.0,3841431.0,11039.0,76877.0,221.0,82177.0,236.0,47304.0,136.0,47304.0,136.0,117196.0,337.0,117196.0,337.0,541854.0,1557.0,562246.0,1616.0,171533.0,493.0,176813.0,508.0,3841.0,11.0,3841.0,11.0,92083.0,265.0,93740.0,269.0,0.0,0.0,0.0,0.0,0.0,0.0,218155.0,627.0,0.0,0.0,37655.0,108.0,169829.0,488.0,173143.0,498.0,0.0,0.0,273.0,1.0,7188.0,21.0,7188.0,21.0,2220591.0,6381.0,2395335.0,6883.0,0.0,0.0,0.0,0.0,0.0,0.0,0.0,0.0,780020.0,2241.0,810818.0,2330.0,303627.0,872.0,1415178.0,4067.0,228.0,1.0,47292.0,136.0,251330.0,722.0,251330.0,722.0,0.0,0.0,0.0,0.0,0.0,0.0,0.0,0.0,0.0,0.0,0.0,0.0,177017.0,509.0,438464.0,1260.0
2023-24,101912276,Shadowbriar El,408,3932434.0,9638.0,4509805.0,11053.0,3657670.0,8965.0,4010703.0,9830.0,268620.0,658.0,479049.0,1174.0,6144.0,15.0,20053.0,49.0,3926290.0,9623.0,4489752.0,11004.0,2465221.0,6042.0,2839665.0,6960.0,90005.0,221.0,90005.0,221.0,131483.0,322.0,131483.0,322.0,120297.0,295.0,120297.0,295.0,703405.0,1724.0,703405.0,1724.0,159569.0,391.0,159569.0,391.0,4019.0,10.0,4019.0,10.0,107561.0,264.0,107561.0,264.0,0.0,0.0,0.0,0.0,0.0,0.0,184842.0,453.0,0.0,0.0,0.0,0.0,140224.0,344.0,143354.0,351.0,0.0,0.0,0.0,0.0,4506.0,11.0,4506.0,11.0,2593461.0,6357.0,2640943.0,6473.0,465.0,1.0,465.0,1.0,0.0,0.0,0.0,0.0,813647.0,1994.0,986426.0,2418.0,137711.0,338.0,292940.0,718.0,7657.0,19.0,7657.0,19.0,228619.0,560.0,228619.0,560.0,0.0,0.0,0.0,0.0,0.0,0.0,0.0,0.0,0.0,0.0,0.0,0.0,144730.0,355.0,332702.0,815.0
2023-24,101912479,Shadydale El,604,5671240.0,9389.0,8254782.0,13667.0,5067461.0,8390.0,6591407.0,10913.0,438181.0,725.0,1060807.0,1756.0,165598.0,274.0,602568.0,998.0,5505642.0,9115.0,7652214.0,12669.0,3911296.0,6476.0,5529816.0,9155.0,4600.0,8.0,4600.0,8.0,74244.0,123.0,74244.0,123.0,143614.0,238.0,143614.0,238.0,765676.0,1268.0,804187.0,1331.0,266110.0,441.0,276675.0,458.0,4556.0,8.0,11028.0,18.0,93238.0,154.0,94892.0,157.0,0.0,0.0,0.0,0.0,0.0,0.0,292808.0,485.0,16219.0,27.0,186909.0,309.0,218649.0,362.0,218649.0,362.0,0.0,0.0,0.0,0.0,7440.0,12.0,7686.0,13.0,4112939.0,6810.0,4207891.0,6967.0,-64.0,0.0,-64.0,0.0,0.0,0.0,0.0,0.0,934161.0,1547.0,969179.0,1605.0,84337.0,140.0,1555117.0,2575.0,116.0,0.0,47543.0,79.0,131845.0,218.0,131845.0,218.0,0.0,0.0,0.0,0.0,0.0,0.0,0.0,0.0,1415.0,2.0,1415.0,2.0,240893.0,399.0,713236.0,1181.0
2023-24,101912023,Sharpstown H S,1800,16194745.0,8997.0,17633789.0,9797.0,12758801.0,7088.0,13261897.0,7368.0,2153741.0,1197.0,3082903.0,1713.0,1282203.0,712.0,1288989.0,716.0,14912542.0,8285.0,16344800.0,9080.0,8625220.0,4792.0,9474749.0,5264.0,91451.0,51.0,91451.0,51.0,121843.0,68.0,121843.0,68.0,1679037.0,933.0,1679037.0,933.0,2174450.0,1208.0,2175997.0,1209.0,431270.0,240.0,431270.0,240.0,57887.0,32.0,62162.0,35.0,130697.0,73.0,132264.0,73.0,0.0,0.0,0.0,0.0,0.0,0.0,401670.0,223.0,614465.0,341.0,662775.0,368.0,828521.0,460.0,832104.0,462.0,60917.0,34.0,60917.0,34.0,96784.0,54.0,96784.0,54.0,7500024.0,4167.0,7704479.0,4280.0,3162.0,2.0,3162.0,2.0,1365818.0,759.0,1373885.0,763.0,1823921.0,1013.0,1904328.0,1058.0,738749.0,410.0,1422968.0,791.0,143045.0,79.0,143045.0,79.0,0.0,0.0,0.0,0.0,0.0,0.0,0.0,0.0,1737136.0,965.0,1737136.0,965.0,474574.0,264.0,479622.0,266.0,1126113.0,626.0,1576175.0,876.0
2023-24,101912081,Sharpstown International School,1297,10244614.0,7899.0,11309213.0,8720.0,8834922.0,6812.0,9141129.0,7048.0,1141465.0,880.0,1736853.0,1339.0,268227.0,207.0,431231.0,332.0,9976387.0,7692.0,10877982.0,8387.0,7024017.0,5416.0,7520106.0,5798.0,91293.0,70.0,91293.0,70.0,184751.0,142.0,184751.0,142.0,277205.0,214.0,277205.0,214.0,1443465.0,1113.0,1450998.0,1119.0,205313.0,158.0,207098.0,160.0,110847.0,85.0,202120.0,156.0,75669.0,58.0,75669.0,58.0,0.0,0.0,0.0,0.0,0.0,0.0,254050.0,196.0,117218.0,90.0,163647.0,126.0,336814.0,260.0,340538.0,263.0,0.0,0.0,0.0,0.0,109795.0,85.0,109795.0,85.0,7237356.0,5580.0,7253265.0,5592.0,18482.0,14.0,18482.0,14.0,362346.0,279.0,368428.0,284.0,1111395.0,857.0,1196497.0,923.0,601258.0,464.0,1091557.0,842.0,81723.0,63.0,81723.0,63.0,0.0,0.0,0.0,0.0,0.0,0.0,0.0,0.0,0.0,0.0,0.0,0.0,107793.0,83.0,107793.0,83.0,456034.0,352.0,760237.0,586.0
2023-24,101912239,Shearn El,469,3335040.0,7111.0,4203217.0,8962.0,3088831.0,6586.0,3443469.0,7342.0,220466.0,470.0,723696.0,1543.0,25743.0,55.0,36052.0,77.0,3309297.0,7056.0,4167165.0,8885.0,2274154.0,4849.0,2688047.0,5731.0,78434.0,167.0,78434.0,167.0,46766.0,100.0,46766.0,100.0,101395.0,216.0,101395.0,216.0,505239.0,1077.0,507971.0,1083.0,137503.0,293.0,137503.0,293.0,3037.0,6.0,2893.0,6.0,81521.0,174.0,85234.0,182.0,0.0,0.0,0.0,0.0,0.0,0.0,241356.0,515.0,1044.0,2.0,188821.0,403.0,80237.0,171.0,81672.0,174.0,0.0,0.0,0.0,0.0,0.0,0.0,0.0,0.0,2154151.0,4593.0,2167954.0,4623.0,522.0,1.0,522.0,1.0,0.0,0.0,0.0,0.0,279671.0,596.0,357983.0,763.0,446053.0,951.0,745633.0,1590.0,142829.0,305.0,172402.0,368.0,204823.0,437.0,204823.0,437.0,0.0,0.0,0.0,0.0,0.0,0.0,0.0,0.0,1044.0,2.0,1044.0,2.0,80204.0,171.0,516804.0,1102.0
2023-24,101912240,Sherman El,477,4151127.0,8703.0,5021722.0,10528.0,3686991.0,7730.0,3971247.0,8325.0,366368.0,768.0,742831.0,1557.0,97768.0,205.0,307644.0,645.0,4053359.0,8498.0,4714078.0,9883.0,2837860.0,5949.0,3180909.0,6669.0,5170.0,11.0,5170.0,11.0,55883.0,117.0,55883.0,117.0,125781.0,264.0,125781.0,264.0,604999.0,1268.0,605685.0,1270.0,149370.0,313.0,149370.0,313.0,4034.0,8.0,4034.0,8.0,96007.0,201.0,97838.0,205.0,0.0,0.0,0.0,0.0,0.0,0.0,292327.0,613.0,0.0,0.0,16474.0,35.0,167270.0,351.0,169531.0,355.0,6985.0,15.0,6985.0,15.0,0.0,0.0,0.0,0.0,2487602.0,5215.0,2487710.0,5215.0,712.0,1.0,712.0,1.0,0.0,0.0,0.0,0.0,668482.0,1401.0,672141.0,1409.0,378122.0,793.0,657138.0,1378.0,34087.0,71.0,100942.0,212.0,310099.0,650.0,310099.0,650.0,0.0,0.0,0.0,0.0,0.0,0.0,0.0,0.0,0.0,0.0,0.0,0.0,174255.0,365.0,485317.0,1017.0
2023-24,101912241,Sinclair El,713,5078463.0,7123.0,5704339.0,8000.0,4864918.0,6823.0,5084576.0,7131.0,414172.0,581.0,711581.0,998.0,-200627.0,-281.0,-91818.0,-129.0,5279090.0,7404.0,5796157.0,8129.0,3844255.0,5392.0,4056153.0,5689.0,78800.0,111.0,78800.0,111.0,117203.0,164.0,117203.0,164.0,172838.0,242.0,172838.0,242.0,521992.0,732.0,521992.0,732.0,194758.0,273.0,194758.0,273.0,5522.0,8.0,5492.0,8.0,89980.0,126.0,89980.0,126.0,0.0,0.0,0.0,0.0,0.0,0.0,215136.0,302.0,61.0,0.0,48298.0,68.0,146506.0,205.0,149313.0,209.0,42943.0,60.0,42943.0,60.0,64232.0,90.0,64232.0,90.0,3616057.0,5072.0,3767828.0,5284.0,11652.0,16.0,11652.0,16.0,0.0,0.0,0.0,0.0,945980.0,1327.0,946126.0,1327.0,332305.0,466.0,431284.0,605.0,62970.0,88.0,62970.0,88.0,56384.0,79.0,56384.0,79.0,0.0,0.0,0.0,0.0,0.0,0.0,0.0,0.0,0.0,0.0,0.0,0.0,253742.0,356.0,519892.0,729.0
2023-24,101912242,Smith El,732,6898562.0,9424.0,9981542.0,13636.0,6266566.0,8561.0,8377002.0,11444.0,443782.0,606.0,955399.0,1305.0,188214.0,257.0,649141.0,887.0,6710348.0,9167.0,9332401.0,12749.0,5011504.0,6846.0,7306652.0,9982.0,90740.0,124.0,96047.0,131.0,82814.0,113.0,82811.0,113.0,208368.0,285.0,208368.0,285.0,810534.0,1107.0,855043.0,1168.0,178627.0,244.0,183899.0,251.0,55631.0,76.0,55631.0,76.0,87129.0,119.0,88659.0,121.0,0.0,0.0,0.0,0.0,0.0,0.0,267481.0,365.0,794.0,1.0,1350.0,2.0,177538.0,243.0,179323.0,245.0,865.0,1.0,1333.0,2.0,5804.0,8.0,5804.0,8.0,5087753.0,6950.0,5341907.0,7298.0,0.0,0.0,0.0,0.0,0.0,0.0,0.0,0.0,990652.0,1353.0,1031867.0,1410.0,80502.0,110.0,1995374.0,2726.0,-4451.0,-6.0,111194.0,152.0,370891.0,507.0,370891.0,507.0,0.0,0.0,0.0,0.0,0.0,0.0,0.0,0.0,0.0,0.0,0.0,0.0,185001.0,253.0,463794.0,634.0
2023-24,101912486,South Early College H S,415,2957411.0,7126.0,3143673.0,7575.0,2717319.0,6548.0,2814126.0,6781.0,237105.0,571.0,324700.0,782.0,2987.0,7.0,4847.0,12.0,2954424.0,7119.0,3138826.0,7563.0,1854310.0,4468.0,1969569.0,4746.0,2100.0,5.0,2100.0,5.0,117635.0,283.0,117910.0,284.0,80063.0,193.0,80063.0,193.0,622570.0,1500.0,622570.0,1500.0,129024.0,311.0,129024.0,311.0,1715.0,4.0,1715.0,4.0,97889.0,236.0,97889.0,236.0,0.0,0.0,0.0,0.0,0.0,0.0,64775.0,156.0,7025.0,17.0,11118.0,27.0,40087.0,97.0,40087.0,97.0,0.0,0.0,0.0,0.0,2006.0,5.0,2006.0,5.0,1663194.0,4008.0,1678432.0,4044.0,842.0,2.0,842.0,2.0,611853.0,1474.0,614792.0,1481.0,59584.0,144.0,59584.0,144.0,559060.0,1347.0,656142.0,1581.0,8355.0,20.0,8355.0,20.0,0.0,0.0,0.0,0.0,0.0,0.0,0.0,0.0,2418.0,6.0,2418.0,6.0,0.0,0.0,0.0,0.0,49118.0,118.0,118261.0,285.0
2023-24,101912244,Southmayd El,353,3777090.0,10700.0,4481002.0,12694.0,3170990.0,8983.0,3563671.0,10095.0,325061.0,921.0,538876.0,1527.0,281039.0,796.0,378455.0,1072.0,3496051.0,9904.0,4102547.0,11622.0,2429692.0,6883.0,2845574.0,8061.0,102796.0,291.0,102796.0,291.0,40645.0,115.0,40645.0,115.0,112255.0,318.0,112255.0,318.0,512551.0,1452.0,512988.0,1453.0,64550.0,183.0,64550.0,183.0,3779.0,11.0,3779.0,11.0,91890.0,260.0,91890.0,260.0,0.0,0.0,0.0,0.0,0.0,0.0,185422.0,525.0,11658.0,33.0,13948.0,40.0,123390.0,350.0,125855.0,357.0,0.0,0.0,0.0,0.0,0.0,0.0,0.0,0.0,2260905.0,6405.0,2267771.0,6424.0,1397.0,4.0,1397.0,4.0,0.0,0.0,0.0,0.0,734549.0,2081.0,896296.0,2539.0,150554.0,426.0,376981.0,1068.0,25729.0,73.0,46556.0,132.0,185024.0,524.0,185024.0,524.0,0.0,0.0,0.0,0.0,0.0,0.0,0.0,0.0,836.0,2.0,836.0,2.0,134382.0,381.0,324996.0,921.0
2023-24,101912014,Sterling H S,1341,13528101.0,10088.0,17665472.0,13173.0,12169355.0,9075.0,15142103.0,11292.0,1070886.0,799.0,1572807.0,1173.0,287860.0,215.0,950562.0,709.0,13240241.0,9873.0,16714910.0,12465.0,8747627.0,6523.0,11725523.0,8744.0,11964.0,9.0,11964.0,9.0,189776.0,142.0,191306.0,143.0,460361.0,343.0,460361.0,343.0,1773328.0,1322.0,1844835.0,1376.0,865638.0,646.0,939102.0,700.0,42098.0,31.0,43738.0,33.0,94948.0,71.0,96597.0,72.0,0.0,0.0,0.0,0.0,0.0,0.0,308059.0,230.0,642815.0,479.0,677156.0,505.0,379427.0,283.0,382071.0,285.0,11377.0,8.0,11377.0,8.0,20882.0,16.0,20882.0,16.0,7461599.0,5564.0,7561222.0,5638.0,0.0,0.0,0.0,0.0,1522396.0,1135.0,1677010.0,1251.0,2447192.0,1825.0,2718872.0,2027.0,741309.0,553.0,3335625.0,2487.0,1039.0,1.0,11773.0,9.0,0.0,0.0,0.0,0.0,0.0,0.0,0.0,0.0,12205.0,9.0,12205.0,9.0,608765.0,454.0,609020.0,454.0,445736.0,332.0,789183.0,589.0
2023-24,101912245,StevensEl,568,4811317.0,8471.0,5575402.0,9816.0,3897633.0,6862.0,4236923.0,7459.0,591815.0,1042.0,955019.0,1681.0,321869.0,567.0,383460.0,675.0,4489448.0,7904.0,5191942.0,9141.0,3014216.0,5307.0,3403766.0,5993.0,97873.0,172.0,97873.0,172.0,125122.0,220.0,200685.0,353.0,124349.0,219.0,124349.0,219.0,693978.0,1222.0,693978.0,1222.0,67617.0,119.0,67617.0,119.0,78587.0,138.0,78587.0,138.0,96386.0,170.0,96386.0,170.0,0.0,0.0,0.0,0.0,0.0,0.0,234587.0,413.0,0.0,0.0,0.0,0.0,183904.0,324.0,185257.0,326.0,0.0,0.0,0.0,0.0,0.0,0.0,0.0,0.0,3199299.0,5633.0,3294730.0,5801.0,346.0,1.0,346.0,1.0,0.0,0.0,0.0,0.0,523442.0,922.0,610684.0,1075.0,204577.0,360.0,457723.0,806.0,263870.0,465.0,294589.0,519.0,106594.0,188.0,106594.0,188.0,0.0,0.0,0.0,0.0,0.0,0.0,0.0,0.0,0.0,0.0,0.0,0.0,183904.0,324.0,419844.0,739.0
2023-24,101912098,StevensonMiddle,1117,9174672.0,8214.0,11231992.0,10055.0,8062932.0,7218.0,8645963.0,7740.0,1068597.0,957.0,1981301.0,1774.0,43143.0,39.0,604728.0,541.0,9131529.0,8175.0,10627264.0,9514.0,6048379.0,5415.0,6826818.0,6112.0,16694.0,15.0,105365.0,94.0,169414.0,152.0,174488.0,156.0,235902.0,211.0,235902.0,211.0,1370287.0,1227.0,1393747.0,1248.0,408606.0,366.0,415345.0,372.0,57645.0,52.0,56102.0,50.0,102311.0,92.0,102311.0,92.0,0.0,0.0,0.0,0.0,0.0,0.0,459346.0,411.0,145381.0,130.0,223454.0,200.0,562232.0,503.0,575265.0,515.0,14678.0,13.0,20063.0,18.0,0.0,0.0,0.0,0.0,6372636.0,5705.0,6395171.0,5725.0,10381.0,9.0,10381.0,9.0,46942.0,42.0,49283.0,44.0,1149389.0,1029.0,1232164.0,1103.0,634999.0,568.0,1456819.0,1304.0,98892.0,89.0,121581.0,109.0,0.0,0.0,0.0,0.0,0.0,0.0,0.0,0.0,95999.0,86.0,95999.0,86.0,138971.0,124.0,138971.0,124.0,583320.0,522.0,1126895.0,1009.0
2023-24,101912163,Sugar Grove Academy,800,10199201.0,12749.0,13817029.0,17271.0,9354132.0,11693.0,11896361.0,14870.0,599232.0,749.0,1120021.0,1400.0,245837.0,307.0,800647.0,1001.0,9953364.0,12442.0,13016382.0,16270.0,7479457.0,9349.0,10139346.0,12674.0,9119.0,11.0,9119.0,11.0,68320.0,85.0,68326.0,85.0,231605.0,290.0,231605.0,290.0,1375969.0,1720.0,1449262.0,1812.0,301254.0,377.0,311431.0,389.0,7246.0,9.0,7286.0,9.0,106765.0,133.0,108414.0,136.0,0.0,0.0,0.0,0.0,0.0,0.0,287394.0,359.0,131969.0,165.0,156562.0,196.0,214997.0,269.0,214997.0,269.0,23433.0,29.0,23433.0,29.0,3230.0,4.0,3230.0,4.0,7794539.0,9743.0,7973745.0,9967.0,0.0,0.0,0.0,0.0,0.0,0.0,0.0,0.0,1377343.0,1722.0,1432403.0,1791.0,29837.0,37.0,2518708.0,3148.0,369254.0,462.0,374954.0,469.0,0.0,0.0,0.0,0.0,0.0,0.0,0.0,0.0,8762.0,11.0,8762.0,11.0,128638.0,161.0,128638.0,161.0,244991.0,306.0,579172.0,724.0
2023-24,101912248,Sutton El,921,8218044.0,8923.0,9354016.0,10156.0,7438555.0,8077.0,8069579.0,8762.0,632893.0,687.0,1137841.0,1235.0,146596.0,159.0,146596.0,159.0,8071448.0,8764.0,9207420.0,9997.0,5970567.0,6483.0,6568705.0,7132.0,112149.0,122.0,112149.0,122.0,117405.0,127.0,216939.0,236.0,252273.0,274.0,252273.0,274.0,957811.0,1040.0,994532.0,1080.0,128976.0,140.0,128976.0,140.0,86615.0,94.0,86615.0,94.0,73089.0,79.0,73089.0,79.0,0.0,0.0,0.0,0.0,0.0,0.0,351050.0,381.0,7150.0,8.0,15684.0,17.0,302961.0,329.0,306021.0,332.0,0.0,0.0,0.0,0.0,62452.0,68.0,62452.0,68.0,5522936.0,5997.0,5647641.0,6132.0,2552.0,3.0,2552.0,3.0,0.0,0.0,0.0,0.0,992724.0,1078.0,1056166.0,1147.0,509517.0,553.0,966849.0,1050.0,373513.0,406.0,443667.0,482.0,297643.0,323.0,297643.0,323.0,0.0,0.0,0.0,0.0,0.0,0.0,0.0,0.0,0.0,0.0,0.0,0.0,372563.0,405.0,735207.0,798.0
2023-24,101912039,T H Rogers School,1058,8998549.0,8505.0,9823062.0,9285.0,7944892.0,7509.0,8223986.0,7773.0,1034536.0,978.0,1375991.0,1301.0,19121.0,18.0,223085.0,211.0,8979428.0,8487.0,9599977.0,9074.0,6211091.0,5871.0,6320071.0,5974.0,103436.0,98.0,103436.0,98.0,178294.0,169.0,178294.0,169.0,300067.0,284.0,300067.0,284.0,1007087.0,952.0,1007087.0,952.0,380191.0,359.0,380191.0,359.0,9518.0,9.0,8966.0,8.0,114477.0,108.0,114477.0,108.0,0.0,0.0,0.0,0.0,0.0,0.0,205768.0,194.0,125379.0,119.0,426305.0,403.0,549729.0,520.0,555156.0,525.0,159.0,0.0,159.0,0.0,0.0,0.0,0.0,0.0,5027705.0,4752.0,5111908.0,4832.0,1188388.0,1123.0,1188388.0,1123.0,68608.0,65.0,68608.0,65.0,1884885.0,1782.0,1893890.0,1790.0,101753.0,96.0,116973.0,111.0,34110.0,32.0,34110.0,32.0,0.0,0.0,0.0,0.0,0.0,0.0,0.0,0.0,0.0,0.0,0.0,0.0,110929.0,105.0,110929.0,105.0,563050.0,532.0,1075171.0,1016.0
2023-24,101912068,TanglewoodMiddle,854,6223124.0,7287.0,7051694.0,8257.0,5697237.0,6671.0,6091729.0,7133.0,471682.0,552.0,884305.0,1035.0,54205.0,63.0,75660.0,89.0,6168919.0,7224.0,6976034.0,8169.0,4340488.0,5083.0,4742542.0,5553.0,72678.0,85.0,108921.0,128.0,49816.0,58.0,104003.0,122.0,174795.0,205.0,174795.0,205.0,881222.0,1032.0,881222.0,1032.0,176878.0,207.0,176878.0,207.0,5136.0,6.0,5136.0,6.0,96870.0,113.0,96870.0,113.0,0.0,0.0,0.0,0.0,0.0,0.0,260408.0,305.0,141092.0,165.0,180999.0,212.0,198122.0,232.0,207166.0,243.0,14764.0,17.0,14764.0,17.0,17058.0,20.0,17058.0,20.0,4566448.0,5347.0,4566543.0,5347.0,8644.0,10.0,8644.0,10.0,250502.0,293.0,250502.0,293.0,690419.0,808.0,776307.0,909.0,239908.0,281.0,652039.0,764.0,41962.0,49.0,41962.0,49.0,0.0,0.0,0.0,0.0,0.0,0.0,0.0,0.0,0.0,0.0,0.0,0.0,127281.0,149.0,127281.0,149.0,243755.0,285.0,552756.0,647.0
2023-24,101912100,TexasConnections Academy At Houst,8332,33960749.0,4076.0,55995243.0,6721.0,4341052.0,521.0,4341052.0,521.0,29591574.0,3552.0,51626068.0,6196.0,28123.0,3.0,28123.0,3.0,33932626.0,4073.0,55967120.0,6717.0,31460177.0,3776.0,53147694.0,6379.0,32320.0,4.0,32320.0,4.0,287380.0,34.0,287380.0,34.0,897760.0,108.0,897760.0,108.0,947084.0,114.0,947084.0,114.0,225183.0,27.0,298701.0,36.0,26840.0,3.0,205985.0,25.0,55882.0,7.0,55882.0,7.0,0.0,0.0,0.0,0.0,0.0,0.0,0.0,0.0,0.0,0.0,0.0,0.0,0.0,0.0,0.0,0.0,0.0,0.0,0.0,0.0,0.0,0.0,0.0,0.0,27688453.0,3323.0,47050890.0,5647.0,39629.0,5.0,39629.0,5.0,0.0,0.0,0.0,0.0,1585403.0,190.0,2409322.0,289.0,4409748.0,529.0,6257886.0,751.0,209393.0,25.0,209393.0,25.0,0.0,0.0,0.0,0.0,0.0,0.0,0.0,0.0,0.0,0.0,0.0,0.0,0.0,0.0,0.0,0.0,0.0,0.0,0.0,0.0
2023-24,101912077,ThomasMiddle,474,6463306.0,13636.0,8095997.0,17080.0,4861404.0,10256.0,5697330.0,12020.0,1051371.0,2218.0,1737837.0,3666.0,550531.0,1161.0,660830.0,1394.0,5912775.0,12474.0,7435167.0,15686.0,3809641.0,8037.0,5054679.0,10664.0,7251.0,15.0,7251.0,15.0,40051.0,84.0,40051.0,84.0,162414.0,343.0,162414.0,343.0,761079.0,1606.0,804601.0,1697.0,277533.0,586.0,287899.0,607.0,66145.0,140.0,66145.0,140.0,68084.0,144.0,68084.0,144.0,0.0,0.0,0.0,0.0,0.0,0.0,208681.0,440.0,128644.0,271.0,134684.0,284.0,586233.0,1237.0,589818.0,1244.0,1177.0,2.0,1177.0,2.0,700.0,1.0,700.0,1.0,2949330.0,6222.0,3216294.0,6785.0,-30.0,0.0,-30.0,0.0,0.0,0.0,0.0,0.0,1522812.0,3213.0,1522812.0,3213.0,694928.0,1466.0,1720897.0,3631.0,25158.0,53.0,36311.0,77.0,0.0,0.0,0.0,0.0,0.0,0.0,0.0,0.0,0.0,0.0,0.0,0.0,127844.0,270.0,127844.0,270.0,588910.0,1242.0,807216.0,1703.0
2023-24,101912243,ThompsonEl,374,5390097.0,14412.0,7582669.0,20275.0,4734652.0,12659.0,6147034.0,16436.0,526833.0,1409.0,913485.0,2442.0,128612.0,344.0,522150.0,1396.0,5261485.0,14068.0,7060519.0,18878.0,3620679.0,9681.0,5131167.0,13720.0,87856.0,235.0,93144.0,249.0,58080.0,155.0,58080.0,155.0,161097.0,431.0,161097.0,431.0,679793.0,1818.0,727256.0,1945.0,250879.0,671.0,261264.0,699.0,5289.0,14.0,5289.0,14.0,61798.0,165.0,63300.0,169.0,0.0,0.0,0.0,0.0,0.0,0.0,216162.0,578.0,2008.0,5.0,2008.0,5.0,326610.0,873.0,331680.0,887.0,0.0,0.0,0.0,0.0,7396.0,20.0,7396.0,20.0,3508684.0,9382.0,3656897.0,9778.0,0.0,0.0,0.0,0.0,0.0,0.0,0.0,0.0,1029715.0,2753.0,1064732.0,2847.0,106806.0,286.0,1494932.0,3997.0,25283.0,68.0,25283.0,68.0,254983.0,682.0,254983.0,682.0,0.0,0.0,0.0,0.0,0.0,0.0,0.0,0.0,0.0,0.0,0.0,0.0,336014.0,898.0,563692.0,1507.0
2023-24,101912279,Tijerina El,344,3696585.0,10746.0,4389308.0,12760.0,3004358.0,8734.0,3321165.0,9655.0,633761.0,1842.0,932724.0,2711.0,58466.0,170.0,135419.0,394.0,3638119.0,10576.0,4253889.0,12366.0,2302061.0,6692.0,2694631.0,7833.0,90159.0,262.0,90159.0,262.0,53333.0,155.0,53333.0,155.0,110744.0,322.0,110744.0,322.0,454700.0,1322.0,454700.0,1322.0,112568.0,327.0,112568.0,327.0,3452.0,10.0,3452.0,10.0,99543.0,289.0,99543.0,289.0,0.0,0.0,0.0,0.0,0.0,0.0,207008.0,602.0,3512.0,10.0,6816.0,20.0,388369.0,1129.0,397709.0,1156.0,474.0,1.0,474.0,1.0,19204.0,56.0,19204.0,56.0,1948672.0,5665.0,2013175.0,5852.0,0.0,0.0,0.0,0.0,0.0,0.0,0.0,0.0,638581.0,1856.0,707456.0,2057.0,217029.0,631.0,452478.0,1315.0,212022.0,616.0,238233.0,693.0,210256.0,611.0,210256.0,611.0,0.0,0.0,0.0,0.0,0.0,0.0,0.0,0.0,3512.0,10.0,3512.0,10.0,408047.0,1186.0,627699.0,1825.0
2023-24,101912374,Tinsley El,607,4794831.0,7899.0,5691666.0,9377.0,3697028.0,6091.0,3936956.0,6486.0,581811.0,959.0,1235725.0,2036.0,515992.0,850.0,518985.0,855.0,4278839.0,7049.0,5172681.0,8522.0,3269394.0,5386.0,3523166.0,5804.0,80336.0,132.0,80336.0,132.0,43005.0,71.0,43005.0,71.0,118587.0,195.0,118587.0,195.0,503589.0,830.0,503589.0,830.0,60046.0,99.0,113746.0,187.0,3490.0,6.0,3490.0,6.0,10097.0,17.0,10097.0,17.0,0.0,0.0,0.0,0.0,0.0,0.0,572934.0,944.0,1044.0,2.0,9778.0,16.0,185479.0,306.0,190181.0,313.0,0.0,0.0,0.0,0.0,0.0,0.0,0.0,0.0,3067963.0,5054.0,3074759.0,5066.0,2247.0,4.0,2247.0,4.0,0.0,0.0,0.0,0.0,304913.0,502.0,305272.0,503.0,487090.0,802.0,731482.0,1205.0,180864.0,298.0,236789.0,390.0,45467.0,75.0,45467.0,75.0,0.0,0.0,0.0,0.0,0.0,0.0,0.0,0.0,1044.0,2.0,1044.0,2.0,185479.0,306.0,771849.0,1272.0
2023-24,101912249,Travis El,724,5242553.0,7241.0,5678223.0,7843.0,4840414.0,6686.0,4947899.0,6834.0,389862.0,538.0,576341.0,796.0,12277.0,17.0,153983.0,213.0,5230276.0,7224.0,5524240.0,7630.0,3750840.0,5181.0,3880638.0,5360.0,88268.0,122.0,88268.0,122.0,147242.0,203.0,149988.0,207.0,156824.0,217.0,156824.0,217.0,558043.0,771.0,558611.0,772.0,173603.0,240.0,173603.0,240.0,4921.0,7.0,10876.0,15.0,92869.0,128.0,92869.0,128.0,0.0,0.0,0.0,0.0,0.0,0.0,141244.0,195.0,3050.0,4.0,11466.0,16.0,254616.0,352.0,259853.0,359.0,0.0,0.0,0.0,0.0,0.0,0.0,0.0,0.0,4089012.0,5648.0,4215145.0,5822.0,79728.0,110.0,79728.0,110.0,0.0,0.0,0.0,0.0,644564.0,890.0,644564.0,890.0,27914.0,39.0,38102.0,53.0,34244.0,47.0,34244.0,47.0,97148.0,134.0,97148.0,134.0,0.0,0.0,0.0,0.0,0.0,0.0,0.0,0.0,0.0,0.0,0.0,0.0,257666.0,356.0,415309.0,574.0
2023-24,101912251,Twain El,870,6125338.0,7041.0,7354756.0,8454.0,5616617.0,6456.0,6280079.0,7218.0,485012.0,557.0,704493.0,810.0,23709.0,27.0,370184.0,425.0,6101629.0,7013.0,6984572.0,8028.0,4657473.0,5353.0,4991457.0,5737.0,73101.0,84.0,73101.0,84.0,56755.0,65.0,58604.0,67.0,197253.0,227.0,197253.0,227.0,545954.0,628.0,545954.0,628.0,191685.0,220.0,191685.0,220.0,6131.0,7.0,6131.0,7.0,111804.0,129.0,111804.0,129.0,0.0,0.0,0.0,0.0,0.0,0.0,158134.0,182.0,1050.0,1.0,381614.0,439.0,260420.0,299.0,268442.0,309.0,3.0,0.0,393.0,0.0,0.0,0.0,0.0,0.0,4960159.0,5701.0,5092372.0,5853.0,25024.0,29.0,25024.0,29.0,0.0,0.0,0.0,0.0,648431.0,745.0,811435.0,933.0,109396.0,126.0,129745.0,149.0,96831.0,111.0,117098.0,135.0,0.0,0.0,0.0,0.0,315.0,0.0,315.0,0.0,0.0,0.0,0.0,0.0,0.0,0.0,0.0,0.0,261473.0,301.0,808583.0,929.0
2023-24,101912285,Valley West El,599,5053090.0,8436.0,5775150.0,9641.0,4047597.0,6757.0,4329926.0,7229.0,575272.0,960.0,874758.0,1460.0,430221.0,718.0,570466.0,952.0,4622869.0,7718.0,5204684.0,8689.0,3160394.0,5276.0,3441774.0,5746.0,75211.0,126.0,75211.0,126.0,129714.0,217.0,129714.0,217.0,129262.0,216.0,129262.0,216.0,635051.0,1060.0,639461.0,1068.0,150273.0,251.0,150273.0,251.0,3953.0,7.0,3953.0,7.0,82368.0,138.0,82368.0,138.0,0.0,0.0,0.0,0.0,0.0,0.0,281149.0,469.0,1119.0,2.0,10537.0,18.0,237484.0,396.0,239848.0,400.0,0.0,0.0,0.0,0.0,18040.0,30.0,18040.0,30.0,3309428.0,5525.0,3318793.0,5541.0,1805.0,3.0,1805.0,3.0,0.0,0.0,0.0,0.0,607410.0,1014.0,690248.0,1152.0,210874.0,352.0,364802.0,609.0,158115.0,264.0,175612.0,293.0,78594.0,131.0,78594.0,131.0,0.0,0.0,0.0,0.0,0.0,0.0,0.0,0.0,0.0,0.0,0.0,0.0,256643.0,428.0,549574.0,917.0
2023-24,101912252,Wainwright El,396,4706410.0,11885.0,6573795.0,16600.0,4270332.0,10784.0,5501630.0,13893.0,314995.0,795.0,560899.0,1416.0,121083.0,306.0,511266.0,1291.0,4585327.0,11579.0,6062529.0,15309.0,3196787.0,8073.0,4435039.0,11200.0,59707.0,151.0,65024.0,164.0,49957.0,126.0,49957.0,126.0,145376.0,367.0,145376.0,367.0,728149.0,1839.0,757270.0,1912.0,184175.0,465.0,189268.0,478.0,4712.0,12.0,7447.0,19.0,113889.0,288.0,115525.0,292.0,0.0,0.0,0.0,0.0,0.0,0.0,185697.0,469.0,0.0,0.0,2013.0,5.0,93400.0,236.0,95038.0,240.0,0.0,0.0,0.0,0.0,9175.0,23.0,9175.0,23.0,3260130.0,8233.0,3306776.0,8350.0,0.0,0.0,0.0,0.0,0.0,0.0,0.0,0.0,884923.0,2235.0,917491.0,2317.0,121444.0,307.0,1301409.0,3286.0,841.0,2.0,26437.0,67.0,215414.0,544.0,215414.0,544.0,0.0,0.0,0.0,0.0,0.0,0.0,0.0,0.0,0.0,0.0,0.0,0.0,102575.0,259.0,291923.0,737.0
2023-24,101912253,Walnut Bend El,606,5277447.0,8709.0,6231107.0,10282.0,4623733.0,7630.0,5184931.0,8556.0,334860.0,553.0,705125.0,1164.0,318854.0,526.0,341051.0,563.0,4958593.0,8182.0,5890056.0,9720.0,3550795.0,5859.0,4182203.0,6901.0,84520.0,139.0,84520.0,139.0,68053.0,112.0,68053.0,112.0,149915.0,247.0,149915.0,247.0,576290.0,951.0,579568.0,956.0,243095.0,401.0,243095.0,401.0,4565.0,8.0,4565.0,8.0,87883.0,145.0,87883.0,145.0,0.0,0.0,0.0,0.0,0.0,0.0,266281.0,439.0,1238.0,2.0,26456.0,44.0,179323.0,296.0,182763.0,302.0,0.0,0.0,0.0,0.0,0.0,0.0,0.0,0.0,3426110.0,5654.0,3573567.0,5897.0,1624.0,3.0,1624.0,3.0,0.0,0.0,0.0,0.0,645043.0,1064.0,768038.0,1267.0,211947.0,350.0,525553.0,867.0,165817.0,274.0,218268.0,360.0,314575.0,519.0,314575.0,519.0,0.0,0.0,0.0,0.0,0.0,0.0,0.0,0.0,5.0,0.0,5.0,0.0,180556.0,298.0,475495.0,785.0
2023-24,101912015,Waltrip H S,1657,15287066.0,9226.0,16190489.0,9771.0,13386246.0,8079.0,13861227.0,8365.0,1706077.0,1030.0,1983608.0,1197.0,194743.0,118.0,345654.0,209.0,15092323.0,9108.0,15844835.0,9562.0,9335181.0,5634.0,9789016.0,5908.0,104715.0,63.0,104715.0,63.0,225725.0,136.0,225725.0,136.0,1665789.0,1005.0,1665789.0,1005.0,1825652.0,1102.0,1834760.0,1107.0,685809.0,414.0,685809.0,414.0,10696.0,6.0,4760.0,3.0,115214.0,70.0,115214.0,70.0,0.0,0.0,0.0,0.0,0.0,0.0,227726.0,137.0,585299.0,353.0,634040.0,383.0,457554.0,276.0,470691.0,284.0,24091.0,15.0,28402.0,17.0,56598.0,34.0,56598.0,34.0,7572531.0,4570.0,7571402.0,4569.0,2340.0,1.0,2340.0,1.0,1317013.0,795.0,1327945.0,801.0,2226623.0,1344.0,2226623.0,1344.0,933459.0,563.0,1375760.0,830.0,57444.0,35.0,57444.0,35.0,0.0,0.0,0.0,0.0,0.0,0.0,0.0,0.0,1859371.0,1122.0,1863491.0,1125.0,559654.0,338.0,559654.0,338.0,563888.0,340.0,860176.0,519.0
2023-24,101912016,Washington B T H S,837,9795143.0,11703.0,14214105.0,16982.0,8525966.0,10186.0,10998273.0,13140.0,995649.0,1190.0,1407771.0,1682.0,273528.0,327.0,1808061.0,2160.0,9521615.0,11376.0,12406044.0,14822.0,5954359.0,7114.0,8429439.0,10071.0,11460.0,14.0,11460.0,14.0,90094.0,108.0,90094.0,108.0,343782.0,411.0,343782.0,411.0,1361096.0,1626.0,1426497.0,1704.0,520043.0,621.0,537336.0,642.0,10239.0,12.0,10239.0,12.0,117332.0,140.0,118973.0,142.0,0.0,0.0,0.0,0.0,0.0,0.0,277029.0,331.0,592783.0,708.0,631427.0,754.0,442700.0,529.0,448213.0,535.0,64732.0,77.0,64732.0,77.0,12995.0,16.0,12995.0,16.0,5285705.0,6315.0,5365188.0,6410.0,0.0,0.0,0.0,0.0,650737.0,777.0,677257.0,809.0,1593018.0,1903.0,1697040.0,2028.0,857570.0,1025.0,3200599.0,3824.0,6714.0,8.0,6714.0,8.0,0.0,0.0,0.0,0.0,0.0,0.0,0.0,0.0,14661.0,18.0,14661.0,18.0,554318.0,662.0,554318.0,662.0,558892.0,668.0,887208.0,1060.0
2023-24,101912056,Welch Middle,547,6502306.0,11887.0,8267786.0,15115.0,4731716.0,8650.0,5064110.0,9258.0,846245.0,1547.0,2135952.0,3905.0,924345.0,1690.0,1067724.0,1952.0,5577961.0,10197.0,7200062.0,13163.0,3469055.0,6342.0,3855655.0,7049.0,5540.0,10.0,5540.0,10.0,128664.0,235.0,128664.0,235.0,156077.0,285.0,156077.0,285.0,904405.0,1653.0,911195.0,1666.0,354355.0,648.0,354355.0,648.0,5134.0,9.0,4535.0,8.0,101105.0,185.0,102642.0,188.0,0.0,0.0,0.0,0.0,0.0,0.0,1211190.0,2214.0,119432.0,218.0,124149.0,227.0,317479.0,580.0,321228.0,587.0,16715.0,31.0,16715.0,31.0,0.0,0.0,0.0,0.0,2875324.0,5257.0,2879195.0,5264.0,0.0,0.0,0.0,0.0,132210.0,242.0,132210.0,242.0,1520105.0,2779.0,1521984.0,2782.0,467377.0,854.0,857990.0,1569.0,39690.0,73.0,39690.0,73.0,0.0,0.0,0.0,0.0,0.0,0.0,0.0,0.0,89629.0,164.0,89629.0,164.0,119432.0,218.0,119432.0,218.0,334194.0,611.0,1559932.0,2852.0
2023-24,101912254,Wesley El,295,2988774.0,10131.0,3517012.0,11922.0,2438037.0,8265.0,2634424.0,8930.0,340165.0,1153.0,609589.0,2066.0,210572.0,714.0,272999.0,925.0,2778202.0,9418.0,3244013.0,10997.0,1810858.0,6139.0,2109736.0,7152.0,84421.0,286.0,84421.0,286.0,108611.0,368.0,108611.0,368.0,74356.0,252.0,74356.0,252.0,368884.0,1250.0,368884.0,1250.0,122986.0,417.0,122986.0,417.0,2430.0,8.0,2430.0,8.0,87153.0,295.0,87153.0,295.0,0.0,0.0,0.0,0.0,0.0,0.0,165585.0,561.0,1537.0,5.0,1680.0,6.0,116654.0,395.0,117859.0,400.0,0.0,0.0,0.0,0.0,312.0,1.0,312.0,1.0,2090414.0,7086.0,2154078.0,7302.0,194.0,1.0,194.0,1.0,0.0,0.0,0.0,0.0,458848.0,1555.0,458848.0,1555.0,6981.0,24.0,241032.0,817.0,2687.0,9.0,2687.0,9.0,100575.0,341.0,100575.0,341.0,0.0,0.0,0.0,0.0,0.0,0.0,0.0,0.0,1537.0,5.0,1537.0,5.0,116966.0,396.0,283899.0,962.0
2023-24,101912099,West Briar Middle,1027,7894453.0,7687.0,8666657.0,8439.0,7056217.0,6871.0,7454714.0,7259.0,693384.0,675.0,1004436.0,978.0,144852.0,141.0,207507.0,202.0,7749601.0,7546.0,8459150.0,8237.0,5247733.0,5110.0,5579277.0,5433.0,105641.0,103.0,105641.0,103.0,57332.0,56.0,57332.0,56.0,210390.0,205.0,210390.0,205.0,1114240.0,1085.0,1124062.0,1095.0,295445.0,288.0,295445.0,288.0,6835.0,7.0,88465.0,86.0,109905.0,107.0,111638.0,109.0,0.0,0.0,0.0,0.0,0.0,0.0,252636.0,246.0,181186.0,176.0,210727.0,205.0,406670.0,396.0,409313.0,399.0,14224.0,14.0,14224.0,14.0,0.0,0.0,0.0,0.0,5172952.0,5037.0,5173296.0,5037.0,15520.0,15.0,15520.0,15.0,53387.0,52.0,53387.0,52.0,1305998.0,1272.0,1386184.0,1350.0,575556.0,560.0,919755.0,896.0,24108.0,23.0,24108.0,23.0,0.0,0.0,0.0,0.0,0.0,0.0,0.0,0.0,0.0,0.0,0.0,0.0,171486.0,167.0,171486.0,167.0,430594.0,419.0,715414.0,697.0
2023-24,101912255,West University El,1122,7393330.0,6589.0,7770264.0,6925.0,6876837.0,6129.0,7078993.0,6309.0,498721.0,444.0,653223.0,582.0,17772.0,16.0,38048.0,34.0,7375558.0,6574.0,7732216.0,6891.0,5465694.0,4871.0,5668696.0,5052.0,83906.0,75.0,83906.0,75.0,65793.0,59.0,65793.0,59.0,204936.0,183.0,204936.0,183.0,891026.0,794.0,891026.0,794.0,248667.0,222.0,248667.0,222.0,6252.0,6.0,6252.0,6.0,103587.0,92.0,103587.0,92.0,0.0,0.0,0.0,0.0,0.0,0.0,109594.0,98.0,0.0,0.0,41806.0,37.0,297095.0,265.0,299351.0,267.0,0.0,0.0,0.0,0.0,8602.0,8.0,8602.0,8.0,6102024.0,5439.0,6149615.0,5481.0,222745.0,199.0,222745.0,199.0,0.0,0.0,0.0,0.0,479953.0,428.0,567997.0,506.0,185747.0,166.0,252367.0,225.0,146.0,0.0,146.0,0.0,79246.0,71.0,79246.0,71.0,0.0,0.0,0.0,0.0,0.0,0.0,0.0,0.0,0.0,0.0,0.0,0.0,305697.0,272.0,459353.0,409.0
2023-24,101912017,Westbury H S,2263,20755483.0,9172.0,22576652.0,9976.0,17400990.0,7689.0,18055595.0,7979.0,2519972.0,1114.0,3630269.0,1604.0,834521.0,369.0,890788.0,394.0,19920962.0,8803.0,21685864.0,9583.0,12429017.0,5492.0,13472854.0,5954.0,40399.0,18.0,40399.0,18.0,288197.0,127.0,288197.0,127.0,1205009.0,532.0,1205009.0,532.0,2627820.0,1161.0,2658189.0,1175.0,654338.0,289.0,657949.0,291.0,213578.0,94.0,255681.0,113.0,144257.0,64.0,144257.0,64.0,0.0,0.0,0.0,0.0,0.0,0.0,470223.0,208.0,879826.0,389.0,981544.0,434.0,1237346.0,547.0,1246033.0,551.0,33346.0,15.0,33346.0,15.0,160771.0,71.0,160771.0,71.0,11159146.0,4931.0,11174967.0,4938.0,3808.0,2.0,3808.0,2.0,2197644.0,971.0,2214164.0,978.0,2526912.0,1117.0,2618903.0,1157.0,671812.0,297.0,1705190.0,754.0,77724.0,34.0,77724.0,34.0,0.0,0.0,0.0,0.0,0.0,0.0,0.0,0.0,965569.0,427.0,965569.0,427.0,614805.0,272.0,624434.0,276.0,1696484.0,750.0,2294047.0,1014.0
2023-24,101912036,Westside H S,2818,23277348.0,8260.0,25004998.0,8873.0,20298031.0,7203.0,21252812.0,7542.0,2428757.0,862.0,3137684.0,1113.0,550560.0,195.0,614502.0,218.0,22726788.0,8065.0,24390496.0,8655.0,14643221.0,5196.0,15452789.0,5484.0,18186.0,6.0,18186.0,6.0,175445.0,62.0,176220.0,63.0,1969854.0,699.0,1969854.0,699.0,3209738.0,1139.0,3212975.0,1140.0,501472.0,178.0,607028.0,215.0,17697.0,6.0,102555.0,36.0,165729.0,59.0,165729.0,59.0,0.0,0.0,0.0,0.0,0.0,0.0,429069.0,152.0,843361.0,299.0,1056816.0,375.0,1070037.0,380.0,1087227.0,386.0,45822.0,16.0,45822.0,16.0,66226.0,24.0,66226.0,24.0,11903334.0,4224.0,11964795.0,4246.0,0.0,0.0,0.0,0.0,2830093.0,1004.0,2850192.0,1011.0,2578763.0,915.0,2819864.0,1001.0,1542241.0,547.0,2220971.0,788.0,104873.0,37.0,104873.0,37.0,0.0,0.0,0.0,0.0,0.0,0.0,0.0,0.0,1742038.0,618.0,1742038.0,618.0,785918.0,279.0,790201.0,280.0,1239528.0,440.0,1897562.0,673.0
2023-24,101912256,Wharton K-8 Dual Language Academy,650,5274190.0,8114.0,6302960.0,9697.0,4728397.0,7274.0,5424935.0,8346.0,263306.0,405.0,564297.0,868.0,282487.0,435.0,313728.0,483.0,4991703.0,7680.0,5989232.0,9214.0,3556966.0,5472.0,3898925.0,5998.0,91159.0,140.0,91159.0,140.0,156305.0,240.0,156305.0,240.0,143485.0,221.0,143485.0,221.0,663821.0,1021.0,663801.0,1021.0,63255.0,97.0,63255.0,97.0,58111.0,89.0,58111.0,89.0,100851.0,155.0,100851.0,155.0,0.0,0.0,0.0,0.0,0.0,0.0,207533.0,319.0,2999.0,5.0,448797.0,690.0,152889.0,235.0,155109.0,239.0,959.0,1.0,959.0,1.0,0.0,0.0,0.0,0.0,3726986.0,5734.0,3846859.0,5918.0,6002.0,9.0,6002.0,9.0,0.0,0.0,0.0,0.0,232146.0,357.0,232146.0,357.0,223648.0,344.0,324196.0,499.0,297649.0,458.0,385643.0,593.0,347522.0,535.0,347522.0,535.0,0.0,0.0,0.0,0.0,0.0,0.0,0.0,0.0,0.0,0.0,0.0,0.0,157750.0,243.0,813320.0,1251.0
2023-24,101912018,Wheatley H S,615,11526775.0,18743.0,13795790.0,22432.0,9450262.0,15366.0,11446258.0,18612.0,1531459.0,2490.0,1702464.0,2768.0,545054.0,886.0,647068.0,1052.0,10981721.0,17856.0,13148722.0,21380.0,6883301.0,11192.0,8817434.0,14337.0,23216.0,38.0,23216.0,38.0,74705.0,121.0,74705.0,121.0,279532.0,455.0,279532.0,455.0,1447976.0,2354.0,1502731.0,2443.0,516133.0,839.0,537200.0,873.0,11530.0,19.0,11530.0,19.0,127220.0,207.0,128847.0,210.0,0.0,0.0,0.0,0.0,0.0,0.0,127378.0,207.0,562206.0,914.0,575685.0,936.0,1018997.0,1657.0,1031370.0,1677.0,25801.0,42.0,27990.0,46.0,11104.0,18.0,11104.0,18.0,5550015.0,9024.0,5669880.0,9219.0,63.0,0.0,63.0,0.0,1172252.0,1906.0,1209025.0,1966.0,2531978.0,4117.0,2625005.0,4268.0,97528.0,159.0,1855903.0,3018.0,0.0,0.0,5712.0,9.0,0.0,0.0,0.0,0.0,0.0,0.0,0.0,0.0,11777.0,19.0,11234.0,18.0,553081.0,899.0,553086.0,899.0,1065027.0,1732.0,1218814.0,1982.0
2023-24,101912257,Whidby El,368,4544819.0,12350.0,6627403.0,18009.0,4015023.0,10910.0,5306925.0,14421.0,406370.0,1104.0,804767.0,2187.0,123426.0,335.0,515711.0,1401.0,4421393.0,12015.0,6111692.0,16608.0,3122248.0,8484.0,4482771.0,12181.0,5557.0,15.0,5557.0,15.0,48072.0,131.0,48072.0,131.0,131180.0,356.0,131180.0,356.0,656840.0,1785.0,679211.0,1846.0,136123.0,370.0,141396.0,384.0,4180.0,11.0,4180.0,11.0,87827.0,239.0,93194.0,253.0,0.0,0.0,0.0,0.0,0.0,0.0,271575.0,738.0,992.0,3.0,21482.0,58.0,221439.0,602.0,222354.0,604.0,0.0,0.0,332.0,1.0,6935.0,19.0,6935.0,19.0,3407395.0,9259.0,3574897.0,9714.0,0.0,0.0,0.0,0.0,0.0,0.0,0.0,0.0,551042.0,1497.0,569975.0,1549.0,56651.0,154.0,1228430.0,3338.0,-455.0,-1.0,26039.0,71.0,177394.0,482.0,177394.0,482.0,0.0,0.0,0.0,0.0,0.0,0.0,0.0,0.0,0.0,0.0,0.0,0.0,229366.0,623.0,524928.0,1426.0
2023-24,101912267,White E El,719,5427789.0,7549.0,6401577.0,8903.0,4900477.0,6816.0,5497069.0,7645.0,381950.0,531.0,744710.0,1036.0,145362.0,202.0,159798.0,222.0,5282427.0,7347.0,6241779.0,8681.0,3994234.0,5555.0,4605265.0,6405.0,31691.0,44.0,31691.0,44.0,71606.0,100.0,71606.0,100.0,167686.0,233.0,167686.0,233.0,557051.0,775.0,557051.0,775.0,156382.0,217.0,156382.0,217.0,4865.0,7.0,12705.0,18.0,86144.0,120.0,86144.0,120.0,0.0,0.0,0.0,0.0,0.0,0.0,310299.0,432.0,1867.0,3.0,27495.0,38.0,166839.0,232.0,171393.0,238.0,5955.0,8.0,5955.0,8.0,38107.0,53.0,38107.0,53.0,3796164.0,5280.0,3799422.0,5284.0,907.0,1.0,907.0,1.0,0.0,0.0,0.0,0.0,459808.0,640.0,543165.0,755.0,251400.0,350.0,631414.0,878.0,332094.0,462.0,393769.0,548.0,229286.0,319.0,229286.0,319.0,0.0,0.0,0.0,0.0,0.0,0.0,0.0,0.0,0.0,0.0,0.0,0.0,212768.0,296.0,553249.0,769.0
2023-24,101912258,Whittier El,325,3709380.0,11413.0,5145259.0,15832.0,3178534.0,9780.0,4110624.0,12648.0,272958.0,840.0,482476.0,1485.0,257888.0,794.0,552159.0,1699.0,3451492.0,10620.0,4593100.0,14133.0,2250752.0,6925.0,3200754.0,9848.0,4577.0,14.0,4577.0,14.0,34981.0,108.0,34981.0,108.0,110731.0,341.0,110731.0,341.0,630105.0,1939.0,656353.0,2020.0,220679.0,679.0,231254.0,712.0,3662.0,11.0,3662.0,11.0,95961.0,295.0,97603.0,300.0,0.0,0.0,0.0,0.0,0.0,0.0,144885.0,446.0,3144.0,10.0,8524.0,26.0,91622.0,282.0,93385.0,287.0,0.0,0.0,0.0,0.0,5278.0,16.0,5278.0,16.0,2429739.0,7476.0,2487233.0,7653.0,0.0,0.0,0.0,0.0,0.0,0.0,0.0,0.0,766186.0,2357.0,788902.0,2427.0,5452.0,17.0,892126.0,2745.0,-256.0,-1.0,20732.0,64.0,150327.0,463.0,150327.0,463.0,0.0,0.0,0.0,0.0,0.0,0.0,0.0,0.0,920.0,3.0,920.0,3.0,99124.0,305.0,251152.0,773.0
2023-24,101912082,Williams Middle,393,5343314.0,13596.0,7902959.0,20109.0,4487596.0,11419.0,5778212.0,14703.0,495225.0,1260.0,920483.0,2342.0,360493.0,917.0,1204264.0,3064.0,4982821.0,12679.0,6698695.0,17045.0,3238060.0,8239.0,4723142.0,12018.0,6006.0,15.0,6006.0,15.0,45171.0,115.0,57946.0,147.0,161867.0,412.0,161867.0,412.0,829601.0,2111.0,868994.0,2211.0,255545.0,650.0,266141.0,677.0,5360.0,14.0,5360.0,14.0,53568.0,136.0,55099.0,140.0,0.0,0.0,0.0,0.0,0.0,0.0,159714.0,406.0,153009.0,389.0,154596.0,393.0,220778.0,562.0,224508.0,571.0,3829.0,10.0,5295.0,13.0,10027.0,26.0,10027.0,26.0,3438502.0,8749.0,3677872.0,9358.0,0.0,0.0,0.0,0.0,0.0,0.0,0.0,0.0,1091832.0,2778.0,1150520.0,2928.0,52807.0,134.0,1289635.0,3282.0,11442.0,29.0,11442.0,29.0,0.0,0.0,0.0,0.0,0.0,0.0,0.0,0.0,595.0,2.0,595.0,2.0,145811.0,371.0,145811.0,371.0,241832.0,615.0,422820.0,1076.0
2023-24,101912260,Windsor Village El,637,5262566.0,8261.0,6690621.0,10503.0,4535473.0,7120.0,5014030.0,7871.0,310351.0,487.0,679792.0,1067.0,416742.0,654.0,996799.0,1565.0,4845824.0,7607.0,5693822.0,8938.0,3494755.0,5486.0,4012678.0,6299.0,101076.0,159.0,101076.0,159.0,55681.0,87.0,55681.0,87.0,141275.0,222.0,141275.0,222.0,606955.0,953.0,607579.0,954.0,155820.0,245.0,155820.0,245.0,4280.0,7.0,4280.0,7.0,105814.0,166.0,107628.0,169.0,0.0,0.0,0.0,0.0,0.0,0.0,285932.0,449.0,14289.0,22.0,52540.0,82.0,163920.0,257.0,165880.0,260.0,631.0,1.0,631.0,1.0,0.0,0.0,0.0,0.0,3378508.0,5304.0,3417909.0,5366.0,1447.0,2.0,1447.0,2.0,0.0,0.0,0.0,0.0,431586.0,678.0,519003.0,815.0,518320.0,814.0,829470.0,1302.0,142621.0,224.0,169414.0,266.0,193639.0,304.0,193639.0,304.0,0.0,0.0,0.0,0.0,0.0,0.0,0.0,0.0,0.0,0.0,0.0,0.0,179703.0,282.0,505846.0,794.0
2023-24,101912009,Wisdom H S,2306,16812904.0,7291.0,24847840.0,10775.0,14912726.0,6467.0,18931085.0,8209.0,1591802.0,690.0,2502770.0,1085.0,308376.0,134.0,3413985.0,1480.0,16504528.0,7157.0,21433855.0,9295.0,11002947.0,4771.0,15056149.0,6529.0,14135.0,6.0,14135.0,6.0,217153.0,94.0,217153.0,94.0,507302.0,220.0,507302.0,220.0,2115947.0,918.0,2227190.0,966.0,1040735.0,451.0,1090252.0,473.0,116960.0,51.0,122262.0,53.0,113674.0,49.0,115205.0,50.0,0.0,0.0,0.0,0.0,0.0,0.0,630828.0,274.0,599914.0,260.0,671956.0,291.0,679963.0,295.0,683671.0,296.0,79851.0,35.0,79851.0,35.0,15947.0,7.0,15947.0,7.0,11580178.0,5022.0,11808547.0,5121.0,0.0,0.0,0.0,0.0,1624456.0,704.0,1686887.0,732.0,1659374.0,720.0,1844298.0,800.0,243227.0,105.0,3964145.0,1719.0,714.0,0.0,11042.0,5.0,0.0,0.0,0.0,0.0,0.0,0.0,0.0,0.0,20904.0,9.0,20904.0,9.0,577712.0,251.0,577712.0,251.0,797963.0,346.0,1520320.0,659.0
2023-24,101912127,Woodson School,487,4673815.0,9597.0,5534872.0,11365.0,3658174.0,7512.0,3916040.0,8041.0,730605.0,1500.0,1141266.0,2343.0,285036.0,585.0,477566.0,981.0,4388779.0,9012.0,5057306.0,10385.0,2854095.0,5861.0,3234109.0,6641.0,5331.0,11.0,5331.0,11.0,56852.0,117.0,56852.0,117.0,130511.0,268.0,130511.0,268.0,563332.0,1157.0,563472.0,1157.0,161565.0,332.0,161565.0,332.0,4400.0,9.0,4247.0,9.0,90720.0,186.0,90720.0,186.0,0.0,0.0,0.0,0.0,0.0,0.0,277694.0,570.0,7273.0,15.0,8149.0,17.0,509027.0,1045.0,509027.0,1045.0,603.0,1.0,603.0,1.0,0.0,0.0,0.0,0.0,2577189.0,5292.0,2652530.0,5447.0,0.0,0.0,0.0,0.0,0.0,0.0,0.0,0.0,813302.0,1670.0,813302.0,1670.0,219024.0,450.0,530505.0,1089.0,4586.0,9.0,7581.0,16.0,252705.0,519.0,252705.0,519.0,0.0,0.0,0.0,0.0,0.0,0.0,0.0,0.0,1260.0,3.0,1260.0,3.0,515896.0,1059.0,794606.0,1632.0
2023-24,101912019,Worthing H S,829,9825481.0,11852.0,14514509.0,17508.0,8744842.0,10549.0,10620818.0,12812.0,796659.0,961.0,1146559.0,1383.0,283980.0,343.0,2747132.0,3314.0,9541501.0,11510.0,11767377.0,14195.0,6231364.0,7517.0,8123789.0,9800.0,8456.0,10.0,8456.0,10.0,174181.0,210.0,175824.0,212.0,333422.0,402.0,333422.0,402.0,1347729.0,1626.0,1404001.0,1694.0,441834.0,533.0,457488.0,552.0,99275.0,120.0,99275.0,120.0,106953.0,129.0,107793.0,130.0,0.0,0.0,0.0,0.0,0.0,0.0,254694.0,307.0,570256.0,688.0,572355.0,690.0,203197.0,245.0,203656.0,246.0,12975.0,16.0,12975.0,16.0,11859.0,14.0,11859.0,14.0,5135758.0,6195.0,5173010.0,6240.0,699.0,1.0,699.0,1.0,1032787.0,1246.0,1074737.0,1296.0,2054345.0,2478.0,2124007.0,2562.0,519617.0,627.0,2336538.0,2819.0,8.0,0.0,8.0,0.0,0.0,0.0,0.0,0.0,0.0,0.0,0.0,0.0,0.0,0.0,0.0,0.0,492410.0,594.0,492410.0,594.0,305877.0,369.0,565968.0,683.0
2023-24,101912020,Yates H S,772,10766195.0,13946.0,13528813.0,17524.0,9365159.0,12131.0,11130917.0,14418.0,1099517.0,1424.0,1374579.0,1781.0,301519.0,391.0,1023317.0,1326.0,10464676.0,13555.0,12505496.0,16199.0,6430832.0,8330.0,8187460.0,10606.0,9913.0,13.0,9913.0,13.0,75673.0,98.0,75673.0,98.0,984370.0,1275.0,984370.0,1275.0,1372240.0,1778.0,1433225.0,1857.0,542129.0,702.0,563341.0,730.0,34943.0,45.0,42397.0,55.0,76077.0,99.0,76077.0,99.0,0.0,0.0,0.0,0.0,0.0,0.0,155282.0,201.0,535790.0,694.0,560922.0,727.0,372697.0,483.0,376500.0,488.0,22493.0,29.0,22493.0,29.0,7519.0,10.0,7519.0,10.0,5159736.0,6684.0,5234140.0,6780.0,0.0,0.0,0.0,0.0,965865.0,1251.0,999679.0,1295.0,2366861.0,3066.0,2449472.0,3173.0,132077.0,171.0,1785879.0,2313.0,0.0,0.0,0.0,0.0,0.0,0.0,0.0,0.0,0.0,0.0,0.0,0.0,904163.0,1171.0,909254.0,1178.0,529305.0,686.0,532204.0,689.0,406669.0,527.0,594868.0,771.0
2023-24,101912247,Young El,397,4583142.0,11544.0,6720764.0,16929.0,4054225.0,10212.0,5313420.0,13384.0,387754.0,977.0,870847.0,2194.0,141163.0,356.0,536497.0,1351.0,4441979.0,11189.0,6184267.0,15577.0,3083028.0,7766.0,4541596.0,11440.0,4539.0,11.0,4539.0,11.0,66082.0,166.0,66082.0,166.0,146987.0,370.0,146987.0,370.0,635197.0,1600.0,661652.0,1667.0,237640.0,599.0,248195.0,625.0,4762.0,12.0,4762.0,12.0,80551.0,203.0,82081.0,207.0,0.0,0.0,0.0,0.0,0.0,0.0,237599.0,598.0,1015.0,3.0,1015.0,3.0,173740.0,438.0,175703.0,443.0,0.0,0.0,1658.0,4.0,8438.0,21.0,8438.0,21.0,2940038.0,7406.0,3076809.0,7750.0,0.0,0.0,0.0,0.0,0.0,0.0,0.0,0.0,724184.0,1824.0,750375.0,1890.0,174727.0,440.0,1498160.0,3774.0,-92.0,0.0,11149.0,28.0,419929.0,1058.0,419929.0,1058.0,0.0,0.0,0.0,0.0,0.0,0.0,0.0,0.0,0.0,0.0,0.0,0.0,183193.0,461.0,424413.0,1069.0
2023-24,101912463,Young Women's College Prep Academ,445,3504293.0,7875.0,4426200.0,9947.0,3114616.0,6999.0,3417200.0,7679.0,352621.0,792.0,534663.0,1201.0,37056.0,83.0,474337.0,1066.0,3467237.0,7792.0,3951863.0,8881.0,2177725.0,4894.0,2408953.0,5413.0,2700.0,6.0,2700.0,6.0,125144.0,281.0,125144.0,281.0,96794.0,218.0,96794.0,218.0,546292.0,1228.0,546292.0,1228.0,119898.0,269.0,191947.0,431.0,2214.0,5.0,2211.0,5.0,62370.0,140.0,62370.0,140.0,0.0,0.0,0.0,0.0,0.0,0.0,168703.0,379.0,102103.0,229.0,110539.0,248.0,231997.0,521.0,231997.0,521.0,0.0,0.0,0.0,0.0,0.0,0.0,0.0,0.0,2118601.0,4761.0,2130145.0,4787.0,1052.0,2.0,1052.0,2.0,638499.0,1435.0,640922.0,1440.0,33773.0,76.0,33773.0,76.0,341461.0,767.0,545924.0,1227.0,208.0,0.0,17216.0,39.0,0.0,0.0,0.0,0.0,0.0,0.0,0.0,0.0,0.0,0.0,0.0,0.0,98628.0,222.0,98628.0,222.0,235015.0,528.0,484203.0,1088.0
2024-25,101912102,Alcott El,202,3249618.0,16087.0,3706661.0,18350.0,2766319.0,13695.0,3025941.0,14980.0,378943.0,1876.0,576364.0,2853.0,104356.0,517.0,104356.0,517.0,3145262.0,15571.0,3602305.0,17833.0,2100281.0,10397.0,2334494.0,11557.0,916.0,5.0,916.0,5.0,20147.0,100.0,20147.0,100.0,97441.0,482.0,97441.0,482.0,470761.0,2331.0,513206.0,2541.0,141870.0,702.0,141870.0,702.0,2263.0,11.0,2263.0,11.0,92114.0,456.0,92114.0,456.0,0.0,0.0,0.0,0.0,0.0,0.0,174023.0,862.0,999.0,5.0,2066.0,10.0,218470.0,1082.0,220439.0,1091.0,0.0,0.0,0.0,0.0,0.0,0.0,0.0,0.0,1760792.0,8717.0,1763974.0,8733.0,0.0,0.0,0.0,0.0,0.0,0.0,0.0,0.0,881218.0,4362.0,881218.0,4362.0,59245.0,293.0,336047.0,1664.0,4500.0,22.0,4500.0,22.0,220038.0,1089.0,220038.0,1089.0,0.0,0.0,0.0,0.0,0.0,0.0,0.0,0.0,0.0,0.0,0.0,0.0,219469.0,1086.0,396528.0,1963.0
2024-25,101912104,Almeda El,700,7660056.0,10943.0,8664626.0,12378.0,6930649.0,9901.0,7446917.0,10638.0,596559.0,852.0,1083851.0,1548.0,132848.0,190.0,133858.0,191.0,7527208.0,10753.0,8530768.0,12187.0,5678669.0,8112.0,6247702.0,8925.0,2373.0,3.0,2373.0,3.0,46458.0,66.0,46458.0,66.0,218273.0,312.0,218273.0,312.0,949825.0,1357.0,992992.0,1419.0,281117.0,402.0,281117.0,402.0,5182.0,7.0,5182.0,7.0,92156.0,132.0,92156.0,132.0,0.0,0.0,0.0,0.0,0.0,0.0,382269.0,546.0,471.0,1.0,1346.0,2.0,252167.0,360.0,255389.0,365.0,0.0,0.0,0.0,0.0,0.0,0.0,0.0,0.0,5009563.0,7157.0,5012795.0,7161.0,1668.0,2.0,1668.0,2.0,0.0,0.0,0.0,0.0,1269349.0,1813.0,1269377.0,1813.0,412106.0,589.0,1026040.0,1466.0,65070.0,93.0,65070.0,93.0,516297.0,738.0,516297.0,738.0,0.0,0.0,0.0,0.0,0.0,0.0,0.0,0.0,0.0,0.0,0.0,0.0,253155.0,362.0,639521.0,914.0
2024-25,101912105,Anderson El,582,6271276.0,10775.0,7183122.0,12342.0,5686033.0,9770.0,6194597.0,10644.0,486819.0,836.0,851806.0,1464.0,98424.0,169.0,136719.0,235.0,6172852.0,10606.0,7046403.0,12107.0,4685757.0,8051.0,5213627.0,8958.0,2489.0,4.0,2489.0,4.0,41973.0,72.0,41973.0,72.0,184817.0,318.0,184817.0,318.0,743122.0,1277.0,793514.0,1363.0,180196.0,310.0,180196.0,310.0,4343.0,7.0,4343.0,7.0,112060.0,193.0,112060.0,193.0,0.0,0.0,0.0,0.0,0.0,0.0,287265.0,494.0,22827.0,39.0,30132.0,52.0,195366.0,336.0,196085.0,337.0,-98.0,0.0,-98.0,0.0,0.0,0.0,0.0,0.0,3721484.0,6394.0,3724387.0,6399.0,0.0,0.0,0.0,0.0,0.0,0.0,0.0,0.0,1330142.0,2285.0,1330155.0,2285.0,317828.0,546.0,893155.0,1535.0,69679.0,120.0,69679.0,120.0,515624.0,886.0,515624.0,886.0,0.0,0.0,0.0,0.0,0.0,0.0,0.0,0.0,0.0,0.0,0.0,0.0,218095.0,375.0,513384.0,882.0
2024-25,101912478,Arabic Immersion Magnet School,609,4723284.0,7756.0,5264047.0,8644.0,4108471.0,6746.0,4354556.0,7150.0,546392.0,897.0,784228.0,1288.0,68421.0,112.0,125263.0,206.0,4654863.0,7643.0,5138784.0,8438.0,2990888.0,4911.0,3251991.0,5340.0,88643.0,146.0,88643.0,146.0,115896.0,190.0,115896.0,190.0,100115.0,164.0,100115.0,164.0,776565.0,1275.0,776565.0,1275.0,153593.0,252.0,153593.0,252.0,8353.0,14.0,8353.0,14.0,92707.0,152.0,91227.0,150.0,0.0,0.0,0.0,0.0,0.0,0.0,199928.0,328.0,2292.0,4.0,25135.0,41.0,325811.0,535.0,325811.0,535.0,0.0,0.0,0.0,0.0,0.0,0.0,0.0,0.0,3330189.0,5468.0,3360886.0,5519.0,2036.0,3.0,2036.0,3.0,0.0,0.0,0.0,0.0,199439.0,327.0,199439.0,327.0,314211.0,516.0,412096.0,677.0,256966.0,422.0,386966.0,635.0,223919.0,368.0,223919.0,368.0,0.0,0.0,0.0,0.0,0.0,0.0,0.0,0.0,1242.0,2.0,1242.0,2.0,326861.0,537.0,548152.0,900.0
2024-25,101912273,Ashford El,580,6582982.0,11350.0,7713869.0,13300.0,5992353.0,10332.0,6738458.0,11618.0,540328.0,932.0,923233.0,1592.0,50301.0,87.0,52178.0,90.0,6532681.0,11263.0,7661691.0,13210.0,4934426.0,8508.0,5712486.0,9849.0,2094.0,4.0,2094.0,4.0,40871.0,70.0,40871.0,70.0,210264.0,363.0,210264.0,363.0,806116.0,1390.0,865312.0,1492.0,186943.0,322.0,186943.0,322.0,4947.0,9.0,4947.0,9.0,106107.0,183.0,113299.0,195.0,0.0,0.0,0.0,0.0,0.0,0.0,232619.0,401.0,540.0,1.0,50262.0,87.0,234387.0,404.0,236073.0,407.0,5986.0,10.0,5986.0,10.0,0.0,0.0,0.0,0.0,4070187.0,7018.0,4070240.0,7018.0,844.0,1.0,844.0,1.0,0.0,0.0,0.0,0.0,1311244.0,2261.0,1317111.0,2271.0,280041.0,483.0,1118569.0,1929.0,40684.0,70.0,40684.0,70.0,588768.0,1015.0,588768.0,1015.0,0.0,0.0,0.0,0.0,0.0,0.0,0.0,0.0,0.0,0.0,0.0,0.0,240913.0,415.0,525475.0,906.0
2024-25,101912274,AskewEl,865,8522153.0,9852.0,9705678.0,11220.0,7902210.0,9136.0,8646627.0,9996.0,542497.0,627.0,955580.0,1105.0,77446.0,90.0,103471.0,120.0,8444707.0,9763.0,9602207.0,11101.0,6465528.0,7475.0,7263603.0,8397.0,2663.0,3.0,2663.0,3.0,58966.0,68.0,58966.0,68.0,261466.0,302.0,261466.0,302.0,1013262.0,1171.0,1070667.0,1238.0,310661.0,359.0,310661.0,359.0,6180.0,7.0,6180.0,7.0,126857.0,147.0,130896.0,151.0,0.0,0.0,0.0,0.0,0.0,0.0,292225.0,338.0,2990.0,3.0,7353.0,9.0,196134.0,227.0,197527.0,228.0,0.0,0.0,0.0,0.0,0.0,0.0,0.0,0.0,5781515.0,6684.0,5784900.0,6688.0,678.0,1.0,678.0,1.0,0.0,0.0,0.0,0.0,1540844.0,1781.0,1543255.0,1784.0,544578.0,630.0,1398301.0,1617.0,22962.0,27.0,22962.0,27.0,355006.0,410.0,355006.0,410.0,0.0,0.0,0.0,0.0,0.0,0.0,0.0,0.0,0.0,0.0,0.0,0.0,199124.0,230.0,497105.0,575.0
2024-25,101912106,Atherton El,449,5321384.0,11852.0,6577394.0,14649.0,4754793.0,10590.0,5654607.0,12594.0,488746.0,1089.0,844942.0,1882.0,77845.0,173.0,77845.0,173.0,5243539.0,11678.0,6499549.0,14476.0,3830764.0,8532.0,4745176.0,10568.0,1660.0,4.0,1660.0,4.0,31639.0,70.0,31639.0,70.0,166744.0,371.0,166744.0,371.0,729825.0,1625.0,801369.0,1785.0,177795.0,396.0,182094.0,406.0,3920.0,9.0,6999.0,16.0,103853.0,231.0,104966.0,234.0,0.0,0.0,0.0,0.0,0.0,0.0,259259.0,577.0,7800.0,17.0,7800.0,17.0,189539.0,422.0,191843.0,427.0,0.0,0.0,0.0,0.0,0.0,0.0,0.0,0.0,3251004.0,7241.0,3364514.0,7493.0,758.0,2.0,758.0,2.0,0.0,0.0,0.0,0.0,1180357.0,2629.0,1197470.0,2667.0,155774.0,347.0,1002056.0,2232.0,0.0,0.0,0.0,0.0,458307.0,1021.0,458307.0,1021.0,0.0,0.0,0.0,0.0,0.0,0.0,0.0,0.0,0.0,0.0,0.0,0.0,197339.0,440.0,458902.0,1022.0
2024-25,101912041,Attucks Middle,392,5730004.0,14617.0,6483452.0,16539.0,4648901.0,11859.0,4888334.0,12470.0,979705.0,2499.0,1426854.0,3640.0,101398.0,259.0,168264.0,429.0,5628606.0,14359.0,6315188.0,16110.0,3526609.0,8996.0,3895318.0,9937.0,1558.0,4.0,1558.0,4.0,107606.0,275.0,108031.0,276.0,185626.0,474.0,185626.0,474.0,715630.0,1826.0,715630.0,1826.0,187039.0,477.0,187039.0,477.0,55852.0,142.0,55852.0,142.0,102394.0,261.0,102394.0,261.0,0.0,0.0,0.0,0.0,0.0,0.0,269558.0,688.0,113755.0,290.0,144574.0,369.0,632537.0,1614.0,637505.0,1626.0,0.0,0.0,18.0,0.0,0.0,0.0,0.0,0.0,2653860.0,6770.0,2756780.0,7033.0,1733.0,4.0,1733.0,4.0,150867.0,385.0,150867.0,385.0,1783060.0,4549.0,1783060.0,4549.0,284420.0,726.0,560044.0,1429.0,8374.0,21.0,8374.0,21.0,0.0,0.0,0.0,0.0,0.0,0.0,0.0,0.0,0.0,0.0,0.0,0.0,113755.0,290.0,113755.0,290.0,632537.0,1614.0,940575.0,2399.0
2024-25,101912001,Austin H S,1179,14256877.0,12092.0,17416650.0,14772.0,12383540.0,10503.0,13154099.0,11157.0,1722426.0,1461.0,2519360.0,2137.0,150911.0,128.0,1743191.0,1479.0,14105966.0,11964.0,15673459.0,13294.0,9465666.0,8029.0,10319908.0,8753.0,6098.0,5.0,6098.0,5.0,55007.0,47.0,55007.0,47.0,494652.0,420.0,494652.0,420.0,1820429.0,1544.0,1898505.0,1610.0,645607.0,548.0,659170.0,559.0,79417.0,67.0,79417.0,67.0,127445.0,108.0,132221.0,112.0,0.0,0.0,0.0,0.0,0.0,0.0,546379.0,463.0,612782.0,520.0,646478.0,548.0,784002.0,665.0,790231.0,670.0,9854.0,8.0,9854.0,8.0,3981.0,3.0,3981.0,3.0,7745891.0,6570.0,7889010.0,6691.0,111.0,0.0,111.0,0.0,2067719.0,1754.0,2067925.0,1754.0,2579901.0,2188.0,2590745.0,2197.0,296057.0,251.0,1123077.0,953.0,2167.0,2.0,2167.0,2.0,0.0,0.0,0.0,0.0,0.0,0.0,0.0,0.0,2475.0,2.0,2475.0,2.0,543900.0,461.0,543900.0,461.0,867745.0,736.0,1454049.0,1233.0
2024-25,101912107,Barrick El,432,3850625.0,8913.0,4254719.0,9849.0,3444719.0,7974.0,3575384.0,8276.0,357558.0,828.0,630987.0,1461.0,48348.0,112.0,48348.0,112.0,3802277.0,8802.0,4206371.0,9737.0,2572351.0,5955.0,2703016.0,6257.0,1856.0,4.0,1856.0,4.0,32109.0,74.0,32109.0,74.0,125344.0,290.0,125344.0,290.0,614950.0,1423.0,614950.0,1423.0,129278.0,299.0,129278.0,299.0,8825.0,20.0,8825.0,20.0,108939.0,252.0,108939.0,252.0,0.0,0.0,0.0,0.0,0.0,0.0,270742.0,627.0,0.0,0.0,0.0,0.0,156343.0,362.0,159030.0,368.0,0.0,0.0,0.0,0.0,52282.0,121.0,52282.0,121.0,2366449.0,5478.0,2366449.0,5478.0,0.0,0.0,0.0,0.0,0.0,0.0,0.0,0.0,622300.0,1441.0,622325.0,1441.0,231466.0,536.0,361751.0,837.0,138765.0,321.0,138765.0,321.0,234672.0,543.0,234672.0,543.0,0.0,0.0,0.0,0.0,0.0,0.0,0.0,0.0,0.0,0.0,0.0,0.0,208625.0,483.0,482054.0,1116.0
2024-25,101912108,Bastian El,631,4784021.0,7582.0,5717472.0,9061.0,4282712.0,6787.0,4817847.0,7635.0,472429.0,749.0,870745.0,1380.0,28880.0,46.0,28880.0,46.0,4755141.0,7536.0,5688592.0,9015.0,3477043.0,5510.0,4030861.0,6388.0,88708.0,141.0,88708.0,141.0,24052.0,38.0,24052.0,38.0,131034.0,208.0,131034.0,208.0,371295.0,588.0,379917.0,602.0,167771.0,266.0,167771.0,266.0,61025.0,97.0,61025.0,97.0,115023.0,182.0,121594.0,193.0,0.0,0.0,0.0,0.0,0.0,0.0,354997.0,563.0,0.0,0.0,0.0,0.0,235562.0,373.0,236921.0,375.0,0.0,0.0,0.0,0.0,65821.0,104.0,65821.0,104.0,3311071.0,5247.0,3313032.0,5250.0,862.0,1.0,862.0,1.0,0.0,0.0,0.0,0.0,788308.0,1249.0,999800.0,1584.0,160638.0,255.0,524280.0,831.0,35995.0,57.0,35995.0,57.0,139077.0,220.0,139077.0,220.0,0.0,0.0,0.0,0.0,0.0,0.0,0.0,0.0,0.0,0.0,0.0,0.0,319190.0,506.0,675546.0,1071.0
2024-25,101912467,Baylor College Of Medicine Academy,306,4304808.0,14068.0,4523539.0,14783.0,3630015.0,11863.0,3665482.0,11979.0,620368.0,2027.0,803632.0,2626.0,54425.0,178.0,54425.0,178.0,4250383.0,13890.0,4469114.0,14605.0,2543838.0,8313.0,2597875.0,8490.0,81869.0,268.0,81869.0,268.0,240750.0,787.0,240750.0,787.0,102711.0,336.0,102711.0,336.0,642901.0,2101.0,642901.0,2101.0,143978.0,471.0,143978.0,471.0,20201.0,66.0,20201.0,66.0,98756.0,323.0,98756.0,323.0,0.0,0.0,0.0,0.0,0.0,0.0,154266.0,504.0,3000.0,10.0,3000.0,10.0,314364.0,1027.0,314364.0,1027.0,0.0,0.0,0.0,0.0,58015.0,190.0,58015.0,190.0,2499821.0,8169.0,2500806.0,8173.0,7133.0,23.0,7133.0,23.0,168247.0,550.0,168247.0,550.0,307787.0,1006.0,307787.0,1006.0,777855.0,2542.0,841335.0,2749.0,7135.0,23.0,7135.0,23.0,0.0,0.0,0.0,0.0,0.0,0.0,0.0,0.0,107026.0,350.0,107026.0,350.0,0.0,0.0,0.0,0.0,375379.0,1227.0,529645.0,1731.0
2024-25,101912234,Baylor College Of Medicine Biotech,325,3725108.0,11462.0,3949773.0,12153.0,3259296.0,10029.0,3335102.0,10262.0,449523.0,1383.0,589182.0,1813.0,16289.0,50.0,25489.0,78.0,3708819.0,11412.0,3924284.0,12075.0,2339673.0,7199.0,2422553.0,7454.0,102481.0,315.0,102513.0,315.0,159668.0,491.0,159668.0,491.0,102128.0,314.0,102128.0,314.0,603814.0,1858.0,603814.0,1858.0,113111.0,348.0,113111.0,348.0,8219.0,25.0,8219.0,25.0,90549.0,279.0,90549.0,279.0,0.0,0.0,0.0,0.0,0.0,0.0,130974.0,403.0,0.0,0.0,1579.0,5.0,167885.0,517.0,167885.0,517.0,21291.0,66.0,21291.0,66.0,0.0,0.0,0.0,0.0,2718025.0,8363.0,2720025.0,8369.0,978.0,3.0,978.0,3.0,149230.0,459.0,149230.0,459.0,187883.0,578.0,187959.0,578.0,367602.0,1131.0,448438.0,1380.0,20646.0,64.0,20646.0,64.0,0.0,0.0,0.0,0.0,0.0,0.0,0.0,0.0,75279.0,232.0,75279.0,232.0,0.0,0.0,0.0,0.0,189176.0,582.0,321729.0,990.0
2024-25,101912151,Bell El,538,6158698.0,11447.0,7036183.0,13078.0,5494157.0,10212.0,6029091.0,11206.0,577980.0,1074.0,869942.0,1617.0,86561.0,161.0,137150.0,255.0,6072137.0,11287.0,6899033.0,12823.0,4429339.0,8233.0,4994261.0,9283.0,2630.0,5.0,2630.0,5.0,42176.0,78.0,42176.0,78.0,192182.0,357.0,192182.0,357.0,786953.0,1463.0,833850.0,1550.0,184047.0,342.0,184047.0,342.0,4523.0,8.0,4523.0,8.0,125682.0,234.0,125682.0,234.0,0.0,0.0,0.0,0.0,0.0,0.0,202287.0,376.0,16157.0,30.0,21026.0,39.0,229176.0,426.0,231238.0,430.0,0.0,0.0,0.0,0.0,59272.0,110.0,59272.0,110.0,3653754.0,6791.0,3691854.0,6862.0,712.0,1.0,712.0,1.0,0.0,0.0,0.0,0.0,1284064.0,2387.0,1289127.0,2396.0,264058.0,491.0,838573.0,1559.0,33143.0,62.0,33143.0,62.0,531801.0,988.0,531801.0,988.0,0.0,0.0,0.0,0.0,0.0,0.0,0.0,0.0,10659.0,20.0,10659.0,20.0,293946.0,546.0,503164.0,935.0
2024-25,101912002,Bellaire H S,3210,26379266.0,8218.0,28090758.0,8751.0,23288834.0,7255.0,24076877.0,7501.0,2631739.0,820.0,3531515.0,1100.0,458693.0,143.0,482366.0,150.0,25920573.0,8075.0,27608392.0,8601.0,16835865.0,5245.0,17394358.0,5419.0,88069.0,27.0,88069.0,27.0,175820.0,55.0,175820.0,55.0,2175916.0,678.0,2175916.0,678.0,3054536.0,952.0,3073607.0,958.0,1388006.0,432.0,1686122.0,525.0,250809.0,78.0,250809.0,78.0,188104.0,59.0,188104.0,59.0,0.0,0.0,0.0,0.0,0.0,0.0,485432.0,151.0,784083.0,244.0,1090135.0,340.0,774539.0,241.0,777555.0,242.0,69818.0,22.0,69818.0,22.0,134208.0,42.0,134208.0,42.0,14388348.0,4482.0,14392437.0,4484.0,222012.0,69.0,222012.0,69.0,2692810.0,839.0,2693361.0,839.0,3203093.0,998.0,3325905.0,1036.0,1235977.0,385.0,2001844.0,624.0,127330.0,40.0,127330.0,40.0,0.0,0.0,0.0,0.0,0.0,0.0,0.0,0.0,2287555.0,713.0,2287555.0,713.0,580713.0,181.0,588294.0,183.0,1181935.0,368.0,1968854.0,613.0
2024-25,101912360,Bellfort Early Childhood Center,311,2885110.0,9277.0,3252380.0,10458.0,2604096.0,8373.0,2782687.0,8948.0,257922.0,829.0,444821.0,1430.0,23092.0,74.0,24872.0,80.0,2862018.0,9203.0,3227508.0,10378.0,1953667.0,6282.0,2120735.0,6819.0,1044.0,3.0,1044.0,3.0,30757.0,99.0,30757.0,99.0,108356.0,348.0,108356.0,348.0,566144.0,1820.0,577053.0,1855.0,40341.0,130.0,40341.0,130.0,8277.0,27.0,8277.0,27.0,25934.0,83.0,30058.0,97.0,1625.0,5.0,1625.0,5.0,0.0,0.0,172728.0,555.0,0.0,0.0,6495.0,21.0,125615.0,404.0,126606.0,407.0,0.0,0.0,0.0,0.0,258.0,1.0,258.0,1.0,1362279.0,4380.0,1363416.0,4384.0,863.0,3.0,863.0,3.0,0.0,0.0,0.0,0.0,271115.0,872.0,271115.0,872.0,280184.0,901.0,463669.0,1491.0,276140.0,888.0,276140.0,888.0,543939.0,1749.0,543939.0,1749.0,0.0,0.0,0.0,0.0,0.0,0.0,0.0,0.0,0.0,0.0,0.0,0.0,127498.0,410.0,307712.0,989.0
2024-25,101912295,Benavidez El,777,7555139.0,9723.0,9004286.0,11589.0,6925866.0,8914.0,7960384.0,10245.0,583754.0,751.0,998383.0,1285.0,45519.0,59.0,45519.0,59.0,7509620.0,9665.0,8958767.0,11530.0,5577956.0,7179.0,6629009.0,8532.0,2478.0,3.0,2478.0,3.0,42492.0,55.0,42492.0,55.0,242893.0,313.0,242893.0,313.0,970965.0,1250.0,1021567.0,1315.0,301737.0,388.0,301737.0,388.0,16880.0,22.0,16880.0,22.0,118002.0,152.0,122829.0,158.0,0.0,0.0,0.0,0.0,0.0,0.0,336124.0,433.0,810.0,1.0,3599.0,5.0,227441.0,293.0,231193.0,298.0,6580.0,8.0,6580.0,8.0,0.0,0.0,0.0,0.0,4958894.0,6382.0,4967239.0,6393.0,0.0,0.0,0.0,0.0,0.0,0.0,0.0,0.0,1426213.0,1836.0,1470296.0,1892.0,602178.0,775.0,1656232.0,2132.0,50768.0,65.0,50768.0,65.0,236736.0,305.0,236736.0,305.0,0.0,0.0,0.0,0.0,0.0,0.0,0.0,0.0,0.0,0.0,0.0,0.0,234831.0,302.0,577496.0,743.0
2024-25,101912268,Benbrook El,476,3922274.0,8240.0,4405082.0,9254.0,3547747.0,7453.0,3825273.0,8036.0,341531.0,718.0,547172.0,1150.0,32996.0,69.0,32637.0,69.0,3889278.0,8171.0,4372445.0,9186.0,2629300.0,5524.0,2928543.0,6152.0,99912.0,210.0,99912.0,210.0,37174.0,78.0,37174.0,78.0,115267.0,242.0,115267.0,242.0,608942.0,1279.0,608942.0,1279.0,150002.0,315.0,150002.0,315.0,8638.0,18.0,8638.0,18.0,113268.0,238.0,113268.0,238.0,0.0,0.0,0.0,0.0,0.0,0.0,174564.0,367.0,0.0,0.0,2844.0,6.0,113663.0,239.0,116133.0,244.0,11546.0,24.0,11546.0,24.0,0.0,0.0,0.0,0.0,2652169.0,5572.0,2682459.0,5635.0,2744.0,6.0,2744.0,6.0,0.0,0.0,0.0,0.0,287997.0,605.0,394122.0,828.0,271703.0,571.0,438573.0,921.0,199071.0,418.0,199075.0,418.0,350385.0,736.0,350385.0,736.0,0.0,0.0,0.0,0.0,0.0,0.0,0.0,0.0,0.0,0.0,0.0,0.0,125209.0,263.0,305087.0,641.0
2024-25,101912109,Berry El,744,7931121.0,10660.0,9741592.0,13094.0,7140626.0,9598.0,8325674.0,11190.0,755725.0,1016.0,1374648.0,1848.0,34770.0,47.0,41270.0,55.0,7896351.0,10613.0,9700322.0,13038.0,5882394.0,7906.0,7177950.0,9648.0,2401.0,3.0,2401.0,3.0,46418.0,62.0,46418.0,62.0,232639.0,313.0,232639.0,313.0,965092.0,1297.0,1044708.0,1404.0,294833.0,396.0,303458.0,408.0,5516.0,7.0,5516.0,7.0,104660.0,141.0,104660.0,141.0,0.0,0.0,0.0,0.0,0.0,0.0,404063.0,543.0,4792.0,6.0,16228.0,22.0,357606.0,481.0,362281.0,487.0,0.0,0.0,0.0,0.0,0.0,0.0,0.0,0.0,5039992.0,6774.0,5216710.0,7012.0,888.0,1.0,888.0,1.0,0.0,0.0,0.0,0.0,1274156.0,1713.0,1307258.0,1757.0,416746.0,560.0,1558709.0,2095.0,94016.0,126.0,94016.0,126.0,708155.0,952.0,708155.0,952.0,0.0,0.0,0.0,0.0,0.0,0.0,0.0,0.0,4792.0,6.0,4792.0,6.0,357606.0,481.0,781796.0,1051.0
2024-25,101912042,Black Middle,1364,11873955.0,8705.0,12716565.0,9323.0,9712572.0,7121.0,10061626.0,7377.0,1908529.0,1399.0,2388111.0,1751.0,252854.0,185.0,266828.0,196.0,11621101.0,8520.0,12449737.0,9127.0,7188820.0,5270.0,7517196.0,5511.0,120342.0,88.0,120342.0,88.0,123739.0,91.0,125721.0,92.0,992089.0,727.0,992089.0,727.0,1468168.0,1076.0,1557504.0,1142.0,511016.0,375.0,511016.0,375.0,25516.0,19.0,25516.0,19.0,111469.0,82.0,113647.0,83.0,0.0,0.0,0.0,0.0,0.0,0.0,342807.0,251.0,193970.0,142.0,247604.0,182.0,876700.0,643.0,880331.0,645.0,9272.0,7.0,9272.0,7.0,0.0,0.0,0.0,0.0,6510505.0,4773.0,6512625.0,4775.0,30996.0,23.0,30996.0,23.0,223360.0,164.0,223360.0,164.0,2008697.0,1473.0,2018830.0,1480.0,692147.0,507.0,1106476.0,811.0,54602.0,40.0,54602.0,40.0,0.0,0.0,0.0,0.0,0.0,0.0,0.0,0.0,1020852.0,748.0,1020852.0,748.0,171420.0,126.0,171420.0,126.0,908522.0,666.0,1310576.0,961.0
2024-25,101912110,Blackshear El,256,4410698.0,17229.0,4884736.0,19081.0,3648147.0,14251.0,3894919.0,15215.0,673149.0,2629.0,900056.0,3516.0,89402.0,349.0,89761.0,351.0,4321296.0,16880.0,4794975.0,18730.0,2965447.0,11584.0,3199804.0,12499.0,1700.0,7.0,1700.0,7.0,31344.0,122.0,31344.0,122.0,133398.0,521.0,133398.0,521.0,561143.0,2192.0,614314.0,2400.0,130552.0,510.0,130552.0,510.0,5812.0,23.0,5812.0,23.0,100054.0,391.0,100054.0,391.0,0.0,0.0,0.0,0.0,0.0,0.0,177952.0,695.0,421.0,2.0,1941.0,8.0,391425.0,1529.0,392761.0,1534.0,0.0,0.0,0.0,0.0,0.0,0.0,0.0,0.0,2273238.0,8880.0,2294293.0,8962.0,0.0,0.0,0.0,0.0,0.0,0.0,0.0,0.0,1165773.0,4554.0,1165773.0,4554.0,171631.0,670.0,443447.0,1732.0,2286.0,9.0,2286.0,9.0,316522.0,1236.0,316522.0,1236.0,0.0,0.0,0.0,0.0,0.0,0.0,0.0,0.0,0.0,0.0,0.0,0.0,391846.0,1531.0,572654.0,2237.0
2024-25,101912111,Bonham El,938,8878728.0,9466.0,10711112.0,11419.0,8102683.0,8638.0,9255459.0,9867.0,640241.0,683.0,1317149.0,1404.0,135804.0,145.0,138504.0,148.0,8742924.0,9321.0,10572608.0,11271.0,6562960.0,6997.0,7810868.0,8327.0,2838.0,3.0,2838.0,3.0,52407.0,56.0,52407.0,56.0,262724.0,280.0,262724.0,280.0,1130954.0,1206.0,1201458.0,1281.0,383700.0,409.0,383700.0,409.0,6297.0,7.0,6297.0,7.0,118861.0,127.0,130832.0,139.0,0.0,0.0,0.0,0.0,0.0,0.0,490974.0,523.0,11063.0,12.0,16658.0,18.0,211120.0,225.0,213852.0,228.0,0.0,0.0,0.0,0.0,0.0,0.0,0.0,0.0,6615925.0,7053.0,6616875.0,7054.0,0.0,0.0,0.0,0.0,0.0,0.0,0.0,0.0,1050189.0,1120.0,1058420.0,1128.0,507828.0,541.0,1829030.0,1950.0,59960.0,64.0,59960.0,64.0,286839.0,306.0,286839.0,306.0,0.0,0.0,0.0,0.0,0.0,0.0,0.0,0.0,0.0,0.0,0.0,0.0,222183.0,237.0,721484.0,769.0
2024-25,101912112,Bonner El,561,6422970.0,11449.0,7434958.0,13253.0,5545851.0,9886.0,6128795.0,10925.0,827556.0,1475.0,1241842.0,2214.0,49563.0,88.0,64321.0,115.0,6373407.0,11361.0,7370637.0,13138.0,4568540.0,8144.0,5199207.0,9268.0,2004.0,4.0,2004.0,4.0,38601.0,69.0,39456.0,70.0,202760.0,361.0,202760.0,361.0,759808.0,1354.0,814480.0,1452.0,180523.0,322.0,180523.0,322.0,7542.0,13.0,7542.0,13.0,108006.0,193.0,108006.0,193.0,0.0,0.0,0.0,0.0,0.0,0.0,297947.0,531.0,575.0,1.0,3368.0,6.0,505048.0,900.0,507771.0,905.0,0.0,0.0,0.0,0.0,0.0,0.0,0.0,0.0,3618476.0,6450.0,3618634.0,6450.0,0.0,0.0,0.0,0.0,0.0,0.0,0.0,0.0,1340515.0,2390.0,1345628.0,2399.0,339194.0,605.0,1026835.0,1830.0,50161.0,89.0,50161.0,89.0,519438.0,926.0,519438.0,926.0,0.0,0.0,0.0,0.0,0.0,0.0,0.0,0.0,0.0,0.0,0.0,0.0,505623.0,901.0,809941.0,1444.0
2024-25,101912114,Braeburn El,850,7282041.0,8567.0,8422046.0,9908.0,6573323.0,7733.0,7084011.0,8334.0,599941.0,706.0,1186778.0,1396.0,108777.0,128.0,151257.0,178.0,7173264.0,8439.0,8270789.0,9730.0,5110076.0,6012.0,5626637.0,6620.0,97620.0,115.0,97620.0,115.0,50484.0,59.0,50484.0,59.0,262385.0,309.0,262385.0,309.0,1020456.0,1201.0,1028798.0,1210.0,199550.0,235.0,199550.0,235.0,165778.0,195.0,165778.0,195.0,76545.0,90.0,82124.0,97.0,0.0,0.0,0.0,0.0,0.0,0.0,559182.0,658.0,0.0,0.0,1295.0,2.0,149325.0,176.0,150851.0,177.0,0.0,0.0,0.0,0.0,41045.0,48.0,41045.0,48.0,4434721.0,5217.0,4438153.0,5221.0,1442.0,2.0,1442.0,2.0,0.0,0.0,0.0,0.0,1194987.0,1406.0,1338558.0,1575.0,462023.0,544.0,850472.0,1001.0,368848.0,434.0,368848.0,434.0,520873.0,613.0,520873.0,613.0,0.0,0.0,0.0,0.0,0.0,0.0,0.0,0.0,0.0,0.0,0.0,0.0,190370.0,224.0,752443.0,885.0
2024-25,101912116,Briargrove El,864,6821842.0,7896.0,7280077.0,8426.0,5958377.0,6896.0,6005800.0,6951.0,628128.0,727.0,1038705.0,1202.0,235337.0,272.0,235572.0,273.0,6586505.0,7623.0,7044505.0,8153.0,4878468.0,5646.0,5013263.0,5802.0,105193.0,122.0,105193.0,122.0,34335.0,40.0,39285.0,45.0,229741.0,266.0,229741.0,266.0,821981.0,951.0,821981.0,951.0,195305.0,226.0,195305.0,226.0,20408.0,24.0,20408.0,24.0,82704.0,96.0,82704.0,96.0,0.0,0.0,0.0,0.0,0.0,0.0,269169.0,312.0,21054.0,24.0,65093.0,75.0,178950.0,207.0,180722.0,209.0,18366.0,21.0,18366.0,21.0,0.0,0.0,0.0,0.0,4251424.0,4921.0,4270087.0,4942.0,1802.0,2.0,1802.0,2.0,0.0,0.0,0.0,0.0,1330954.0,1540.0,1330954.0,1540.0,495537.0,574.0,614944.0,712.0,44044.0,51.0,44044.0,51.0,244374.0,283.0,244374.0,283.0,0.0,0.0,0.0,0.0,0.0,0.0,0.0,0.0,0.0,0.0,0.0,0.0,218370.0,253.0,538300.0,623.0
2024-25,101912344,Briarmeadow Charter,591,5446631.0,9216.0,5660698.0,9578.0,4721045.0,7988.0,4761583.0,8057.0,551019.0,932.0,724548.0,1226.0,174567.0,295.0,174567.0,295.0,5272064.0,8921.0,5486131.0,9283.0,3717117.0,6290.0,3746146.0,6339.0,90854.0,154.0,90854.0,154.0,36743.0,62.0,36743.0,62.0,176824.0,299.0,176824.0,299.0,694111.0,1174.0,715253.0,1210.0,160091.0,271.0,160091.0,271.0,7099.0,12.0,7099.0,12.0,95208.0,161.0,95208.0,161.0,0.0,0.0,0.0,0.0,0.0,0.0,146638.0,248.0,5260.0,9.0,5260.0,9.0,288756.0,489.0,291012.0,492.0,1.0,0.0,12715.0,22.0,0.0,0.0,0.0,0.0,3144446.0,5321.0,3146974.0,5325.0,9373.0,16.0,9373.0,16.0,0.0,0.0,0.0,0.0,1067948.0,1807.0,1067948.0,1807.0,219074.0,371.0,283971.0,480.0,87875.0,149.0,87875.0,149.0,449331.0,760.0,449331.0,760.0,0.0,0.0,0.0,0.0,0.0,0.0,0.0,0.0,0.0,0.0,0.0,0.0,294017.0,497.0,440655.0,746.0
2024-25,101912117,Briscoe El,176,2945323.0,16735.0,3162079.0,17966.0,2571131.0,14609.0,2586704.0,14697.0,339673.0,1930.0,512322.0,2911.0,34519.0,196.0,63053.0,358.0,2910804.0,16539.0,3099026.0,17608.0,1981514.0,11259.0,2035425.0,11565.0,915.0,5.0,915.0,5.0,12897.0,73.0,12897.0,73.0,97595.0,555.0,97595.0,555.0,452115.0,2569.0,452115.0,2569.0,138194.0,785.0,138194.0,785.0,5259.0,30.0,5259.0,30.0,92373.0,525.0,92373.0,525.0,0.0,0.0,0.0,0.0,0.0,0.0,123537.0,702.0,0.0,0.0,7496.0,43.0,129942.0,738.0,131581.0,748.0,0.0,0.0,0.0,0.0,0.0,0.0,0.0,0.0,1632729.0,9277.0,1638127.0,9308.0,800.0,5.0,800.0,5.0,0.0,0.0,0.0,0.0,922999.0,5244.0,922999.0,5244.0,78786.0,448.0,128938.0,733.0,35921.0,204.0,35921.0,204.0,109627.0,623.0,109627.0,623.0,0.0,0.0,0.0,0.0,0.0,0.0,0.0,0.0,0.0,0.0,0.0,0.0,129942.0,738.0,262614.0,1492.0
2024-25,101912119,Brookline El,577,6641761.0,11511.0,7775465.0,13476.0,5755612.0,9975.0,6445965.0,11172.0,852501.0,1477.0,1295852.0,2246.0,33648.0,58.0,33648.0,58.0,6608113.0,11453.0,7741817.0,13417.0,4638102.0,8038.0,5378682.0,9322.0,1965.0,3.0,1965.0,3.0,40904.0,71.0,40904.0,71.0,192503.0,334.0,192503.0,334.0,788010.0,1366.0,846189.0,1467.0,269939.0,468.0,269939.0,468.0,4553.0,8.0,4553.0,8.0,101946.0,177.0,101946.0,177.0,0.0,0.0,0.0,0.0,0.0,0.0,320257.0,555.0,170.0,0.0,13433.0,23.0,566339.0,982.0,567764.0,984.0,0.0,0.0,0.0,0.0,3682.0,6.0,3682.0,6.0,3941218.0,6831.0,3945912.0,6839.0,0.0,0.0,0.0,0.0,0.0,0.0,0.0,0.0,1131794.0,1962.0,1161026.0,2012.0,302088.0,524.0,1066921.0,1849.0,49867.0,86.0,49867.0,86.0,612955.0,1062.0,612955.0,1062.0,0.0,0.0,0.0,0.0,0.0,0.0,0.0,0.0,0.0,0.0,0.0,0.0,570191.0,988.0,905136.0,1569.0
2024-25,101912120,Browning El,348,4427452.0,12723.0,4987982.0,14333.0,3928623.0,11289.0,4237993.0,12178.0,428926.0,1233.0,646834.0,1859.0,69903.0,201.0,103155.0,296.0,4357549.0,12522.0,4884827.0,14037.0,3212032.0,9230.0,3494039.0,10040.0,2014.0,6.0,2014.0,6.0,26947.0,77.0,26947.0,77.0,123859.0,356.0,123859.0,356.0,528562.0,1519.0,581370.0,1671.0,141436.0,406.0,141436.0,406.0,2955.0,8.0,2955.0,8.0,101526.0,292.0,101526.0,292.0,0.0,0.0,0.0,0.0,0.0,0.0,179444.0,516.0,3859.0,11.0,4547.0,13.0,203863.0,586.0,208417.0,599.0,10423.0,30.0,10423.0,30.0,0.0,0.0,0.0,0.0,2874838.0,8261.0,2879870.0,8275.0,856.0,2.0,856.0,2.0,0.0,0.0,0.0,0.0,637839.0,1833.0,638029.0,1833.0,180045.0,517.0,517415.0,1487.0,50158.0,144.0,50158.0,144.0,395595.0,1137.0,395595.0,1137.0,0.0,0.0,0.0,0.0,0.0,0.0,0.0,0.0,0.0,0.0,0.0,0.0,218218.0,627.0,402904.0,1158.0
2024-25,101912121,Bruce El,285,3718712.0,13048.0,4451211.0,15618.0,3230757.0,11336.0,3730320.0,13089.0,469024.0,1646.0,701960.0,2463.0,18931.0,66.0,18931.0,66.0,3699781.0,12982.0,4432280.0,15552.0,2511213.0,8811.0,2977832.0,10449.0,1134.0,4.0,1134.0,4.0,24598.0,86.0,24598.0,86.0,119199.0,418.0,119199.0,418.0,531387.0,1865.0,570034.0,2000.0,150774.0,529.0,155103.0,544.0,2776.0,10.0,2776.0,10.0,99813.0,350.0,109529.0,384.0,0.0,0.0,0.0,0.0,0.0,0.0,208226.0,731.0,0.0,0.0,0.0,0.0,258887.0,908.0,263849.0,926.0,0.0,0.0,0.0,0.0,0.0,0.0,0.0,0.0,1926329.0,6759.0,1960032.0,6877.0,1658.0,6.0,1658.0,6.0,0.0,0.0,0.0,0.0,967108.0,3393.0,994279.0,3489.0,125211.0,439.0,583195.0,2046.0,205.0,1.0,205.0,1.0,420383.0,1475.0,420383.0,1475.0,0.0,0.0,0.0,0.0,0.0,0.0,0.0,0.0,0.0,0.0,0.0,0.0,258887.0,908.0,472075.0,1656.0
2024-25,101912122,Burbank El,731,6960008.0,9521.0,7936991.0,10858.0,6099382.0,8344.0,6370042.0,8714.0,744773.0,1019.0,1191656.0,1630.0,115853.0,158.0,375293.0,513.0,6844155.0,9363.0,7561698.0,10344.0,4829094.0,6606.0,5110756.0,6991.0,85958.0,118.0,85958.0,118.0,216309.0,296.0,216309.0,296.0,225115.0,308.0,225115.0,308.0,802106.0,1097.0,802106.0,1097.0,181823.0,249.0,181823.0,249.0,14049.0,19.0,14049.0,19.0,107704.0,147.0,107704.0,147.0,0.0,0.0,0.0,0.0,0.0,0.0,427939.0,585.0,0.0,0.0,1603.0,2.0,368155.0,504.0,369926.0,506.0,12198.0,17.0,12198.0,17.0,0.0,0.0,0.0,0.0,3951745.0,5406.0,3957190.0,5413.0,2605.0,4.0,2605.0,4.0,0.0,0.0,0.0,0.0,1214526.0,1661.0,1237605.0,1693.0,519528.0,711.0,776875.0,1063.0,292937.0,401.0,292937.0,401.0,480817.0,658.0,480817.0,658.0,0.0,0.0,0.0,0.0,0.0,0.0,0.0,0.0,0.0,0.0,0.0,0.0,381997.0,523.0,813310.0,1113.0
2024-25,101912043,Burbank Middle,1412,11430392.0,8095.0,12774027.0,9047.0,10114595.0,7163.0,10762036.0,7622.0,1201288.0,851.0,1894296.0,1342.0,114509.0,81.0,117695.0,83.0,11315883.0,8014.0,12656332.0,8963.0,7871241.0,5575.0,8579488.0,6076.0,76321.0,54.0,76122.0,54.0,138487.0,98.0,138487.0,98.0,328158.0,232.0,328158.0,232.0,1669664.0,1182.0,1679371.0,1189.0,418597.0,296.0,421101.0,298.0,67690.0,48.0,67690.0,48.0,72591.0,51.0,72591.0,51.0,0.0,0.0,0.0,0.0,0.0,0.0,599598.0,425.0,106775.0,76.0,113310.0,80.0,469997.0,333.0,472172.0,334.0,14159.0,10.0,14159.0,10.0,79313.0,56.0,79313.0,56.0,7787684.0,5515.0,7788498.0,5516.0,86845.0,62.0,86845.0,62.0,60178.0,43.0,60178.0,43.0,1782099.0,1262.0,1795356.0,1271.0,633622.0,449.0,1351692.0,957.0,292321.0,207.0,292321.0,207.0,0.0,0.0,0.0,0.0,0.0,0.0,0.0,0.0,0.0,0.0,0.0,0.0,101460.0,72.0,101460.0,72.0,571674.0,405.0,1179982.0,836.0
2024-25,101912124,Burnet El,324,3334830.0,10293.0,3754966.0,11589.0,2744543.0,8471.0,2839877.0,8765.0,559094.0,1726.0,873276.0,2695.0,31193.0,96.0,41813.0,129.0,3303637.0,10196.0,3713153.0,11460.0,2039414.0,6294.0,2121076.0,6547.0,25708.0,79.0,25708.0,79.0,19274.0,59.0,19274.0,59.0,88876.0,274.0,88876.0,274.0,465187.0,1436.0,465187.0,1436.0,157424.0,486.0,157424.0,486.0,7738.0,24.0,7738.0,24.0,92446.0,285.0,92446.0,285.0,0.0,0.0,0.0,0.0,0.0,0.0,266911.0,824.0,750.0,2.0,9163.0,28.0,406700.0,1255.0,408914.0,1262.0,0.0,0.0,0.0,0.0,0.0,0.0,0.0,0.0,1864080.0,5753.0,1889553.0,5832.0,1924.0,6.0,1924.0,6.0,0.0,0.0,0.0,0.0,381538.0,1178.0,381560.0,1178.0,253271.0,782.0,359754.0,1110.0,395254.0,1220.0,395254.0,1220.0,0.0,0.0,0.0,0.0,0.0,0.0,0.0,0.0,0.0,0.0,0.0,0.0,0.0,0.0,0.0,0.0,407570.0,1258.0,685108.0,2115.0
2024-25,101912125,Burrus El,196,3149392.0,16068.0,3549738.0,18111.0,2640207.0,13470.0,2920419.0,14900.0,490896.0,2505.0,611030.0,3118.0,18289.0,93.0,18289.0,93.0,3131103.0,15975.0,3531449.0,18018.0,1959156.0,9996.0,2195825.0,11203.0,1042.0,5.0,1042.0,5.0,26395.0,135.0,26865.0,137.0,79931.0,408.0,79931.0,408.0,514631.0,2626.0,568200.0,2899.0,124089.0,633.0,124089.0,633.0,4710.0,24.0,4710.0,24.0,86209.0,440.0,86209.0,440.0,0.0,0.0,0.0,0.0,0.0,0.0,106642.0,544.0,2522.0,13.0,2522.0,13.0,332418.0,1696.0,332790.0,1698.0,0.0,0.0,0.0,0.0,0.0,0.0,0.0,0.0,1875726.0,9570.0,1879650.0,9590.0,0.0,0.0,0.0,0.0,0.0,0.0,0.0,0.0,532298.0,2716.0,532298.0,2716.0,116372.0,594.0,404925.0,2066.0,3909.0,20.0,3909.0,20.0,267858.0,1367.0,267858.0,1367.0,0.0,0.0,0.0,0.0,0.0,0.0,0.0,0.0,0.0,0.0,0.0,0.0,334940.0,1709.0,442809.0,2259.0
2024-25,101912275,Bush El,697,5563953.0,7983.0,5867246.0,8418.0,5058122.0,7257.0,5151274.0,7391.0,422753.0,607.0,613131.0,880.0,83078.0,119.0,102841.0,148.0,5480875.0,7864.0,5764405.0,8270.0,4012345.0,5757.0,4121991.0,5914.0,95897.0,138.0,96397.0,138.0,28877.0,41.0,28877.0,41.0,198196.0,284.0,198196.0,284.0,679401.0,975.0,679401.0,975.0,161124.0,231.0,161124.0,231.0,7578.0,11.0,7578.0,11.0,102434.0,147.0,102434.0,147.0,0.0,0.0,0.0,0.0,0.0,0.0,162115.0,233.0,1300.0,2.0,7502.0,11.0,193723.0,278.0,198790.0,285.0,0.0,0.0,0.0,0.0,0.0,0.0,0.0,0.0,3929636.0,5638.0,3946637.0,5662.0,17545.0,25.0,17545.0,25.0,0.0,0.0,0.0,0.0,869639.0,1248.0,961361.0,1379.0,135811.0,195.0,135823.0,195.0,89391.0,128.0,89391.0,128.0,243830.0,350.0,243830.0,350.0,0.0,0.0,0.0,0.0,0.0,0.0,0.0,0.0,0.0,0.0,0.0,0.0,195023.0,280.0,368907.0,529.0
2024-25,101912287,Cage El,319,5125181.0,16066.0,5956708.0,18673.0,4069033.0,12756.0,4568416.0,14321.0,932257.0,2922.0,1255001.0,3934.0,123891.0,388.0,133291.0,418.0,5001290.0,15678.0,5823417.0,18255.0,3309194.0,10374.0,3801730.0,11918.0,1396.0,4.0,1396.0,4.0,24509.0,77.0,24509.0,77.0,148009.0,464.0,148009.0,464.0,618003.0,1937.0,656516.0,2058.0,164090.0,514.0,164090.0,514.0,3439.0,11.0,3439.0,11.0,102222.0,320.0,102237.0,320.0,0.0,0.0,0.0,0.0,0.0,0.0,277022.0,868.0,336.0,1.0,3520.0,11.0,629668.0,1974.0,634649.0,1989.0,0.0,0.0,0.0,0.0,0.0,0.0,0.0,0.0,2666018.0,8357.0,2669552.0,8369.0,0.0,0.0,0.0,0.0,0.0,0.0,0.0,0.0,1229401.0,3854.0,1255332.0,3935.0,123944.0,389.0,631920.0,1981.0,39193.0,123.0,39193.0,123.0,312306.0,979.0,312306.0,979.0,0.0,0.0,0.0,0.0,0.0,0.0,0.0,0.0,0.0,0.0,0.0,0.0,630428.0,1976.0,915114.0,2869.0
2024-25,101912322,Carnegie Vanguard H S,855,7068156.0,8267.0,7332177.0,8576.0,5377432.0,6289.0,5377425.0,6289.0,1528365.0,1788.0,1783609.0,2086.0,162359.0,190.0,171143.0,200.0,6905797.0,8077.0,7161034.0,8375.0,3669393.0,4292.0,3752041.0,4388.0,97172.0,114.0,97172.0,114.0,103315.0,121.0,103315.0,121.0,138999.0,163.0,138999.0,163.0,1094329.0,1280.0,1094329.0,1280.0,868722.0,1016.0,868722.0,1016.0,3163.0,4.0,3163.0,4.0,115765.0,135.0,115765.0,135.0,0.0,0.0,0.0,0.0,0.0,0.0,130085.0,152.0,217516.0,254.0,253943.0,297.0,449289.0,525.0,452310.0,529.0,13699.0,16.0,13699.0,16.0,134435.0,157.0,134435.0,157.0,1582144.0,1850.0,1589843.0,1859.0,4080663.0,4773.0,4081168.0,4773.0,182976.0,214.0,182976.0,214.0,39731.0,46.0,39731.0,46.0,101086.0,118.0,175530.0,205.0,1840.0,2.0,1840.0,2.0,0.0,0.0,0.0,0.0,0.0,0.0,0.0,0.0,102418.0,120.0,102418.0,120.0,156941.0,184.0,156941.0,184.0,657998.0,770.0,827531.0,968.0
2024-25,101912292,Carrillo El,346,3811811.0,11017.0,4223302.0,12206.0,3148903.0,9101.0,3350293.0,9683.0,600486.0,1736.0,810587.0,2343.0,62422.0,180.0,62422.0,180.0,3749389.0,10836.0,4160880.0,12026.0,2355921.0,6809.0,2548613.0,7366.0,1049.0,3.0,1049.0,3.0,105264.0,304.0,105264.0,304.0,116264.0,336.0,116264.0,336.0,515789.0,1491.0,526655.0,1522.0,120658.0,349.0,120658.0,349.0,5524.0,16.0,5524.0,16.0,109417.0,316.0,113402.0,328.0,0.0,0.0,0.0,0.0,0.0,0.0,196826.0,569.0,7979.0,23.0,9619.0,28.0,367412.0,1062.0,370776.0,1072.0,0.0,0.0,0.0,0.0,44112.0,127.0,44112.0,127.0,1950979.0,5639.0,1954978.0,5650.0,2555.0,7.0,2555.0,7.0,0.0,0.0,0.0,0.0,838337.0,2423.0,838355.0,2423.0,182178.0,527.0,387624.0,1120.0,176539.0,510.0,176539.0,510.0,179298.0,518.0,179298.0,518.0,0.0,0.0,0.0,0.0,0.0,0.0,0.0,0.0,0.0,0.0,0.0,0.0,419503.0,1212.0,621333.0,1796.0
2024-25,101912323,Challenge Early College H S,485,3785729.0,7806.0,3944609.0,8133.0,3421720.0,7055.0,3543275.0,7306.0,336996.0,695.0,368192.0,759.0,27013.0,56.0,33142.0,68.0,3758716.0,7750.0,3911467.0,8065.0,2204817.0,4546.0,2239332.0,4617.0,964.0,2.0,964.0,2.0,116060.0,239.0,116060.0,239.0,122251.0,252.0,122251.0,252.0,881105.0,1817.0,882528.0,1820.0,116585.0,240.0,213260.0,440.0,60696.0,125.0,60696.0,125.0,89202.0,184.0,89202.0,184.0,0.0,0.0,0.0,0.0,0.0,0.0,356.0,1.0,35254.0,73.0,51610.0,106.0,70300.0,145.0,70300.0,145.0,670.0,1.0,670.0,1.0,60812.0,125.0,60812.0,125.0,2591314.0,5343.0,2593410.0,5347.0,7260.0,15.0,7260.0,15.0,611293.0,1260.0,613551.0,1265.0,29258.0,60.0,29258.0,60.0,333091.0,687.0,464776.0,958.0,19464.0,40.0,19464.0,40.0,0.0,0.0,0.0,0.0,0.0,0.0,0.0,0.0,0.0,0.0,0.0,0.0,0.0,0.0,0.0,0.0,167036.0,344.0,183748.0,379.0
2024-25,101912027,ChavezH S,1857,19220398.0,10350.0,21016626.0,11318.0,16042641.0,8639.0,17143623.0,9232.0,2923976.0,1575.0,3602378.0,1940.0,253781.0,137.0,270625.0,146.0,18966617.0,10214.0,20746001.0,11172.0,11161093.0,6010.0,12228337.0,6585.0,6346.0,3.0,6346.0,3.0,213557.0,115.0,213557.0,115.0,1949565.0,1050.0,1949565.0,1050.0,2459854.0,1325.0,2479548.0,1335.0,748644.0,403.0,760670.0,410.0,137462.0,74.0,137462.0,74.0,89558.0,48.0,92658.0,50.0,0.0,0.0,0.0,0.0,334.0,0.0,548087.0,295.0,709923.0,382.0,826182.0,445.0,1330852.0,717.0,1330852.0,717.0,98782.0,53.0,98782.0,53.0,59283.0,32.0,59283.0,32.0,8036745.0,4328.0,8084719.0,4354.0,159198.0,86.0,159198.0,86.0,2622276.0,1412.0,2632056.0,1417.0,2789213.0,1502.0,3010073.0,1621.0,999460.0,538.0,1836218.0,989.0,94750.0,51.0,94750.0,51.0,0.0,0.0,0.0,0.0,0.0,0.0,0.0,0.0,2064437.0,1112.0,2064437.0,1112.0,614340.0,331.0,615090.0,331.0,1586198.0,854.0,2249460.0,1211.0
2024-25,101912048,Clifton Middle,363,4828817.0,13303.0,5438595.0,14982.0,4205994.0,11587.0,4510587.0,12426.0,609736.0,1680.0,878411.0,2420.0,13087.0,36.0,49597.0,137.0,4815730.0,13266.0,5388998.0,14846.0,3135953.0,8639.0,3460281.0,9532.0,1187.0,3.0,7636.0,21.0,22822.0,63.0,25506.0,70.0,123798.0,341.0,123798.0,341.0,906382.0,2497.0,949089.0,2615.0,118664.0,327.0,118664.0,327.0,3528.0,10.0,3528.0,10.0,100865.0,278.0,100865.0,278.0,0.0,0.0,0.0,0.0,0.0,0.0,190476.0,525.0,109132.0,301.0,112064.0,309.0,288687.0,795.0,292379.0,805.0,4712.0,13.0,4712.0,13.0,0.0,0.0,0.0,0.0,2831838.0,7801.0,2847749.0,7845.0,0.0,0.0,0.0,0.0,0.0,0.0,0.0,0.0,1192978.0,3286.0,1194474.0,3291.0,177505.0,489.0,536266.0,1477.0,210878.0,581.0,210878.0,581.0,0.0,0.0,0.0,0.0,0.0,0.0,0.0,0.0,0.0,0.0,0.0,0.0,104452.0,288.0,104452.0,288.0,298079.0,821.0,495179.0,1364.0
2024-25,101912123,CodwellEl,341,4106256.0,12042.0,4612421.0,13526.0,3763310.0,11036.0,4032259.0,11825.0,318562.0,934.0,543303.0,1593.0,24384.0,72.0,36859.0,108.0,4081872.0,11970.0,4575562.0,13418.0,2979848.0,8739.0,3229545.0,9471.0,1232.0,4.0,1232.0,4.0,24423.0,72.0,24423.0,72.0,130459.0,383.0,130459.0,383.0,503011.0,1475.0,546568.0,1603.0,238264.0,699.0,238264.0,699.0,3458.0,10.0,3458.0,10.0,101896.0,299.0,101896.0,299.0,0.0,0.0,0.0,0.0,0.0,0.0,196466.0,576.0,1550.0,5.0,3025.0,9.0,96194.0,282.0,98689.0,289.0,1296.0,4.0,1296.0,4.0,0.0,0.0,0.0,0.0,2411238.0,7071.0,2411318.0,7071.0,81.0,0.0,81.0,0.0,0.0,0.0,0.0,0.0,1183918.0,3472.0,1183931.0,3472.0,140121.0,411.0,433282.0,1271.0,0.0,0.0,0.0,0.0,247233.0,725.0,247233.0,725.0,0.0,0.0,0.0,0.0,0.0,0.0,0.0,0.0,0.0,0.0,0.0,0.0,99281.0,291.0,299717.0,879.0
2024-25,101912013,Community Services-Sec,83,5767875.0,69492.0,5866998.0,70687.0,5489954.0,66144.0,5589077.0,67338.0,263819.0,3179.0,263819.0,3179.0,14102.0,170.0,14102.0,170.0,5753773.0,69323.0,5852896.0,70517.0,4385345.0,52835.0,4484468.0,54030.0,1745.0,21.0,1745.0,21.0,20444.0,246.0,20444.0,246.0,184176.0,2219.0,184176.0,2219.0,951841.0,11468.0,951841.0,11468.0,79081.0,953.0,79081.0,953.0,4287.0,52.0,4287.0,52.0,122303.0,1474.0,122303.0,1474.0,0.0,0.0,0.0,0.0,0.0,0.0,0.0,0.0,0.0,0.0,0.0,0.0,4551.0,55.0,4551.0,55.0,0.0,0.0,0.0,0.0,0.0,0.0,0.0,0.0,428951.0,5168.0,428951.0,5168.0,0.0,0.0,0.0,0.0,0.0,0.0,0.0,0.0,1789245.0,21557.0,1888368.0,22751.0,3531026.0,42542.0,3531026.0,42542.0,0.0,0.0,0.0,0.0,0.0,0.0,0.0,0.0,0.0,0.0,0.0,0.0,0.0,0.0,0.0,0.0,0.0,0.0,0.0,0.0,4551.0,55.0,4551.0,55.0
2024-25,101912130,Condit El,729,6189696.0,8491.0,6584111.0,9032.0,5720290.0,7847.0,5788967.0,7941.0,404144.0,554.0,661333.0,907.0,65262.0,90.0,133811.0,184.0,6124434.0,8401.0,6450300.0,8848.0,4624009.0,6343.0,4712214.0,6464.0,95196.0,131.0,95196.0,131.0,31885.0,44.0,31885.0,44.0,208878.0,287.0,208878.0,287.0,681110.0,934.0,681166.0,934.0,196443.0,269.0,196443.0,269.0,75147.0,103.0,75147.0,103.0,95225.0,131.0,95225.0,131.0,0.0,0.0,0.0,0.0,0.0,0.0,195134.0,268.0,1650.0,2.0,39568.0,54.0,107903.0,148.0,109222.0,150.0,6988.0,10.0,6988.0,10.0,0.0,0.0,0.0,0.0,4144122.0,5685.0,4167123.0,5716.0,25441.0,35.0,25441.0,35.0,0.0,0.0,0.0,0.0,1124991.0,1543.0,1125018.0,1543.0,419741.0,576.0,484639.0,665.0,142289.0,195.0,142289.0,195.0,151309.0,208.0,151309.0,208.0,0.0,0.0,0.0,0.0,0.0,0.0,0.0,0.0,0.0,0.0,0.0,0.0,116541.0,160.0,350968.0,481.0
2024-25,101912358,Cook Jr El,448,5416378.0,12090.0,6702597.0,14961.0,4524405.0,10099.0,5444969.0,12154.0,836525.0,1867.0,1202180.0,2683.0,55448.0,124.0,55448.0,124.0,5360930.0,11966.0,6647149.0,14837.0,3652105.0,8152.0,4576633.0,10216.0,1517.0,3.0,1517.0,3.0,31862.0,71.0,31862.0,71.0,150319.0,336.0,150319.0,336.0,734728.0,1640.0,814559.0,1818.0,163830.0,366.0,168160.0,375.0,3544.0,8.0,3544.0,8.0,94881.0,212.0,101042.0,226.0,0.0,0.0,0.0,0.0,0.0,0.0,260745.0,582.0,14348.0,32.0,17732.0,40.0,513341.0,1146.0,517848.0,1156.0,455.0,1.0,455.0,1.0,0.0,0.0,0.0,0.0,3316613.0,7403.0,3364357.0,7510.0,805.0,2.0,805.0,2.0,0.0,0.0,0.0,0.0,914421.0,2041.0,953918.0,2129.0,247728.0,553.0,1176368.0,2626.0,12701.0,28.0,12701.0,28.0,340714.0,761.0,340714.0,761.0,0.0,0.0,0.0,0.0,0.0,0.0,0.0,0.0,0.0,0.0,0.0,0.0,527948.0,1178.0,796584.0,1778.0
2024-25,101912132,Coop El,528,5830367.0,11042.0,6773422.0,12828.0,5245732.0,9935.0,5774544.0,10937.0,499739.0,946.0,888106.0,1682.0,84896.0,161.0,110772.0,210.0,5745471.0,10882.0,6662650.0,12619.0,4313051.0,8169.0,4820621.0,9130.0,1643.0,3.0,1643.0,3.0,30657.0,58.0,30657.0,58.0,170758.0,323.0,170758.0,323.0,747775.0,1416.0,802713.0,1520.0,171404.0,325.0,171404.0,325.0,4041.0,8.0,59041.0,112.0,92290.0,175.0,96248.0,182.0,0.0,0.0,0.0,0.0,0.0,0.0,270318.0,512.0,2860.0,5.0,14666.0,28.0,210992.0,400.0,215187.0,408.0,0.0,0.0,0.0,0.0,0.0,0.0,0.0,0.0,3821796.0,7238.0,3824951.0,7244.0,841.0,2.0,841.0,2.0,0.0,0.0,0.0,0.0,1021558.0,1935.0,1026619.0,1944.0,258772.0,490.0,881416.0,1669.0,68449.0,130.0,68449.0,130.0,360203.0,682.0,360203.0,682.0,0.0,0.0,0.0,0.0,0.0,0.0,0.0,0.0,0.0,0.0,0.0,0.0,213852.0,405.0,500171.0,947.0
2024-25,101912133,Cornelius El,763,6514205.0,8538.0,7232401.0,9479.0,5718152.0,7494.0,5979179.0,7836.0,629741.0,825.0,1084786.0,1422.0,166312.0,218.0,168436.0,221.0,6347893.0,8320.0,7063965.0,9258.0,4483987.0,5877.0,4718712.0,6184.0,103592.0,136.0,103592.0,136.0,56545.0,74.0,127923.0,168.0,213033.0,279.0,213033.0,279.0,847730.0,1111.0,847730.0,1111.0,178062.0,233.0,178062.0,233.0,13864.0,18.0,13864.0,18.0,115321.0,151.0,115321.0,151.0,0.0,0.0,0.0,0.0,0.0,0.0,387429.0,508.0,26983.0,35.0,28176.0,37.0,251268.0,329.0,253978.0,333.0,856.0,1.0,856.0,1.0,56652.0,74.0,56652.0,74.0,4280231.0,5610.0,4286067.0,5617.0,564.0,1.0,564.0,1.0,0.0,0.0,0.0,0.0,783702.0,1027.0,847022.0,1110.0,358918.0,470.0,613357.0,804.0,245017.0,321.0,245017.0,321.0,343702.0,450.0,343702.0,450.0,0.0,0.0,0.0,0.0,0.0,0.0,0.0,0.0,0.0,0.0,0.0,0.0,335759.0,440.0,727091.0,953.0
2024-25,101912290,Crespo El,522,5207477.0,9976.0,5830647.0,11170.0,4391680.0,8413.0,4633915.0,8877.0,540860.0,1036.0,919295.0,1761.0,274937.0,527.0,277437.0,531.0,4932540.0,9449.0,5553210.0,10638.0,3611419.0,6918.0,3883759.0,7440.0,19360.0,37.0,19360.0,37.0,43394.0,83.0,43394.0,83.0,156185.0,299.0,156185.0,299.0,626730.0,1201.0,626730.0,1201.0,155371.0,298.0,155371.0,298.0,6461.0,12.0,6461.0,12.0,88879.0,170.0,88879.0,170.0,0.0,0.0,0.0,0.0,0.0,0.0,332209.0,636.0,0.0,0.0,7012.0,13.0,186598.0,357.0,190463.0,365.0,0.0,0.0,0.0,0.0,38149.0,73.0,38149.0,73.0,3225758.0,6180.0,3227869.0,6184.0,3003.0,6.0,3003.0,6.0,0.0,0.0,0.0,0.0,666476.0,1277.0,666512.0,1277.0,202511.0,388.0,477948.0,916.0,263393.0,505.0,263393.0,505.0,346652.0,664.0,346652.0,664.0,0.0,0.0,0.0,0.0,0.0,0.0,0.0,0.0,0.0,0.0,0.0,0.0,224747.0,431.0,567833.0,1088.0
2024-25,101912135,Crockett El,481,5097210.0,10597.0,5669765.0,11787.0,4605355.0,9575.0,4915157.0,10219.0,476507.0,991.0,739260.0,1537.0,15348.0,32.0,15348.0,32.0,5081862.0,10565.0,5654417.0,11756.0,3776231.0,7851.0,4070835.0,8463.0,2203.0,5.0,2203.0,5.0,26529.0,55.0,26529.0,55.0,149281.0,310.0,149281.0,310.0,663452.0,1379.0,706032.0,1468.0,154415.0,321.0,154415.0,321.0,3846.0,8.0,3846.0,8.0,87406.0,182.0,87406.0,182.0,0.0,0.0,0.0,0.0,0.0,0.0,171283.0,356.0,0.0,0.0,58138.0,121.0,218499.0,454.0,224449.0,467.0,0.0,0.0,0.0,0.0,0.0,0.0,0.0,0.0,3519944.0,7318.0,3524848.0,7328.0,0.0,0.0,0.0,0.0,0.0,0.0,0.0,0.0,684854.0,1424.0,684854.0,1424.0,365546.0,760.0,691841.0,1438.0,7963.0,17.0,13948.0,29.0,285056.0,593.0,285056.0,593.0,0.0,0.0,0.0,0.0,0.0,0.0,0.0,0.0,0.0,0.0,0.0,0.0,218499.0,454.0,453870.0,944.0
2024-25,101912044,Cullen Middle,310,6293355.0,20301.0,7154532.0,23079.0,5028797.0,16222.0,5693772.0,18367.0,837313.0,2701.0,1033515.0,3334.0,427245.0,1378.0,427245.0,1378.0,5866110.0,18923.0,6727287.0,21701.0,3875270.0,12501.0,4525274.0,14598.0,1440.0,5.0,1440.0,5.0,19472.0,63.0,19472.0,63.0,165113.0,533.0,165113.0,533.0,997649.0,3218.0,1036082.0,3342.0,181227.0,585.0,181227.0,585.0,3775.0,12.0,3775.0,12.0,81020.0,261.0,81020.0,261.0,0.0,0.0,0.0,0.0,0.0,0.0,169884.0,548.0,139248.0,449.0,139843.0,451.0,401896.0,1296.0,404157.0,1304.0,0.0,0.0,0.0,0.0,0.0,0.0,0.0,0.0,3112557.0,10041.0,3112557.0,10041.0,0.0,0.0,0.0,0.0,0.0,0.0,0.0,0.0,2050740.0,6615.0,2050740.0,6615.0,72383.0,233.0,760820.0,2454.0,45829.0,148.0,45829.0,148.0,0.0,0.0,0.0,0.0,0.0,0.0,0.0,0.0,43457.0,140.0,43457.0,140.0,137648.0,444.0,137648.0,444.0,403496.0,1302.0,576236.0,1859.0
2024-25,101912136,Cunningham El,557,5052973.0,9072.0,5817324.0,10444.0,4550169.0,8169.0,4927900.0,8847.0,468337.0,841.0,849753.0,1526.0,34467.0,62.0,39671.0,71.0,5018506.0,9010.0,5777653.0,10373.0,3620502.0,6500.0,3977169.0,7140.0,38641.0,69.0,38641.0,69.0,34664.0,62.0,34664.0,62.0,191151.0,343.0,191151.0,343.0,675089.0,1212.0,691951.0,1242.0,173977.0,312.0,173977.0,312.0,10293.0,18.0,10293.0,18.0,99975.0,179.0,104826.0,188.0,0.0,0.0,0.0,0.0,0.0,0.0,367175.0,659.0,0.0,0.0,0.0,0.0,174214.0,313.0,176346.0,317.0,0.0,0.0,0.0,0.0,0.0,0.0,0.0,0.0,2646891.0,4752.0,2646891.0,4752.0,854.0,2.0,854.0,2.0,0.0,0.0,0.0,0.0,1480638.0,2658.0,1489732.0,2675.0,256340.0,460.0,637086.0,1144.0,196465.0,353.0,196465.0,353.0,263104.0,472.0,263104.0,472.0,0.0,0.0,0.0,0.0,0.0,0.0,0.0,0.0,0.0,0.0,0.0,0.0,174214.0,313.0,543521.0,976.0
2024-25,101912297,Davila El,397,4442900.0,11191.0,5100539.0,12848.0,3958272.0,9970.0,4326426.0,10898.0,423930.0,1068.0,713415.0,1797.0,60698.0,153.0,60698.0,153.0,4382202.0,11038.0,5039841.0,12695.0,2850069.0,7179.0,3188873.0,8032.0,95262.0,240.0,95262.0,240.0,134550.0,339.0,134550.0,339.0,150016.0,378.0,150016.0,378.0,698804.0,1760.0,718577.0,1810.0,152496.0,384.0,152496.0,384.0,9365.0,24.0,9365.0,24.0,97876.0,247.0,97876.0,247.0,0.0,0.0,0.0,0.0,0.0,0.0,277328.0,699.0,2722.0,7.0,19387.0,49.0,146769.0,370.0,149311.0,376.0,669.0,2.0,669.0,2.0,43604.0,110.0,43604.0,110.0,2402008.0,6050.0,2402458.0,6052.0,0.0,0.0,0.0,0.0,0.0,0.0,0.0,0.0,1059836.0,2670.0,1069962.0,2695.0,281378.0,709.0,631906.0,1592.0,138225.0,348.0,138225.0,348.0,306991.0,773.0,306991.0,773.0,0.0,0.0,0.0,0.0,0.0,0.0,0.0,0.0,0.0,0.0,0.0,0.0,193764.0,488.0,490299.0,1235.0
2024-25,101912137,De Chaumes El,680,5987902.0,8806.0,6632985.0,9754.0,5329473.0,7837.0,5549399.0,8161.0,628426.0,924.0,1053583.0,1549.0,30003.0,44.0,30003.0,44.0,5957899.0,8762.0,6602982.0,9710.0,4290926.0,6310.0,4444696.0,6536.0,94686.0,139.0,94686.0,139.0,46495.0,68.0,46495.0,68.0,224827.0,331.0,224827.0,331.0,698325.0,1027.0,698325.0,1027.0,91159.0,134.0,172195.0,253.0,7848.0,12.0,7848.0,12.0,109927.0,162.0,109927.0,162.0,0.0,0.0,0.0,0.0,0.0,0.0,401862.0,591.0,0.0,0.0,182.0,0.0,338633.0,498.0,340698.0,501.0,8719.0,13.0,8719.0,13.0,46354.0,68.0,46354.0,68.0,3562571.0,5239.0,3562571.0,5239.0,3689.0,5.0,3689.0,5.0,0.0,0.0,0.0,0.0,971063.0,1428.0,971063.0,1428.0,249086.0,366.0,488447.0,718.0,388062.0,571.0,388062.0,571.0,389722.0,573.0,389722.0,573.0,0.0,0.0,0.0,0.0,0.0,0.0,0.0,0.0,0.0,0.0,0.0,0.0,393706.0,579.0,799428.0,1176.0
2024-25,101912138,De ZavalaEl,244,3134557.0,12847.0,3585833.0,14696.0,2821531.0,11564.0,3084294.0,12641.0,284495.0,1166.0,473008.0,1939.0,28531.0,117.0,28531.0,117.0,3106026.0,12730.0,3557302.0,14579.0,2117955.0,8680.0,2361421.0,9678.0,873.0,4.0,873.0,4.0,26761.0,110.0,26761.0,110.0,83690.0,343.0,83690.0,343.0,520657.0,2134.0,566972.0,2324.0,122065.0,500.0,122065.0,500.0,1990.0,8.0,1990.0,8.0,98490.0,404.0,98490.0,404.0,0.0,0.0,0.0,0.0,0.0,0.0,159265.0,653.0,0.0,0.0,200.0,1.0,133474.0,547.0,135504.0,555.0,0.0,0.0,0.0,0.0,0.0,0.0,0.0,0.0,2059094.0,8439.0,2059094.0,8439.0,0.0,0.0,0.0,0.0,0.0,0.0,0.0,0.0,541525.0,2219.0,541525.0,2219.0,64224.0,263.0,354005.0,1451.0,45494.0,186.0,45494.0,186.0,262144.0,1074.0,262144.0,1074.0,0.0,0.0,0.0,0.0,0.0,0.0,0.0,0.0,0.0,0.0,0.0,0.0,133545.0,547.0,295040.0,1209.0
2024-25,101912045,Deady Middle,413,6784740.0,16428.0,9429015.0,22831.0,5752619.0,13929.0,6626003.0,16044.0,774354.0,1875.0,1168863.0,2830.0,257767.0,624.0,1634149.0,3957.0,6526973.0,15804.0,7794866.0,18874.0,4632576.0,11217.0,5608351.0,13580.0,9165.0,22.0,20181.0,49.0,26516.0,64.0,26516.0,64.0,211992.0,513.0,211992.0,513.0,909973.0,2203.0,973826.0,2358.0,209294.0,507.0,209294.0,507.0,4864.0,12.0,4864.0,12.0,111160.0,269.0,114688.0,278.0,0.0,0.0,0.0,0.0,0.0,0.0,189227.0,458.0,143809.0,348.0,150413.0,364.0,265579.0,643.0,267274.0,647.0,2045.0,5.0,2045.0,5.0,0.0,0.0,0.0,0.0,3796719.0,9193.0,3878588.0,9391.0,191.0,0.0,191.0,0.0,0.0,0.0,0.0,0.0,2031083.0,4918.0,2427389.0,5877.0,139523.0,338.0,730678.0,1769.0,148024.0,358.0,148024.0,358.0,0.0,0.0,0.0,0.0,0.0,0.0,0.0,0.0,0.0,0.0,0.0,0.0,133107.0,322.0,133107.0,322.0,278326.0,674.0,476889.0,1155.0
2024-25,101912383,Deanda El,662,5900910.0,8914.0,6894645.0,10415.0,5155230.0,7787.0,5632981.0,8509.0,638523.0,965.0,944111.0,1426.0,107157.0,162.0,317553.0,480.0,5793753.0,8752.0,6577092.0,9935.0,4148025.0,6266.0,4614986.0,6971.0,2244.0,3.0,2244.0,3.0,48414.0,73.0,48414.0,73.0,192337.0,291.0,192337.0,291.0,750515.0,1134.0,759257.0,1147.0,164074.0,248.0,164074.0,248.0,7307.0,11.0,7307.0,11.0,113231.0,171.0,113231.0,171.0,0.0,0.0,0.0,0.0,0.0,0.0,294383.0,445.0,9871.0,15.0,14568.0,22.0,321258.0,485.0,324389.0,490.0,0.0,0.0,0.0,0.0,36477.0,55.0,36477.0,55.0,3501017.0,5289.0,3498969.0,5285.0,0.0,0.0,0.0,0.0,0.0,0.0,0.0,0.0,839350.0,1268.0,971248.0,1467.0,295850.0,447.0,646421.0,976.0,329006.0,497.0,329006.0,497.0,460924.0,696.0,460924.0,696.0,0.0,0.0,0.0,0.0,0.0,0.0,0.0,0.0,0.0,0.0,0.0,0.0,367606.0,555.0,669817.0,1012.0
2024-25,101912026,Debakey H S For Health Prof,929,9098748.0,9794.0,9540350.0,10269.0,7219162.0,7771.0,7291142.0,7848.0,1628600.0,1753.0,1954223.0,2104.0,250986.0,270.0,294985.0,318.0,8847762.0,9524.0,9245365.0,9952.0,5664619.0,6098.0,5766851.0,6208.0,89932.0,97.0,89932.0,97.0,275432.0,296.0,275432.0,296.0,322602.0,347.0,322602.0,347.0,936072.0,1008.0,943987.0,1016.0,331790.0,357.0,331790.0,357.0,14090.0,15.0,14090.0,15.0,106407.0,115.0,106407.0,115.0,0.0,0.0,0.0,0.0,0.0,0.0,213336.0,230.0,9515.0,10.0,58384.0,63.0,888625.0,957.0,896713.0,965.0,91440.0,98.0,91440.0,98.0,117238.0,126.0,117238.0,126.0,4978908.0,5359.0,4985300.0,5366.0,25543.0,27.0,25543.0,27.0,1622621.0,1747.0,1622621.0,1747.0,565600.0,609.0,565600.0,609.0,451544.0,486.0,572462.0,616.0,17.0,0.0,17.0,0.0,0.0,0.0,0.0,0.0,0.0,0.0,0.0,0.0,96711.0,104.0,96711.0,104.0,0.0,0.0,0.0,0.0,1106818.0,1191.0,1377111.0,1482.0
2024-25,101912140,Dogan El,443,5511850.0,12442.0,6776691.0,15297.0,4715098.0,10644.0,5457436.0,12319.0,752503.0,1699.0,1207407.0,2726.0,44249.0,100.0,111848.0,252.0,5467601.0,12342.0,6664843.0,15045.0,3778762.0,8530.0,4544820.0,10259.0,1566.0,4.0,1566.0,4.0,31120.0,70.0,31120.0,70.0,159197.0,359.0,159197.0,359.0,788717.0,1780.0,846333.0,1910.0,160876.0,363.0,164950.0,372.0,6467.0,15.0,6467.0,15.0,98028.0,221.0,103415.0,233.0,0.0,0.0,0.0,0.0,0.0,0.0,294221.0,664.0,3547.0,8.0,63292.0,143.0,439321.0,992.0,440992.0,995.0,0.0,0.0,0.0,0.0,0.0,0.0,0.0,0.0,3260890.0,7361.0,3324110.0,7504.0,0.0,0.0,0.0,0.0,0.0,0.0,0.0,0.0,1111510.0,2509.0,1123353.0,2536.0,293037.0,661.0,1055040.0,2382.0,31914.0,72.0,31914.0,72.0,327382.0,739.0,327382.0,739.0,0.0,0.0,0.0,0.0,0.0,0.0,0.0,0.0,0.0,0.0,0.0,0.0,442868.0,1000.0,801779.0,1810.0
2024-25,101912115,Durham El,546,4593940.0,8414.0,5046452.0,9243.0,4207700.0,7706.0,4345893.0,7960.0,363378.0,666.0,677697.0,1241.0,22862.0,42.0,22862.0,42.0,4571078.0,8372.0,5023590.0,9201.0,3387148.0,6204.0,3533470.0,6472.0,85607.0,157.0,85607.0,157.0,25300.0,46.0,25300.0,46.0,154323.0,283.0,154323.0,283.0,598324.0,1096.0,598324.0,1096.0,70782.0,130.0,70782.0,130.0,6521.0,12.0,6521.0,12.0,87698.0,161.0,87698.0,161.0,0.0,0.0,0.0,0.0,0.0,0.0,300245.0,550.0,0.0,0.0,1940.0,4.0,155375.0,285.0,159380.0,292.0,0.0,0.0,0.0,0.0,0.0,0.0,0.0,0.0,3106366.0,5689.0,3123761.0,5721.0,4236.0,8.0,4236.0,8.0,0.0,0.0,0.0,0.0,733578.0,1344.0,733578.0,1344.0,126070.0,231.0,240177.0,440.0,174645.0,320.0,174645.0,320.0,270808.0,496.0,270808.0,496.0,0.0,0.0,0.0,0.0,0.0,0.0,0.0,0.0,0.0,0.0,0.0,0.0,155375.0,285.0,461565.0,845.0
2024-25,101912144,Durkee El,439,5314907.0,12107.0,5930576.0,13509.0,4234001.0,9645.0,4549737.0,10364.0,1050652.0,2393.0,1353092.0,3082.0,30254.0,69.0,27747.0,63.0,5284653.0,12038.0,5902829.0,13446.0,3438626.0,7833.0,3780736.0,8612.0,1610.0,4.0,1610.0,4.0,18363.0,42.0,18363.0,42.0,137930.0,314.0,137930.0,314.0,669681.0,1525.0,717270.0,1634.0,158736.0,362.0,158736.0,362.0,3255.0,7.0,3255.0,7.0,80243.0,183.0,80243.0,183.0,0.0,0.0,0.0,0.0,0.0,0.0,208116.0,474.0,2250.0,5.0,7998.0,18.0,773959.0,1763.0,785000.0,1788.0,0.0,0.0,0.0,0.0,0.0,0.0,0.0,0.0,3447062.0,7852.0,3448087.0,7854.0,764.0,2.0,764.0,2.0,0.0,0.0,0.0,0.0,834100.0,1900.0,834100.0,1900.0,186905.0,426.0,579151.0,1319.0,39613.0,90.0,39613.0,90.0,0.0,0.0,0.0,0.0,0.0,0.0,0.0,0.0,0.0,0.0,0.0,0.0,0.0,0.0,0.0,0.0,776209.0,1768.0,1001114.0,2280.0
2024-25,101912345,East Early College H S,458,3792403.0,8280.0,3976181.0,8682.0,3168105.0,6917.0,3201206.0,6990.0,550041.0,1201.0,627467.0,1370.0,74257.0,162.0,147508.0,322.0,3718146.0,8118.0,3828673.0,8360.0,2302446.0,5027.0,2337380.0,5103.0,1076.0,2.0,1076.0,2.0,115339.0,252.0,115339.0,252.0,119528.0,261.0,119528.0,261.0,625423.0,1366.0,625423.0,1366.0,61263.0,134.0,61263.0,134.0,146103.0,319.0,178699.0,390.0,88111.0,192.0,88111.0,192.0,0.0,0.0,0.0,0.0,0.0,0.0,7731.0,17.0,0.0,0.0,30560.0,67.0,244040.0,533.0,244040.0,533.0,14817.0,32.0,14817.0,32.0,0.0,0.0,0.0,0.0,2122017.0,4633.0,2135794.0,4663.0,94421.0,206.0,94421.0,206.0,715881.0,1563.0,715881.0,1563.0,54450.0,119.0,54450.0,119.0,462345.0,1009.0,520804.0,1137.0,10175.0,22.0,10175.0,22.0,0.0,0.0,0.0,0.0,0.0,0.0,0.0,0.0,0.0,0.0,0.0,0.0,0.0,0.0,0.0,0.0,258857.0,565.0,297148.0,649.0
2024-25,101912301,EastwoodAcademy,365,3425664.0,9385.0,3630606.0,9947.0,3001725.0,8224.0,3090405.0,8467.0,364519.0,999.0,473437.0,1297.0,59420.0,163.0,66764.0,183.0,3366244.0,9223.0,3563842.0,9764.0,1986648.0,5443.0,2075574.0,5687.0,872.0,2.0,872.0,2.0,13530.0,37.0,13530.0,37.0,128100.0,351.0,128100.0,351.0,852275.0,2335.0,852275.0,2335.0,129137.0,354.0,129137.0,354.0,10852.0,30.0,10852.0,30.0,87913.0,241.0,87913.0,241.0,0.0,0.0,0.0,0.0,0.0,0.0,91539.0,251.0,10997.0,30.0,21910.0,60.0,145505.0,399.0,147358.0,404.0,129.0,0.0,129.0,0.0,0.0,0.0,0.0,0.0,1865752.0,5112.0,1865998.0,5112.0,8255.0,23.0,8255.0,23.0,762865.0,2090.0,762865.0,2090.0,142671.0,391.0,142671.0,391.0,332263.0,910.0,425310.0,1165.0,9040.0,25.0,9040.0,25.0,0.0,0.0,0.0,0.0,0.0,0.0,0.0,0.0,88588.0,243.0,88588.0,243.0,325.0,1.0,325.0,1.0,156485.0,429.0,260790.0,714.0
2024-25,101912046,Edison Middle,388,6298998.0,16235.0,7236701.0,18651.0,5586922.0,14399.0,6277794.0,16180.0,679339.0,1751.0,926170.0,2387.0,32737.0,84.0,32737.0,84.0,6266261.0,16150.0,7203964.0,18567.0,4450733.0,11471.0,5113909.0,13180.0,1570.0,4.0,1570.0,4.0,18390.0,47.0,18390.0,47.0,175842.0,453.0,175842.0,453.0,949905.0,2448.0,1014800.0,2615.0,182052.0,469.0,182052.0,469.0,4040.0,10.0,4040.0,10.0,103992.0,268.0,109126.0,281.0,0.0,0.0,0.0,0.0,0.0,0.0,188921.0,487.0,150927.0,389.0,156357.0,403.0,227981.0,588.0,230498.0,594.0,829.0,2.0,829.0,2.0,0.0,0.0,0.0,0.0,3302801.0,8512.0,3315145.0,8544.0,0.0,0.0,0.0,0.0,0.0,0.0,0.0,0.0,2051364.0,5287.0,2076335.0,5351.0,117287.0,302.0,820319.0,2114.0,415072.0,1070.0,415555.0,1071.0,0.0,0.0,0.0,0.0,0.0,0.0,0.0,0.0,0.0,0.0,0.0,0.0,145981.0,376.0,145981.0,376.0,233756.0,602.0,430629.0,1110.0
2024-25,101912466,El Daep,0,396630.0,0.0,396630.0,0.0,391069.0,0.0,391069.0,0.0,5439.0,0.0,5439.0,0.0,122.0,0.0,122.0,0.0,396508.0,0.0,396508.0,0.0,348224.0,0.0,348224.0,0.0,131.0,0.0,131.0,0.0,1528.0,0.0,1528.0,0.0,11046.0,0.0,11046.0,0.0,27350.0,0.0,27350.0,0.0,5989.0,0.0,5989.0,0.0,272.0,0.0,272.0,0.0,1780.0,0.0,1780.0,0.0,0.0,0.0,0.0,0.0,0.0,0.0,0.0,0.0,0.0,0.0,0.0,0.0,188.0,0.0,188.0,0.0,0.0,0.0,0.0,0.0,0.0,0.0,0.0,0.0,0.0,0.0,0.0,0.0,0.0,0.0,0.0,0.0,0.0,0.0,0.0,0.0,37720.0,0.0,37720.0,0.0,358600.0,0.0,358600.0,0.0,0.0,0.0,0.0,0.0,0.0,0.0,0.0,0.0,0.0,0.0,0.0,0.0,0.0,0.0,0.0,0.0,0.0,0.0,0.0,0.0,188.0,0.0,188.0,0.0
2024-25,101912147,Eliot El,464,5722444.0,12333.0,6765481.0,14581.0,5003982.0,10784.0,5735273.0,12361.0,634851.0,1368.0,946597.0,2040.0,83611.0,180.0,83611.0,180.0,5638833.0,12153.0,6681870.0,14401.0,4115238.0,8869.0,4843936.0,10440.0,1657.0,4.0,1657.0,4.0,32191.0,69.0,32191.0,69.0,163371.0,352.0,163371.0,352.0,724099.0,1561.0,781981.0,1685.0,167673.0,361.0,167673.0,361.0,3860.0,8.0,3860.0,8.0,87268.0,188.0,88288.0,190.0,0.0,0.0,0.0,0.0,0.0,0.0,249324.0,537.0,0.0,0.0,0.0,0.0,343476.0,740.0,349589.0,753.0,0.0,0.0,0.0,0.0,0.0,0.0,0.0,0.0,3552243.0,7656.0,3674623.0,7919.0,0.0,0.0,0.0,0.0,0.0,0.0,0.0,0.0,1043545.0,2249.0,1069235.0,2304.0,234560.0,506.0,858268.0,1850.0,56830.0,122.0,56830.0,122.0,408179.0,880.0,408179.0,880.0,0.0,0.0,0.0,0.0,0.0,0.0,0.0,0.0,0.0,0.0,0.0,0.0,343476.0,740.0,601973.0,1297.0
2024-25,101912259,Ella J Baker Montessori School,610,5420743.0,8886.0,6098532.0,9998.0,4759204.0,7802.0,5217227.0,8553.0,582206.0,954.0,801972.0,1315.0,79333.0,130.0,79333.0,130.0,5341410.0,8756.0,6019199.0,9868.0,3810482.0,6247.0,4268715.0,6998.0,39254.0,64.0,39254.0,64.0,32620.0,53.0,32620.0,53.0,186722.0,306.0,186722.0,306.0,594816.0,975.0,594816.0,975.0,95797.0,157.0,95587.0,157.0,87130.0,143.0,87130.0,143.0,110779.0,182.0,110779.0,182.0,0.0,0.0,0.0,0.0,0.0,0.0,200959.0,329.0,199.0,0.0,17959.0,29.0,381320.0,625.0,382367.0,627.0,2291.0,4.0,2291.0,4.0,0.0,0.0,0.0,0.0,3645582.0,5976.0,3662201.0,6004.0,2968.0,5.0,2968.0,5.0,52237.0,86.0,52237.0,86.0,495849.0,813.0,838944.0,1375.0,268317.0,440.0,268919.0,441.0,81523.0,134.0,81523.0,134.0,410918.0,674.0,410918.0,674.0,0.0,0.0,0.0,0.0,206.0,0.0,206.0,0.0,199.0,0.0,199.0,0.0,383611.0,629.0,603377.0,989.0
2024-25,101912475,Elmore El,442,5390664.0,12196.0,6514647.0,14739.0,4607324.0,10424.0,5374102.0,12159.0,754170.0,1706.0,1107834.0,2506.0,29170.0,66.0,32711.0,74.0,5361494.0,12130.0,6481936.0,14665.0,3695272.0,8360.0,4494000.0,10167.0,1615.0,4.0,1615.0,4.0,28062.0,63.0,28062.0,63.0,166412.0,376.0,166412.0,376.0,712730.0,1613.0,760158.0,1720.0,173098.0,392.0,177410.0,401.0,3891.0,9.0,3891.0,9.0,106260.0,240.0,107379.0,243.0,0.0,0.0,0.0,0.0,0.0,0.0,268855.0,608.0,6769.0,15.0,6769.0,15.0,467385.0,1057.0,467385.0,1057.0,0.0,0.0,0.0,0.0,0.0,0.0,0.0,0.0,3108085.0,7032.0,3138023.0,7100.0,0.0,0.0,0.0,0.0,0.0,0.0,0.0,0.0,1311623.0,2967.0,1324367.0,2996.0,237399.0,537.0,1046304.0,2367.0,5400.0,12.0,5400.0,12.0,224833.0,509.0,224833.0,509.0,0.0,0.0,0.0,0.0,0.0,0.0,0.0,0.0,0.0,0.0,0.0,0.0,474154.0,1073.0,743009.0,1681.0
2024-25,101912148,Elrod El,741,6520309.0,8799.0,7282714.0,9828.0,5535529.0,7470.0,5803989.0,7833.0,641687.0,866.0,1135632.0,1533.0,343093.0,463.0,343093.0,463.0,6177216.0,8336.0,6939621.0,9365.0,4445908.0,6000.0,4857028.0,6555.0,86069.0,116.0,86069.0,116.0,52785.0,71.0,52785.0,71.0,211958.0,286.0,211958.0,286.0,752501.0,1016.0,760489.0,1026.0,180634.0,244.0,180634.0,244.0,13664.0,18.0,13664.0,18.0,107502.0,145.0,107502.0,145.0,0.0,0.0,0.0,0.0,0.0,0.0,336216.0,454.0,0.0,0.0,350.0,0.0,296689.0,400.0,299320.0,404.0,0.0,0.0,0.0,0.0,29506.0,40.0,29506.0,40.0,4047670.0,5462.0,4047670.0,5462.0,766.0,1.0,766.0,1.0,0.0,0.0,0.0,0.0,800832.0,1081.0,897128.0,1211.0,332831.0,449.0,659375.0,890.0,387000.0,522.0,387000.0,522.0,281922.0,380.0,281922.0,380.0,0.0,0.0,0.0,0.0,0.0,0.0,0.0,0.0,0.0,0.0,0.0,0.0,326195.0,440.0,665392.0,898.0
2024-25,101912149,Emerson El,980,7533039.0,7687.0,8341634.0,8512.0,6597178.0,6732.0,6802919.0,6942.0,703438.0,718.0,1306292.0,1333.0,232423.0,237.0,232423.0,237.0,7300616.0,7450.0,8109211.0,8275.0,5123582.0,5228.0,5487945.0,5600.0,2531.0,3.0,2531.0,3.0,43679.0,45.0,43679.0,45.0,226471.0,231.0,226471.0,231.0,1064020.0,1086.0,1070338.0,1092.0,195660.0,200.0,195660.0,200.0,12754.0,13.0,12754.0,13.0,105842.0,108.0,105842.0,108.0,0.0,0.0,0.0,0.0,0.0,0.0,421321.0,430.0,0.0,0.0,6007.0,6.0,413957.0,422.0,416226.0,425.0,0.0,0.0,0.0,0.0,112120.0,114.0,112120.0,114.0,5295245.0,5403.0,5296418.0,5405.0,3159.0,3.0,3159.0,3.0,0.0,0.0,0.0,0.0,571511.0,583.0,576570.0,588.0,344013.0,351.0,716560.0,731.0,162687.0,166.0,162687.0,166.0,397924.0,406.0,397924.0,406.0,0.0,0.0,0.0,0.0,0.0,0.0,0.0,0.0,0.0,0.0,0.0,0.0,526077.0,537.0,955674.0,975.0
2024-25,101912350,Energized For Excellence Academy E,192,1233024.0,6422.0,1336331.0,6960.0,134476.0,700.0,134476.0,700.0,1098035.0,5719.0,1201342.0,6257.0,513.0,3.0,513.0,3.0,1232511.0,6419.0,1335818.0,6957.0,1153666.0,6009.0,1236161.0,6438.0,393.0,2.0,393.0,2.0,4588.0,24.0,4588.0,24.0,33128.0,173.0,33128.0,173.0,28821.0,150.0,28821.0,150.0,8101.0,42.0,8101.0,42.0,813.0,4.0,813.0,4.0,2997.0,16.0,2997.0,16.0,0.0,0.0,0.0,0.0,0.0,0.0,14493.0,75.0,0.0,0.0,0.0,0.0,4.0,0.0,4.0,0.0,0.0,0.0,0.0,0.0,0.0,0.0,0.0,0.0,997744.0,5197.0,997744.0,5197.0,0.0,0.0,0.0,0.0,0.0,0.0,0.0,0.0,5742.0,30.0,5742.0,30.0,197771.0,1030.0,286585.0,1493.0,31250.0,163.0,31250.0,163.0,0.0,0.0,0.0,0.0,0.0,0.0,0.0,0.0,0.0,0.0,0.0,0.0,0.0,0.0,0.0,0.0,4.0,0.0,14497.0,76.0
2024-25,101912364,Energized For Excellence Academy E,857,5926013.0,6915.0,6378803.0,7443.0,568568.0,663.0,568568.0,663.0,5355279.0,6249.0,5787716.0,6753.0,2166.0,3.0,22519.0,26.0,5923847.0,6912.0,6356284.0,7417.0,5586938.0,6519.0,5991196.0,6991.0,1658.0,2.0,1658.0,2.0,19373.0,23.0,19373.0,23.0,139866.0,163.0,139866.0,163.0,121685.0,142.0,121685.0,142.0,34198.0,40.0,34198.0,40.0,3428.0,4.0,3428.0,4.0,12651.0,15.0,18464.0,22.0,0.0,0.0,0.0,0.0,0.0,0.0,2202.0,3.0,4050.0,5.0,4050.0,5.0,0.0,0.0,0.0,0.0,0.0,0.0,0.0,0.0,0.0,0.0,0.0,0.0,4480039.0,5228.0,4480039.0,5228.0,25656.0,30.0,25656.0,30.0,0.0,0.0,0.0,0.0,158068.0,184.0,159317.0,186.0,884595.0,1032.0,1313581.0,1533.0,371439.0,433.0,371439.0,433.0,0.0,0.0,0.0,0.0,0.0,0.0,0.0,0.0,0.0,0.0,0.0,0.0,0.0,0.0,0.0,0.0,4050.0,5.0,6252.0,7.0
2024-25,101912342,Energized For Excellence Academy I,515,2383696.0,4629.0,3738782.0,7260.0,239863.0,466.0,239863.0,466.0,2142920.0,4161.0,3456751.0,6712.0,913.0,2.0,42168.0,82.0,2382783.0,4627.0,3696614.0,7178.0,2237233.0,4344.0,3504398.0,6805.0,699.0,1.0,699.0,1.0,8156.0,16.0,8156.0,16.0,58891.0,114.0,58891.0,114.0,51235.0,99.0,53044.0,103.0,14400.0,28.0,47248.0,92.0,1443.0,3.0,1443.0,3.0,5326.0,10.0,5326.0,10.0,0.0,0.0,0.0,0.0,0.0,0.0,0.0,0.0,5400.0,10.0,5400.0,10.0,0.0,0.0,0.0,0.0,0.0,0.0,0.0,0.0,0.0,0.0,0.0,0.0,1878997.0,3649.0,2705689.0,5254.0,10039.0,19.0,15334.0,30.0,0.0,0.0,0.0,0.0,46221.0,90.0,72248.0,140.0,300425.0,583.0,576200.0,1119.0,141701.0,275.0,321743.0,625.0,0.0,0.0,0.0,0.0,0.0,0.0,0.0,0.0,0.0,0.0,0.0,0.0,0.0,0.0,0.0,0.0,5400.0,10.0,5400.0,10.0
2024-25,101912321,Energized For Stem Academy H S,520,3712217.0,7139.0,3977998.0,7650.0,285496.0,549.0,285496.0,549.0,3425638.0,6588.0,3645747.0,7011.0,1083.0,2.0,46755.0,90.0,3711134.0,7137.0,3931243.0,7560.0,3544697.0,6817.0,3742257.0,7197.0,829.0,2.0,829.0,2.0,9688.0,19.0,9688.0,19.0,69934.0,134.0,69934.0,134.0,60841.0,117.0,60841.0,117.0,17102.0,33.0,17102.0,33.0,1714.0,3.0,1714.0,3.0,6325.0,12.0,13064.0,25.0,0.0,0.0,0.0,0.0,0.0,0.0,367.0,1.0,0.0,0.0,0.0,0.0,4.0,0.0,4.0,0.0,0.0,0.0,0.0,0.0,0.0,0.0,0.0,0.0,2739031.0,5267.0,2739031.0,5267.0,16162.0,31.0,16162.0,31.0,242467.0,466.0,242467.0,466.0,63182.0,122.0,63182.0,122.0,511567.0,984.0,731309.0,1406.0,138721.0,267.0,138721.0,267.0,0.0,0.0,0.0,0.0,0.0,0.0,0.0,0.0,0.0,0.0,0.0,0.0,0.0,0.0,0.0,0.0,4.0,0.0,371.0,1.0
2024-25,101912390,Energized For Stem Academy Middle,335,2212753.0,6605.0,2669558.0,7969.0,165159.0,493.0,165159.0,493.0,2046968.0,6110.0,2446215.0,7302.0,626.0,2.0,58184.0,174.0,2212127.0,6603.0,2611374.0,7795.0,2110349.0,6300.0,2161171.0,6451.0,480.0,1.0,480.0,1.0,5607.0,17.0,5607.0,17.0,40489.0,121.0,40489.0,121.0,35226.0,105.0,35226.0,105.0,9901.0,30.0,9901.0,30.0,993.0,3.0,993.0,3.0,3662.0,11.0,3662.0,11.0,0.0,0.0,0.0,0.0,0.0,0.0,337198.0,1007.0,5400.0,16.0,5400.0,16.0,20.0,0.0,20.0,0.0,0.0,0.0,0.0,0.0,0.0,0.0,0.0,0.0,1659917.0,4955.0,1659917.0,4955.0,10364.0,31.0,10364.0,31.0,0.0,0.0,0.0,0.0,68625.0,205.0,68625.0,205.0,345787.0,1032.0,407836.0,1217.0,122014.0,364.0,122014.0,364.0,0.0,0.0,0.0,0.0,0.0,0.0,0.0,0.0,0.0,0.0,0.0,0.0,0.0,0.0,0.0,0.0,5420.0,16.0,342618.0,1023.0
2024-25,101912468,Energy Institute H S,663,5661778.0,8540.0,6002322.0,9053.0,4791390.0,7227.0,4927504.0,7432.0,776828.0,1172.0,976798.0,1473.0,93560.0,141.0,98020.0,148.0,5568218.0,8399.0,5904302.0,8905.0,3544845.0,5347.0,3693618.0,5571.0,1694.0,3.0,1694.0,3.0,23370.0,35.0,23370.0,35.0,268207.0,405.0,268207.0,405.0,1058768.0,1597.0,1058768.0,1597.0,105297.0,159.0,105297.0,159.0,15730.0,24.0,15730.0,24.0,93378.0,141.0,93378.0,141.0,0.0,0.0,0.0,0.0,0.0,0.0,174402.0,263.0,5200.0,8.0,8776.0,13.0,451729.0,681.0,451729.0,681.0,0.0,0.0,0.0,0.0,0.0,0.0,0.0,0.0,2528729.0,3814.0,2541388.0,3833.0,92544.0,140.0,92544.0,140.0,1483366.0,2237.0,1483366.0,2237.0,535240.0,807.0,535240.0,807.0,466131.0,703.0,611578.0,922.0,5279.0,8.0,5279.0,8.0,0.0,0.0,0.0,0.0,0.0,0.0,0.0,0.0,0.0,0.0,0.0,0.0,0.0,0.0,0.0,0.0,456929.0,689.0,634907.0,958.0
2024-25,101912352,Farias Early Childhood Center,389,3821909.0,9825.0,4085615.0,10503.0,3396807.0,8732.0,3604310.0,9266.0,354615.0,912.0,410818.0,1056.0,70487.0,181.0,70487.0,181.0,3751422.0,9644.0,4015128.0,10322.0,2638583.0,6783.0,2801532.0,7202.0,1386.0,4.0,1386.0,4.0,62755.0,161.0,62755.0,161.0,140302.0,361.0,140302.0,361.0,541092.0,1391.0,552280.0,1420.0,138994.0,357.0,138994.0,357.0,6048.0,16.0,3224.0,8.0,101004.0,260.0,105962.0,272.0,0.0,0.0,0.0,0.0,0.0,0.0,42763.0,110.0,0.0,0.0,4454.0,11.0,121258.0,312.0,122722.0,315.0,0.0,0.0,0.0,0.0,0.0,0.0,0.0,0.0,1202595.0,3092.0,1202595.0,3092.0,0.0,0.0,0.0,0.0,0.0,0.0,0.0,0.0,396518.0,1019.0,396518.0,1019.0,172469.0,443.0,389600.0,1002.0,295214.0,759.0,295214.0,759.0,1563368.0,4019.0,1563368.0,4019.0,0.0,0.0,0.0,0.0,0.0,0.0,0.0,0.0,0.0,0.0,0.0,0.0,121258.0,312.0,167115.0,430.0
2024-25,101912152,Field El,507,4422570.0,8723.0,4809228.0,9486.0,3869225.0,7632.0,3909381.0,7711.0,510386.0,1007.0,810579.0,1599.0,42959.0,85.0,89268.0,176.0,4379611.0,8638.0,4719960.0,9310.0,3016878.0,5950.0,3069024.0,6053.0,95489.0,188.0,95489.0,188.0,20010.0,39.0,20028.0,40.0,138087.0,272.0,138087.0,272.0,569917.0,1124.0,569917.0,1124.0,155922.0,308.0,155922.0,308.0,6254.0,12.0,6254.0,12.0,97652.0,193.0,97652.0,193.0,0.0,0.0,0.0,0.0,0.0,0.0,210107.0,414.0,0.0,0.0,75155.0,148.0,262598.0,518.0,263449.0,520.0,16804.0,33.0,16804.0,33.0,0.0,0.0,0.0,0.0,2948097.0,5815.0,2954593.0,5828.0,0.0,0.0,0.0,0.0,0.0,0.0,0.0,0.0,950771.0,1875.0,950799.0,1875.0,136846.0,270.0,184540.0,364.0,9967.0,20.0,9967.0,20.0,54528.0,108.0,54528.0,108.0,0.0,0.0,0.0,0.0,0.0,0.0,0.0,0.0,0.0,0.0,0.0,0.0,279402.0,551.0,565533.0,1115.0
2024-25,101912078,Fleming Middle,319,4958720.0,15545.0,6065340.0,19014.0,4234299.0,13274.0,5075972.0,15912.0,709813.0,2225.0,936407.0,2935.0,14608.0,46.0,52961.0,166.0,4944112.0,15499.0,6012379.0,18848.0,3231687.0,10131.0,4015193.0,12587.0,1299.0,4.0,1299.0,4.0,15810.0,50.0,15810.0,50.0,149002.0,467.0,149002.0,467.0,856332.0,2684.0,943322.0,2957.0,156761.0,491.0,156761.0,491.0,3407.0,11.0,3407.0,11.0,102235.0,320.0,107646.0,337.0,0.0,0.0,0.0,0.0,0.0,0.0,189070.0,593.0,154222.0,483.0,154537.0,484.0,271234.0,850.0,273106.0,856.0,2123.0,7.0,3226.0,10.0,0.0,0.0,0.0,0.0,2751207.0,8624.0,2824926.0,8856.0,0.0,0.0,0.0,0.0,0.0,0.0,0.0,0.0,1613182.0,5057.0,1632975.0,5119.0,71498.0,224.0,849591.0,2663.0,80646.0,253.0,84948.0,266.0,0.0,0.0,0.0,0.0,0.0,0.0,0.0,0.0,0.0,0.0,0.0,0.0,149296.0,468.0,149296.0,468.0,278283.0,872.0,470643.0,1475.0
2024-25,101912271,Foerster El,527,5696385.0,10809.0,6733141.0,12776.0,5234975.0,9934.0,5744835.0,10901.0,412349.0,782.0,902180.0,1712.0,49061.0,93.0,86126.0,163.0,5647324.0,10716.0,6647015.0,12613.0,4275775.0,8113.0,4823277.0,9152.0,1746.0,3.0,1746.0,3.0,36103.0,69.0,36103.0,69.0,170728.0,324.0,170728.0,324.0,726531.0,1379.0,772785.0,1466.0,165753.0,315.0,165753.0,315.0,4040.0,8.0,4040.0,8.0,104689.0,199.0,114717.0,218.0,0.0,0.0,0.0,0.0,0.0,0.0,343434.0,652.0,400.0,1.0,48751.0,93.0,161559.0,307.0,163025.0,309.0,0.0,0.0,0.0,0.0,0.0,0.0,0.0,0.0,3804564.0,7219.0,3842865.0,7292.0,0.0,0.0,0.0,0.0,0.0,0.0,0.0,0.0,1053445.0,1999.0,1053445.0,1999.0,258792.0,491.0,824275.0,1564.0,53069.0,101.0,53069.0,101.0,315495.0,599.0,315495.0,599.0,0.0,0.0,0.0,0.0,0.0,0.0,0.0,0.0,0.0,0.0,200.0,0.0,161959.0,307.0,557666.0,1058.0
2024-25,101912153,Fondren El,338,3670139.0,10858.0,3972940.0,11754.0,3123661.0,9242.0,3215239.0,9513.0,485879.0,1438.0,697102.0,2062.0,60599.0,179.0,60599.0,179.0,3609540.0,10679.0,3912341.0,11575.0,2600947.0,7695.0,2711341.0,8022.0,1574.0,5.0,1574.0,5.0,23565.0,70.0,23565.0,70.0,128837.0,381.0,128837.0,381.0,430171.0,1273.0,430171.0,1273.0,68134.0,202.0,68134.0,202.0,2930.0,9.0,2930.0,9.0,83480.0,247.0,83480.0,247.0,0.0,0.0,0.0,0.0,0.0,0.0,188301.0,557.0,0.0,0.0,0.0,0.0,220835.0,653.0,223799.0,662.0,0.0,0.0,0.0,0.0,49067.0,145.0,49067.0,145.0,1783874.0,5278.0,1785469.0,5282.0,963.0,3.0,963.0,3.0,0.0,0.0,0.0,0.0,1103967.0,3266.0,1103986.0,3266.0,86506.0,256.0,196428.0,581.0,66523.0,197.0,66523.0,197.0,297805.0,881.0,297805.0,881.0,0.0,0.0,0.0,0.0,0.0,0.0,0.0,0.0,0.0,0.0,0.0,0.0,269902.0,799.0,461167.0,1364.0
2024-25,101912072,Fondren Middle,713,8062754.0,11308.0,9187022.0,12885.0,7055870.0,9896.0,7664894.0,10750.0,815030.0,1143.0,1294834.0,1816.0,191854.0,269.0,227294.0,319.0,7870900.0,11039.0,8959728.0,12566.0,5562307.0,7801.0,6267176.0,8790.0,2123.0,3.0,2123.0,3.0,31737.0,45.0,31737.0,45.0,213443.0,299.0,213443.0,299.0,1103191.0,1547.0,1142025.0,1602.0,308692.0,433.0,308692.0,433.0,6167.0,9.0,6167.0,9.0,219075.0,307.0,219075.0,307.0,0.0,0.0,0.0,0.0,0.0,0.0,338323.0,475.0,141761.0,199.0,145682.0,204.0,280319.0,393.0,283200.0,397.0,2085.0,3.0,2085.0,3.0,0.0,0.0,0.0,0.0,5294041.0,7425.0,5296596.0,7429.0,0.0,0.0,0.0,0.0,0.0,0.0,0.0,0.0,1488189.0,2087.0,1488189.0,2087.0,344762.0,484.0,1085910.0,1523.0,319743.0,448.0,319743.0,448.0,0.0,0.0,0.0,0.0,0.0,0.0,0.0,0.0,0.0,0.0,0.0,0.0,92273.0,129.0,92273.0,129.0,331892.0,465.0,677017.0,950.0
2024-25,101912047,FonvilleMiddle,583,7807220.0,13391.0,8960020.0,15369.0,6765612.0,11605.0,7419785.0,12727.0,999409.0,1714.0,1460355.0,2505.0,42199.0,72.0,79880.0,137.0,7765021.0,13319.0,8880140.0,15232.0,5578493.0,9569.0,6332880.0,10863.0,2008.0,3.0,2008.0,3.0,27937.0,48.0,30209.0,52.0,209607.0,360.0,209607.0,360.0,912903.0,1566.0,966084.0,1657.0,317211.0,544.0,317211.0,544.0,4886.0,8.0,4886.0,8.0,101152.0,174.0,105546.0,181.0,0.0,0.0,0.0,0.0,0.0,0.0,290023.0,497.0,146046.0,251.0,147341.0,253.0,463740.0,795.0,465082.0,798.0,1038.0,2.0,1038.0,2.0,0.0,0.0,0.0,0.0,4797399.0,8229.0,4820207.0,8268.0,0.0,0.0,0.0,0.0,0.0,0.0,0.0,0.0,1805449.0,3097.0,1805449.0,3097.0,251987.0,432.0,1049366.0,1800.0,299362.0,513.0,299362.0,513.0,0.0,0.0,0.0,0.0,0.0,0.0,0.0,0.0,0.0,0.0,0.0,0.0,142746.0,245.0,142746.0,245.0,468078.0,803.0,763010.0,1309.0
2024-25,101912470,Fonwood Early Childhood Ctr,393,3998850.0,10175.0,4344732.0,11055.0,3527897.0,8977.0,3671238.0,9342.0,399608.0,1017.0,597849.0,1521.0,71345.0,182.0,75645.0,192.0,3927505.0,9994.0,4269087.0,10863.0,2807036.0,7143.0,2914894.0,7417.0,1437.0,4.0,1437.0,4.0,48739.0,124.0,48739.0,124.0,153679.0,391.0,153679.0,391.0,617258.0,1571.0,617258.0,1571.0,68093.0,173.0,68093.0,173.0,6813.0,17.0,52159.0,133.0,102136.0,260.0,102136.0,260.0,0.0,0.0,0.0,0.0,0.0,0.0,187418.0,477.0,0.0,0.0,464.0,1.0,122314.0,311.0,122314.0,311.0,0.0,0.0,0.0,0.0,0.0,0.0,0.0,0.0,1111419.0,2828.0,1111419.0,2828.0,0.0,0.0,0.0,0.0,0.0,0.0,0.0,0.0,1080987.0,2751.0,1080987.0,2751.0,260142.0,662.0,413487.0,1052.0,113491.0,289.0,113491.0,289.0,1239152.0,3153.0,1239152.0,3153.0,0.0,0.0,0.0,0.0,0.0,0.0,0.0,0.0,0.0,0.0,0.0,0.0,122314.0,311.0,310196.0,789.0
2024-25,101912476,Forest Brook Middle,546,7444467.0,13635.0,9253300.0,16947.0,6218475.0,11389.0,7670775.0,14049.0,996159.0,1824.0,1352692.0,2477.0,229833.0,421.0,229833.0,421.0,7214634.0,13214.0,9023467.0,16526.0,4939444.0,9047.0,6311831.0,11560.0,1957.0,4.0,1957.0,4.0,30759.0,56.0,161430.0,296.0,214746.0,393.0,214746.0,393.0,974151.0,1784.0,1043654.0,1911.0,208858.0,383.0,213155.0,390.0,4955.0,9.0,4416.0,8.0,102801.0,188.0,103820.0,190.0,0.0,0.0,0.0,0.0,0.0,0.0,226014.0,414.0,117987.0,216.0,118730.0,217.0,618666.0,1133.0,619472.0,1135.0,310.0,1.0,310.0,1.0,0.0,0.0,0.0,0.0,4107624.0,7523.0,4251384.0,7786.0,0.0,0.0,0.0,0.0,0.0,0.0,0.0,0.0,2074742.0,3800.0,2103093.0,3852.0,189374.0,347.0,1597572.0,2926.0,105931.0,194.0,108237.0,198.0,0.0,0.0,0.0,0.0,0.0,0.0,0.0,0.0,0.0,0.0,0.0,0.0,117987.0,216.0,118030.0,216.0,618976.0,1134.0,845151.0,1548.0
2024-25,101912154,Foster El,333,3304417.0,9923.0,3721912.0,11177.0,2832965.0,8507.0,2966973.0,8910.0,372128.0,1118.0,649243.0,1950.0,99324.0,298.0,105696.0,317.0,3205093.0,9625.0,3616216.0,10860.0,2179742.0,6546.0,2370147.0,7118.0,96040.0,288.0,96040.0,288.0,17996.0,54.0,17996.0,54.0,101606.0,305.0,101606.0,305.0,462325.0,1388.0,469279.0,1409.0,61840.0,186.0,61840.0,186.0,5380.0,16.0,5380.0,16.0,84310.0,253.0,84310.0,253.0,0.0,0.0,0.0,0.0,0.0,0.0,210197.0,631.0,0.0,0.0,0.0,0.0,195854.0,588.0,199421.0,599.0,0.0,0.0,0.0,0.0,0.0,0.0,0.0,0.0,1964184.0,5898.0,1968992.0,5913.0,0.0,0.0,0.0,0.0,0.0,0.0,0.0,0.0,668217.0,2007.0,681502.0,2047.0,84491.0,254.0,263757.0,792.0,0.0,0.0,0.0,0.0,292347.0,878.0,292347.0,878.0,0.0,0.0,0.0,0.0,0.0,0.0,0.0,0.0,0.0,0.0,0.0,0.0,195854.0,588.0,409618.0,1230.0
2024-25,101912155,Franklin El,217,3094589.0,14261.0,3542668.0,16326.0,2758873.0,12714.0,3029673.0,13962.0,325485.0,1500.0,502764.0,2317.0,10231.0,47.0,10231.0,47.0,3084358.0,14214.0,3532437.0,16279.0,2084972.0,9608.0,2334238.0,10757.0,829.0,4.0,829.0,4.0,18190.0,84.0,18190.0,84.0,80006.0,369.0,80006.0,369.0,505380.0,2329.0,541751.0,2497.0,128650.0,593.0,128650.0,593.0,1901.0,9.0,1901.0,9.0,85225.0,393.0,85225.0,393.0,0.0,0.0,0.0,0.0,0.0,0.0,159601.0,735.0,0.0,0.0,0.0,0.0,179143.0,826.0,181984.0,839.0,62.0,0.0,62.0,0.0,0.0,0.0,0.0,0.0,1957759.0,9022.0,1960279.0,9034.0,0.0,0.0,0.0,0.0,0.0,0.0,0.0,0.0,586058.0,2701.0,586183.0,2701.0,61558.0,284.0,344550.0,1588.0,33982.0,157.0,33982.0,157.0,265796.0,1225.0,265796.0,1225.0,0.0,0.0,0.0,0.0,0.0,0.0,0.0,0.0,0.0,0.0,0.0,0.0,179205.0,826.0,341647.0,1574.0
2024-25,101912156,Frost El,401,5166885.0,12885.0,6018655.0,15009.0,4624548.0,11533.0,5082974.0,12676.0,494038.0,1232.0,881608.0,2199.0,48299.0,120.0,54073.0,135.0,5118586.0,12765.0,5964582.0,14874.0,3768214.0,9397.0,4289007.0,10696.0,1702.0,4.0,1702.0,4.0,36230.0,90.0,36230.0,90.0,173780.0,433.0,173780.0,433.0,661252.0,1649.0,715193.0,1784.0,166106.0,414.0,166106.0,414.0,4072.0,10.0,4072.0,10.0,110225.0,275.0,114833.0,286.0,0.0,0.0,0.0,0.0,0.0,0.0,260695.0,650.0,0.0,0.0,0.0,0.0,197005.0,491.0,199678.0,498.0,0.0,0.0,0.0,0.0,0.0,0.0,0.0,0.0,3004041.0,7491.0,3036024.0,7571.0,0.0,0.0,0.0,0.0,0.0,0.0,0.0,0.0,1199127.0,2990.0,1199127.0,2990.0,174649.0,436.0,725294.0,1809.0,11621.0,29.0,11621.0,29.0,532143.0,1327.0,532143.0,1327.0,0.0,0.0,0.0,0.0,0.0,0.0,0.0,0.0,0.0,0.0,0.0,0.0,197005.0,491.0,460373.0,1148.0
2024-25,101912004,Furr H S,909,12103752.0,13315.0,13268335.0,14597.0,10678172.0,11747.0,11352826.0,12489.0,1338483.0,1472.0,1797979.0,1978.0,87097.0,96.0,117530.0,129.0,12016655.0,13220.0,13150805.0,14467.0,7945919.0,8741.0,8625419.0,9489.0,3562.0,4.0,3562.0,4.0,41404.0,46.0,41404.0,46.0,383121.0,421.0,383121.0,421.0,1564216.0,1721.0,1639764.0,1804.0,587333.0,646.0,592367.0,652.0,87190.0,96.0,87190.0,96.0,96317.0,106.0,108291.0,119.0,0.0,0.0,0.0,0.0,0.0,0.0,301830.0,332.0,618188.0,680.0,634116.0,698.0,631265.0,694.0,633911.0,697.0,58140.0,64.0,58140.0,64.0,0.0,0.0,0.0,0.0,7017639.0,7720.0,7023643.0,7727.0,0.0,0.0,0.0,0.0,1110349.0,1222.0,1112034.0,1223.0,2145589.0,2360.0,2156871.0,2373.0,418791.0,461.0,1208406.0,1329.0,0.0,0.0,0.0,0.0,0.0,0.0,0.0,0.0,0.0,0.0,0.0,0.0,16694.0,18.0,21854.0,24.0,605417.0,666.0,605417.0,666.0,702176.0,772.0,1022580.0,1125.0
2024-25,101912291,GallegosEl,348,4306899.0,12376.0,5043524.0,14493.0,3825443.0,10993.0,4250367.0,12214.0,456717.0,1312.0,754218.0,2167.0,24739.0,71.0,38939.0,112.0,4282160.0,12305.0,5004585.0,14381.0,3068428.0,8817.0,3495289.0,10044.0,1348.0,4.0,1348.0,4.0,28154.0,81.0,28154.0,81.0,140730.0,404.0,140730.0,404.0,591020.0,1698.0,644356.0,1852.0,159493.0,458.0,159493.0,458.0,5977.0,17.0,5977.0,17.0,105323.0,303.0,105323.0,303.0,0.0,0.0,0.0,0.0,0.0,0.0,235990.0,678.0,9897.0,28.0,9897.0,28.0,171790.0,494.0,176050.0,506.0,0.0,0.0,0.0,0.0,0.0,0.0,0.0,0.0,2304686.0,6623.0,2309587.0,6637.0,0.0,0.0,0.0,0.0,0.0,0.0,0.0,0.0,1094503.0,3145.0,1099554.0,3160.0,210222.0,604.0,680422.0,1955.0,50808.0,146.0,50808.0,146.0,440254.0,1265.0,440254.0,1265.0,0.0,0.0,0.0,0.0,0.0,0.0,0.0,0.0,0.0,0.0,0.0,0.0,181687.0,522.0,421937.0,1212.0
2024-25,101912283,Garcia El,288,3043930.0,10569.0,3366904.0,11691.0,2717728.0,9437.0,2825600.0,9811.0,283001.0,983.0,498103.0,1730.0,43201.0,150.0,43201.0,150.0,3000729.0,10419.0,3323703.0,11541.0,2069446.0,7186.0,2187915.0,7597.0,1003.0,3.0,1003.0,3.0,23294.0,81.0,23294.0,81.0,108327.0,376.0,108327.0,376.0,475115.0,1650.0,475115.0,1650.0,119716.0,416.0,119716.0,416.0,5506.0,19.0,5506.0,19.0,89897.0,312.0,89897.0,312.0,0.0,0.0,0.0,0.0,0.0,0.0,198293.0,689.0,348.0,1.0,548.0,2.0,108068.0,375.0,109451.0,380.0,9.0,0.0,9.0,0.0,0.0,0.0,0.0,0.0,1817064.0,6309.0,1829256.0,6352.0,1920.0,7.0,1920.0,7.0,0.0,0.0,0.0,0.0,919969.0,3194.0,922125.0,3202.0,79572.0,276.0,188322.0,654.0,27923.0,97.0,27923.0,97.0,45856.0,159.0,45856.0,159.0,0.0,0.0,0.0,0.0,0.0,0.0,0.0,0.0,348.0,1.0,348.0,1.0,108077.0,375.0,307953.0,1069.0
2024-25,101912157,Garden Oaks Montessori,756,7195942.0,9518.0,7631508.0,10095.0,6519898.0,8624.0,6713812.0,8881.0,601758.0,796.0,843410.0,1116.0,74286.0,98.0,74286.0,98.0,7121656.0,9420.0,7557222.0,9996.0,5305838.0,7018.0,5508936.0,7287.0,94316.0,125.0,94316.0,125.0,115825.0,153.0,115825.0,153.0,214842.0,284.0,214842.0,284.0,787702.0,1042.0,795814.0,1053.0,182253.0,241.0,182253.0,241.0,50195.0,66.0,50195.0,66.0,99733.0,132.0,101901.0,135.0,0.0,0.0,0.0,0.0,0.0,0.0,211319.0,280.0,4200.0,6.0,4200.0,6.0,266752.0,353.0,272250.0,360.0,0.0,0.0,0.0,0.0,0.0,0.0,0.0,0.0,4704964.0,6223.0,4710341.0,6231.0,11788.0,16.0,11788.0,16.0,0.0,0.0,0.0,0.0,1471258.0,1946.0,1526074.0,2019.0,307499.0,407.0,451243.0,597.0,53019.0,70.0,53019.0,70.0,302176.0,400.0,302176.0,400.0,0.0,0.0,0.0,0.0,0.0,0.0,0.0,0.0,0.0,0.0,0.0,0.0,270952.0,358.0,487769.0,645.0
2024-25,101912158,Garden Villas El,363,3852243.0,10612.0,4286262.0,11808.0,3124331.0,8607.0,3331293.0,9177.0,639587.0,1762.0,866644.0,2387.0,88325.0,243.0,88325.0,243.0,3763918.0,10369.0,4197937.0,11565.0,2374238.0,6541.0,2579610.0,7106.0,1290.0,4.0,1290.0,4.0,20468.0,56.0,20468.0,56.0,116175.0,320.0,116175.0,320.0,550568.0,1517.0,559461.0,1541.0,129268.0,356.0,129268.0,356.0,11700.0,32.0,11700.0,32.0,78891.0,217.0,78891.0,217.0,0.0,0.0,0.0,0.0,0.0,0.0,200211.0,552.0,0.0,0.0,14548.0,40.0,481320.0,1326.0,482827.0,1330.0,0.0,0.0,0.0,0.0,0.0,0.0,0.0,0.0,2299624.0,6335.0,2299787.0,6336.0,0.0,0.0,0.0,0.0,0.0,0.0,0.0,0.0,432712.0,1192.0,437792.0,1206.0,336951.0,928.0,549461.0,1514.0,94139.0,259.0,94139.0,259.0,119172.0,328.0,119172.0,328.0,0.0,0.0,0.0,0.0,0.0,0.0,0.0,0.0,0.0,0.0,0.0,0.0,481320.0,1326.0,697586.0,1922.0
2024-25,101912159,Golfcrest El,370,4850520.0,13110.0,5819597.0,15729.0,4280703.0,11569.0,4718605.0,12753.0,491994.0,1330.0,1008645.0,2726.0,77823.0,210.0,92347.0,250.0,4772697.0,12899.0,5727250.0,15479.0,3451175.0,9328.0,3927832.0,10616.0,14793.0,40.0,14793.0,40.0,27047.0,73.0,27047.0,73.0,144973.0,392.0,144973.0,392.0,618790.0,1672.0,658764.0,1780.0,160856.0,435.0,160856.0,435.0,3411.0,9.0,3411.0,9.0,77972.0,211.0,81914.0,221.0,0.0,0.0,0.0,0.0,0.0,0.0,229287.0,620.0,0.0,0.0,186360.0,504.0,272774.0,737.0,273886.0,740.0,606.0,2.0,606.0,2.0,300.0,1.0,300.0,1.0,2899246.0,7836.0,2899611.0,7837.0,0.0,0.0,0.0,0.0,0.0,0.0,0.0,0.0,965544.0,2610.0,965544.0,2610.0,199427.0,539.0,723236.0,1955.0,38815.0,105.0,38815.0,105.0,395985.0,1070.0,395985.0,1070.0,0.0,0.0,0.0,0.0,0.0,0.0,0.0,0.0,0.0,0.0,0.0,0.0,273680.0,740.0,703819.0,1902.0
2024-25,101912162,Gregg El,288,3846998.0,13358.0,5227733.0,18152.0,3443501.0,11957.0,3825945.0,13285.0,383525.0,1332.0,645574.0,2242.0,19972.0,69.0,756214.0,2626.0,3827026.0,13288.0,4471519.0,15526.0,2707503.0,9401.0,3083103.0,10705.0,1153.0,4.0,1153.0,4.0,30739.0,107.0,30739.0,107.0,117497.0,408.0,117497.0,408.0,560512.0,1946.0,614819.0,2135.0,150541.0,523.0,150541.0,523.0,4036.0,14.0,4036.0,14.0,92588.0,321.0,97272.0,338.0,0.0,0.0,0.0,0.0,0.0,0.0,205017.0,712.0,1889.0,7.0,2512.0,9.0,160568.0,558.0,161723.0,562.0,0.0,0.0,0.0,0.0,0.0,0.0,0.0,0.0,2149530.0,7464.0,2153436.0,7477.0,0.0,0.0,0.0,0.0,0.0,0.0,0.0,0.0,870677.0,3023.0,870677.0,3023.0,208247.0,723.0,642039.0,2229.0,19219.0,67.0,19219.0,67.0,416896.0,1448.0,416896.0,1448.0,0.0,0.0,0.0,0.0,0.0,0.0,0.0,0.0,0.0,0.0,0.0,0.0,162457.0,564.0,369252.0,1282.0
2024-25,101912058,Gregory-Lincoln Ed Ctr,502,6333695.0,12617.0,7874476.0,15686.0,5282408.0,10523.0,6424154.0,12797.0,983881.0,1960.0,1360663.0,2710.0,67406.0,134.0,89659.0,179.0,6266289.0,12483.0,7784817.0,15508.0,3996034.0,7960.0,5232744.0,10424.0,1613.0,3.0,1613.0,3.0,27368.0,55.0,27368.0,55.0,152427.0,304.0,152427.0,304.0,928743.0,1850.0,964944.0,1922.0,268888.0,536.0,268888.0,536.0,3635.0,7.0,3635.0,7.0,90781.0,181.0,90781.0,181.0,0.0,0.0,0.0,0.0,0.0,0.0,236754.0,472.0,84446.0,168.0,84516.0,168.0,710042.0,1414.0,714754.0,1424.0,2312.0,5.0,2312.0,5.0,0.0,0.0,0.0,0.0,4032481.0,8033.0,4100461.0,8168.0,0.0,0.0,0.0,0.0,0.0,0.0,0.0,0.0,854749.0,1703.0,1470968.0,2930.0,175549.0,350.0,768342.0,1531.0,104781.0,209.0,104781.0,209.0,301929.0,601.0,301929.0,601.0,0.0,0.0,0.0,0.0,0.0,0.0,0.0,0.0,84446.0,168.0,84446.0,168.0,712354.0,1419.0,953890.0,1900.0
2024-25,101912262,Grissom El,424,5236310.0,12350.0,5952944.0,14040.0,4808661.0,11341.0,5155818.0,12160.0,388366.0,916.0,734508.0,1732.0,39283.0,93.0,62618.0,148.0,5197027.0,12257.0,5890326.0,13892.0,3868002.0,9123.0,4235759.0,9990.0,1844.0,4.0,1844.0,4.0,31233.0,74.0,31233.0,74.0,167057.0,394.0,167057.0,394.0,710252.0,1675.0,748879.0,1766.0,168336.0,397.0,168336.0,397.0,3951.0,9.0,3951.0,9.0,103552.0,244.0,103552.0,244.0,0.0,0.0,0.0,0.0,0.0,0.0,283806.0,669.0,0.0,0.0,0.0,0.0,141052.0,333.0,143319.0,338.0,0.0,0.0,0.0,0.0,0.0,0.0,0.0,0.0,3488692.0,8228.0,3491404.0,8234.0,798.0,2.0,798.0,2.0,0.0,0.0,0.0,0.0,939417.0,2216.0,938563.0,2214.0,182583.0,431.0,568214.0,1340.0,40272.0,95.0,60009.0,142.0,402466.0,949.0,402466.0,949.0,0.0,0.0,0.0,0.0,0.0,0.0,0.0,0.0,0.0,0.0,0.0,0.0,142799.0,337.0,428872.0,1011.0
2024-25,101912369,Gross El,390,4702708.0,12058.0,5349100.0,13716.0,4018910.0,10305.0,4379260.0,11229.0,614522.0,1576.0,888689.0,2279.0,69276.0,178.0,81151.0,208.0,4633432.0,11881.0,5267949.0,13508.0,3163393.0,8111.0,3554039.0,9113.0,1311.0,3.0,1311.0,3.0,25466.0,65.0,25466.0,65.0,130572.0,335.0,130572.0,335.0,707437.0,1814.0,752911.0,1931.0,128981.0,331.0,128981.0,331.0,3078.0,8.0,3078.0,8.0,94578.0,243.0,94578.0,243.0,0.0,0.0,0.0,0.0,0.0,0.0,192170.0,493.0,0.0,0.0,0.0,0.0,378616.0,971.0,382593.0,981.0,0.0,0.0,0.0,0.0,0.0,0.0,0.0,0.0,2888534.0,7406.0,2927295.0,7506.0,0.0,0.0,0.0,0.0,0.0,0.0,0.0,0.0,908561.0,2330.0,910088.0,2334.0,193821.0,497.0,591903.0,1518.0,21537.0,55.0,21537.0,55.0,242363.0,621.0,242363.0,621.0,0.0,0.0,0.0,0.0,0.0,0.0,0.0,0.0,0.0,0.0,0.0,0.0,378616.0,971.0,574763.0,1474.0
2024-25,101912456,H S Ahead Academy,151,1863849.0,12343.0,2000277.0,13247.0,1744012.0,11550.0,1802117.0,11935.0,108998.0,722.0,187321.0,1241.0,10839.0,72.0,10839.0,72.0,1853010.0,12272.0,1989438.0,13175.0,1060773.0,7025.0,1119353.0,7413.0,3147.0,21.0,3147.0,21.0,4860.0,32.0,4860.0,32.0,32970.0,218.0,32970.0,218.0,518909.0,3436.0,518909.0,3436.0,115406.0,764.0,115406.0,764.0,3803.0,25.0,3803.0,25.0,84430.0,559.0,84430.0,559.0,0.0,0.0,0.0,0.0,0.0,0.0,75225.0,498.0,0.0,0.0,1255.0,8.0,28688.0,190.0,28688.0,190.0,0.0,0.0,0.0,0.0,24.0,0.0,24.0,0.0,1572932.0,10417.0,1572932.0,10417.0,185.0,1.0,185.0,1.0,0.0,0.0,0.0,0.0,111040.0,735.0,111040.0,735.0,135422.0,897.0,195370.0,1294.0,4719.0,31.0,4719.0,31.0,0.0,0.0,0.0,0.0,0.0,0.0,0.0,0.0,0.0,0.0,0.0,0.0,0.0,0.0,0.0,0.0,28712.0,190.0,105192.0,697.0
2024-25,101912034,H S For Law And Justice,391,6102257.0,15607.0,6422619.0,16426.0,5015699.0,12828.0,5125081.0,13108.0,1028920.0,2632.0,1216483.0,3111.0,57638.0,147.0,81055.0,207.0,6044619.0,15459.0,6341564.0,16219.0,2943913.0,7529.0,3058123.0,7821.0,1117.0,3.0,1117.0,3.0,119782.0,306.0,119782.0,306.0,1510951.0,3864.0,1510951.0,3864.0,803060.0,2054.0,803060.0,2054.0,196422.0,502.0,196422.0,502.0,2493.0,6.0,2493.0,6.0,94078.0,241.0,94078.0,241.0,0.0,0.0,0.0,0.0,0.0,0.0,141245.0,361.0,0.0,0.0,30617.0,78.0,357587.0,915.0,359404.0,919.0,15216.0,39.0,15216.0,39.0,0.0,0.0,0.0,0.0,1791030.0,4581.0,1792940.0,4586.0,2065.0,5.0,2065.0,5.0,1307573.0,3344.0,1307573.0,3344.0,422226.0,1080.0,422226.0,1080.0,65737.0,168.0,187093.0,478.0,0.0,0.0,0.0,0.0,0.0,0.0,0.0,0.0,0.0,0.0,0.0,0.0,2083185.0,5328.0,2083185.0,5328.0,0.0,0.0,0.0,0.0,372803.0,953.0,546482.0,1398.0
2024-25,101912131,Halpin Early Childhood Ctr,298,3704796.0,12432.0,3838901.0,12882.0,3081355.0,10340.0,3175225.0,10655.0,492057.0,1651.0,528764.0,1774.0,131384.0,441.0,134912.0,453.0,3573412.0,11991.0,3703989.0,12429.0,2390842.0,8023.0,2486985.0,8346.0,81122.0,272.0,81122.0,272.0,26954.0,90.0,26954.0,90.0,128052.0,430.0,128052.0,430.0,531037.0,1782.0,531037.0,1782.0,141777.0,476.0,141777.0,476.0,8829.0,30.0,8829.0,30.0,92017.0,309.0,92017.0,309.0,0.0,0.0,0.0,0.0,0.0,0.0,19523.0,66.0,0.0,0.0,3741.0,13.0,172782.0,580.0,172782.0,580.0,0.0,0.0,0.0,0.0,0.0,0.0,0.0,0.0,1504712.0,5049.0,1504867.0,5050.0,0.0,0.0,0.0,0.0,0.0,0.0,0.0,0.0,1040517.0,3492.0,1040517.0,3492.0,200559.0,673.0,307717.0,1033.0,172442.0,579.0,172442.0,579.0,482400.0,1619.0,482400.0,1619.0,0.0,0.0,0.0,0.0,0.0,0.0,0.0,0.0,0.0,0.0,0.0,0.0,172782.0,580.0,196046.0,658.0
2024-25,101912049,HamiltonMiddle,911,8429191.0,9253.0,9426834.0,10348.0,6802427.0,7467.0,7295008.0,8008.0,1333221.0,1463.0,1793281.0,1968.0,293543.0,322.0,338545.0,372.0,8135648.0,8930.0,9088289.0,9976.0,5282940.0,5799.0,5778780.0,6343.0,91447.0,100.0,91447.0,100.0,125361.0,138.0,125361.0,138.0,236735.0,260.0,236735.0,260.0,1132535.0,1243.0,1141163.0,1253.0,301306.0,331.0,301306.0,331.0,8542.0,9.0,8542.0,9.0,115529.0,127.0,122444.0,134.0,0.0,0.0,0.0,0.0,0.0,0.0,418451.0,459.0,271561.0,298.0,284058.0,312.0,542336.0,595.0,546875.0,600.0,27356.0,30.0,27356.0,30.0,0.0,0.0,0.0,0.0,5137370.0,5639.0,5139870.0,5642.0,7781.0,9.0,7781.0,9.0,0.0,0.0,0.0,0.0,1765055.0,1937.0,1818388.0,1996.0,243336.0,267.0,704657.0,773.0,52875.0,58.0,52875.0,58.0,0.0,0.0,0.0,0.0,0.0,0.0,0.0,0.0,87978.0,97.0,87978.0,97.0,218649.0,240.0,218649.0,240.0,622604.0,683.0,1058091.0,1161.0
2024-25,101912351,Harper Daep,76,4923002.0,64776.0,4923002.0,64776.0,4498770.0,59194.0,4498770.0,59194.0,324858.0,4274.0,324858.0,4274.0,99374.0,1308.0,99374.0,1308.0,4823628.0,63469.0,4823628.0,63469.0,2521879.0,33183.0,2521879.0,33183.0,1122.0,15.0,1122.0,15.0,13694.0,180.0,13694.0,180.0,138461.0,1822.0,138461.0,1822.0,1353029.0,17803.0,1353029.0,17803.0,496807.0,6537.0,496807.0,6537.0,2752.0,36.0,2752.0,36.0,95183.0,1252.0,95183.0,1252.0,0.0,0.0,0.0,0.0,0.0,0.0,0.0,0.0,0.0,0.0,0.0,0.0,135874.0,1788.0,135874.0,1788.0,9041.0,119.0,9041.0,119.0,55786.0,734.0,55786.0,734.0,19482.0,256.0,19482.0,256.0,0.0,0.0,0.0,0.0,270522.0,3560.0,270522.0,3560.0,761133.0,10015.0,761133.0,10015.0,3689179.0,48542.0,3689179.0,48542.0,0.0,0.0,0.0,0.0,0.0,0.0,0.0,0.0,0.0,0.0,0.0,0.0,0.0,0.0,0.0,0.0,0.0,0.0,0.0,0.0,83312.0,1096.0,83312.0,1096.0
2024-25,101912320,Harris Co J J A E P,25,583200.0,23328.0,583200.0,23328.0,0.0,0.0,0.0,0.0,583200.0,23328.0,583200.0,23328.0,0.0,0.0,0.0,0.0,583200.0,23328.0,583200.0,23328.0,583200.0,23328.0,583200.0,23328.0,0.0,0.0,0.0,0.0,0.0,0.0,0.0,0.0,0.0,0.0,0.0,0.0,0.0,0.0,0.0,0.0,0.0,0.0,0.0,0.0,0.0,0.0,0.0,0.0,0.0,0.0,0.0,0.0,0.0,0.0,0.0,0.0,0.0,0.0,0.0,0.0,0.0,0.0,0.0,0.0,0.0,0.0,0.0,0.0,0.0,0.0,0.0,0.0,0.0,0.0,0.0,0.0,0.0,0.0,0.0,0.0,0.0,0.0,0.0,0.0,0.0,0.0,0.0,0.0,0.0,0.0,0.0,0.0,583200.0,23328.0,583200.0,23328.0,0.0,0.0,0.0,0.0,0.0,0.0,0.0,0.0,0.0,0.0,0.0,0.0,0.0,0.0,0.0,0.0,0.0,0.0,0.0,0.0,0.0,0.0,0.0,0.0
2024-25,101912166,Harris J R El,288,3486287.0,12105.0,4204517.0,14599.0,3140307.0,10904.0,3575804.0,12416.0,334191.0,1160.0,616924.0,2142.0,11789.0,41.0,11789.0,41.0,3474498.0,12064.0,4192728.0,14558.0,2518712.0,8746.0,2913231.0,10115.0,1004.0,3.0,1004.0,3.0,18228.0,63.0,18228.0,63.0,98086.0,341.0,98086.0,341.0,498293.0,1730.0,565615.0,1964.0,135118.0,469.0,135118.0,469.0,2322.0,8.0,2322.0,8.0,48284.0,168.0,48284.0,168.0,0.0,0.0,0.0,0.0,0.0,0.0,249532.0,866.0,1711.0,6.0,4031.0,14.0,152740.0,530.0,154309.0,536.0,0.0,0.0,0.0,0.0,0.0,0.0,0.0,0.0,2219124.0,7705.0,2247984.0,7806.0,0.0,0.0,0.0,0.0,0.0,0.0,0.0,0.0,696026.0,2417.0,713120.0,2476.0,129967.0,451.0,548822.0,1906.0,28380.0,99.0,28380.0,99.0,246550.0,856.0,246550.0,856.0,0.0,0.0,0.0,0.0,0.0,0.0,0.0,0.0,0.0,0.0,0.0,0.0,154451.0,536.0,407872.0,1416.0
2024-25,101912167,Harris R P El,382,4463249.0,11684.0,5161978.0,13513.0,4109250.0,10757.0,4513746.0,11816.0,314309.0,823.0,608542.0,1593.0,39690.0,104.0,39690.0,104.0,4423559.0,11580.0,5122288.0,13409.0,3226892.0,8447.0,3638730.0,9525.0,1353.0,4.0,1353.0,4.0,24423.0,64.0,24423.0,64.0,130900.0,343.0,130900.0,343.0,670679.0,1756.0,727039.0,1903.0,156827.0,411.0,156827.0,411.0,3104.0,8.0,3104.0,8.0,80325.0,210.0,84214.0,220.0,0.0,0.0,0.0,0.0,0.0,0.0,210025.0,550.0,0.0,0.0,0.0,0.0,129056.0,338.0,131036.0,343.0,0.0,0.0,0.0,0.0,0.0,0.0,0.0,0.0,3049964.0,7984.0,3055026.0,7997.0,0.0,0.0,0.0,0.0,0.0,0.0,0.0,0.0,792655.0,2075.0,797708.0,2088.0,177291.0,464.0,648403.0,1697.0,41637.0,109.0,41637.0,109.0,232956.0,610.0,232956.0,610.0,0.0,0.0,0.0,0.0,0.0,0.0,0.0,0.0,0.0,0.0,0.0,0.0,129056.0,338.0,346558.0,907.0
2024-25,101912051,Hartman Middle,645,7889304.0,12231.0,9518545.0,14757.0,6678572.0,10354.0,7535987.0,11684.0,1193680.0,1851.0,1812963.0,2811.0,17052.0,26.0,169595.0,263.0,7872252.0,12205.0,9348950.0,14494.0,5385714.0,8350.0,6404389.0,9929.0,2012.0,3.0,2012.0,3.0,25720.0,40.0,27935.0,43.0,218184.0,338.0,218184.0,338.0,1007337.0,1562.0,1080093.0,1675.0,248905.0,386.0,248905.0,386.0,7539.0,12.0,7539.0,12.0,107632.0,167.0,118740.0,184.0,0.0,0.0,0.0,0.0,0.0,0.0,354385.0,549.0,132026.0,205.0,138246.0,214.0,731843.0,1135.0,737139.0,1143.0,5173.0,8.0,5173.0,8.0,0.0,0.0,0.0,0.0,4518235.0,7005.0,4642024.0,7197.0,0.0,0.0,0.0,0.0,500.0,1.0,500.0,1.0,1987864.0,3082.0,2027247.0,3143.0,294250.0,456.0,1239660.0,1922.0,201757.0,313.0,201757.0,313.0,0.0,0.0,0.0,0.0,0.0,0.0,0.0,0.0,437.0,1.0,437.0,1.0,124456.0,193.0,124456.0,193.0,744753.0,1155.0,1112869.0,1725.0
2024-25,101912168,Hartsfield El,286,3909930.0,13671.0,4434036.0,15504.0,3308637.0,11569.0,3583002.0,12528.0,563608.0,1971.0,809479.0,2830.0,37685.0,132.0,41555.0,145.0,3872245.0,13539.0,4392481.0,15358.0,2662458.0,9309.0,2930440.0,10246.0,1469.0,5.0,1469.0,5.0,27598.0,96.0,27598.0,96.0,105453.0,369.0,105453.0,369.0,506127.0,1770.0,557405.0,1949.0,141304.0,494.0,141304.0,494.0,2501.0,9.0,2501.0,9.0,104076.0,364.0,104076.0,364.0,0.0,0.0,0.0,0.0,0.0,0.0,195127.0,682.0,0.0,0.0,0.0,0.0,321259.0,1123.0,324613.0,1135.0,0.0,0.0,0.0,0.0,0.0,0.0,0.0,0.0,2314230.0,8092.0,2321263.0,8116.0,0.0,0.0,0.0,0.0,0.0,0.0,0.0,0.0,682879.0,2388.0,682879.0,2388.0,128172.0,448.0,442894.0,1549.0,565.0,2.0,565.0,2.0,425140.0,1487.0,425140.0,1487.0,0.0,0.0,0.0,0.0,0.0,0.0,0.0,0.0,0.0,0.0,0.0,0.0,321259.0,1123.0,519740.0,1817.0
2024-25,101912169,Harvard El,657,5732447.0,8725.0,6353641.0,9671.0,4659789.0,7093.0,4984979.0,7587.0,1039442.0,1582.0,1335266.0,2032.0,33216.0,51.0,33396.0,51.0,5699231.0,8675.0,6320245.0,9620.0,3873595.0,5896.0,3888318.0,5918.0,87433.0,133.0,87433.0,133.0,53740.0,82.0,53740.0,82.0,157453.0,240.0,157453.0,240.0,502345.0,765.0,502345.0,765.0,68052.0,104.0,68052.0,104.0,92169.0,140.0,92169.0,140.0,98615.0,150.0,98615.0,150.0,0.0,0.0,0.0,0.0,0.0,0.0,232624.0,354.0,269.0,0.0,371820.0,566.0,723527.0,1101.0,725643.0,1104.0,0.0,0.0,0.0,0.0,42033.0,64.0,42033.0,64.0,4076755.0,6205.0,4083659.0,6216.0,13575.0,21.0,13575.0,21.0,0.0,0.0,0.0,0.0,684396.0,1042.0,684421.0,1042.0,91590.0,139.0,91590.0,139.0,4575.0,7.0,4575.0,7.0,62511.0,95.0,62511.0,95.0,0.0,0.0,0.0,0.0,0.0,0.0,0.0,0.0,0.0,0.0,0.0,0.0,765829.0,1166.0,1372120.0,2088.0
2024-25,101912097,Hcc Life Skills Program,68,2284486.0,33595.0,2488617.0,36597.0,2203425.0,32403.0,2407556.0,35405.0,74129.0,1090.0,74129.0,1090.0,6932.0,102.0,6932.0,102.0,2277554.0,33493.0,2481685.0,36495.0,2057947.0,30264.0,2262078.0,33266.0,262.0,4.0,262.0,4.0,3086.0,45.0,3086.0,45.0,42231.0,621.0,42231.0,621.0,19221.0,283.0,19221.0,283.0,148406.0,2182.0,148406.0,2182.0,909.0,13.0,909.0,13.0,5349.0,79.0,5349.0,79.0,0.0,0.0,0.0,0.0,0.0,0.0,0.0,0.0,0.0,0.0,0.0,0.0,143.0,2.0,143.0,2.0,0.0,0.0,0.0,0.0,0.0,0.0,0.0,0.0,0.0,0.0,0.0,0.0,0.0,0.0,0.0,0.0,0.0,0.0,0.0,0.0,2277411.0,33491.0,2481542.0,36493.0,0.0,0.0,0.0,0.0,0.0,0.0,0.0,0.0,0.0,0.0,0.0,0.0,0.0,0.0,0.0,0.0,0.0,0.0,0.0,0.0,0.0,0.0,0.0,0.0,143.0,2.0,143.0,2.0
2024-25,101912012,Heights H S,2415,21410990.0,8866.0,22481556.0,9309.0,18363648.0,7604.0,18854281.0,7807.0,2684233.0,1111.0,3231617.0,1338.0,363109.0,150.0,395658.0,164.0,21047881.0,8715.0,22085898.0,9145.0,12896044.0,5340.0,13333560.0,5521.0,5369.0,2.0,5369.0,2.0,173467.0,72.0,173467.0,72.0,2038383.0,844.0,2038383.0,844.0,2896623.0,1199.0,2912706.0,1206.0,1050672.0,435.0,1163106.0,482.0,21597.0,9.0,21597.0,9.0,140206.0,58.0,151227.0,63.0,0.0,0.0,0.0,0.0,0.0,0.0,273670.0,113.0,886734.0,367.0,984886.0,408.0,797506.0,330.0,802859.0,332.0,49171.0,20.0,49171.0,20.0,92109.0,38.0,92109.0,38.0,10226560.0,4235.0,10235685.0,4238.0,134712.0,56.0,134712.0,56.0,3043382.0,1260.0,3043382.0,1260.0,2720261.0,1126.0,2730357.0,1131.0,584605.0,242.0,1226226.0,508.0,0.0,0.0,0.0,0.0,0.0,0.0,0.0,0.0,0.0,0.0,0.0,0.0,2512841.0,1041.0,2512841.0,1041.0,647900.0,268.0,656773.0,272.0,1177620.0,488.0,1545922.0,640.0
2024-25,101912170,HelmsEl,501,4527839.0,9038.0,4839028.0,9659.0,4100842.0,8185.0,4198930.0,8381.0,311431.0,622.0,523357.0,1045.0,115566.0,231.0,116741.0,233.0,4412273.0,8807.0,4722287.0,9426.0,3218804.0,6425.0,3330730.0,6648.0,2066.0,4.0,2066.0,4.0,120101.0,240.0,120101.0,240.0,137616.0,275.0,137616.0,275.0,557727.0,1113.0,557727.0,1113.0,60973.0,122.0,60973.0,122.0,102307.0,204.0,102307.0,204.0,97039.0,194.0,97039.0,194.0,0.0,0.0,0.0,0.0,0.0,0.0,190268.0,380.0,2857.0,6.0,4512.0,9.0,111412.0,222.0,112659.0,225.0,0.0,0.0,0.0,0.0,0.0,0.0,0.0,0.0,2818302.0,5625.0,2837402.0,5663.0,6697.0,13.0,6697.0,13.0,0.0,0.0,0.0,0.0,774245.0,1545.0,774290.0,1545.0,301022.0,601.0,391918.0,782.0,229190.0,457.0,229190.0,457.0,167177.0,334.0,167177.0,334.0,0.0,0.0,0.0,0.0,0.0,0.0,0.0,0.0,0.0,0.0,0.0,0.0,115640.0,231.0,308810.0,616.0
2024-25,101912171,Henderson J El,443,4149475.0,9367.0,4720787.0,10656.0,3773565.0,8518.0,3954053.0,8926.0,354688.0,801.0,709252.0,1601.0,21222.0,48.0,57482.0,130.0,4128253.0,9319.0,4663305.0,10527.0,2812682.0,6349.0,3070806.0,6932.0,14748.0,33.0,14748.0,33.0,25789.0,58.0,25789.0,58.0,128155.0,289.0,128155.0,289.0,694049.0,1567.0,694049.0,1567.0,151474.0,342.0,151474.0,342.0,9065.0,20.0,9065.0,20.0,92347.0,208.0,92347.0,208.0,0.0,0.0,0.0,0.0,0.0,0.0,268085.0,605.0,1624.0,4.0,4697.0,11.0,197808.0,447.0,200728.0,453.0,0.0,0.0,0.0,0.0,425.0,1.0,425.0,1.0,3017688.0,6812.0,3019217.0,6815.0,0.0,0.0,0.0,0.0,0.0,0.0,0.0,0.0,357227.0,806.0,464880.0,1049.0,225182.0,508.0,376974.0,851.0,128765.0,291.0,128765.0,291.0,199447.0,450.0,199447.0,450.0,0.0,0.0,0.0,0.0,0.0,0.0,0.0,0.0,0.0,0.0,0.0,0.0,199944.0,451.0,474022.0,1070.0
2024-25,101912172,Henderson N El,251,3338239.0,13300.0,3818202.0,15212.0,2981335.0,11878.0,3252362.0,12958.0,310656.0,1238.0,519592.0,2070.0,46248.0,184.0,46248.0,184.0,3291991.0,13116.0,3771954.0,15028.0,2307259.0,9192.0,2541012.0,10124.0,1047.0,4.0,1047.0,4.0,20418.0,81.0,20418.0,81.0,108483.0,432.0,108483.0,432.0,501877.0,2000.0,551562.0,2197.0,142201.0,567.0,146521.0,584.0,2531.0,10.0,2531.0,10.0,78700.0,314.0,78700.0,314.0,0.0,0.0,0.0,0.0,0.0,0.0,183171.0,730.0,0.0,0.0,0.0,0.0,112214.0,447.0,114358.0,456.0,0.0,0.0,0.0,0.0,17261.0,69.0,17261.0,69.0,1866169.0,7435.0,1895780.0,7553.0,0.0,0.0,0.0,0.0,0.0,0.0,0.0,0.0,878503.0,3500.0,894356.0,3563.0,106088.0,423.0,354327.0,1412.0,0.0,0.0,0.0,0.0,311756.0,1242.0,311756.0,1242.0,0.0,0.0,0.0,0.0,0.0,0.0,0.0,0.0,0.0,0.0,0.0,0.0,129475.0,516.0,315735.0,1258.0
2024-25,101912052,Henry Middle,523,7851597.0,15013.0,9189165.0,17570.0,6376156.0,12192.0,7104298.0,13584.0,1339418.0,2561.0,1860882.0,3558.0,136023.0,260.0,223985.0,428.0,7715574.0,14753.0,8965180.0,17142.0,5267233.0,10071.0,6129440.0,11720.0,2001.0,4.0,2001.0,4.0,33331.0,64.0,33331.0,64.0,219379.0,419.0,219379.0,419.0,924176.0,1767.0,983850.0,1881.0,169594.0,324.0,171743.0,328.0,7699.0,15.0,60125.0,115.0,109116.0,209.0,110237.0,211.0,0.0,0.0,0.0,0.0,0.0,0.0,266281.0,509.0,144591.0,276.0,145606.0,278.0,836120.0,1599.0,840577.0,1607.0,2334.0,4.0,2610.0,5.0,0.0,0.0,0.0,0.0,3984231.0,7618.0,4188635.0,8009.0,0.0,0.0,0.0,0.0,0.0,0.0,0.0,0.0,2233775.0,4271.0,2245542.0,4294.0,205726.0,393.0,962446.0,1840.0,308797.0,590.0,315458.0,603.0,0.0,0.0,0.0,0.0,0.0,0.0,0.0,0.0,0.0,0.0,0.0,0.0,139672.0,267.0,139672.0,267.0,843373.0,1613.0,1113427.0,2129.0
2024-25,101912173,Herod El,680,5842728.0,8592.0,6427471.0,9452.0,5324060.0,7830.0,5567704.0,8188.0,487971.0,718.0,829070.0,1219.0,30697.0,45.0,30697.0,45.0,5812031.0,8547.0,6396774.0,9407.0,4253582.0,6255.0,4322323.0,6356.0,2051.0,3.0,80610.0,119.0,108931.0,160.0,108931.0,160.0,203364.0,299.0,203364.0,299.0,737925.0,1085.0,737925.0,1085.0,115059.0,169.0,115059.0,169.0,95161.0,140.0,95161.0,140.0,106813.0,157.0,106813.0,157.0,0.0,0.0,0.0,0.0,0.0,0.0,302927.0,445.0,1301.0,2.0,133696.0,197.0,187235.0,275.0,189356.0,278.0,609.0,1.0,609.0,1.0,0.0,0.0,0.0,0.0,3773474.0,5549.0,3775730.0,5553.0,70209.0,103.0,70209.0,103.0,0.0,0.0,0.0,0.0,1132233.0,1665.0,1131744.0,1664.0,409537.0,602.0,528671.0,777.0,38721.0,57.0,38721.0,57.0,198712.0,292.0,198712.0,292.0,0.0,0.0,0.0,0.0,0.0,0.0,0.0,0.0,0.0,0.0,0.0,0.0,189145.0,278.0,626588.0,921.0
2024-25,101912286,Herrera El,721,6135299.0,8509.0,6787269.0,9414.0,5515675.0,7650.0,5761682.0,7991.0,512742.0,711.0,891923.0,1237.0,106882.0,148.0,133664.0,185.0,6028417.0,8361.0,6653605.0,9228.0,4232762.0,5871.0,4447008.0,6168.0,1960.0,3.0,1960.0,3.0,223611.0,310.0,223611.0,310.0,196767.0,273.0,196767.0,273.0,793613.0,1101.0,805963.0,1118.0,173137.0,240.0,173137.0,240.0,16412.0,23.0,16412.0,23.0,123944.0,172.0,123944.0,172.0,0.0,0.0,0.0,0.0,0.0,0.0,309569.0,429.0,33469.0,46.0,106322.0,147.0,226716.0,314.0,228462.0,317.0,6026.0,8.0,6026.0,8.0,0.0,0.0,0.0,0.0,3923647.0,5442.0,3924229.0,5443.0,3938.0,5.0,3938.0,5.0,0.0,0.0,0.0,0.0,974062.0,1351.0,976482.0,1354.0,353268.0,490.0,590568.0,819.0,262007.0,363.0,262007.0,363.0,245284.0,340.0,245284.0,340.0,0.0,0.0,0.0,0.0,0.0,0.0,0.0,0.0,0.0,0.0,0.0,0.0,266211.0,369.0,650379.0,902.0
2024-25,101912174,Highland Hts El,438,5014047.0,11448.0,6073442.0,13866.0,4507647.0,10291.0,5149757.0,11757.0,430272.0,982.0,847557.0,1935.0,76128.0,174.0,76128.0,174.0,4937919.0,11274.0,5997314.0,13692.0,3593158.0,8204.0,4264152.0,9736.0,1571.0,4.0,1571.0,4.0,35900.0,82.0,35900.0,82.0,156006.0,356.0,156006.0,356.0,673633.0,1538.0,734078.0,1676.0,162890.0,372.0,162890.0,372.0,3679.0,8.0,3679.0,8.0,102991.0,235.0,104102.0,238.0,0.0,0.0,0.0,0.0,0.0,0.0,274271.0,626.0,6524.0,15.0,48374.0,110.0,198639.0,454.0,202482.0,462.0,0.0,0.0,0.0,0.0,2928.0,7.0,2928.0,7.0,3052375.0,6969.0,3163278.0,7222.0,0.0,0.0,0.0,0.0,0.0,0.0,0.0,0.0,1017554.0,2323.0,1031013.0,2354.0,181282.0,414.0,781470.0,1784.0,14521.0,33.0,14521.0,33.0,464096.0,1060.0,464096.0,1060.0,0.0,0.0,0.0,0.0,0.0,0.0,0.0,0.0,6524.0,15.0,6524.0,15.0,201567.0,460.0,528786.0,1207.0
2024-25,101912473,Hilliard El,543,5912111.0,10888.0,7370032.0,13573.0,5027654.0,9259.0,5935097.0,10930.0,767420.0,1413.0,1278073.0,2354.0,117037.0,216.0,156862.0,289.0,5795074.0,10672.0,7213170.0,13284.0,4037934.0,7436.0,4984972.0,9180.0,1791.0,3.0,1791.0,3.0,39918.0,74.0,39918.0,74.0,171058.0,315.0,171058.0,315.0,779471.0,1435.0,832643.0,1533.0,171627.0,316.0,175937.0,324.0,4067.0,7.0,4067.0,7.0,92068.0,170.0,99212.0,183.0,0.0,0.0,0.0,0.0,0.0,0.0,350029.0,645.0,2207.0,4.0,49508.0,91.0,494933.0,911.0,494933.0,911.0,0.0,0.0,0.0,0.0,0.0,0.0,0.0,0.0,3699773.0,6814.0,3806034.0,7009.0,0.0,0.0,0.0,0.0,0.0,0.0,0.0,0.0,887918.0,1635.0,912481.0,1680.0,254083.0,468.0,1135740.0,2092.0,188.0,0.0,188.0,0.0,455972.0,840.0,455972.0,840.0,0.0,0.0,0.0,0.0,0.0,0.0,0.0,0.0,0.0,0.0,0.0,0.0,497140.0,916.0,897558.0,1653.0
2024-25,101912395,Hines-Caldwell,634,5109843.0,8060.0,6039914.0,9527.0,4611785.0,7274.0,5138427.0,8105.0,447157.0,705.0,849666.0,1340.0,50901.0,80.0,51821.0,82.0,5058942.0,7979.0,5988093.0,9445.0,3718846.0,5866.0,4257470.0,6715.0,1744.0,3.0,1744.0,3.0,42240.0,67.0,42759.0,67.0,168914.0,266.0,168914.0,266.0,632461.0,998.0,645466.0,1018.0,160979.0,254.0,160979.0,254.0,12841.0,20.0,12841.0,20.0,105998.0,167.0,112167.0,177.0,0.0,0.0,0.0,0.0,0.0,0.0,299986.0,473.0,6009.0,9.0,30731.0,48.0,205099.0,324.0,209115.0,330.0,533.0,1.0,533.0,1.0,0.0,0.0,0.0,0.0,3384143.0,5338.0,3385819.0,5340.0,3088.0,5.0,3088.0,5.0,0.0,0.0,0.0,0.0,548849.0,866.0,670698.0,1058.0,422389.0,666.0,898772.0,1418.0,184645.0,291.0,184645.0,291.0,301686.0,476.0,301686.0,476.0,0.0,0.0,0.0,0.0,0.0,0.0,0.0,0.0,0.0,0.0,0.0,0.0,214142.0,338.0,543385.0,857.0
2024-25,101912175,Hobby El,445,5657750.0,12714.0,6398593.0,14379.0,4944230.0,11111.0,5303991.0,11919.0,668295.0,1502.0,1034403.0,2325.0,45225.0,102.0,60199.0,135.0,5612525.0,12612.0,6338394.0,14244.0,4071462.0,9149.0,4463091.0,10029.0,1784.0,4.0,1784.0,4.0,34454.0,77.0,34454.0,77.0,180960.0,407.0,180960.0,407.0,698682.0,1570.0,744719.0,1674.0,168857.0,379.0,168857.0,379.0,6991.0,16.0,6991.0,16.0,72900.0,164.0,72900.0,164.0,0.0,0.0,0.0,0.0,0.0,0.0,285187.0,641.0,3200.0,7.0,3653.0,8.0,372884.0,838.0,374625.0,842.0,0.0,0.0,0.0,0.0,0.0,0.0,0.0,0.0,3353830.0,7537.0,3353830.0,7537.0,0.0,0.0,0.0,0.0,0.0,0.0,0.0,0.0,1223401.0,2749.0,1223401.0,2749.0,246339.0,554.0,684827.0,1539.0,45518.0,102.0,45518.0,102.0,367002.0,825.0,367002.0,825.0,0.0,0.0,0.0,0.0,0.0,0.0,0.0,0.0,0.0,0.0,0.0,0.0,376435.0,846.0,663816.0,1492.0
2024-25,101912053,Hogg Middle,1161,10824165.0,9323.0,11462078.0,9873.0,8570401.0,7382.0,8807026.0,7586.0,1870799.0,1611.0,2218122.0,1911.0,382965.0,330.0,436930.0,376.0,10441200.0,8993.0,11025148.0,9496.0,7053269.0,6075.0,7225912.0,6224.0,95851.0,83.0,95851.0,83.0,49502.0,43.0,49502.0,43.0,291042.0,251.0,291042.0,251.0,1413204.0,1217.0,1420498.0,1224.0,213743.0,184.0,213743.0,184.0,15859.0,14.0,15859.0,14.0,106280.0,92.0,111112.0,96.0,0.0,0.0,0.0,0.0,0.0,0.0,246335.0,212.0,191981.0,165.0,299735.0,258.0,993749.0,856.0,1000719.0,862.0,16713.0,14.0,16713.0,14.0,0.0,0.0,0.0,0.0,6915611.0,5957.0,6915611.0,5957.0,78841.0,68.0,78841.0,68.0,79525.0,68.0,79525.0,68.0,1683099.0,1450.0,1683099.0,1450.0,421028.0,363.0,643917.0,555.0,2307.0,2.0,2307.0,2.0,0.0,0.0,0.0,0.0,0.0,0.0,0.0,0.0,58346.0,50.0,58346.0,50.0,171946.0,148.0,171946.0,148.0,1030497.0,888.0,1391556.0,1199.0
2024-25,101912050,HollandMiddle,476,6758150.0,14198.0,7579472.0,15923.0,6053998.0,12718.0,6502537.0,13661.0,677493.0,1423.0,1016096.0,2135.0,26659.0,56.0,60839.0,128.0,6731491.0,14142.0,7518633.0,15795.0,4757081.0,9994.0,5260356.0,11051.0,1614.0,3.0,2369.0,5.0,21241.0,45.0,21241.0,45.0,169763.0,357.0,169763.0,357.0,929760.0,1953.0,979887.0,2059.0,290870.0,611.0,290870.0,611.0,3955.0,8.0,3955.0,8.0,106255.0,223.0,106255.0,223.0,0.0,0.0,0.0,0.0,0.0,0.0,214140.0,450.0,150374.0,316.0,154152.0,324.0,297521.0,625.0,301121.0,633.0,3057.0,6.0,3057.0,6.0,0.0,0.0,0.0,0.0,3973255.0,8347.0,3979025.0,8359.0,0.0,0.0,0.0,0.0,0.0,0.0,0.0,0.0,1645657.0,3457.0,1646387.0,3459.0,244393.0,513.0,802017.0,1685.0,417234.0,877.0,417234.0,877.0,0.0,0.0,0.0,0.0,0.0,0.0,0.0,0.0,0.0,0.0,0.0,0.0,145436.0,306.0,147862.0,311.0,305516.0,642.0,526108.0,1105.0
2024-25,101912178,Horn El,747,5735504.0,7678.0,5982639.0,8009.0,5225178.0,6995.0,5329299.0,7134.0,447913.0,600.0,587575.0,787.0,62413.0,84.0,65765.0,88.0,5673091.0,7594.0,5916874.0,7921.0,4054262.0,5427.0,4146280.0,5551.0,96778.0,130.0,96778.0,130.0,30934.0,41.0,30934.0,41.0,193099.0,258.0,193099.0,258.0,739871.0,990.0,749545.0,1003.0,191993.0,257.0,191993.0,257.0,4238.0,6.0,4238.0,6.0,121007.0,162.0,124803.0,167.0,0.0,0.0,0.0,0.0,0.0,0.0,124992.0,167.0,1650.0,2.0,13858.0,19.0,150110.0,201.0,151205.0,202.0,3528.0,5.0,3528.0,5.0,85621.0,115.0,85621.0,115.0,4217234.0,5646.0,4218988.0,5648.0,85713.0,115.0,85713.0,115.0,0.0,0.0,0.0,0.0,872970.0,1169.0,878044.0,1175.0,110491.0,148.0,209134.0,280.0,65834.0,88.0,65834.0,88.0,79940.0,107.0,79940.0,107.0,0.0,0.0,0.0,0.0,0.0,0.0,0.0,0.0,0.0,0.0,0.0,0.0,240909.0,323.0,379204.0,508.0
2024-25,101912348,Houston Academy For International,473,4151573.0,8777.0,4373629.0,9247.0,3319262.0,7017.0,3398667.0,7185.0,561333.0,1187.0,693816.0,1467.0,270978.0,573.0,281146.0,594.0,3880595.0,8204.0,4092483.0,8652.0,2394133.0,5062.0,2491371.0,5267.0,915.0,2.0,915.0,2.0,106320.0,225.0,106320.0,225.0,168803.0,357.0,168803.0,357.0,766501.0,1621.0,766501.0,1621.0,144186.0,305.0,144186.0,305.0,7886.0,17.0,7886.0,17.0,77653.0,164.0,77653.0,164.0,0.0,0.0,0.0,0.0,0.0,0.0,105765.0,224.0,4995.0,11.0,13880.0,29.0,133153.0,282.0,133153.0,282.0,11646.0,25.0,11646.0,25.0,64404.0,136.0,64404.0,136.0,2005035.0,4239.0,2011961.0,4254.0,13579.0,29.0,13579.0,29.0,1379473.0,2916.0,1379473.0,2916.0,79406.0,168.0,79406.0,168.0,177178.0,375.0,267490.0,566.0,11726.0,25.0,11726.0,25.0,0.0,0.0,0.0,0.0,0.0,0.0,0.0,0.0,0.0,0.0,0.0,0.0,4995.0,11.0,4995.0,11.0,209203.0,442.0,323853.0,685.0
2024-25,101912310,Houston Math Science And Technolog,2357,27319902.0,11591.0,30049415.0,12749.0,24851907.0,10544.0,26157103.0,11098.0,2285432.0,970.0,3148610.0,1336.0,182563.0,77.0,743702.0,316.0,27137339.0,11514.0,29305713.0,12433.0,19078368.0,8094.0,20561434.0,8724.0,7463.0,3.0,7463.0,3.0,101360.0,43.0,101360.0,43.0,881997.0,374.0,881997.0,374.0,3367776.0,1429.0,3449919.0,1464.0,1450172.0,615.0,1454963.0,617.0,189488.0,80.0,189488.0,80.0,135545.0,58.0,135545.0,58.0,0.0,0.0,0.0,0.0,0.0,0.0,482720.0,205.0,936072.0,397.0,1021085.0,433.0,849290.0,360.0,852080.0,362.0,108399.0,46.0,108399.0,46.0,25074.0,11.0,25074.0,11.0,17245704.0,7317.0,17261259.0,7323.0,192.0,0.0,192.0,0.0,1994575.0,846.0,1995335.0,847.0,5230980.0,2219.0,5262371.0,2233.0,722037.0,306.0,2266276.0,962.0,-1049.0,0.0,-1049.0,0.0,0.0,0.0,0.0,0.0,0.0,0.0,0.0,0.0,19730.0,8.0,19730.0,8.0,851631.0,361.0,851631.0,361.0,1073539.0,455.0,1649968.0,700.0
2024-25,101912180,Isaacs El,241,3332457.0,13828.0,3931450.0,16313.0,2992086.0,12415.0,3368263.0,13976.0,321347.0,1333.0,535201.0,2221.0,19024.0,79.0,27986.0,116.0,3313433.0,13749.0,3903464.0,16197.0,2300247.0,9545.0,2645307.0,10976.0,960.0,4.0,960.0,4.0,20755.0,86.0,20755.0,86.0,97769.0,406.0,97769.0,406.0,526576.0,2185.0,578883.0,2402.0,140469.0,583.0,140469.0,583.0,2291.0,10.0,2291.0,10.0,88060.0,365.0,89078.0,370.0,0.0,0.0,0.0,0.0,0.0,0.0,183601.0,762.0,0.0,0.0,1459.0,6.0,136306.0,566.0,138003.0,573.0,0.0,0.0,0.0,0.0,0.0,0.0,0.0,0.0,2038175.0,8457.0,2068703.0,8584.0,0.0,0.0,0.0,0.0,0.0,0.0,0.0,0.0,794520.0,3297.0,809523.0,3359.0,81262.0,337.0,433401.0,1798.0,15616.0,65.0,15616.0,65.0,247554.0,1027.0,247554.0,1027.0,0.0,0.0,0.0,0.0,0.0,0.0,0.0,0.0,0.0,0.0,0.0,0.0,136306.0,566.0,323063.0,1341.0
2024-25,101912181,Janowski El,395,4140470.0,10482.0,4870812.0,12331.0,3598646.0,9110.0,3846380.0,9738.0,512987.0,1299.0,987116.0,2499.0,28837.0,73.0,37316.0,94.0,4111633.0,10409.0,4833496.0,12237.0,2787686.0,7057.0,3040261.0,7697.0,1262.0,3.0,1262.0,3.0,42219.0,107.0,42219.0,107.0,135743.0,344.0,135743.0,344.0,522652.0,1323.0,522652.0,1323.0,160422.0,406.0,160422.0,406.0,9040.0,23.0,9040.0,23.0,106453.0,270.0,106453.0,270.0,0.0,0.0,0.0,0.0,0.0,0.0,259539.0,657.0,0.0,0.0,194895.0,493.0,306418.0,776.0,308417.0,781.0,0.0,0.0,0.0,0.0,39738.0,101.0,39738.0,101.0,2059855.0,5215.0,2059855.0,5215.0,1840.0,5.0,1840.0,5.0,0.0,0.0,0.0,0.0,1059487.0,2682.0,1059506.0,2682.0,183377.0,464.0,439348.0,1112.0,193441.0,490.0,193441.0,490.0,267477.0,677.0,267477.0,677.0,0.0,0.0,0.0,0.0,0.0,0.0,0.0,0.0,0.0,0.0,0.0,0.0,346156.0,876.0,812029.0,2056.0
2024-25,101912182,Jefferson El,329,4195818.0,12753.0,4797853.0,14583.0,3594804.0,10926.0,3956335.0,12025.0,580347.0,1764.0,812039.0,2468.0,20667.0,63.0,29479.0,90.0,4175151.0,12690.0,4768374.0,14494.0,2915910.0,8863.0,3268704.0,9935.0,1266.0,4.0,1266.0,4.0,23411.0,71.0,23411.0,71.0,136962.0,416.0,136962.0,416.0,520375.0,1582.0,559205.0,1700.0,160844.0,489.0,160844.0,489.0,3168.0,10.0,3168.0,10.0,89125.0,271.0,89125.0,271.0,0.0,0.0,0.0,0.0,0.0,0.0,199137.0,605.0,0.0,0.0,529.0,2.0,323820.0,984.0,325753.0,990.0,0.0,0.0,0.0,0.0,270.0,1.0,270.0,1.0,2115067.0,6429.0,2118599.0,6440.0,0.0,0.0,0.0,0.0,0.0,0.0,0.0,0.0,1266969.0,3851.0,1266991.0,3851.0,133937.0,407.0,521750.0,1586.0,22942.0,70.0,22942.0,70.0,312146.0,949.0,312146.0,949.0,0.0,0.0,0.0,0.0,0.0,0.0,0.0,0.0,0.0,0.0,0.0,0.0,324090.0,985.0,525689.0,1598.0
2024-25,101912006,Jones Futures Academy,296,4618889.0,15604.0,5053798.0,17074.0,3733932.0,12615.0,3892646.0,13151.0,669285.0,2261.0,862295.0,2913.0,215672.0,729.0,298857.0,1010.0,4403217.0,14876.0,4754941.0,16064.0,2799205.0,9457.0,2940102.0,9933.0,84864.0,287.0,84864.0,287.0,18286.0,62.0,18286.0,62.0,174130.0,588.0,174130.0,588.0,646805.0,2185.0,646805.0,2185.0,195561.0,661.0,195561.0,661.0,105111.0,355.0,105111.0,355.0,48337.0,163.0,48337.0,163.0,0.0,0.0,0.0,0.0,0.0,0.0,150791.0,509.0,0.0,0.0,3393.0,11.0,324759.0,1097.0,327248.0,1106.0,6159.0,21.0,6159.0,21.0,0.0,0.0,0.0,0.0,2005740.0,6776.0,2095781.0,7080.0,4725.0,16.0,4725.0,16.0,783255.0,2646.0,783255.0,2646.0,1191380.0,4025.0,1191380.0,4025.0,76041.0,257.0,181051.0,612.0,11158.0,38.0,11158.0,38.0,0.0,0.0,0.0,0.0,0.0,0.0,0.0,0.0,0.0,0.0,0.0,0.0,0.0,0.0,0.0,0.0,330918.0,1118.0,487591.0,1647.0
2024-25,101912185,Kashmere Gardens El,328,4083929.0,12451.0,4815693.0,14682.0,3659338.0,11157.0,4165186.0,12699.0,357722.0,1091.0,583638.0,1779.0,66869.0,204.0,66869.0,204.0,4017060.0,12247.0,4748824.0,14478.0,2872169.0,8757.0,3355228.0,10229.0,1223.0,4.0,1223.0,4.0,28090.0,86.0,28090.0,86.0,123211.0,376.0,123211.0,376.0,588272.0,1794.0,647653.0,1975.0,150209.0,458.0,154521.0,471.0,2893.0,9.0,3898.0,12.0,91812.0,280.0,92832.0,283.0,0.0,0.0,0.0,0.0,0.0,0.0,180547.0,550.0,2733.0,8.0,2733.0,8.0,156448.0,477.0,157916.0,481.0,0.0,0.0,0.0,0.0,0.0,0.0,0.0,0.0,2268976.0,6918.0,2337025.0,7125.0,0.0,0.0,0.0,0.0,0.0,0.0,0.0,0.0,969446.0,2956.0,977825.0,2981.0,124783.0,380.0,598104.0,1823.0,0.0,0.0,0.0,0.0,494674.0,1508.0,494674.0,1508.0,0.0,0.0,0.0,0.0,0.0,0.0,0.0,0.0,0.0,0.0,0.0,0.0,159181.0,485.0,341196.0,1040.0
2024-25,101912007,Kashmere H S,655,11145860.0,17017.0,12502649.0,19088.0,9626138.0,14696.0,10538570.0,16089.0,1456128.0,2223.0,1844071.0,2815.0,63594.0,97.0,120008.0,183.0,11082266.0,16919.0,12382641.0,18905.0,7143335.0,10906.0,8101578.0,12369.0,2837.0,4.0,2837.0,4.0,45312.0,69.0,46802.0,71.0,343685.0,525.0,343685.0,525.0,1475024.0,2252.0,1548928.0,2365.0,585573.0,894.0,599098.0,915.0,95164.0,145.0,97338.0,149.0,120917.0,185.0,133011.0,203.0,0.0,0.0,0.0,0.0,0.0,0.0,211295.0,323.0,539527.0,824.0,549106.0,838.0,722392.0,1103.0,730116.0,1115.0,8500.0,13.0,8500.0,13.0,0.0,0.0,0.0,0.0,6492883.0,9913.0,6614342.0,10098.0,0.0,0.0,0.0,0.0,812800.0,1241.0,820856.0,1253.0,2370501.0,3619.0,2389494.0,3648.0,125166.0,191.0,1047946.0,1600.0,0.0,0.0,0.0,0.0,0.0,0.0,0.0,0.0,0.0,0.0,0.0,0.0,10497.0,16.0,10497.0,16.0,505436.0,772.0,505436.0,772.0,764983.0,1168.0,994070.0,1518.0
2024-25,101912187,Kelso El,364,4123282.0,11328.0,7347679.0,20186.0,3730014.0,10247.0,4140313.0,11374.0,325711.0,895.0,712875.0,1958.0,67557.0,186.0,2494491.0,6853.0,4055725.0,11142.0,4853188.0,13333.0,3026341.0,8314.0,3458662.0,9502.0,1964.0,5.0,1964.0,5.0,25579.0,70.0,25579.0,70.0,126903.0,349.0,126903.0,349.0,523432.0,1438.0,568882.0,1563.0,138477.0,380.0,138477.0,380.0,2983.0,8.0,2983.0,8.0,78625.0,216.0,78625.0,216.0,0.0,0.0,0.0,0.0,0.0,0.0,316857.0,870.0,1301.0,4.0,1301.0,4.0,129313.0,355.0,130570.0,359.0,360.0,1.0,360.0,1.0,0.0,0.0,0.0,0.0,2543866.0,6989.0,2546578.0,6996.0,0.0,0.0,0.0,0.0,0.0,0.0,0.0,0.0,880008.0,2418.0,880045.0,2418.0,158406.0,435.0,635006.0,1745.0,28212.0,78.0,28212.0,78.0,313812.0,862.0,313812.0,862.0,0.0,0.0,0.0,0.0,0.0,0.0,0.0,0.0,0.0,0.0,0.0,0.0,131421.0,361.0,449535.0,1235.0
2024-25,101912188,Kennedy El,430,4901709.0,11399.0,5893291.0,13705.0,4576647.0,10643.0,5257055.0,12226.0,280172.0,652.0,586816.0,1365.0,44890.0,104.0,49420.0,115.0,4856819.0,11295.0,5843871.0,13590.0,3636848.0,8458.0,4343002.0,10100.0,1441.0,3.0,1441.0,3.0,25004.0,58.0,25004.0,58.0,138263.0,322.0,138263.0,322.0,718960.0,1672.0,780527.0,1815.0,157075.0,365.0,157075.0,365.0,3284.0,8.0,3284.0,8.0,101820.0,237.0,106436.0,248.0,0.0,0.0,0.0,0.0,0.0,0.0,214836.0,500.0,0.0,0.0,-797.0,-2.0,74124.0,172.0,74800.0,174.0,0.0,0.0,0.0,0.0,0.0,0.0,0.0,0.0,3281249.0,7631.0,3281249.0,7631.0,0.0,0.0,0.0,0.0,0.0,0.0,0.0,0.0,905024.0,2105.0,918353.0,2136.0,230243.0,535.0,989251.0,2301.0,34210.0,80.0,34210.0,80.0,331969.0,772.0,331969.0,772.0,0.0,0.0,0.0,0.0,0.0,0.0,0.0,0.0,0.0,0.0,0.0,0.0,74124.0,172.0,288839.0,672.0
2024-25,101912389,Ketelsen El,380,5139387.0,13525.0,5885796.0,15489.0,4462835.0,11744.0,4883789.0,12852.0,576496.0,1517.0,901855.0,2373.0,100056.0,263.0,100152.0,264.0,5039331.0,13261.0,5785644.0,15225.0,3596900.0,9466.0,4063304.0,10693.0,1525.0,4.0,1525.0,4.0,25422.0,67.0,25422.0,67.0,155621.0,410.0,155621.0,410.0,693107.0,1824.0,749627.0,1973.0,157889.0,415.0,157889.0,415.0,6829.0,18.0,6829.0,18.0,98416.0,259.0,102212.0,269.0,0.0,0.0,0.0,0.0,0.0,0.0,208625.0,549.0,0.0,0.0,3466.0,9.0,303309.0,798.0,309049.0,813.0,313.0,1.0,313.0,1.0,0.0,0.0,0.0,0.0,3109828.0,8184.0,3164016.0,8326.0,0.0,0.0,0.0,0.0,0.0,0.0,0.0,0.0,1130802.0,2976.0,1130802.0,2976.0,222626.0,586.0,696920.0,1834.0,39505.0,104.0,39505.0,104.0,232948.0,613.0,232948.0,613.0,0.0,0.0,0.0,0.0,0.0,0.0,0.0,0.0,0.0,0.0,0.0,0.0,303622.0,799.0,521453.0,1372.0
2024-25,101912079,Key Middle,516,7807699.0,15131.0,9623168.0,18650.0,6561945.0,12717.0,7416667.0,14373.0,1179403.0,2286.0,1544177.0,2993.0,66351.0,129.0,662324.0,1284.0,7741348.0,15003.0,8960844.0,17366.0,5386784.0,10440.0,6278050.0,12167.0,2017.0,4.0,2017.0,4.0,30193.0,59.0,30193.0,59.0,226145.0,438.0,226145.0,438.0,959701.0,1860.0,1027307.0,1991.0,216173.0,419.0,220470.0,427.0,5091.0,10.0,5091.0,10.0,110652.0,214.0,115720.0,224.0,0.0,0.0,0.0,0.0,0.0,0.0,247687.0,480.0,139946.0,271.0,141756.0,275.0,664561.0,1288.0,666323.0,1291.0,85.0,0.0,85.0,0.0,0.0,0.0,0.0,0.0,4069191.0,7886.0,4142230.0,8028.0,0.0,0.0,0.0,0.0,0.0,0.0,0.0,0.0,2252590.0,4365.0,2278020.0,4415.0,211768.0,410.0,1077826.0,2089.0,403207.0,781.0,406917.0,789.0,0.0,0.0,0.0,0.0,0.0,0.0,0.0,0.0,0.0,0.0,0.0,0.0,132177.0,256.0,132177.0,256.0,672415.0,1303.0,923674.0,1790.0
2024-25,101912025,Kinder H S For Performing And Visu,782,7237599.0,9255.0,7471292.0,9554.0,6264861.0,8011.0,6286297.0,8039.0,922981.0,1180.0,1064265.0,1361.0,49757.0,64.0,120730.0,154.0,7187842.0,9192.0,7350562.0,9400.0,4761893.0,6089.0,4768252.0,6098.0,2031.0,3.0,2031.0,3.0,120062.0,154.0,120062.0,154.0,191802.0,245.0,191802.0,245.0,931679.0,1191.0,931679.0,1191.0,308338.0,394.0,308338.0,394.0,3891.0,5.0,3891.0,5.0,94944.0,121.0,94944.0,121.0,0.0,0.0,0.0,0.0,0.0,0.0,79639.0,102.0,12179.0,16.0,81027.0,104.0,732585.0,937.0,741323.0,948.0,28438.0,36.0,27574.0,35.0,0.0,0.0,0.0,0.0,5860895.0,7495.0,5867254.0,7503.0,132557.0,170.0,132557.0,170.0,256664.0,328.0,256664.0,328.0,128119.0,164.0,128119.0,164.0,33446.0,43.0,33446.0,43.0,0.0,0.0,0.0,0.0,0.0,0.0,0.0,0.0,0.0,0.0,0.0,0.0,2959.0,4.0,2959.0,4.0,0.0,0.0,0.0,0.0,773202.0,989.0,929563.0,1189.0
2024-25,101912355,King Early Childhood Ctr,299,2909116.0,9729.0,3039896.0,10167.0,2567353.0,8586.0,2676752.0,8952.0,303627.0,1015.0,325008.0,1087.0,38136.0,128.0,38136.0,128.0,2870980.0,9602.0,3001760.0,10039.0,1838693.0,6149.0,1897832.0,6347.0,84102.0,281.0,84102.0,281.0,37914.0,127.0,37914.0,127.0,89207.0,298.0,89207.0,298.0,486048.0,1626.0,486048.0,1626.0,35499.0,119.0,35499.0,119.0,2043.0,7.0,2043.0,7.0,92717.0,310.0,92717.0,310.0,0.0,0.0,0.0,0.0,0.0,0.0,206.0,1.0,0.0,0.0,15853.0,53.0,204757.0,685.0,206252.0,690.0,0.0,0.0,0.0,0.0,0.0,0.0,0.0,0.0,925814.0,3096.0,928625.0,3106.0,0.0,0.0,0.0,0.0,0.0,0.0,0.0,0.0,423003.0,1415.0,423003.0,1415.0,80782.0,270.0,191197.0,639.0,110455.0,369.0,110455.0,369.0,1126169.0,3766.0,1126169.0,3766.0,0.0,0.0,0.0,0.0,0.0,0.0,0.0,0.0,0.0,0.0,0.0,0.0,204757.0,685.0,222311.0,744.0
2024-25,101912189,Kolter El,768,5761306.0,7502.0,6419918.0,8359.0,5249261.0,6835.0,5696508.0,7417.0,447279.0,582.0,658644.0,858.0,64766.0,84.0,64766.0,84.0,5696540.0,7417.0,6355152.0,8275.0,4404701.0,5735.0,4655275.0,6062.0,91356.0,119.0,91356.0,119.0,26916.0,35.0,26916.0,35.0,192967.0,251.0,192967.0,251.0,598523.0,779.0,607143.0,791.0,164866.0,215.0,164866.0,215.0,7577.0,10.0,7577.0,10.0,98303.0,128.0,104102.0,136.0,0.0,0.0,0.0,0.0,0.0,0.0,151087.0,197.0,21091.0,27.0,263518.0,343.0,90240.0,118.0,90345.0,118.0,0.0,0.0,0.0,0.0,0.0,0.0,0.0,0.0,4216350.0,5490.0,4217414.0,5491.0,10879.0,14.0,10879.0,14.0,0.0,0.0,0.0,0.0,893016.0,1163.0,1017007.0,1324.0,420349.0,547.0,497799.0,648.0,13832.0,18.0,13832.0,18.0,30783.0,40.0,30783.0,40.0,0.0,0.0,0.0,0.0,0.0,0.0,0.0,0.0,0.0,0.0,0.0,0.0,111331.0,145.0,504950.0,657.0
2024-25,101912008,Lamar H S,2949,25184685.0,8540.0,27487678.0,9321.0,21561333.0,7311.0,23006270.0,7801.0,3316887.0,1125.0,4169609.0,1414.0,306465.0,104.0,311799.0,106.0,24878220.0,8436.0,27175879.0,9215.0,14996131.0,5085.0,16276053.0,5519.0,6641.0,2.0,6641.0,2.0,394841.0,134.0,404538.0,137.0,2223374.0,754.0,2223374.0,754.0,3598587.0,1220.0,3620055.0,1228.0,667703.0,226.0,672627.0,228.0,310999.0,105.0,310999.0,105.0,182602.0,62.0,183655.0,62.0,0.0,0.0,0.0,0.0,0.0,0.0,389203.0,132.0,882820.0,299.0,1428318.0,484.0,1310796.0,444.0,1333402.0,452.0,122314.0,41.0,122314.0,41.0,181412.0,62.0,181412.0,62.0,12821870.0,4348.0,12824927.0,4349.0,62860.0,21.0,62959.0,21.0,4220134.0,1431.0,4224275.0,1432.0,2613903.0,886.0,3142999.0,1066.0,571597.0,194.0,1373568.0,466.0,43791.0,15.0,43791.0,15.0,0.0,0.0,0.0,0.0,0.0,0.0,0.0,0.0,2047172.0,694.0,2047172.0,694.0,732902.0,249.0,751484.0,255.0,1763991.0,598.0,2704704.0,917.0
2024-25,101912057,Lanier Middle,1485,11646991.0,7843.0,12165576.0,8192.0,9559404.0,6437.0,9669592.0,6512.0,1555817.0,1048.0,1924297.0,1296.0,531770.0,358.0,571687.0,385.0,11115221.0,7485.0,11593889.0,7807.0,7579773.0,5104.0,7656846.0,5156.0,100020.0,67.0,100020.0,67.0,151688.0,102.0,151688.0,102.0,304748.0,205.0,304748.0,205.0,1500701.0,1011.0,1511295.0,1018.0,178068.0,120.0,178068.0,120.0,194436.0,131.0,194436.0,131.0,123543.0,83.0,127463.0,86.0,0.0,0.0,0.0,0.0,0.0,0.0,211258.0,142.0,227344.0,153.0,399678.0,269.0,735210.0,495.0,738699.0,497.0,19690.0,13.0,19690.0,13.0,0.0,0.0,0.0,0.0,8312625.0,5598.0,8322484.0,5604.0,199480.0,134.0,199480.0,134.0,123795.0,83.0,123795.0,83.0,1140987.0,768.0,1149046.0,774.0,304497.0,205.0,378166.0,255.0,51593.0,35.0,51593.0,35.0,0.0,0.0,0.0,0.0,0.0,0.0,0.0,0.0,0.0,0.0,0.0,0.0,208549.0,140.0,208549.0,140.0,773695.0,521.0,1160776.0,782.0
2024-25,101912192,Lantrip El,405,3638706.0,8984.0,4163215.0,10280.0,3023815.0,7466.0,3272708.0,8081.0,582401.0,1438.0,830453.0,2051.0,32490.0,80.0,60054.0,148.0,3606216.0,8904.0,4103161.0,10131.0,2298707.0,5676.0,2563262.0,6329.0,1220.0,3.0,1220.0,3.0,61669.0,152.0,61669.0,152.0,121126.0,299.0,121126.0,299.0,446372.0,1102.0,446372.0,1102.0,133292.0,329.0,133292.0,329.0,8703.0,21.0,8703.0,21.0,103904.0,257.0,103904.0,257.0,0.0,0.0,0.0,0.0,0.0,0.0,220526.0,545.0,8841.0,22.0,13687.0,34.0,422382.0,1043.0,424505.0,1048.0,0.0,0.0,0.0,0.0,0.0,0.0,0.0,0.0,2077646.0,5130.0,2079518.0,5135.0,3251.0,8.0,3251.0,8.0,0.0,0.0,0.0,0.0,425424.0,1050.0,614238.0,1517.0,269891.0,666.0,348408.0,860.0,153871.0,380.0,153871.0,380.0,244910.0,605.0,244910.0,605.0,0.0,0.0,0.0,0.0,0.0,0.0,0.0,0.0,6060.0,15.0,6060.0,15.0,425163.0,1050.0,652658.0,1612.0
2024-25,101912340,Las Americas,111,2581804.0,23259.0,2949155.0,26569.0,2414377.0,21751.0,2766726.0,24925.0,149362.0,1346.0,164364.0,1481.0,18065.0,163.0,18065.0,163.0,2563739.0,23097.0,2931090.0,26406.0,1624428.0,14634.0,1934873.0,17431.0,611.0,6.0,611.0,6.0,9739.0,88.0,9739.0,88.0,51531.0,464.0,51531.0,464.0,637803.0,5746.0,690452.0,6220.0,134488.0,1212.0,134488.0,1212.0,1262.0,11.0,1262.0,11.0,83986.0,757.0,83986.0,757.0,0.0,0.0,0.0,0.0,0.0,0.0,0.0,0.0,0.0,0.0,350.0,3.0,19891.0,179.0,19891.0,179.0,0.0,0.0,0.0,0.0,0.0,0.0,0.0,0.0,2263441.0,20391.0,2270254.0,20453.0,0.0,0.0,0.0,0.0,0.0,0.0,0.0,0.0,67445.0,608.0,67445.0,608.0,3672.0,33.0,363860.0,3278.0,209290.0,1885.0,209290.0,1885.0,0.0,0.0,0.0,0.0,0.0,0.0,0.0,0.0,0.0,0.0,0.0,0.0,0.0,0.0,0.0,0.0,19891.0,179.0,20241.0,182.0
2024-25,101912357,Laurenzo Early Childhood Ctr,240,2734441.0,11394.0,2893515.0,12056.0,2138920.0,8912.0,2271472.0,9464.0,523713.0,2182.0,550235.0,2293.0,71808.0,299.0,71808.0,299.0,2662633.0,11094.0,2821707.0,11757.0,1820496.0,7585.0,1942724.0,8095.0,1542.0,6.0,1542.0,6.0,35829.0,149.0,35829.0,149.0,87806.0,366.0,87806.0,366.0,387996.0,1617.0,397979.0,1658.0,30543.0,127.0,30543.0,127.0,52045.0,217.0,52045.0,217.0,83505.0,348.0,88492.0,369.0,0.0,0.0,0.0,0.0,0.0,0.0,17452.0,73.0,194.0,1.0,937.0,4.0,162677.0,678.0,163508.0,681.0,0.0,0.0,0.0,0.0,0.0,0.0,0.0,0.0,1020814.0,4253.0,1022064.0,4259.0,0.0,0.0,0.0,0.0,0.0,0.0,0.0,0.0,363079.0,1513.0,363079.0,1513.0,77518.0,323.0,216284.0,901.0,180367.0,752.0,180367.0,752.0,857984.0,3575.0,857984.0,3575.0,0.0,0.0,0.0,0.0,0.0,0.0,0.0,0.0,0.0,0.0,0.0,0.0,162871.0,679.0,181897.0,758.0
2024-25,101912263,Law El,422,3837338.0,9093.0,4203163.0,9960.0,3288721.0,7793.0,3398414.0,8053.0,518081.0,1228.0,773337.0,1833.0,30536.0,72.0,31412.0,74.0,3806802.0,9021.0,4171751.0,9886.0,2446761.0,5798.0,2586199.0,6128.0,92651.0,220.0,92651.0,220.0,31354.0,74.0,31354.0,74.0,126931.0,301.0,126931.0,301.0,566747.0,1343.0,568773.0,1348.0,149889.0,355.0,149889.0,355.0,8971.0,21.0,8971.0,21.0,55785.0,132.0,55785.0,132.0,0.0,0.0,0.0,0.0,0.0,0.0,210563.0,499.0,0.0,0.0,0.0,0.0,324261.0,768.0,326324.0,773.0,0.0,0.0,0.0,0.0,3452.0,8.0,3452.0,8.0,2064571.0,4892.0,2064896.0,4893.0,482.0,1.0,482.0,1.0,0.0,0.0,0.0,0.0,862830.0,2045.0,862851.0,2045.0,188619.0,447.0,338024.0,801.0,12784.0,30.0,12784.0,30.0,349803.0,829.0,349803.0,829.0,0.0,0.0,0.0,0.0,0.0,0.0,0.0,0.0,0.0,0.0,0.0,0.0,327713.0,777.0,542365.0,1285.0
2024-25,101912075,Lawson Middle,1069,12837705.0,12009.0,14714437.0,13765.0,11518652.0,10775.0,12678159.0,11860.0,1194751.0,1118.0,1911976.0,1789.0,124302.0,116.0,124302.0,116.0,12713403.0,11893.0,14590135.0,13648.0,9421936.0,8814.0,10777961.0,10082.0,4103.0,4.0,4103.0,4.0,52371.0,49.0,52371.0,49.0,403519.0,377.0,403519.0,377.0,1486421.0,1390.0,1548666.0,1449.0,627834.0,587.0,627834.0,587.0,9331.0,9.0,9331.0,9.0,104535.0,98.0,112580.0,105.0,0.0,0.0,0.0,0.0,0.0,0.0,443652.0,415.0,173865.0,163.0,173865.0,163.0,428204.0,401.0,431869.0,404.0,1284.0,1.0,1284.0,1.0,0.0,0.0,0.0,0.0,7795495.0,7292.0,7800227.0,7297.0,0.0,0.0,0.0,0.0,0.0,0.0,0.0,0.0,3567012.0,3337.0,3577357.0,3346.0,519853.0,486.0,1934191.0,1809.0,225467.0,211.0,225467.0,211.0,0.0,0.0,0.0,0.0,0.0,0.0,0.0,0.0,2223.0,2.0,2223.0,2.0,156425.0,146.0,156425.0,146.0,446928.0,418.0,894245.0,837.0
2024-25,101912194,Lewis El,673,6688766.0,9939.0,7826156.0,11629.0,6134158.0,9115.0,6798860.0,10102.0,539246.0,801.0,1011934.0,1504.0,15362.0,23.0,15362.0,23.0,6673404.0,9916.0,7810794.0,11606.0,4925572.0,7319.0,5600506.0,8322.0,2050.0,3.0,2050.0,3.0,25139.0,37.0,25139.0,37.0,193070.0,287.0,193070.0,287.0,960362.0,1427.0,1015856.0,1509.0,280105.0,416.0,280105.0,416.0,7418.0,11.0,7418.0,11.0,106849.0,159.0,106849.0,159.0,0.0,0.0,0.0,0.0,0.0,0.0,403761.0,600.0,0.0,0.0,0.0,0.0,172473.0,256.0,175674.0,261.0,0.0,0.0,0.0,0.0,366.0,1.0,366.0,1.0,5038327.0,7486.0,5038327.0,7486.0,0.0,0.0,0.0,0.0,0.0,0.0,0.0,0.0,917617.0,1363.0,945477.0,1405.0,472117.0,702.0,1174685.0,1745.0,72502.0,108.0,72502.0,108.0,2.0,0.0,2.0,0.0,0.0,0.0,0.0,0.0,0.0,0.0,0.0,0.0,0.0,0.0,0.0,0.0,172839.0,257.0,579801.0,862.0
2024-25,101912324,Liberty H S,343,3085516.0,8996.0,3262944.0,9513.0,2509329.0,7316.0,2671375.0,7788.0,102965.0,300.0,115908.0,338.0,473222.0,1380.0,475661.0,1387.0,2612294.0,7616.0,2787283.0,8126.0,1579711.0,4606.0,1736578.0,5063.0,2954.0,9.0,2954.0,9.0,9312.0,27.0,9637.0,28.0,50914.0,148.0,50914.0,148.0,651820.0,1900.0,662352.0,1931.0,134826.0,393.0,138684.0,404.0,66655.0,194.0,66655.0,194.0,82727.0,241.0,82727.0,241.0,0.0,0.0,0.0,0.0,0.0,0.0,252.0,1.0,14821.0,43.0,14821.0,43.0,15662.0,46.0,15662.0,46.0,2892.0,8.0,2892.0,8.0,0.0,0.0,0.0,0.0,1929565.0,5626.0,1933917.0,5638.0,0.0,0.0,0.0,0.0,185782.0,542.0,185782.0,542.0,69069.0,201.0,69069.0,201.0,339119.0,989.0,509179.0,1484.0,55384.0,161.0,55384.0,161.0,0.0,0.0,0.0,0.0,0.0,0.0,0.0,0.0,0.0,0.0,0.0,0.0,0.0,0.0,0.0,0.0,33375.0,97.0,33952.0,99.0
2024-25,101912195,Lockhart El,304,3936932.0,12950.0,4539680.0,14933.0,3577573.0,11768.0,3971176.0,13063.0,341171.0,1122.0,550316.0,1810.0,18188.0,60.0,18188.0,60.0,3918744.0,12891.0,4521492.0,14873.0,2828529.0,9304.0,3191717.0,10499.0,1222.0,4.0,1222.0,4.0,28731.0,95.0,28731.0,95.0,129921.0,427.0,129921.0,427.0,571901.0,1881.0,632537.0,2081.0,156778.0,516.0,156778.0,516.0,3016.0,10.0,3016.0,10.0,105794.0,348.0,112145.0,369.0,0.0,0.0,0.0,0.0,0.0,0.0,167147.0,550.0,1413.0,5.0,1413.0,5.0,89239.0,294.0,89239.0,294.0,2200.0,7.0,2200.0,7.0,0.0,0.0,0.0,0.0,2252896.0,7411.0,2257543.0,7426.0,0.0,0.0,0.0,0.0,0.0,0.0,0.0,0.0,1133267.0,3728.0,1138441.0,3745.0,120433.0,396.0,546213.0,1797.0,0.0,0.0,0.0,0.0,319296.0,1050.0,319296.0,1050.0,0.0,0.0,0.0,0.0,0.0,0.0,0.0,0.0,0.0,0.0,0.0,0.0,92852.0,305.0,259999.0,855.0
2024-25,101912059,Long Academy,680,8951930.0,13165.0,10137155.0,14908.0,7839555.0,11529.0,8513038.0,12519.0,1090215.0,1603.0,1514641.0,2227.0,22160.0,33.0,109476.0,161.0,8929770.0,13132.0,10027679.0,14747.0,6114671.0,8992.0,6856550.0,10083.0,2181.0,3.0,2181.0,3.0,25920.0,38.0,25920.0,38.0,207544.0,305.0,207544.0,305.0,1242524.0,1827.0,1297174.0,1908.0,414074.0,609.0,414074.0,609.0,8553.0,13.0,8553.0,13.0,51581.0,76.0,51581.0,76.0,0.0,0.0,0.0,0.0,0.0,0.0,299637.0,441.0,240197.0,353.0,241940.0,356.0,621758.0,914.0,621758.0,914.0,767.0,1.0,767.0,1.0,0.0,0.0,0.0,0.0,6155062.0,9052.0,6216216.0,9141.0,0.0,0.0,0.0,0.0,606.0,1.0,606.0,1.0,1260604.0,1854.0,1260604.0,1854.0,363297.0,534.0,1096710.0,1613.0,287479.0,423.0,289441.0,426.0,0.0,0.0,0.0,0.0,0.0,0.0,0.0,0.0,0.0,0.0,0.0,0.0,220134.0,324.0,220134.0,324.0,642588.0,945.0,943968.0,1388.0
2024-25,101912196,Longfellow El,571,6399281.0,11207.0,7195298.0,12601.0,5910068.0,10350.0,6436307.0,11272.0,460636.0,807.0,730414.0,1279.0,28577.0,50.0,28577.0,50.0,6370704.0,11157.0,7166721.0,12551.0,4810724.0,8425.0,5334429.0,9342.0,2662.0,5.0,2662.0,5.0,53134.0,93.0,53134.0,93.0,204753.0,359.0,204753.0,359.0,729370.0,1277.0,781168.0,1368.0,286304.0,501.0,286304.0,501.0,6498.0,11.0,6498.0,11.0,109587.0,192.0,109587.0,192.0,0.0,0.0,0.0,0.0,0.0,0.0,213846.0,375.0,0.0,0.0,4770.0,8.0,167672.0,294.0,169570.0,297.0,0.0,0.0,0.0,0.0,0.0,0.0,0.0,0.0,3834499.0,6715.0,3846152.0,6736.0,0.0,0.0,0.0,0.0,0.0,0.0,0.0,0.0,1547149.0,2710.0,1547160.0,2710.0,350596.0,614.0,914057.0,1601.0,0.0,0.0,0.0,0.0,470788.0,824.0,470788.0,824.0,0.0,0.0,0.0,0.0,0.0,0.0,0.0,0.0,0.0,0.0,0.0,0.0,167672.0,294.0,388186.0,680.0
2024-25,101912197,Looscan El,227,3089267.0,13609.0,3642832.0,16048.0,2787984.0,12282.0,3132253.0,13798.0,266773.0,1175.0,473719.0,2087.0,34510.0,152.0,36860.0,162.0,3054757.0,13457.0,3605972.0,15885.0,2127423.0,9372.0,2424878.0,10682.0,828.0,4.0,828.0,4.0,15808.0,70.0,15808.0,70.0,76652.0,338.0,76652.0,338.0,495170.0,2181.0,554306.0,2442.0,128152.0,565.0,128152.0,565.0,1837.0,8.0,1837.0,8.0,80327.0,354.0,85136.0,375.0,0.0,0.0,0.0,0.0,0.0,0.0,183076.0,807.0,0.0,0.0,0.0,0.0,128560.0,566.0,130579.0,575.0,0.0,0.0,0.0,0.0,0.0,0.0,0.0,0.0,2106882.0,9281.0,2108206.0,9287.0,988.0,4.0,988.0,4.0,0.0,0.0,0.0,0.0,402945.0,1775.0,408148.0,1798.0,104969.0,462.0,464562.0,2047.0,34290.0,151.0,34290.0,151.0,276123.0,1216.0,276123.0,1216.0,0.0,0.0,0.0,0.0,0.0,0.0,0.0,0.0,0.0,0.0,0.0,0.0,128560.0,566.0,313655.0,1382.0
2024-25,101912198,Love El,339,3951243.0,11656.0,4241227.0,12511.0,3153792.0,9303.0,3241131.0,9561.0,656882.0,1938.0,846027.0,2496.0,140569.0,415.0,154069.0,454.0,3810674.0,11241.0,4087158.0,12057.0,2484735.0,7330.0,2601030.0,7673.0,1490.0,4.0,1490.0,4.0,20981.0,62.0,20981.0,62.0,136029.0,401.0,136029.0,401.0,428332.0,1264.0,428332.0,1264.0,153323.0,452.0,153323.0,452.0,15030.0,44.0,15030.0,44.0,79317.0,234.0,79317.0,234.0,0.0,0.0,0.0,0.0,0.0,0.0,158510.0,468.0,0.0,0.0,0.0,0.0,491437.0,1450.0,493116.0,1455.0,0.0,0.0,0.0,0.0,0.0,0.0,0.0,0.0,1892673.0,5583.0,1892704.0,5583.0,1391.0,4.0,1391.0,4.0,0.0,0.0,0.0,0.0,783361.0,2311.0,783389.0,2311.0,264337.0,780.0,313355.0,924.0,111162.0,328.0,111162.0,328.0,266313.0,786.0,266313.0,786.0,0.0,0.0,0.0,0.0,0.0,0.0,0.0,0.0,0.0,0.0,0.0,0.0,491437.0,1450.0,651626.0,1922.0
2024-25,101912199,Lovett El,698,6127674.0,8779.0,6767817.0,9696.0,5483746.0,7856.0,5924979.0,8489.0,524225.0,751.0,723135.0,1036.0,119703.0,171.0,119703.0,171.0,6007971.0,8607.0,6648114.0,9525.0,4635503.0,6641.0,4866585.0,6972.0,80030.0,115.0,80030.0,115.0,32869.0,47.0,32869.0,47.0,203677.0,292.0,203677.0,292.0,593721.0,851.0,601992.0,862.0,190043.0,272.0,190043.0,272.0,13782.0,20.0,13782.0,20.0,84321.0,121.0,84321.0,121.0,0.0,0.0,0.0,0.0,0.0,0.0,196003.0,281.0,1650.0,2.0,206437.0,296.0,172375.0,247.0,172375.0,247.0,0.0,0.0,0.0,0.0,0.0,0.0,0.0,0.0,4220832.0,6047.0,4220832.0,6047.0,20480.0,29.0,20480.0,29.0,0.0,0.0,0.0,0.0,1085577.0,1555.0,1192741.0,1709.0,389703.0,558.0,521892.0,748.0,19617.0,28.0,19617.0,28.0,97737.0,140.0,97737.0,140.0,0.0,0.0,0.0,0.0,0.0,0.0,0.0,0.0,0.0,0.0,0.0,0.0,174025.0,249.0,574815.0,824.0
2024-25,101912128,Lyons El,765,6397794.0,8363.0,7518989.0,9829.0,5694387.0,7444.0,6371064.0,8328.0,656562.0,858.0,1075813.0,1406.0,46845.0,61.0,72112.0,94.0,6350949.0,8302.0,7446877.0,9734.0,4555998.0,5956.0,5229116.0,6835.0,84163.0,110.0,84163.0,110.0,51285.0,67.0,51285.0,67.0,219339.0,287.0,219339.0,287.0,765502.0,1001.0,782671.0,1023.0,167812.0,219.0,167812.0,219.0,10813.0,14.0,10813.0,14.0,99304.0,130.0,110176.0,144.0,0.0,0.0,0.0,0.0,0.0,0.0,283704.0,371.0,1050.0,1.0,59936.0,78.0,395683.0,517.0,398423.0,521.0,0.0,0.0,0.0,0.0,0.0,0.0,0.0,0.0,3904279.0,5104.0,3926871.0,5133.0,3360.0,4.0,3360.0,4.0,0.0,0.0,0.0,0.0,794731.0,1039.0,895413.0,1170.0,402528.0,526.0,1029274.0,1345.0,370677.0,485.0,370670.0,485.0,478641.0,626.0,478641.0,626.0,0.0,0.0,0.0,0.0,0.0,0.0,0.0,0.0,0.0,0.0,0.0,0.0,396733.0,519.0,742063.0,970.0
2024-25,101912201,Macgregor El,393,4232302.0,10769.0,4601784.0,11709.0,3571168.0,9087.0,3739889.0,9516.0,549496.0,1398.0,750257.0,1909.0,111638.0,284.0,111638.0,284.0,4120664.0,10485.0,4490146.0,11425.0,2666190.0,6784.0,2803010.0,7132.0,80412.0,205.0,80412.0,205.0,128465.0,327.0,128964.0,328.0,123505.0,314.0,123505.0,314.0,550672.0,1401.0,550672.0,1401.0,151665.0,386.0,151665.0,386.0,8885.0,23.0,8885.0,23.0,42937.0,109.0,43609.0,111.0,0.0,0.0,0.0,0.0,0.0,0.0,166314.0,423.0,3208.0,8.0,62703.0,160.0,364725.0,928.0,366835.0,933.0,0.0,0.0,0.0,0.0,0.0,0.0,0.0,0.0,2214668.0,5635.0,2230741.0,5676.0,2482.0,6.0,2482.0,6.0,0.0,0.0,0.0,0.0,932554.0,2373.0,932577.0,2373.0,197146.0,502.0,321055.0,817.0,8560.0,22.0,8560.0,22.0,397321.0,1011.0,397321.0,1011.0,0.0,0.0,0.0,0.0,0.0,0.0,0.0,0.0,0.0,0.0,0.0,0.0,367933.0,936.0,597023.0,1519.0
2024-25,101912203,Mading El,298,3184533.0,10686.0,3878383.0,13015.0,2815107.0,9447.0,3154357.0,10585.0,340036.0,1141.0,682704.0,2291.0,29390.0,99.0,41322.0,139.0,3155143.0,10588.0,3837061.0,12876.0,2065571.0,6931.0,2441623.0,8193.0,28031.0,94.0,28031.0,94.0,14424.0,48.0,14424.0,48.0,101180.0,340.0,101180.0,340.0,527940.0,1772.0,537373.0,1803.0,138292.0,464.0,138292.0,464.0,8382.0,28.0,8382.0,28.0,92981.0,312.0,92981.0,312.0,0.0,0.0,0.0,0.0,0.0,0.0,290655.0,975.0,0.0,0.0,200.0,1.0,178342.0,598.0,180621.0,606.0,0.0,0.0,0.0,0.0,0.0,0.0,0.0,0.0,2118483.0,7109.0,2118483.0,7109.0,1702.0,6.0,1702.0,6.0,0.0,0.0,0.0,0.0,451188.0,1514.0,700303.0,2350.0,143317.0,481.0,282986.0,950.0,22946.0,77.0,22946.0,77.0,239165.0,803.0,239165.0,803.0,0.0,0.0,0.0,0.0,0.0,0.0,0.0,0.0,0.0,0.0,0.0,0.0,178342.0,598.0,471476.0,1582.0
2024-25,101912010,Madison H S,1582,19956159.0,12615.0,22007265.0,13911.0,17488527.0,11055.0,18387294.0,11623.0,2279356.0,1441.0,3180041.0,2010.0,188276.0,119.0,439930.0,278.0,19767883.0,12496.0,21567335.0,13633.0,13599554.0,8596.0,14723720.0,9307.0,11714.0,7.0,11714.0,7.0,83154.0,53.0,83154.0,53.0,676610.0,428.0,676610.0,428.0,2406938.0,1521.0,2466461.0,1559.0,1056461.0,668.0,1061105.0,671.0,113246.0,72.0,113246.0,72.0,123931.0,78.0,132571.0,84.0,0.0,0.0,0.0,0.0,0.0,0.0,476913.0,301.0,650885.0,411.0,746276.0,472.0,1018600.0,644.0,1026002.0,649.0,9077.0,6.0,9077.0,6.0,17713.0,11.0,17713.0,11.0,11569938.0,7313.0,11583492.0,7322.0,0.0,0.0,0.0,0.0,1920989.0,1214.0,1920989.0,1214.0,3998951.0,2528.0,4024951.0,2544.0,565369.0,357.0,1745561.0,1103.0,0.0,0.0,0.0,0.0,0.0,0.0,0.0,0.0,0.0,0.0,0.0,0.0,16361.0,10.0,16361.0,10.0,606291.0,383.0,606291.0,383.0,1089984.0,689.0,1669690.0,1055.0
2024-25,101912460,Mandarin Immersion Magnet School,822,6711359.0,8165.0,7253513.0,8824.0,6010611.0,7312.0,6106476.0,7429.0,531572.0,647.0,809208.0,984.0,169176.0,206.0,337829.0,411.0,6542183.0,7959.0,6915684.0,8413.0,4731165.0,5756.0,4735543.0,5761.0,81084.0,99.0,81084.0,99.0,106227.0,129.0,106227.0,129.0,200964.0,244.0,200964.0,244.0,841439.0,1024.0,841439.0,1024.0,200632.0,244.0,200632.0,244.0,7816.0,10.0,7816.0,10.0,96157.0,117.0,96157.0,117.0,0.0,0.0,0.0,0.0,0.0,0.0,260206.0,317.0,80734.0,98.0,189651.0,231.0,159997.0,195.0,159997.0,195.0,0.0,0.0,0.0,0.0,35968.0,44.0,35968.0,44.0,4913643.0,5978.0,4915779.0,5980.0,91812.0,112.0,91812.0,112.0,39446.0,48.0,39446.0,48.0,716710.0,872.0,716710.0,872.0,249723.0,304.0,251965.0,307.0,111088.0,135.0,111088.0,135.0,143062.0,174.0,143062.0,174.0,0.0,0.0,0.0,0.0,0.0,0.0,0.0,0.0,72191.0,88.0,72191.0,88.0,204508.0,249.0,573631.0,698.0
2024-25,101912483,Mark White El,485,4276645.0,8818.0,4604971.0,9495.0,3923186.0,8089.0,3934200.0,8112.0,322271.0,664.0,639583.0,1319.0,31188.0,64.0,31188.0,64.0,4245457.0,8754.0,4573783.0,9430.0,2989656.0,6164.0,3104699.0,6401.0,1505.0,3.0,1505.0,3.0,26208.0,54.0,26208.0,54.0,141597.0,292.0,141597.0,292.0,679355.0,1401.0,679355.0,1401.0,166791.0,344.0,167818.0,346.0,9311.0,19.0,9311.0,19.0,94414.0,195.0,94414.0,195.0,0.0,0.0,0.0,0.0,0.0,0.0,208303.0,429.0,1900.0,4.0,5051.0,10.0,134720.0,278.0,134720.0,278.0,0.0,0.0,0.0,0.0,0.0,0.0,0.0,0.0,2561971.0,5282.0,2567295.0,5293.0,3322.0,7.0,3322.0,7.0,0.0,0.0,0.0,0.0,900131.0,1856.0,900131.0,1856.0,229246.0,473.0,333530.0,688.0,96024.0,198.0,96024.0,198.0,318143.0,656.0,318143.0,656.0,0.0,0.0,0.0,0.0,0.0,0.0,0.0,0.0,0.0,0.0,0.0,0.0,136620.0,282.0,348074.0,718.0
2024-25,101912480,Marshall El,452,5400006.0,11947.0,6483734.0,14345.0,4802547.0,10625.0,5528750.0,12232.0,565614.0,1251.0,855136.0,1892.0,31845.0,70.0,99848.0,221.0,5368161.0,11876.0,6383886.0,14124.0,3891021.0,8608.0,4598527.0,10174.0,1657.0,4.0,1657.0,4.0,31368.0,69.0,31368.0,69.0,163364.0,361.0,163364.0,361.0,716568.0,1585.0,778929.0,1723.0,170335.0,377.0,174665.0,386.0,3860.0,9.0,3860.0,9.0,103463.0,229.0,108867.0,241.0,0.0,0.0,0.0,0.0,0.0,0.0,232371.0,514.0,709.0,2.0,4462.0,10.0,285623.0,632.0,285623.0,632.0,0.0,0.0,0.0,0.0,0.0,0.0,0.0,0.0,3529025.0,7808.0,3588521.0,7939.0,0.0,0.0,0.0,0.0,0.0,0.0,0.0,0.0,1065038.0,2356.0,1070087.0,2367.0,172852.0,382.0,887411.0,1963.0,15978.0,35.0,15978.0,35.0,298743.0,661.0,298743.0,661.0,0.0,0.0,0.0,0.0,0.0,0.0,0.0,0.0,0.0,0.0,0.0,0.0,286525.0,634.0,522649.0,1156.0
2024-25,101912061,Marshall Middle,455,7264757.0,15966.0,8231094.0,18090.0,5536963.0,12169.0,5994034.0,13174.0,1714204.0,3767.0,2178671.0,4788.0,13590.0,30.0,58389.0,128.0,7251167.0,15937.0,8172705.0,17962.0,4511067.0,9914.0,5102643.0,11215.0,1571.0,3.0,1571.0,3.0,23412.0,51.0,23412.0,51.0,162730.0,358.0,162730.0,358.0,827949.0,1820.0,869575.0,1911.0,195347.0,429.0,195347.0,429.0,3802.0,8.0,3802.0,8.0,104042.0,229.0,104042.0,229.0,0.0,0.0,0.0,0.0,0.0,0.0,262495.0,577.0,105793.0,233.0,121271.0,267.0,1310093.0,2879.0,1314276.0,2889.0,1786.0,4.0,1786.0,4.0,3575.0,8.0,3575.0,8.0,3765561.0,8276.0,3860702.0,8485.0,0.0,0.0,0.0,0.0,0.0,0.0,0.0,0.0,1506521.0,3311.0,1506521.0,3311.0,160560.0,353.0,704246.0,1548.0,397278.0,873.0,397833.0,874.0,0.0,0.0,0.0,0.0,0.0,0.0,0.0,0.0,0.0,0.0,0.0,0.0,105793.0,233.0,105793.0,233.0,1315454.0,2891.0,1597610.0,3511.0
2024-25,101912289,Martinez C El,271,2933929.0,10826.0,3176975.0,11723.0,2408878.0,8889.0,2489617.0,9187.0,449363.0,1658.0,611670.0,2257.0,75688.0,279.0,75688.0,279.0,2858241.0,10547.0,3101287.0,11444.0,1790091.0,6606.0,1877377.0,6928.0,1231.0,5.0,1231.0,5.0,15735.0,58.0,15735.0,58.0,87488.0,323.0,87488.0,323.0,483860.0,1785.0,483860.0,1785.0,126323.0,466.0,126323.0,466.0,11038.0,41.0,11038.0,41.0,84767.0,313.0,84767.0,313.0,0.0,0.0,0.0,0.0,0.0,0.0,151019.0,557.0,0.0,0.0,596.0,2.0,248979.0,919.0,253124.0,934.0,8729.0,32.0,8729.0,32.0,0.0,0.0,0.0,0.0,1406358.0,5190.0,1407945.0,5195.0,0.0,0.0,0.0,0.0,0.0,0.0,0.0,0.0,682515.0,2519.0,682524.0,2519.0,300195.0,1108.0,385885.0,1424.0,18211.0,67.0,18211.0,67.0,193254.0,713.0,193254.0,713.0,0.0,0.0,0.0,0.0,0.0,0.0,0.0,0.0,0.0,0.0,0.0,0.0,257708.0,951.0,413468.0,1526.0
2024-25,101912298,Martinez R El,379,4878026.0,12871.0,5739381.0,15143.0,4404133.0,11620.0,4983320.0,13149.0,425907.0,1124.0,708075.0,1868.0,47986.0,127.0,47986.0,127.0,4830040.0,12744.0,5691395.0,15017.0,3527364.0,9307.0,4093534.0,10801.0,1436.0,4.0,1436.0,4.0,29724.0,78.0,29724.0,78.0,148185.0,391.0,148185.0,391.0,699552.0,1846.0,765036.0,2019.0,163980.0,433.0,168292.0,444.0,6228.0,16.0,6228.0,16.0,102635.0,271.0,103754.0,274.0,0.0,0.0,0.0,0.0,0.0,0.0,215345.0,568.0,0.0,0.0,1613.0,4.0,147101.0,388.0,149298.0,394.0,3552.0,9.0,3552.0,9.0,0.0,0.0,0.0,0.0,2769682.0,7308.0,2854487.0,7532.0,0.0,0.0,0.0,0.0,0.0,0.0,0.0,0.0,1184079.0,3124.0,1196499.0,3157.0,239033.0,631.0,779005.0,2055.0,28212.0,74.0,28221.0,74.0,458098.0,1209.0,458098.0,1209.0,0.0,0.0,0.0,0.0,0.0,0.0,0.0,0.0,0.0,0.0,0.0,0.0,150936.0,398.0,369968.0,976.0
2024-25,101912179,Mcgowen El,385,4394717.0,11415.0,5182714.0,13462.0,3966991.0,10304.0,4472762.0,11618.0,384394.0,998.0,666620.0,1731.0,43332.0,113.0,43332.0,113.0,4351385.0,11302.0,5139382.0,13349.0,3106927.0,8070.0,3628352.0,9424.0,1353.0,4.0,1353.0,4.0,28062.0,73.0,29873.0,78.0,137602.0,357.0,137602.0,357.0,659935.0,1714.0,698766.0,1815.0,156943.0,408.0,156943.0,408.0,3228.0,8.0,3228.0,8.0,88106.0,229.0,88106.0,229.0,0.0,0.0,0.0,0.0,0.0,0.0,218735.0,568.0,4555.0,12.0,7484.0,19.0,164360.0,427.0,168626.0,438.0,314.0,1.0,314.0,1.0,0.0,0.0,0.0,0.0,2459490.0,6388.0,2515516.0,6534.0,0.0,0.0,0.0,0.0,0.0,0.0,0.0,0.0,1060294.0,2754.0,1074129.0,2790.0,161608.0,420.0,648219.0,1684.0,2056.0,5.0,2056.0,5.0,498708.0,1295.0,498708.0,1295.0,0.0,0.0,0.0,0.0,0.0,0.0,0.0,0.0,0.0,0.0,0.0,0.0,169229.0,440.0,395159.0,1026.0
2024-25,101912227,Mcnamara El,916,7276593.0,7944.0,8013851.0,8749.0,6690997.0,7305.0,6954953.0,7593.0,481400.0,526.0,953744.0,1041.0,104196.0,114.0,105154.0,115.0,7172397.0,7830.0,7908697.0,8634.0,5250075.0,5732.0,5553499.0,6063.0,28704.0,31.0,28704.0,31.0,63480.0,69.0,63480.0,69.0,257222.0,281.0,257222.0,281.0,899881.0,982.0,899881.0,982.0,206703.0,226.0,206703.0,226.0,11802.0,13.0,11802.0,13.0,118753.0,130.0,118753.0,130.0,0.0,0.0,0.0,0.0,0.0,0.0,413013.0,451.0,6510.0,7.0,6765.0,7.0,207162.0,226.0,209805.0,229.0,10423.0,11.0,10423.0,11.0,111682.0,122.0,111682.0,122.0,4373112.0,4774.0,4375202.0,4776.0,3207.0,4.0,3207.0,4.0,0.0,0.0,0.0,0.0,586095.0,640.0,586109.0,640.0,471891.0,515.0,774969.0,846.0,413421.0,451.0,428628.0,468.0,988894.0,1080.0,988894.0,1080.0,0.0,0.0,0.0,0.0,0.0,0.0,0.0,0.0,0.0,0.0,0.0,0.0,335777.0,367.0,751688.0,821.0
2024-25,101912062,Mcreynolds Middle,297,5020573.0,16904.0,5921212.0,19937.0,4213696.0,14188.0,4724157.0,15906.0,756491.0,2547.0,1066055.0,3589.0,50386.0,170.0,131000.0,441.0,4970187.0,16735.0,5790212.0,19496.0,3167201.0,10664.0,3741910.0,12599.0,1303.0,4.0,1303.0,4.0,22419.0,75.0,22419.0,75.0,151885.0,511.0,151885.0,511.0,908063.0,3057.0,959709.0,3231.0,176470.0,594.0,180786.0,609.0,3374.0,11.0,3374.0,11.0,84065.0,283.0,84065.0,283.0,0.0,0.0,0.0,0.0,0.0,0.0,177295.0,597.0,168090.0,566.0,168720.0,568.0,284700.0,959.0,289315.0,974.0,2342.0,8.0,2342.0,8.0,0.0,0.0,0.0,0.0,2453040.0,8259.0,2608930.0,8784.0,0.0,0.0,0.0,0.0,0.0,0.0,0.0,0.0,1732493.0,5833.0,1748336.0,5887.0,58398.0,197.0,519849.0,1750.0,270849.0,912.0,275150.0,926.0,0.0,0.0,0.0,0.0,0.0,0.0,0.0,0.0,0.0,0.0,0.0,0.0,143072.0,482.0,143072.0,482.0,312335.0,1052.0,494875.0,1666.0
2024-25,101912204,Memorial El,471,4471681.0,9494.0,5212480.0,11067.0,3740317.0,7941.0,4250885.0,9025.0,619503.0,1315.0,832404.0,1767.0,111861.0,237.0,129191.0,274.0,4359820.0,9257.0,5083289.0,10793.0,2984013.0,6335.0,3510757.0,7454.0,90549.0,192.0,90549.0,192.0,31488.0,67.0,31488.0,67.0,151661.0,322.0,151661.0,322.0,517813.0,1099.0,528908.0,1123.0,161120.0,342.0,161120.0,342.0,9493.0,20.0,9493.0,20.0,61906.0,131.0,64805.0,138.0,0.0,0.0,0.0,0.0,0.0,0.0,174525.0,371.0,2560.0,5.0,3456.0,7.0,349217.0,741.0,350504.0,744.0,0.0,0.0,0.0,0.0,0.0,0.0,0.0,0.0,2507450.0,5324.0,2564451.0,5445.0,1718.0,4.0,1718.0,4.0,0.0,0.0,0.0,0.0,1243400.0,2640.0,1369677.0,2908.0,142137.0,302.0,328968.0,698.0,106298.0,226.0,106298.0,226.0,7040.0,15.0,7040.0,15.0,0.0,0.0,0.0,0.0,0.0,0.0,0.0,0.0,0.0,0.0,0.0,0.0,351777.0,747.0,528485.0,1122.0
2024-25,101912055,Meyerland Middle,1165,10631813.0,9126.0,11598579.0,9956.0,8895302.0,7635.0,9261530.0,7950.0,1549629.0,1330.0,1997476.0,1715.0,186882.0,160.0,339573.0,291.0,10444931.0,8966.0,11259006.0,9664.0,7091503.0,6087.0,7460908.0,6404.0,178349.0,153.0,184859.0,159.0,131549.0,113.0,131549.0,113.0,322433.0,277.0,322433.0,277.0,1120559.0,962.0,1128588.0,969.0,347333.0,298.0,347333.0,298.0,28265.0,24.0,28265.0,24.0,80041.0,69.0,89558.0,77.0,0.0,0.0,0.0,0.0,0.0,0.0,344898.0,296.0,220228.0,189.0,283761.0,244.0,923216.0,792.0,930958.0,799.0,1455.0,1.0,5896.0,5.0,0.0,0.0,0.0,0.0,6235320.0,5352.0,6235670.0,5353.0,6519.0,6.0,6519.0,6.0,123300.0,106.0,123300.0,106.0,1872829.0,1608.0,1906581.0,1637.0,858846.0,737.0,1218205.0,1046.0,96136.0,83.0,96136.0,83.0,0.0,0.0,0.0,0.0,0.0,0.0,0.0,0.0,107082.0,92.0,107082.0,92.0,199678.0,171.0,200475.0,172.0,945221.0,811.0,1365038.0,1172.0
2024-25,101912458,Mickey Leland College Prep Acad Fo,251,3520277.0,14025.0,3784945.0,15079.0,2889815.0,11513.0,2934930.0,11693.0,561965.0,2239.0,776818.0,3095.0,68497.0,273.0,73197.0,292.0,3451780.0,13752.0,3711748.0,14788.0,2076156.0,8272.0,2164163.0,8622.0,918.0,4.0,918.0,4.0,97220.0,387.0,97220.0,387.0,111705.0,445.0,111705.0,445.0,533461.0,2125.0,533491.0,2125.0,138515.0,552.0,138515.0,552.0,8143.0,32.0,8143.0,32.0,9278.0,37.0,9278.0,37.0,0.0,0.0,0.0,0.0,0.0,0.0,159855.0,637.0,154292.0,615.0,165196.0,658.0,317891.0,1266.0,317891.0,1266.0,4201.0,17.0,4201.0,17.0,0.0,0.0,0.0,0.0,1850046.0,7371.0,1850571.0,7373.0,3963.0,16.0,3963.0,16.0,312946.0,1247.0,312946.0,1247.0,644150.0,2566.0,647407.0,2579.0,152525.0,608.0,237952.0,948.0,6604.0,26.0,6604.0,26.0,0.0,0.0,0.0,0.0,0.0,0.0,0.0,0.0,5162.0,21.0,5162.0,21.0,152833.0,609.0,152833.0,609.0,323551.0,1289.0,494310.0,1969.0
2024-25,101912485,Middle College H S At Hcc Fraga,130,1289315.0,9918.0,1333616.0,10259.0,1199362.0,9226.0,1204096.0,9262.0,65703.0,505.0,90516.0,696.0,24250.0,187.0,39004.0,300.0,1265065.0,9731.0,1294612.0,9959.0,797005.0,6131.0,825172.0,6347.0,348.0,3.0,348.0,3.0,3739.0,29.0,3739.0,29.0,40029.0,308.0,40029.0,308.0,308628.0,2374.0,308628.0,2374.0,96669.0,744.0,96669.0,744.0,9709.0,75.0,9709.0,75.0,2658.0,20.0,2658.0,20.0,0.0,0.0,0.0,0.0,0.0,0.0,0.0,0.0,6103.0,47.0,5624.0,43.0,177.0,1.0,177.0,1.0,0.0,0.0,0.0,0.0,0.0,0.0,0.0,0.0,652265.0,5017.0,654541.0,5035.0,863.0,7.0,863.0,7.0,160266.0,1233.0,160266.0,1233.0,41238.0,317.0,41238.0,317.0,403131.0,3101.0,430881.0,3314.0,1022.0,8.0,1022.0,8.0,0.0,0.0,0.0,0.0,0.0,0.0,0.0,0.0,0.0,0.0,0.0,0.0,6103.0,47.0,6103.0,47.0,177.0,1.0,-302.0,-2.0
2024-25,101912484,Middle College H S At Hcc Gulfton,70,1239027.0,17700.0,1269472.0,18135.0,1149802.0,16426.0,1162174.0,16602.0,66611.0,952.0,86420.0,1235.0,22614.0,323.0,20878.0,298.0,1216413.0,17377.0,1248594.0,17837.0,673110.0,9616.0,690763.0,9868.0,288.0,4.0,288.0,4.0,4130.0,59.0,4130.0,59.0,34686.0,496.0,34686.0,496.0,475919.0,6799.0,475919.0,6799.0,11825.0,169.0,24214.0,346.0,3595.0,51.0,3595.0,51.0,2214.0,32.0,2214.0,32.0,0.0,0.0,0.0,0.0,0.0,0.0,0.0,0.0,400.0,6.0,1216.0,17.0,10246.0,146.0,10542.0,151.0,0.0,0.0,0.0,0.0,0.0,0.0,0.0,0.0,738843.0,10555.0,739169.0,10560.0,0.0,0.0,0.0,0.0,202268.0,2890.0,202268.0,2890.0,52335.0,748.0,52335.0,748.0,204432.0,2920.0,235175.0,3360.0,7889.0,113.0,7889.0,113.0,0.0,0.0,0.0,0.0,0.0,0.0,0.0,0.0,0.0,0.0,0.0,0.0,400.0,6.0,400.0,6.0,10246.0,146.0,11358.0,162.0
2024-25,101912011,Milby H S,2119,18048889.0,8518.0,20281008.0,9571.0,14971166.0,7065.0,16336431.0,7710.0,2611258.0,1232.0,3478112.0,1641.0,466465.0,220.0,466465.0,220.0,17582424.0,8298.0,19814543.0,9351.0,10454395.0,4934.0,11704021.0,5523.0,194496.0,92.0,194496.0,92.0,163674.0,77.0,163674.0,77.0,1251002.0,590.0,1251002.0,590.0,2534463.0,1196.0,2554103.0,1205.0,735259.0,347.0,817498.0,386.0,342023.0,161.0,342023.0,161.0,129795.0,61.0,129795.0,61.0,0.0,0.0,0.0,0.0,0.0,0.0,657979.0,311.0,741607.0,350.0,837233.0,395.0,807785.0,381.0,807785.0,381.0,68599.0,32.0,68599.0,32.0,158709.0,75.0,158709.0,75.0,8758136.0,4133.0,8770031.0,4139.0,12360.0,6.0,12360.0,6.0,2702727.0,1275.0,2702727.0,1275.0,2056015.0,970.0,2699045.0,1274.0,925286.0,437.0,1748875.0,825.0,120568.0,57.0,120568.0,57.0,0.0,0.0,0.0,0.0,0.0,0.0,0.0,0.0,1230031.0,580.0,1230031.0,580.0,668979.0,316.0,668979.0,316.0,1108322.0,523.0,1861927.0,879.0
2024-25,101912299,Milne El,496,5449050.0,10986.0,6334550.0,12771.0,4766777.0,9610.0,5242317.0,10569.0,595869.0,1201.0,1002304.0,2021.0,86404.0,174.0,89929.0,181.0,5362646.0,10812.0,6244621.0,12590.0,3879103.0,7821.0,4398538.0,8868.0,2087.0,4.0,2087.0,4.0,30358.0,61.0,30358.0,61.0,163041.0,329.0,163041.0,329.0,661966.0,1335.0,715028.0,1442.0,170242.0,343.0,170242.0,343.0,3830.0,8.0,3830.0,8.0,99662.0,201.0,99662.0,201.0,0.0,0.0,0.0,0.0,0.0,0.0,306297.0,618.0,10829.0,22.0,11811.0,24.0,335743.0,677.0,337942.0,681.0,5785.0,12.0,5785.0,12.0,0.0,0.0,0.0,0.0,3359311.0,6773.0,3368653.0,6792.0,0.0,0.0,0.0,0.0,0.0,0.0,0.0,0.0,1115409.0,2249.0,1115431.0,2249.0,250286.0,505.0,813419.0,1640.0,27539.0,56.0,27539.0,56.0,257744.0,520.0,257744.0,520.0,0.0,0.0,0.0,0.0,0.0,0.0,0.0,0.0,0.0,0.0,0.0,0.0,352357.0,710.0,661835.0,1334.0
2024-25,101912354,Mistral Center For Early Childhood,328,3286004.0,10018.0,3447010.0,10509.0,3032244.0,9245.0,3168537.0,9660.0,224505.0,684.0,249218.0,760.0,29255.0,89.0,29255.0,89.0,3256749.0,9929.0,3417755.0,10420.0,2240249.0,6830.0,2344012.0,7146.0,83057.0,253.0,83057.0,253.0,45781.0,140.0,45781.0,140.0,112069.0,342.0,112069.0,342.0,408503.0,1245.0,408503.0,1245.0,135104.0,412.0,135104.0,412.0,2405.0,7.0,2405.0,7.0,90122.0,275.0,90122.0,275.0,0.0,0.0,0.0,0.0,0.0,0.0,1251.0,4.0,0.0,0.0,33777.0,103.0,97609.0,298.0,98770.0,301.0,0.0,0.0,0.0,0.0,41850.0,128.0,41850.0,128.0,1183164.0,3607.0,1186657.0,3618.0,0.0,0.0,0.0,0.0,0.0,0.0,0.0,0.0,301557.0,919.0,301557.0,919.0,123864.0,378.0,244575.0,746.0,309376.0,943.0,309376.0,943.0,1199329.0,3656.0,1199329.0,3656.0,0.0,0.0,0.0,0.0,0.0,0.0,0.0,0.0,0.0,0.0,0.0,0.0,139459.0,425.0,175648.0,536.0
2024-25,101912264,Mitchell El,493,5920213.0,12009.0,6857557.0,13910.0,5413253.0,10980.0,5860667.0,11888.0,420389.0,853.0,910319.0,1846.0,86571.0,176.0,86571.0,176.0,5833642.0,11833.0,6770986.0,13734.0,4442787.0,9012.0,4953665.0,10048.0,2285.0,5.0,2285.0,5.0,43249.0,88.0,43249.0,88.0,185456.0,376.0,185456.0,376.0,732282.0,1485.0,772729.0,1567.0,175674.0,356.0,175674.0,356.0,4401.0,9.0,4401.0,9.0,99995.0,203.0,99995.0,203.0,0.0,0.0,0.0,0.0,0.0,0.0,376932.0,765.0,30842.0,63.0,33592.0,68.0,116671.0,237.0,118248.0,240.0,0.0,0.0,0.0,0.0,0.0,0.0,0.0,0.0,3664038.0,7432.0,3669289.0,7443.0,0.0,0.0,0.0,0.0,0.0,0.0,0.0,0.0,1005549.0,2040.0,1005549.0,2040.0,250249.0,508.0,800875.0,1624.0,67650.0,137.0,67650.0,137.0,698643.0,1417.0,698643.0,1417.0,0.0,0.0,0.0,0.0,0.0,0.0,0.0,0.0,0.0,0.0,0.0,0.0,147513.0,299.0,528772.0,1073.0
2024-25,101912207,Montgomery El,372,4909551.0,13198.0,5578808.0,14997.0,4474066.0,12027.0,4828925.0,12981.0,390253.0,1049.0,663921.0,1785.0,45232.0,122.0,85962.0,231.0,4864319.0,13076.0,5492846.0,14766.0,3561547.0,9574.0,3941146.0,10594.0,1725.0,5.0,1725.0,5.0,32375.0,87.0,32375.0,87.0,155690.0,419.0,155690.0,419.0,704787.0,1895.0,757405.0,2036.0,150370.0,404.0,150370.0,404.0,3647.0,10.0,3647.0,10.0,95453.0,257.0,95453.0,257.0,0.0,0.0,0.0,0.0,0.0,0.0,188781.0,507.0,1379.0,4.0,1379.0,4.0,157346.0,423.0,159718.0,429.0,0.0,0.0,0.0,0.0,0.0,0.0,0.0,0.0,2958320.0,7952.0,2998216.0,8060.0,865.0,2.0,865.0,2.0,0.0,0.0,0.0,0.0,1126748.0,3029.0,1126748.0,3029.0,179977.0,484.0,577455.0,1552.0,31925.0,86.0,31925.0,86.0,407759.0,1096.0,407759.0,1096.0,0.0,0.0,0.0,0.0,0.0,0.0,0.0,0.0,0.0,0.0,0.0,0.0,158725.0,427.0,349878.0,941.0
2024-25,101912359,Moreno El,696,5472003.0,7862.0,6417640.0,9221.0,4887765.0,7023.0,5213315.0,7490.0,551084.0,792.0,1091521.0,1568.0,33154.0,48.0,112804.0,162.0,5438849.0,7814.0,6304836.0,9059.0,3951930.0,5678.0,4233888.0,6083.0,10341.0,15.0,10341.0,15.0,45916.0,66.0,46516.0,67.0,191879.0,276.0,191879.0,276.0,777112.0,1117.0,785946.0,1129.0,79013.0,114.0,165458.0,238.0,7275.0,10.0,7275.0,10.0,100480.0,144.0,100480.0,144.0,0.0,0.0,0.0,0.0,0.0,0.0,475527.0,683.0,1127.0,2.0,9872.0,14.0,271661.0,390.0,275342.0,396.0,0.0,0.0,0.0,0.0,2115.0,3.0,2115.0,3.0,3744731.0,5380.0,3747110.0,5384.0,0.0,0.0,0.0,0.0,0.0,0.0,0.0,0.0,578480.0,831.0,690186.0,992.0,365954.0,526.0,629303.0,904.0,269683.0,387.0,269683.0,387.0,205098.0,295.0,205098.0,295.0,0.0,0.0,0.0,0.0,0.0,0.0,0.0,0.0,0.0,0.0,0.0,0.0,274903.0,395.0,763456.0,1097.0
2024-25,101912311,Mount Carmel Academy,194,934754.0,4818.0,994608.0,5127.0,209180.0,1078.0,209180.0,1078.0,724775.0,3736.0,784629.0,4044.0,799.0,4.0,799.0,4.0,933955.0,4814.0,993809.0,5123.0,811282.0,4182.0,869553.0,4482.0,611.0,3.0,611.0,3.0,7139.0,37.0,7139.0,37.0,51531.0,266.0,51531.0,266.0,44832.0,231.0,46203.0,238.0,12600.0,65.0,12600.0,65.0,1262.0,7.0,1262.0,7.0,4662.0,24.0,4662.0,24.0,0.0,0.0,0.0,0.0,0.0,0.0,212.0,1.0,0.0,0.0,0.0,0.0,36.0,0.0,36.0,0.0,0.0,0.0,0.0,0.0,0.0,0.0,0.0,0.0,710615.0,3663.0,710615.0,3663.0,2547.0,13.0,2547.0,13.0,75161.0,387.0,75161.0,387.0,34135.0,176.0,34135.0,176.0,100136.0,516.0,159778.0,824.0,11325.0,58.0,11325.0,58.0,0.0,0.0,0.0,0.0,0.0,0.0,0.0,0.0,0.0,0.0,0.0,0.0,0.0,0.0,0.0,0.0,36.0,0.0,248.0,1.0
2024-25,101912054,Navarro Middle,400,6128129.0,15320.0,6987412.0,17469.0,5211997.0,13030.0,5635037.0,14088.0,856356.0,2141.0,1240184.0,3100.0,59776.0,149.0,112191.0,280.0,6068353.0,15171.0,6875221.0,17188.0,4150977.0,10377.0,4705732.0,11764.0,14930.0,37.0,14930.0,37.0,18925.0,47.0,18925.0,47.0,157788.0,394.0,157788.0,394.0,826212.0,2066.0,875989.0,2190.0,180040.0,450.0,180040.0,450.0,5182.0,13.0,5182.0,13.0,108084.0,270.0,108084.0,270.0,0.0,0.0,0.0,0.0,0.0,0.0,197698.0,494.0,50863.0,127.0,51948.0,130.0,554237.0,1386.0,557790.0,1394.0,1115.0,3.0,1115.0,3.0,0.0,0.0,0.0,0.0,3418521.0,8546.0,3502531.0,8756.0,0.0,0.0,0.0,0.0,0.0,0.0,0.0,0.0,1509876.0,3775.0,1509876.0,3775.0,141338.0,353.0,661375.0,1653.0,392403.0,981.0,392888.0,982.0,0.0,0.0,0.0,0.0,0.0,0.0,0.0,0.0,0.0,0.0,0.0,0.0,49213.0,123.0,49213.0,123.0,557002.0,1393.0,759338.0,1898.0
2024-25,101912209,Neff Ecc,548,5046276.0,9209.0,5770989.0,10531.0,4310972.0,7867.0,4628493.0,8446.0,675776.0,1233.0,1082968.0,1976.0,59528.0,109.0,59528.0,109.0,4986748.0,9100.0,5711461.0,10422.0,3502176.0,6391.0,3829337.0,6988.0,1568.0,3.0,1568.0,3.0,59757.0,109.0,59757.0,109.0,164456.0,300.0,164456.0,300.0,616780.0,1126.0,627675.0,1145.0,66218.0,121.0,66218.0,121.0,9491.0,17.0,9491.0,17.0,104152.0,190.0,107983.0,197.0,0.0,0.0,0.0,0.0,0.0,0.0,367863.0,671.0,5608.0,10.0,5608.0,10.0,412762.0,753.0,418188.0,763.0,0.0,0.0,0.0,0.0,33749.0,62.0,33749.0,62.0,1731756.0,3160.0,1731996.0,3161.0,242.0,0.0,242.0,0.0,0.0,0.0,0.0,0.0,742592.0,1355.0,742592.0,1355.0,372358.0,679.0,722495.0,1318.0,458317.0,836.0,458317.0,836.0,1219333.0,2225.0,1219333.0,2225.0,0.0,0.0,0.0,0.0,0.0,0.0,0.0,0.0,5608.0,10.0,5608.0,10.0,456542.0,833.0,829831.0,1514.0
2024-25,101912394,Neff El,709,6880365.0,9704.0,8047525.0,11351.0,6396254.0,9022.0,6999281.0,9872.0,414655.0,585.0,978788.0,1381.0,69456.0,98.0,69456.0,98.0,6810909.0,9606.0,7978069.0,11253.0,5178304.0,7304.0,5983378.0,8439.0,2673.0,4.0,2673.0,4.0,30758.0,43.0,30758.0,43.0,192825.0,272.0,192825.0,272.0,933340.0,1316.0,978444.0,1380.0,280616.0,396.0,280616.0,396.0,4584.0,6.0,4584.0,6.0,104720.0,148.0,104720.0,148.0,0.0,0.0,0.0,0.0,0.0,0.0,311246.0,439.0,0.0,0.0,3500.0,5.0,83303.0,117.0,84104.0,119.0,0.0,0.0,0.0,0.0,-214.0,0.0,-214.0,0.0,5090303.0,7180.0,5189082.0,7319.0,0.0,0.0,0.0,0.0,0.0,0.0,0.0,0.0,1238598.0,1747.0,1239377.0,1748.0,363467.0,513.0,1115522.0,1573.0,35452.0,50.0,35452.0,50.0,0.0,0.0,0.0,0.0,0.0,0.0,0.0,0.0,0.0,0.0,0.0,0.0,0.0,0.0,0.0,0.0,83089.0,117.0,398636.0,562.0
2024-25,101912477,North Forest H S,905,15184819.0,16779.0,16940537.0,18719.0,12275221.0,13564.0,13366864.0,14770.0,2724272.0,3010.0,3287216.0,3632.0,185326.0,205.0,286457.0,317.0,14999493.0,16574.0,16654080.0,18402.0,8448595.0,9335.0,9592827.0,10600.0,3274.0,4.0,3274.0,4.0,46385.0,51.0,50426.0,56.0,1708735.0,1888.0,1708735.0,1888.0,1733818.0,1916.0,1825058.0,2017.0,713727.0,789.0,726651.0,803.0,74287.0,82.0,76451.0,84.0,119800.0,132.0,131683.0,146.0,0.0,0.0,0.0,0.0,0.0,0.0,356433.0,394.0,572679.0,633.0,589697.0,652.0,1576737.0,1742.0,1576737.0,1742.0,1456.0,2.0,1456.0,2.0,0.0,0.0,0.0,0.0,7228524.0,7987.0,7357929.0,8130.0,844.0,1.0,844.0,1.0,941854.0,1041.0,956972.0,1057.0,2438348.0,2694.0,2485722.0,2747.0,196516.0,217.0,1266351.0,1399.0,0.0,0.0,0.0,0.0,0.0,0.0,0.0,0.0,0.0,0.0,0.0,0.0,2042535.0,2257.0,2057898.0,2274.0,434756.0,480.0,434756.0,480.0,1716116.0,1896.0,2093608.0,2313.0
2024-25,101912308,North Houston Early College H S,489,4018096.0,8217.0,4320399.0,8835.0,3562264.0,7285.0,3640428.0,7445.0,310728.0,635.0,534867.0,1094.0,145104.0,297.0,145104.0,297.0,3872992.0,7920.0,4175295.0,8538.0,2384154.0,4876.0,2492980.0,5098.0,950.0,2.0,950.0,2.0,26071.0,53.0,31955.0,65.0,120795.0,247.0,120795.0,247.0,878950.0,1797.0,878950.0,1797.0,140789.0,288.0,140789.0,288.0,4959.0,10.0,4959.0,10.0,112386.0,230.0,112386.0,230.0,0.0,0.0,0.0,0.0,31.0,0.0,127362.0,260.0,7820.0,16.0,22450.0,46.0,101488.0,208.0,101488.0,208.0,15809.0,32.0,15809.0,32.0,74301.0,152.0,74301.0,152.0,2653495.0,5426.0,2658267.0,5436.0,15037.0,31.0,15037.0,31.0,696284.0,1424.0,696284.0,1424.0,86211.0,176.0,86211.0,176.0,200416.0,410.0,350102.0,716.0,20451.0,42.0,20451.0,42.0,0.0,0.0,0.0,0.0,0.0,0.0,0.0,0.0,0.0,0.0,0.0,0.0,-5.0,0.0,-5.0,0.0,201103.0,411.0,348948.0,714.0
2024-25,101912210,Northline El,356,4334609.0,12176.0,4960877.0,13935.0,3828869.0,10755.0,4168591.0,11710.0,480058.0,1348.0,766604.0,2153.0,25682.0,72.0,25682.0,72.0,4308927.0,12104.0,4935195.0,13863.0,3089611.0,8679.0,3454629.0,9704.0,1498.0,4.0,1498.0,4.0,27374.0,77.0,27374.0,77.0,152764.0,429.0,152764.0,429.0,538642.0,1513.0,584694.0,1642.0,164824.0,463.0,164824.0,463.0,8035.0,23.0,8035.0,23.0,101274.0,284.0,101274.0,284.0,0.0,0.0,0.0,0.0,0.0,0.0,209546.0,589.0,254.0,1.0,254.0,1.0,224651.0,631.0,226972.0,638.0,0.0,0.0,0.0,0.0,0.0,0.0,0.0,0.0,2592400.0,7282.0,2594276.0,7287.0,981.0,3.0,981.0,3.0,0.0,0.0,0.0,0.0,920038.0,2584.0,920038.0,2584.0,229781.0,645.0,642306.0,1804.0,30168.0,85.0,30168.0,85.0,310654.0,873.0,310654.0,873.0,0.0,0.0,0.0,0.0,0.0,0.0,0.0,0.0,0.0,0.0,0.0,0.0,224905.0,632.0,436772.0,1227.0
2024-25,101912003,Northside H S,1051,12620197.0,12008.0,13840607.0,13169.0,11272493.0,10725.0,11926726.0,11348.0,1278168.0,1216.0,1682626.0,1601.0,69536.0,66.0,231255.0,220.0,12550661.0,11942.0,13609352.0,12949.0,8788506.0,8362.0,9468952.0,9009.0,3849.0,4.0,3849.0,4.0,42017.0,40.0,42017.0,40.0,403800.0,384.0,403800.0,384.0,1502397.0,1429.0,1567508.0,1491.0,423011.0,402.0,427222.0,406.0,57333.0,55.0,57333.0,55.0,122707.0,117.0,131636.0,125.0,0.0,0.0,0.0,0.0,0.0,0.0,267814.0,255.0,673653.0,641.0,693157.0,660.0,526564.0,501.0,531984.0,506.0,5798.0,6.0,5798.0,6.0,1026.0,1.0,1026.0,1.0,7463525.0,7101.0,7482685.0,7120.0,0.0,0.0,0.0,0.0,1291280.0,1229.0,1291280.0,1229.0,2317349.0,2205.0,2331608.0,2218.0,257865.0,245.0,990399.0,942.0,-4514.0,-4.0,-4514.0,-4.0,0.0,0.0,0.0,0.0,0.0,0.0,0.0,0.0,18115.0,17.0,18115.0,17.0,643782.0,613.0,643782.0,613.0,563259.0,536.0,855997.0,814.0
2024-25,101912211,Oak Forest El,949,7845184.0,8267.0,8209274.0,8650.0,6901172.0,7272.0,6964428.0,7339.0,809780.0,853.0,1082621.0,1141.0,134232.0,141.0,162225.0,171.0,7710952.0,8125.0,8047049.0,8480.0,5502870.0,5799.0,5579423.0,5879.0,86927.0,92.0,86927.0,92.0,66541.0,70.0,66541.0,70.0,246482.0,260.0,246482.0,260.0,972497.0,1025.0,978771.0,1031.0,200166.0,211.0,200166.0,211.0,11694.0,12.0,11694.0,12.0,102966.0,108.0,108936.0,115.0,0.0,0.0,0.0,0.0,0.0,0.0,159875.0,168.0,1650.0,2.0,82988.0,87.0,519159.0,547.0,525246.0,553.0,0.0,0.0,0.0,0.0,0.0,0.0,0.0,0.0,5805023.0,6117.0,5831345.0,6145.0,85382.0,90.0,85382.0,90.0,0.0,0.0,0.0,0.0,814852.0,859.0,814876.0,859.0,322340.0,340.0,384791.0,405.0,118302.0,125.0,118302.0,125.0,44244.0,47.0,44244.0,47.0,0.0,0.0,0.0,0.0,0.0,0.0,0.0,0.0,0.0,0.0,0.0,0.0,520809.0,549.0,768109.0,809.0
2024-25,101912212,Oates El,228,3873097.0,16987.0,4376684.0,19196.0,3126264.0,13712.0,3414035.0,14974.0,712115.0,3123.0,927931.0,4070.0,34718.0,152.0,34718.0,152.0,3838379.0,16835.0,4341966.0,19044.0,2404213.0,10545.0,2651162.0,11628.0,1047.0,5.0,1047.0,5.0,21583.0,95.0,21583.0,95.0,108492.0,476.0,108492.0,476.0,515363.0,2260.0,569512.0,2498.0,145683.0,639.0,145683.0,639.0,2531.0,11.0,2531.0,11.0,99112.0,435.0,99112.0,435.0,0.0,0.0,250.0,1.0,0.0,0.0,188749.0,828.0,160.0,1.0,7531.0,33.0,537255.0,2356.0,540047.0,2369.0,2940.0,13.0,2940.0,13.0,0.0,0.0,0.0,0.0,1938050.0,8500.0,1938050.0,8500.0,0.0,0.0,0.0,0.0,0.0,0.0,0.0,0.0,913557.0,4007.0,913557.0,4007.0,67512.0,296.0,371937.0,1631.0,22882.0,100.0,22882.0,100.0,356023.0,1562.0,356023.0,1562.0,0.0,0.0,0.0,0.0,0.0,0.0,0.0,0.0,0.0,0.0,0.0,0.0,540355.0,2370.0,739517.0,3243.0
2024-25,101912338,Ortiz Middle,772,8634014.0,11184.0,9751992.0,12632.0,7624297.0,9876.0,8196107.0,10617.0,983679.0,1274.0,1496179.0,1938.0,26038.0,34.0,59706.0,77.0,8607976.0,11150.0,9692286.0,12555.0,6158104.0,7977.0,6859321.0,8885.0,2529.0,3.0,2529.0,3.0,30422.0,39.0,30422.0,39.0,224996.0,291.0,224996.0,291.0,1189262.0,1540.0,1225272.0,1587.0,302123.0,391.0,302123.0,391.0,5307.0,7.0,5307.0,7.0,93006.0,120.0,93006.0,120.0,1200.0,2.0,1200.0,2.0,0.0,0.0,335902.0,435.0,186222.0,241.0,192235.0,249.0,412821.0,535.0,417989.0,541.0,1984.0,3.0,1984.0,3.0,0.0,0.0,0.0,0.0,5800806.0,7514.0,5806052.0,7521.0,0.0,0.0,0.0,0.0,0.0,0.0,0.0,0.0,1499424.0,1942.0,1499437.0,1942.0,355553.0,461.0,1087524.0,1409.0,349966.0,453.0,349966.0,453.0,0.0,0.0,0.0,0.0,0.0,0.0,0.0,0.0,0.0,0.0,0.0,0.0,138164.0,179.0,138164.0,179.0,464063.0,601.0,811143.0,1051.0
2024-25,101912213,Osborne El,267,3883823.0,14546.0,4553558.0,17055.0,3497924.0,13101.0,3934613.0,14736.0,365598.0,1369.0,598644.0,2242.0,20301.0,76.0,20301.0,76.0,3863522.0,14470.0,4533257.0,16978.0,2840136.0,10637.0,3268697.0,12242.0,1135.0,4.0,1135.0,4.0,23003.0,86.0,23003.0,86.0,119215.0,446.0,119215.0,446.0,500993.0,1876.0,548223.0,2053.0,147369.0,552.0,147369.0,552.0,2778.0,10.0,2778.0,10.0,100018.0,375.0,104241.0,390.0,0.0,0.0,0.0,0.0,0.0,0.0,184915.0,693.0,0.0,0.0,0.0,0.0,125237.0,469.0,126900.0,475.0,1501.0,6.0,1501.0,6.0,0.0,0.0,0.0,0.0,2291897.0,8584.0,2294699.0,8594.0,0.0,0.0,0.0,0.0,0.0,0.0,0.0,0.0,1018888.0,3816.0,1035995.0,3880.0,109736.0,411.0,572984.0,2146.0,34190.0,128.0,34190.0,128.0,281436.0,1054.0,281436.0,1054.0,0.0,0.0,0.0,0.0,0.0,0.0,0.0,0.0,0.0,0.0,0.0,0.0,127375.0,477.0,313953.0,1176.0
2024-25,101912214,Park Place El,685,6190504.0,9037.0,7107803.0,10376.0,5651735.0,8251.0,5894763.0,8605.0,464007.0,677.0,1053145.0,1537.0,74762.0,109.0,159895.0,233.0,6115742.0,8928.0,6947908.0,10143.0,4500648.0,6570.0,4758979.0,6947.0,90258.0,132.0,90258.0,132.0,53891.0,79.0,53891.0,79.0,208750.0,305.0,208750.0,305.0,727973.0,1063.0,785689.0,1147.0,159968.0,234.0,159968.0,234.0,13778.0,20.0,13778.0,20.0,103167.0,151.0,103167.0,151.0,0.0,0.0,0.0,0.0,0.0,0.0,491492.0,718.0,0.0,0.0,377.0,1.0,244354.0,357.0,247809.0,362.0,0.0,0.0,0.0,0.0,12955.0,19.0,12955.0,19.0,3789123.0,5532.0,3793096.0,5537.0,0.0,0.0,0.0,0.0,0.0,0.0,0.0,0.0,911189.0,1330.0,929245.0,1357.0,516017.0,753.0,830083.0,1212.0,239973.0,350.0,239973.0,350.0,402131.0,587.0,402131.0,587.0,0.0,0.0,0.0,0.0,0.0,0.0,0.0,0.0,0.0,0.0,0.0,0.0,257309.0,376.0,752633.0,1099.0
2024-25,101912215,Parker El,924,7797079.0,8438.0,8690962.0,9406.0,7008340.0,7585.0,7499103.0,8116.0,560492.0,607.0,886439.0,959.0,228247.0,247.0,305420.0,331.0,7568832.0,8191.0,8385542.0,9075.0,5730455.0,6202.0,6006582.0,6501.0,77553.0,84.0,77553.0,84.0,37745.0,41.0,37745.0,41.0,242326.0,262.0,242326.0,262.0,907924.0,983.0,914251.0,989.0,234783.0,254.0,253078.0,274.0,71796.0,78.0,71796.0,78.0,98670.0,107.0,106034.0,115.0,1075.0,1.0,1075.0,1.0,0.0,0.0,281066.0,304.0,0.0,0.0,224102.0,243.0,166049.0,180.0,164978.0,179.0,0.0,0.0,0.0,0.0,456.0,0.0,456.0,0.0,5372431.0,5814.0,5380398.0,5823.0,127685.0,138.0,127685.0,138.0,0.0,0.0,0.0,0.0,988178.0,1069.0,1009279.0,1092.0,585698.0,634.0,840848.0,910.0,163691.0,177.0,163691.0,177.0,163569.0,177.0,163569.0,177.0,0.0,0.0,0.0,0.0,0.0,0.0,0.0,0.0,0.0,0.0,0.0,0.0,167580.0,181.0,671677.0,727.0
2024-25,101912216,Patterson El,809,6821598.0,8432.0,8298386.0,10258.0,6188629.0,7650.0,6561387.0,8110.0,564542.0,698.0,988596.0,1222.0,68427.0,85.0,748403.0,925.0,6753171.0,8348.0,7549983.0,9332.0,4957157.0,6128.0,5347854.0,6610.0,4190.0,5.0,4190.0,5.0,146071.0,181.0,146071.0,181.0,236776.0,293.0,236776.0,293.0,889304.0,1099.0,899932.0,1112.0,106217.0,131.0,106217.0,131.0,14378.0,18.0,14378.0,18.0,105891.0,131.0,110532.0,137.0,0.0,0.0,0.0,0.0,0.0,0.0,338295.0,418.0,480.0,1.0,43028.0,53.0,238046.0,294.0,239499.0,296.0,0.0,0.0,0.0,0.0,54661.0,68.0,54661.0,68.0,4347484.0,5374.0,4357667.0,5386.0,2857.0,4.0,2857.0,4.0,0.0,0.0,0.0,0.0,914525.0,1130.0,914560.0,1130.0,429924.0,531.0,834025.0,1031.0,339540.0,420.0,339540.0,420.0,425654.0,526.0,425654.0,526.0,0.0,0.0,0.0,0.0,0.0,0.0,0.0,0.0,0.0,0.0,0.0,0.0,293187.0,362.0,675483.0,835.0
2024-25,101912217,Peck El,288,4603582.0,15985.0,5158915.0,17913.0,4074779.0,14149.0,4370887.0,15177.0,483764.0,1680.0,742989.0,2580.0,45039.0,156.0,45039.0,156.0,4558543.0,15828.0,5113876.0,17757.0,3337197.0,11587.0,3629149.0,12601.0,2678.0,9.0,2678.0,9.0,28782.0,100.0,28782.0,100.0,155048.0,538.0,155048.0,538.0,556460.0,1932.0,592810.0,2058.0,166582.0,578.0,166582.0,578.0,3593.0,12.0,3593.0,12.0,98610.0,342.0,98610.0,342.0,0.0,0.0,0.0,0.0,0.0,0.0,225440.0,783.0,0.0,0.0,0.0,0.0,209593.0,728.0,211184.0,733.0,0.0,0.0,0.0,0.0,0.0,0.0,0.0,0.0,2455494.0,8526.0,2458206.0,8535.0,0.0,0.0,0.0,0.0,0.0,0.0,0.0,0.0,1372638.0,4766.0,1372638.0,4766.0,113853.0,395.0,439443.0,1526.0,22728.0,79.0,22728.0,79.0,384237.0,1334.0,384237.0,1334.0,0.0,0.0,0.0,0.0,0.0,0.0,0.0,0.0,0.0,0.0,0.0,0.0,209593.0,728.0,436624.0,1516.0
2024-25,101912064,Pershing Middle,1140,10950478.0,9606.0,11557279.0,10138.0,9443003.0,8283.0,9458971.0,8297.0,1297439.0,1138.0,1828360.0,1604.0,210036.0,184.0,269948.0,237.0,10740442.0,9421.0,11287331.0,9901.0,7513614.0,6591.0,7728937.0,6780.0,3900.0,3.0,3900.0,3.0,41513.0,36.0,41513.0,36.0,357548.0,314.0,357548.0,314.0,1337760.0,1173.0,1338140.0,1174.0,353823.0,310.0,353823.0,310.0,17129.0,15.0,17129.0,15.0,120568.0,106.0,120568.0,106.0,0.0,0.0,0.0,0.0,0.0,0.0,240009.0,211.0,233374.0,205.0,313385.0,275.0,728375.0,639.0,733069.0,643.0,32838.0,29.0,32838.0,29.0,0.0,0.0,0.0,0.0,7311834.0,6414.0,7315800.0,6417.0,25871.0,23.0,25871.0,23.0,108750.0,95.0,108750.0,95.0,2064072.0,1811.0,2064093.0,1811.0,234213.0,205.0,452021.0,397.0,1115.0,1.0,1115.0,1.0,0.0,0.0,0.0,0.0,0.0,0.0,0.0,0.0,0.0,0.0,0.0,0.0,217174.0,191.0,217174.0,191.0,777413.0,682.0,1102507.0,967.0
2024-25,101912265,Petersen El,354,4394183.0,12413.0,4988350.0,14091.0,3929611.0,11101.0,4202278.0,11871.0,422930.0,1195.0,730168.0,2063.0,41642.0,118.0,55904.0,158.0,4352541.0,12295.0,4932446.0,13933.0,3142044.0,8876.0,3454309.0,9758.0,1353.0,4.0,1353.0,4.0,30367.0,86.0,30367.0,86.0,144329.0,408.0,144329.0,408.0,584400.0,1651.0,636317.0,1798.0,165509.0,468.0,165509.0,468.0,3351.0,9.0,3351.0,9.0,103355.0,292.0,103355.0,292.0,0.0,0.0,0.0,0.0,0.0,0.0,209628.0,592.0,0.0,0.0,0.0,0.0,175849.0,497.0,179094.0,506.0,1984.0,6.0,1984.0,6.0,0.0,0.0,0.0,0.0,2561671.0,7236.0,2602915.0,7353.0,0.0,0.0,0.0,0.0,0.0,0.0,0.0,0.0,1178272.0,3328.0,1178300.0,3329.0,175027.0,494.0,500787.0,1415.0,27652.0,78.0,27652.0,78.0,232086.0,656.0,232086.0,656.0,0.0,0.0,0.0,0.0,0.0,0.0,0.0,0.0,0.0,0.0,0.0,0.0,177833.0,502.0,390706.0,1104.0
2024-25,101912218,Pilgrim Academy,1233,10415569.0,8447.0,11560186.0,9376.0,9185823.0,7450.0,9607581.0,7792.0,812480.0,659.0,1535339.0,1245.0,417266.0,338.0,417266.0,338.0,9998303.0,8109.0,11142920.0,9037.0,7093963.0,5753.0,7572090.0,6141.0,83648.0,68.0,83648.0,68.0,91812.0,74.0,91816.0,74.0,321088.0,260.0,321088.0,260.0,1429512.0,1159.0,1429512.0,1159.0,347790.0,282.0,347790.0,282.0,18970.0,15.0,18970.0,15.0,121850.0,99.0,121850.0,99.0,0.0,0.0,0.0,0.0,0.0,0.0,633037.0,513.0,86517.0,70.0,109255.0,89.0,293193.0,238.0,296095.0,240.0,21573.0,17.0,21573.0,17.0,88387.0,72.0,88387.0,72.0,6453703.0,5234.0,6455056.0,5235.0,5357.0,4.0,5357.0,4.0,0.0,0.0,0.0,0.0,1264896.0,1026.0,1264820.0,1026.0,620148.0,503.0,1104604.0,896.0,617818.0,501.0,617818.0,501.0,546711.0,443.0,546711.0,443.0,0.0,0.0,0.0,0.0,0.0,0.0,0.0,0.0,84867.0,69.0,84867.0,69.0,404803.0,328.0,1063480.0,863.0
2024-25,101912337,Pin Oak Middle,1253,10412648.0,8310.0,11192731.0,8933.0,8994647.0,7178.0,9130092.0,7287.0,1258761.0,1005.0,1783797.0,1424.0,159240.0,127.0,278842.0,223.0,10253408.0,8183.0,10913889.0,8710.0,6595462.0,5264.0,6706207.0,5352.0,88069.0,70.0,88069.0,70.0,50105.0,40.0,50105.0,40.0,299593.0,239.0,299593.0,239.0,1589935.0,1269.0,1594969.0,1273.0,363213.0,290.0,363213.0,290.0,13028.0,10.0,13028.0,10.0,123419.0,98.0,127422.0,102.0,0.0,0.0,0.0,0.0,0.0,0.0,357372.0,285.0,234627.0,187.0,406780.0,325.0,778362.0,621.0,783728.0,625.0,56333.0,45.0,56333.0,45.0,61262.0,49.0,61262.0,49.0,6676284.0,5328.0,6679955.0,5331.0,179819.0,144.0,179819.0,144.0,80608.0,64.0,80608.0,64.0,1618002.0,1291.0,1618002.0,1291.0,425347.0,339.0,547266.0,437.0,50982.0,41.0,50982.0,41.0,0.0,0.0,0.0,0.0,0.0,0.0,0.0,0.0,91704.0,73.0,91704.0,73.0,143674.0,115.0,143674.0,115.0,986988.0,788.0,1521879.0,1215.0
2024-25,101912219,Piney Point El,1282,10010635.0,7809.0,11090776.0,8651.0,8866993.0,6917.0,9239369.0,7207.0,723758.0,565.0,1337541.0,1043.0,419884.0,328.0,513866.0,401.0,9590751.0,7481.0,10576910.0,8250.0,7096283.0,5535.0,7548193.0,5888.0,106470.0,83.0,106470.0,83.0,79531.0,62.0,91192.0,71.0,314245.0,245.0,314245.0,245.0,1312820.0,1024.0,1320004.0,1030.0,271296.0,212.0,271296.0,212.0,19056.0,15.0,19056.0,15.0,29698.0,23.0,29698.0,23.0,0.0,0.0,0.0,0.0,0.0,0.0,502055.0,392.0,1908.0,1.0,1908.0,1.0,266470.0,208.0,269472.0,210.0,17792.0,14.0,17792.0,14.0,75182.0,59.0,75182.0,59.0,6517156.0,5084.0,6521817.0,5087.0,2123.0,2.0,2123.0,2.0,0.0,0.0,0.0,0.0,931370.0,726.0,936481.0,730.0,661948.0,516.0,1133029.0,884.0,495699.0,387.0,495699.0,387.0,621103.0,484.0,621103.0,484.0,0.0,0.0,0.0,0.0,0.0,0.0,0.0,0.0,0.0,0.0,0.0,0.0,361352.0,282.0,866409.0,676.0
2024-25,101912220,PleasantvilleEl,219,2640872.0,12059.0,2864826.0,13081.0,2169281.0,9905.0,2180740.0,9958.0,436966.0,1995.0,637481.0,2911.0,34625.0,158.0,46605.0,213.0,2606247.0,11901.0,2818221.0,12869.0,1603318.0,7321.0,1663210.0,7595.0,38335.0,175.0,38335.0,175.0,16078.0,73.0,18056.0,82.0,87002.0,397.0,87002.0,397.0,370868.0,1693.0,370868.0,1693.0,83536.0,381.0,83536.0,381.0,8013.0,37.0,8013.0,37.0,90368.0,413.0,90368.0,413.0,0.0,0.0,0.0,0.0,0.0,0.0,139727.0,638.0,200.0,1.0,4819.0,22.0,307719.0,1405.0,309251.0,1412.0,810.0,4.0,810.0,4.0,0.0,0.0,0.0,0.0,1263964.0,5772.0,1266136.0,5781.0,402.0,2.0,402.0,2.0,0.0,0.0,0.0,0.0,571281.0,2609.0,571291.0,2609.0,239798.0,1095.0,303248.0,1385.0,6963.0,32.0,6963.0,32.0,215110.0,982.0,215110.0,982.0,0.0,0.0,0.0,0.0,0.0,0.0,0.0,0.0,0.0,0.0,0.0,0.0,308729.0,1410.0,455071.0,2078.0
2024-25,101912221,Poe El,735,5739864.0,7809.0,6087128.0,8282.0,5059853.0,6884.0,5188200.0,7059.0,526416.0,716.0,745333.0,1014.0,153595.0,209.0,153595.0,209.0,5586269.0,7600.0,5933533.0,8073.0,4002883.0,5446.0,4117147.0,5602.0,80511.0,110.0,80511.0,110.0,31212.0,42.0,31212.0,42.0,184602.0,251.0,184602.0,251.0,670535.0,912.0,670535.0,912.0,179700.0,244.0,179700.0,244.0,10298.0,14.0,10298.0,14.0,87507.0,119.0,87507.0,119.0,0.0,0.0,0.0,0.0,0.0,0.0,174009.0,237.0,1837.0,2.0,58259.0,79.0,335005.0,456.0,337574.0,459.0,0.0,0.0,0.0,0.0,2179.0,3.0,2179.0,3.0,4155766.0,5654.0,4158123.0,5657.0,12605.0,17.0,12605.0,17.0,0.0,0.0,0.0,0.0,555967.0,756.0,661643.0,900.0,196892.0,268.0,196892.0,268.0,116477.0,158.0,122708.0,167.0,209541.0,285.0,209541.0,285.0,0.0,0.0,0.0,0.0,0.0,0.0,0.0,0.0,0.0,0.0,0.0,0.0,339021.0,461.0,572021.0,778.0
2024-25,101912222,Port Houston El,254,3350666.0,13192.0,3847562.0,15148.0,3062689.0,12058.0,3328468.0,13104.0,257993.0,1016.0,480560.0,1892.0,29984.0,118.0,38534.0,152.0,3320682.0,13074.0,3809028.0,14996.0,2392126.0,9418.0,2621876.0,10322.0,1008.0,4.0,1008.0,4.0,17869.0,70.0,17869.0,70.0,104813.0,413.0,104813.0,413.0,480311.0,1891.0,533828.0,2102.0,139421.0,549.0,139421.0,549.0,2443.0,10.0,2443.0,10.0,71075.0,280.0,71075.0,280.0,0.0,0.0,0.0,0.0,0.0,0.0,203061.0,799.0,6493.0,26.0,6493.0,26.0,105123.0,414.0,107141.0,422.0,0.0,0.0,0.0,0.0,0.0,0.0,0.0,0.0,1868934.0,7358.0,1879045.0,7398.0,0.0,0.0,0.0,0.0,0.0,0.0,0.0,0.0,983835.0,3873.0,984313.0,3875.0,111450.0,439.0,384128.0,1512.0,5937.0,23.0,5937.0,23.0,238910.0,941.0,238910.0,941.0,0.0,0.0,0.0,0.0,0.0,0.0,0.0,0.0,0.0,0.0,0.0,0.0,111616.0,439.0,316695.0,1247.0
2024-25,101912071,Project Chrysalis Middle,241,3473382.0,14412.0,3761033.0,15606.0,3289071.0,13648.0,3545285.0,14711.0,163345.0,678.0,194782.0,808.0,20966.0,87.0,20966.0,87.0,3452416.0,14325.0,3740067.0,15519.0,2237605.0,9285.0,2461401.0,10213.0,909.0,4.0,909.0,4.0,14088.0,58.0,14088.0,58.0,89108.0,370.0,89108.0,370.0,893353.0,3707.0,936902.0,3888.0,109889.0,456.0,109889.0,456.0,7877.0,33.0,7877.0,33.0,86591.0,359.0,86591.0,359.0,0.0,0.0,0.0,0.0,0.0,0.0,12827.0,53.0,0.0,0.0,6114.0,25.0,8855.0,37.0,8855.0,37.0,3535.0,15.0,3535.0,15.0,0.0,0.0,0.0,0.0,2447683.0,10156.0,2447683.0,10156.0,0.0,0.0,0.0,0.0,0.0,0.0,0.0,0.0,453361.0,1881.0,453361.0,1881.0,203377.0,844.0,464264.0,1926.0,334999.0,1390.0,342822.0,1422.0,0.0,0.0,0.0,0.0,0.0,0.0,0.0,0.0,0.0,0.0,0.0,0.0,0.0,0.0,0.0,0.0,12996.0,54.0,31937.0,133.0
2024-25,101912223,Pugh El,254,3558356.0,14009.0,4178398.0,16450.0,3176321.0,12505.0,3634359.0,14309.0,260557.0,1026.0,421936.0,1661.0,121478.0,478.0,122103.0,481.0,3436878.0,13531.0,4056295.0,15970.0,2496827.0,9830.0,2908476.0,11451.0,1086.0,4.0,1086.0,4.0,18960.0,75.0,18960.0,75.0,111975.0,441.0,111975.0,441.0,466492.0,1837.0,517253.0,2036.0,147010.0,579.0,151321.0,596.0,5354.0,21.0,5354.0,21.0,89337.0,352.0,90410.0,356.0,0.0,0.0,0.0,0.0,0.0,0.0,148844.0,586.0,0.0,0.0,1213.0,5.0,99837.0,393.0,101403.0,399.0,0.0,0.0,0.0,0.0,0.0,0.0,0.0,0.0,1974294.0,7773.0,2057405.0,8100.0,0.0,0.0,0.0,0.0,0.0,0.0,0.0,0.0,888836.0,3499.0,902968.0,3555.0,171040.0,673.0,530824.0,2090.0,44918.0,177.0,44918.0,177.0,257953.0,1016.0,257953.0,1016.0,0.0,0.0,0.0,0.0,0.0,0.0,0.0,0.0,0.0,0.0,0.0,0.0,99837.0,393.0,255169.0,1005.0
2024-25,101912396,Ray Daily El,839,6239155.0,7436.0,6907257.0,8233.0,5657649.0,6743.0,5975484.0,7122.0,512155.0,610.0,856870.0,1021.0,69351.0,83.0,74903.0,89.0,6169804.0,7354.0,6832354.0,8143.0,4416524.0,5264.0,4728262.0,5636.0,93367.0,111.0,93367.0,111.0,42012.0,50.0,42012.0,50.0,213675.0,255.0,213675.0,255.0,890318.0,1061.0,898957.0,1071.0,171975.0,205.0,171975.0,205.0,10988.0,13.0,10988.0,13.0,92001.0,110.0,92001.0,110.0,0.0,0.0,0.0,0.0,0.0,0.0,331448.0,395.0,12131.0,14.0,16140.0,19.0,226605.0,270.0,229538.0,274.0,0.0,0.0,0.0,0.0,208.0,0.0,208.0,0.0,4310465.0,5138.0,4310837.0,5138.0,7093.0,8.0,7093.0,8.0,0.0,0.0,0.0,0.0,797474.0,951.0,797498.0,951.0,264197.0,315.0,587348.0,700.0,153275.0,183.0,153275.0,183.0,398356.0,475.0,398356.0,475.0,0.0,0.0,0.0,0.0,0.0,0.0,0.0,0.0,4431.0,5.0,4431.0,5.0,234513.0,280.0,572903.0,683.0
2024-25,101912382,Reagan K-8 Educational Ctr,682,8697068.0,12752.0,10777159.0,15802.0,7699664.0,11290.0,8929078.0,13092.0,893148.0,1310.0,1720413.0,2523.0,104256.0,153.0,127668.0,187.0,8592812.0,12599.0,10649491.0,15615.0,6198981.0,9089.0,7453060.0,10928.0,2391.0,4.0,2391.0,4.0,51925.0,76.0,51925.0,76.0,244068.0,358.0,244068.0,358.0,1180009.0,1730.0,1234987.0,1811.0,296560.0,435.0,296560.0,435.0,5679.0,8.0,5679.0,8.0,113515.0,166.0,113515.0,166.0,0.0,0.0,0.0,0.0,0.0,0.0,544410.0,798.0,88596.0,130.0,285943.0,419.0,410998.0,603.0,410998.0,603.0,90.0,0.0,90.0,0.0,0.0,0.0,0.0,0.0,5926091.0,8689.0,5932611.0,8699.0,0.0,0.0,0.0,0.0,0.0,0.0,0.0,0.0,1584064.0,2323.0,1877121.0,2752.0,324012.0,475.0,1333492.0,1955.0,258752.0,379.0,258752.0,379.0,209.0,0.0,209.0,0.0,0.0,0.0,0.0,0.0,0.0,0.0,0.0,0.0,84915.0,125.0,84915.0,125.0,414769.0,608.0,1162391.0,1704.0
2024-25,101912224,Red El,528,4729012.0,8956.0,5343119.0,10120.0,4194305.0,7944.0,4525431.0,8571.0,441633.0,836.0,688089.0,1303.0,93074.0,176.0,129599.0,245.0,4635938.0,8780.0,5213520.0,9874.0,3353001.0,6350.0,3707228.0,7021.0,70822.0,134.0,70822.0,134.0,121541.0,230.0,121541.0,230.0,157649.0,299.0,157649.0,299.0,523105.0,991.0,523105.0,991.0,150963.0,286.0,150963.0,286.0,12542.0,24.0,12542.0,24.0,95942.0,182.0,95942.0,182.0,0.0,0.0,0.0,0.0,0.0,0.0,215294.0,408.0,750.0,1.0,3080.0,6.0,149623.0,283.0,151713.0,287.0,0.0,0.0,0.0,0.0,0.0,0.0,0.0,0.0,2791918.0,5288.0,2806654.0,5316.0,1719.0,3.0,1719.0,3.0,0.0,0.0,0.0,0.0,992231.0,1879.0,1200205.0,2273.0,347732.0,659.0,459166.0,870.0,126131.0,239.0,126131.0,239.0,225834.0,428.0,225834.0,428.0,0.0,0.0,0.0,0.0,0.0,0.0,0.0,0.0,0.0,0.0,0.0,0.0,150373.0,285.0,370087.0,701.0
2024-25,101912060,Revere Middle,1092,12247985.0,11216.0,13971993.0,12795.0,10826718.0,9915.0,11909131.0,10906.0,1137324.0,1042.0,1777288.0,1628.0,283943.0,260.0,285574.0,262.0,11964042.0,10956.0,13686419.0,12533.0,8802491.0,8061.0,9934879.0,9098.0,3033.0,3.0,3033.0,3.0,38479.0,35.0,165691.0,152.0,307259.0,281.0,307259.0,281.0,1502439.0,1376.0,1529306.0,1400.0,536345.0,491.0,536345.0,491.0,30346.0,28.0,30346.0,28.0,130685.0,120.0,130685.0,120.0,0.0,0.0,0.0,0.0,0.0,0.0,430216.0,394.0,134509.0,123.0,134952.0,124.0,468705.0,429.0,473956.0,434.0,9751.0,9.0,9751.0,9.0,0.0,0.0,0.0,0.0,7876414.0,7213.0,7897923.0,7233.0,801.0,1.0,801.0,1.0,0.0,0.0,0.0,0.0,2314735.0,2120.0,2319922.0,2124.0,584684.0,535.0,1842305.0,1687.0,574443.0,526.0,574443.0,526.0,0.0,0.0,0.0,0.0,0.0,0.0,0.0,0.0,0.0,0.0,0.0,0.0,125212.0,115.0,125212.0,115.0,487753.0,447.0,925813.0,848.0
2024-25,101912225,Reynolds El,298,4145908.0,13912.0,4825267.0,16192.0,3506011.0,11765.0,3917453.0,13146.0,607010.0,2037.0,873143.0,2930.0,32887.0,110.0,34671.0,116.0,4113021.0,13802.0,4790596.0,16076.0,2797342.0,9387.0,3201397.0,10743.0,2623.0,9.0,2623.0,9.0,27914.0,94.0,27914.0,94.0,122891.0,412.0,122891.0,412.0,533286.0,1790.0,597818.0,2006.0,153521.0,515.0,153521.0,515.0,2868.0,10.0,2868.0,10.0,101789.0,342.0,106575.0,358.0,0.0,0.0,0.0,0.0,0.0,0.0,196620.0,660.0,0.0,0.0,3569.0,12.0,370787.0,1244.0,373220.0,1252.0,0.0,0.0,0.0,0.0,0.0,0.0,0.0,0.0,2139405.0,7179.0,2172446.0,7290.0,0.0,0.0,0.0,0.0,0.0,0.0,0.0,0.0,1078783.0,3620.0,1079296.0,3622.0,112609.0,378.0,554008.0,1859.0,2325.0,8.0,2325.0,8.0,409112.0,1373.0,409112.0,1373.0,0.0,0.0,0.0,0.0,0.0,0.0,0.0,0.0,0.0,0.0,0.0,0.0,370787.0,1244.0,573409.0,1924.0
2024-25,101912080,Rice Sch /La Escuela Rice,1043,9112962.0,8737.0,10141408.0,9723.0,8092353.0,7759.0,8672187.0,8315.0,852822.0,818.0,1268225.0,1216.0,167787.0,161.0,200996.0,193.0,8945175.0,8576.0,9940412.0,9531.0,6454205.0,6188.0,6778915.0,6499.0,95556.0,92.0,95556.0,92.0,143313.0,137.0,143313.0,137.0,282950.0,271.0,282950.0,271.0,1062695.0,1019.0,1075175.0,1031.0,124866.0,120.0,227809.0,218.0,9657.0,9.0,9657.0,9.0,96164.0,92.0,96164.0,92.0,0.0,0.0,0.0,0.0,0.0,0.0,324820.0,311.0,102104.0,98.0,306633.0,294.0,502841.0,482.0,514975.0,494.0,8756.0,8.0,8756.0,8.0,62068.0,60.0,62243.0,60.0,6612195.0,6340.0,6613545.0,6341.0,16320.0,16.0,16320.0,16.0,0.0,0.0,0.0,0.0,1306938.0,1253.0,1317060.0,1263.0,230067.0,221.0,672694.0,645.0,103886.0,100.0,103886.0,100.0,0.0,0.0,0.0,0.0,0.0,0.0,0.0,0.0,0.0,0.0,0.0,0.0,90136.0,86.0,90136.0,86.0,585633.0,561.0,1126771.0,1080.0
2024-25,101912228,River Oaks El,777,5992116.0,7712.0,6629908.0,8533.0,5092650.0,6554.0,5457942.0,7024.0,741350.0,954.0,1013850.0,1305.0,158116.0,203.0,158116.0,203.0,5834000.0,7508.0,6471792.0,8329.0,4187588.0,5389.0,4323169.0,5564.0,81681.0,105.0,81681.0,105.0,140431.0,181.0,140431.0,181.0,185170.0,238.0,185170.0,238.0,705667.0,908.0,714438.0,919.0,124386.0,160.0,124386.0,160.0,64300.0,83.0,64300.0,83.0,114995.0,148.0,114995.0,148.0,0.0,0.0,0.0,0.0,0.0,0.0,199696.0,257.0,16053.0,21.0,307503.0,396.0,213729.0,275.0,216023.0,278.0,0.0,0.0,0.0,0.0,0.0,0.0,0.0,0.0,4079798.0,5251.0,4083903.0,5256.0,325077.0,418.0,325077.0,418.0,0.0,0.0,0.0,0.0,858105.0,1104.0,881940.0,1135.0,170630.0,220.0,287042.0,369.0,170608.0,220.0,170608.0,220.0,0.0,0.0,0.0,0.0,0.0,0.0,0.0,0.0,0.0,0.0,0.0,0.0,0.0,0.0,0.0,0.0,229782.0,296.0,723222.0,931.0
2024-25,101912229,Roberts El,720,5607735.0,7789.0,5887277.0,8177.0,4840066.0,6722.0,4954113.0,6881.0,606884.0,843.0,768823.0,1068.0,160785.0,223.0,164341.0,228.0,5446950.0,7565.0,5722936.0,7949.0,3940725.0,5473.0,3966649.0,5509.0,92187.0,128.0,92187.0,128.0,29469.0,41.0,30054.0,42.0,167700.0,233.0,167700.0,233.0,688796.0,957.0,688796.0,957.0,154721.0,215.0,154721.0,215.0,4006.0,6.0,4006.0,6.0,118529.0,165.0,118529.0,165.0,0.0,0.0,0.0,0.0,0.0,0.0,147974.0,206.0,0.0,0.0,98327.0,137.0,250817.0,348.0,253993.0,353.0,0.0,0.0,0.0,0.0,0.0,0.0,0.0,0.0,4170445.0,5792.0,4196356.0,5828.0,18045.0,25.0,18045.0,25.0,0.0,0.0,0.0,0.0,700038.0,972.0,700051.0,972.0,288828.0,401.0,288828.0,401.0,18777.0,26.0,18777.0,26.0,0.0,0.0,0.0,0.0,0.0,0.0,0.0,0.0,0.0,0.0,0.0,0.0,0.0,0.0,0.0,0.0,250817.0,348.0,500879.0,696.0
2024-25,101912186,Robinson El,401,4520716.0,11274.0,5325655.0,13281.0,4144343.0,10335.0,4621919.0,11526.0,351208.0,876.0,677825.0,1690.0,25165.0,63.0,25911.0,65.0,4495551.0,11211.0,5299744.0,13216.0,3247805.0,8099.0,3768767.0,9398.0,1258.0,3.0,1258.0,3.0,25025.0,62.0,25025.0,62.0,116416.0,290.0,116416.0,290.0,685909.0,1710.0,740995.0,1848.0,148059.0,369.0,148059.0,369.0,5357.0,13.0,5357.0,13.0,100427.0,250.0,100427.0,250.0,0.0,0.0,0.0,0.0,0.0,0.0,211445.0,527.0,0.0,0.0,0.0,0.0,165295.0,412.0,171669.0,428.0,0.0,0.0,0.0,0.0,0.0,0.0,0.0,0.0,3042006.0,7586.0,3049737.0,7605.0,0.0,0.0,0.0,0.0,0.0,0.0,0.0,0.0,547053.0,1364.0,552226.0,1377.0,225296.0,562.0,798766.0,1992.0,61061.0,152.0,61061.0,152.0,454840.0,1134.0,454840.0,1134.0,0.0,0.0,0.0,0.0,0.0,0.0,0.0,0.0,0.0,0.0,0.0,0.0,165295.0,412.0,383114.0,955.0
2024-25,101912113,Roderick R Paige El,391,4760593.0,12175.0,5566826.0,14237.0,3890221.0,9949.0,4438369.0,11351.0,808851.0,2069.0,1057491.0,2705.0,61521.0,157.0,70966.0,181.0,4699072.0,12018.0,5495860.0,14056.0,3113351.0,7963.0,3645101.0,9323.0,1353.0,3.0,1353.0,3.0,27503.0,70.0,27503.0,70.0,144322.0,369.0,144322.0,369.0,630214.0,1612.0,684118.0,1750.0,164685.0,421.0,164685.0,421.0,3351.0,9.0,3351.0,9.0,83647.0,214.0,84662.0,217.0,0.0,0.0,0.0,0.0,0.0,0.0,201178.0,515.0,0.0,0.0,2671.0,7.0,530646.0,1357.0,533586.0,1365.0,0.0,0.0,0.0,0.0,0.0,0.0,0.0,0.0,2519859.0,6445.0,2598418.0,6646.0,0.0,0.0,0.0,0.0,0.0,0.0,0.0,0.0,1203681.0,3078.0,1225987.0,3136.0,185533.0,475.0,669636.0,1713.0,11819.0,30.0,11819.0,30.0,247534.0,633.0,247534.0,633.0,0.0,0.0,0.0,0.0,0.0,0.0,0.0,0.0,0.0,0.0,0.0,0.0,530646.0,1357.0,737435.0,1886.0
2024-25,101912372,Rodriguez El,912,7189523.0,7883.0,8368614.0,9176.0,6296114.0,6904.0,6663163.0,7306.0,665783.0,730.0,1477825.0,1620.0,227626.0,250.0,227626.0,250.0,6961897.0,7634.0,8140988.0,8927.0,5135341.0,5631.0,5498768.0,6029.0,2445.0,3.0,2445.0,3.0,59507.0,65.0,59507.0,65.0,252380.0,277.0,252380.0,277.0,985518.0,1081.0,994230.0,1090.0,107409.0,118.0,205242.0,225.0,14593.0,16.0,14593.0,16.0,88514.0,97.0,88514.0,97.0,0.0,0.0,0.0,0.0,0.0,0.0,636190.0,698.0,224.0,0.0,63141.0,69.0,215688.0,237.0,218672.0,240.0,66.0,0.0,66.0,0.0,100212.0,110.0,100212.0,110.0,4504254.0,4939.0,4539904.0,4978.0,809.0,1.0,809.0,1.0,0.0,0.0,0.0,0.0,1123531.0,1232.0,1128541.0,1237.0,402113.0,441.0,838462.0,919.0,363308.0,398.0,363308.0,398.0,251692.0,276.0,251692.0,276.0,0.0,0.0,0.0,0.0,0.0,0.0,0.0,0.0,0.0,0.0,0.0,0.0,316190.0,347.0,1018272.0,1117.0
2024-25,101912231,RooseveltEl,384,3649367.0,9504.0,4141611.0,10785.0,3327102.0,8664.0,3572639.0,9304.0,293455.0,764.0,536782.0,1398.0,28810.0,75.0,32190.0,84.0,3620557.0,9429.0,4109421.0,10702.0,2474005.0,6443.0,2702872.0,7039.0,3288.0,9.0,3288.0,9.0,103246.0,269.0,103246.0,269.0,108516.0,283.0,108516.0,283.0,497566.0,1296.0,497566.0,1296.0,81248.0,212.0,81248.0,212.0,5527.0,14.0,5527.0,14.0,96214.0,251.0,96214.0,251.0,0.0,0.0,0.0,0.0,0.0,0.0,217519.0,566.0,338.0,1.0,33656.0,88.0,168293.0,438.0,171596.0,447.0,0.0,0.0,0.0,0.0,39685.0,103.0,39685.0,103.0,2440678.0,6356.0,2443009.0,6362.0,3215.0,8.0,3215.0,8.0,0.0,0.0,0.0,0.0,473730.0,1234.0,578125.0,1506.0,138567.0,361.0,264168.0,688.0,116480.0,303.0,116480.0,303.0,196940.0,513.0,196940.0,513.0,0.0,0.0,0.0,0.0,0.0,0.0,0.0,0.0,0.0,0.0,0.0,0.0,250947.0,654.0,505087.0,1315.0
2024-25,101912232,RossEl,262,3880884.0,14813.0,4374495.0,16697.0,3220948.0,12294.0,3510347.0,13398.0,632063.0,2412.0,834643.0,3186.0,27873.0,106.0,29505.0,113.0,3853011.0,14706.0,4344990.0,16584.0,2504824.0,9560.0,2771645.0,10579.0,1752.0,7.0,1752.0,7.0,40233.0,154.0,40233.0,154.0,112012.0,428.0,112012.0,428.0,528594.0,2018.0,581554.0,2220.0,145410.0,555.0,145410.0,555.0,5371.0,21.0,5371.0,21.0,79003.0,302.0,79003.0,302.0,0.0,0.0,0.0,0.0,0.0,0.0,164959.0,630.0,0.0,0.0,2004.0,8.0,435812.0,1663.0,437299.0,1669.0,0.0,0.0,0.0,0.0,0.0,0.0,0.0,0.0,1926004.0,7351.0,1937952.0,7397.0,0.0,0.0,0.0,0.0,0.0,0.0,0.0,0.0,967219.0,3692.0,969391.0,3700.0,156385.0,597.0,465794.0,1778.0,9174.0,35.0,9174.0,35.0,358417.0,1368.0,358417.0,1368.0,0.0,0.0,0.0,0.0,0.0,0.0,0.0,0.0,0.0,0.0,0.0,0.0,435812.0,1663.0,604262.0,2306.0
2024-25,101912233,Rucker El,432,5130520.0,11876.0,5794879.0,13414.0,4396011.0,10176.0,4740817.0,10974.0,672560.0,1557.0,981878.0,2273.0,61949.0,143.0,72184.0,167.0,5068571.0,11733.0,5722695.0,13247.0,3500253.0,8102.0,3863596.0,8944.0,1529.0,4.0,1539.0,4.0,34889.0,81.0,34889.0,81.0,155682.0,360.0,155682.0,360.0,680692.0,1576.0,730545.0,1691.0,168911.0,391.0,168911.0,391.0,3651.0,8.0,3651.0,8.0,102128.0,236.0,102128.0,236.0,0.0,0.0,0.0,0.0,0.0,0.0,234143.0,542.0,0.0,0.0,2031.0,5.0,420836.0,974.0,422180.0,977.0,0.0,0.0,0.0,0.0,0.0,0.0,0.0,0.0,2884544.0,6677.0,2891865.0,6694.0,0.0,0.0,0.0,0.0,0.0,0.0,0.0,0.0,1071600.0,2481.0,1071600.0,2481.0,189353.0,438.0,598628.0,1386.0,52715.0,122.0,52715.0,122.0,449523.0,1041.0,449523.0,1041.0,0.0,0.0,0.0,0.0,0.0,0.0,0.0,0.0,0.0,0.0,0.0,0.0,420836.0,974.0,658364.0,1524.0
2024-25,101912281,Sanchez El,376,4934193.0,13123.0,5561159.0,14790.0,4261506.0,11334.0,4607341.0,12254.0,645061.0,1716.0,926192.0,2463.0,27626.0,73.0,27626.0,73.0,4906567.0,13049.0,5533533.0,14717.0,3658939.0,9731.0,4037993.0,10739.0,1477.0,4.0,1477.0,4.0,30756.0,82.0,30756.0,82.0,162089.0,431.0,162089.0,431.0,526860.0,1401.0,565692.0,1505.0,170435.0,453.0,170435.0,453.0,3743.0,10.0,3743.0,10.0,35719.0,95.0,35719.0,95.0,0.0,0.0,0.0,0.0,0.0,0.0,204802.0,545.0,0.0,0.0,1744.0,5.0,314934.0,838.0,317468.0,844.0,0.0,0.0,0.0,0.0,1615.0,4.0,1615.0,4.0,2613644.0,6951.0,2655768.0,7063.0,0.0,0.0,0.0,0.0,0.0,0.0,0.0,0.0,1445495.0,3844.0,1445495.0,3844.0,178841.0,476.0,554603.0,1475.0,39054.0,104.0,39054.0,104.0,312984.0,832.0,312984.0,832.0,0.0,0.0,0.0,0.0,0.0,0.0,0.0,0.0,0.0,0.0,0.0,0.0,316549.0,842.0,525629.0,1398.0
2024-25,101912237,Scarborough El,785,6604336.0,8413.0,7396471.0,9422.0,5454622.0,6949.0,5752701.0,7328.0,626307.0,798.0,1120363.0,1427.0,523407.0,667.0,523407.0,667.0,6080929.0,7746.0,6873064.0,8755.0,4544214.0,5789.0,4886777.0,6225.0,76830.0,98.0,76830.0,98.0,36741.0,47.0,36741.0,47.0,182301.0,232.0,182301.0,232.0,772875.0,985.0,772875.0,985.0,165593.0,211.0,165593.0,211.0,16262.0,21.0,16262.0,21.0,111525.0,142.0,111525.0,142.0,0.0,0.0,0.0,0.0,0.0,0.0,429971.0,548.0,3198.0,4.0,14000.0,18.0,171325.0,218.0,172831.0,220.0,0.0,0.0,0.0,0.0,0.0,0.0,0.0,0.0,4106402.0,5231.0,4119033.0,5247.0,1275.0,2.0,1275.0,2.0,0.0,0.0,0.0,0.0,720553.0,918.0,815829.0,1039.0,536278.0,683.0,777861.0,991.0,231018.0,294.0,231018.0,294.0,310815.0,396.0,310815.0,396.0,0.0,0.0,0.0,0.0,0.0,0.0,0.0,0.0,0.0,0.0,0.0,0.0,174588.0,222.0,616867.0,786.0
2024-25,101912024,Scarborough H S,691,10682525.0,15460.0,11721364.0,16963.0,9360653.0,13547.0,9932067.0,14373.0,1219153.0,1764.0,1680478.0,2432.0,102719.0,149.0,108819.0,157.0,10579806.0,15311.0,11612545.0,16805.0,6912504.0,10004.0,7577823.0,10966.0,2662.0,4.0,2662.0,4.0,40716.0,59.0,40716.0,59.0,325552.0,471.0,325552.0,471.0,1493427.0,2161.0,1553603.0,2248.0,550170.0,796.0,554961.0,803.0,84923.0,123.0,86363.0,125.0,116445.0,169.0,127444.0,184.0,0.0,0.0,0.0,0.0,0.0,0.0,237072.0,343.0,601093.0,870.0,626236.0,906.0,436427.0,632.0,440376.0,637.0,15887.0,23.0,15887.0,23.0,0.0,0.0,0.0,0.0,6197134.0,8968.0,6202950.0,8977.0,0.0,0.0,0.0,0.0,747237.0,1081.0,747237.0,1081.0,2404266.0,3479.0,2426078.0,3511.0,171211.0,248.0,908718.0,1315.0,0.0,0.0,0.0,0.0,0.0,0.0,0.0,0.0,0.0,0.0,0.0,0.0,6551.0,9.0,6551.0,9.0,584566.0,846.0,584566.0,846.0,468841.0,678.0,736445.0,1066.0
2024-25,101912353,School At St George Place,777,6162693.0,7931.0,6878579.0,8853.0,5435786.0,6996.0,5716508.0,7357.0,545076.0,702.0,903256.0,1162.0,181831.0,234.0,258815.0,333.0,5980862.0,7697.0,6619764.0,8520.0,4374269.0,5630.0,4539394.0,5842.0,2230.0,3.0,2230.0,3.0,129917.0,167.0,132156.0,170.0,207500.0,267.0,207500.0,267.0,721610.0,929.0,724892.0,933.0,202285.0,260.0,202285.0,260.0,16868.0,22.0,16868.0,22.0,109159.0,140.0,109159.0,140.0,0.0,0.0,0.0,0.0,0.0,0.0,300500.0,387.0,965.0,1.0,162148.0,209.0,216059.0,278.0,218908.0,282.0,0.0,0.0,0.0,0.0,0.0,0.0,0.0,0.0,3741246.0,4815.0,3741576.0,4815.0,61850.0,80.0,61850.0,80.0,0.0,0.0,0.0,0.0,1094216.0,1408.0,1094286.0,1408.0,474306.0,610.0,622703.0,801.0,37687.0,49.0,37687.0,49.0,354533.0,456.0,354533.0,456.0,0.0,0.0,0.0,0.0,0.0,0.0,0.0,0.0,0.0,0.0,0.0,0.0,217024.0,279.0,687077.0,884.0
2024-25,101912269,Scroggins El,286,3928705.0,13737.0,4520648.0,15806.0,3486988.0,12192.0,3896230.0,13623.0,417724.0,1461.0,588829.0,2059.0,23993.0,84.0,35589.0,124.0,3904712.0,13653.0,4485059.0,15682.0,2769690.0,9684.0,3128500.0,10939.0,1261.0,4.0,1261.0,4.0,23066.0,81.0,23066.0,81.0,136743.0,478.0,136743.0,478.0,516111.0,1805.0,576699.0,2016.0,154448.0,540.0,158789.0,555.0,6008.0,21.0,6008.0,21.0,89103.0,312.0,89103.0,312.0,0.0,0.0,0.0,0.0,0.0,0.0,153328.0,536.0,0.0,0.0,1012.0,4.0,208282.0,728.0,210550.0,736.0,0.0,0.0,0.0,0.0,0.0,0.0,0.0,0.0,1987890.0,6951.0,2026684.0,7086.0,0.0,0.0,0.0,0.0,0.0,0.0,0.0,0.0,1202437.0,4204.0,1211823.0,4237.0,148800.0,520.0,519173.0,1815.0,30399.0,106.0,30399.0,106.0,326904.0,1143.0,326904.0,1143.0,0.0,0.0,0.0,0.0,0.0,0.0,0.0,0.0,0.0,0.0,0.0,0.0,208282.0,728.0,364890.0,1276.0
2024-25,101912402,Secondary Daep,38,4223689.0,111150.0,4226267.0,111218.0,3778180.0,99426.0,3778180.0,99426.0,242908.0,6392.0,245486.0,6460.0,202601.0,5332.0,202601.0,5332.0,4021088.0,105818.0,4023666.0,105886.0,2454064.0,64581.0,2454064.0,64581.0,1091.0,29.0,1091.0,29.0,23356.0,615.0,23356.0,615.0,112170.0,2952.0,112170.0,2952.0,925941.0,24367.0,925941.0,24367.0,329742.0,8677.0,329742.0,8677.0,2623.0,69.0,2623.0,69.0,109011.0,2869.0,109011.0,2869.0,0.0,0.0,0.0,0.0,0.0,0.0,2578.0,68.0,0.0,0.0,0.0,0.0,47318.0,1245.0,47318.0,1245.0,514.0,14.0,514.0,14.0,15258.0,402.0,15258.0,402.0,7011.0,185.0,7011.0,185.0,0.0,0.0,0.0,0.0,0.0,0.0,0.0,0.0,672470.0,17697.0,672470.0,17697.0,3300580.0,86857.0,3300580.0,86857.0,0.0,0.0,0.0,0.0,0.0,0.0,0.0,0.0,0.0,0.0,0.0,0.0,0.0,0.0,0.0,0.0,0.0,0.0,0.0,0.0,41027.0,1080.0,43605.0,1148.0
2024-25,101912373,Seguin El,391,4622541.0,11822.0,5513984.0,14102.0,4098689.0,10483.0,4631082.0,11844.0,503368.0,1287.0,862418.0,2206.0,20484.0,52.0,20484.0,52.0,4602057.0,11770.0,5493500.0,14050.0,3287729.0,8409.0,3809150.0,9742.0,1217.0,3.0,1217.0,3.0,23615.0,60.0,23615.0,60.0,148004.0,379.0,148004.0,379.0,623830.0,1595.0,677478.0,1733.0,152494.0,390.0,152494.0,390.0,3441.0,9.0,3441.0,9.0,103435.0,265.0,103435.0,265.0,0.0,0.0,0.0,0.0,59.0,0.0,260674.0,667.0,0.0,0.0,47383.0,121.0,258233.0,660.0,260784.0,667.0,0.0,0.0,0.0,0.0,0.0,0.0,0.0,0.0,2586403.0,6615.0,2588616.0,6621.0,2569.0,7.0,2569.0,7.0,0.0,0.0,0.0,0.0,1320307.0,3377.0,1361364.0,3482.0,131805.0,337.0,666454.0,1704.0,44969.0,115.0,44969.0,115.0,257712.0,659.0,257712.0,659.0,0.0,0.0,0.0,0.0,0.0,0.0,0.0,0.0,0.0,0.0,0.0,0.0,258292.0,661.0,571816.0,1462.0
2024-25,101912276,Shadowbriar El,333,4264818.0,12807.0,4686646.0,14074.0,3847480.0,11554.0,4048821.0,12159.0,351550.0,1056.0,572037.0,1718.0,65788.0,198.0,65788.0,198.0,4199030.0,12610.0,4620858.0,13876.0,2830791.0,8501.0,3064509.0,9203.0,85769.0,258.0,85769.0,258.0,108565.0,326.0,108565.0,326.0,144472.0,434.0,144472.0,434.0,621217.0,1866.0,621217.0,1866.0,162487.0,488.0,162487.0,488.0,6342.0,19.0,6342.0,19.0,100791.0,303.0,100791.0,303.0,0.0,0.0,0.0,0.0,0.0,0.0,185221.0,556.0,625.0,2.0,625.0,2.0,137971.0,414.0,140860.0,423.0,0.0,0.0,0.0,0.0,0.0,0.0,0.0,0.0,2435921.0,7315.0,2443215.0,7337.0,1056.0,3.0,1056.0,3.0,0.0,0.0,0.0,0.0,1175862.0,3531.0,1275791.0,3831.0,119218.0,358.0,245713.0,738.0,5533.0,17.0,5533.0,17.0,322844.0,970.0,322844.0,970.0,0.0,0.0,0.0,0.0,0.0,0.0,0.0,0.0,0.0,0.0,0.0,0.0,138596.0,416.0,326706.0,981.0
2024-25,101912479,Shadydale El,574,5591309.0,9741.0,7115432.0,12396.0,5029388.0,8762.0,5945954.0,10359.0,528562.0,921.0,1127640.0,1965.0,33359.0,58.0,41838.0,73.0,5557950.0,9683.0,7073594.0,12323.0,4112189.0,7164.0,5030190.0,8763.0,1656.0,3.0,1656.0,3.0,33875.0,59.0,33875.0,59.0,159905.0,279.0,159905.0,279.0,750391.0,1307.0,808017.0,1408.0,169353.0,295.0,173682.0,303.0,6586.0,11.0,6586.0,11.0,103145.0,180.0,112476.0,196.0,0.0,0.0,0.0,0.0,0.0,0.0,331481.0,577.0,15447.0,27.0,202973.0,354.0,205403.0,358.0,205403.0,358.0,0.0,0.0,0.0,0.0,0.0,0.0,0.0,0.0,3946039.0,6875.0,4012468.0,6990.0,0.0,0.0,0.0,0.0,0.0,0.0,0.0,0.0,1015668.0,1769.0,1028489.0,1792.0,360393.0,628.0,1273380.0,2218.0,15000.0,26.0,15000.0,26.0,0.0,0.0,0.0,0.0,0.0,0.0,0.0,0.0,0.0,0.0,0.0,0.0,0.0,0.0,0.0,0.0,220850.0,385.0,744257.0,1297.0
2024-25,101912023,Sharpstown H S,1667,18068070.0,10839.0,20032350.0,12017.0,16326858.0,9794.0,17224925.0,10333.0,1626758.0,976.0,2199540.0,1319.0,114454.0,69.0,607885.0,365.0,17953616.0,10770.0,19424465.0,11652.0,12658243.0,7593.0,13571667.0,8141.0,4845.0,3.0,4845.0,3.0,60702.0,36.0,60702.0,36.0,563828.0,338.0,563828.0,338.0,2237757.0,1342.0,2293175.0,1376.0,872514.0,523.0,877335.0,526.0,101745.0,61.0,101745.0,61.0,111908.0,67.0,119753.0,72.0,0.0,0.0,0.0,0.0,0.0,0.0,434029.0,260.0,655774.0,393.0,697807.0,419.0,648794.0,389.0,655311.0,393.0,16681.0,10.0,16681.0,10.0,20825.0,12.0,20825.0,12.0,11634828.0,6980.0,11638154.0,6981.0,-983.0,-1.0,-983.0,-1.0,1596397.0,958.0,1596397.0,958.0,2562601.0,1537.0,2573490.0,1544.0,795593.0,477.0,1770339.0,1062.0,3809.0,2.0,3809.0,2.0,0.0,0.0,0.0,0.0,0.0,0.0,0.0,0.0,19297.0,12.0,19297.0,12.0,589822.0,354.0,591517.0,355.0,752252.0,451.0,1232445.0,739.0
2024-25,101912081,Sharpstown International School,1352,10591966.0,7834.0,11379047.0,8416.0,8900682.0,6583.0,9124448.0,6749.0,1466470.0,1085.0,1995772.0,1476.0,224814.0,166.0,258827.0,191.0,10367152.0,7668.0,11120220.0,8225.0,7135904.0,5278.0,7517099.0,5560.0,4755.0,4.0,4755.0,4.0,42018.0,31.0,42018.0,31.0,336441.0,249.0,336441.0,249.0,1576203.0,1166.0,1576203.0,1166.0,205875.0,152.0,205875.0,152.0,116318.0,86.0,208502.0,154.0,100276.0,74.0,100276.0,74.0,0.0,0.0,0.0,0.0,0.0,0.0,251517.0,186.0,124651.0,92.0,139424.0,103.0,668742.0,495.0,672269.0,497.0,0.0,0.0,0.0,0.0,55969.0,41.0,56757.0,42.0,6894735.0,5100.0,6916917.0,5116.0,17472.0,13.0,17472.0,13.0,693685.0,513.0,693685.0,513.0,1131375.0,837.0,1233619.0,912.0,733288.0,542.0,1091325.0,807.0,47235.0,35.0,47235.0,35.0,0.0,0.0,0.0,0.0,0.0,0.0,0.0,0.0,0.0,0.0,0.0,0.0,114951.0,85.0,114951.0,85.0,734411.0,543.0,1005016.0,743.0
2024-25,101912239,Shearn El,467,4039177.0,8649.0,4781228.0,10238.0,3441993.0,7370.0,3644804.0,7805.0,567944.0,1216.0,1097918.0,2351.0,29240.0,63.0,38506.0,82.0,4009937.0,8587.0,4742722.0,10156.0,2544105.0,5448.0,2787083.0,5968.0,83325.0,178.0,83325.0,178.0,35752.0,77.0,36687.0,79.0,123983.0,265.0,123983.0,265.0,555612.0,1190.0,555612.0,1190.0,137383.0,294.0,137383.0,294.0,11699.0,25.0,11699.0,25.0,82773.0,177.0,86655.0,186.0,0.0,0.0,0.0,0.0,0.0,0.0,276499.0,592.0,0.0,0.0,194038.0,415.0,435305.0,932.0,437450.0,937.0,0.0,0.0,0.0,0.0,0.0,0.0,0.0,0.0,2039184.0,4367.0,2040184.0,4369.0,798.0,2.0,798.0,2.0,0.0,0.0,0.0,0.0,516332.0,1106.0,516332.0,1106.0,329226.0,705.0,578104.0,1238.0,266274.0,570.0,266274.0,570.0,422818.0,905.0,422818.0,905.0,0.0,0.0,0.0,0.0,0.0,0.0,0.0,0.0,0.0,0.0,0.0,0.0,435305.0,932.0,918212.0,1966.0
2024-25,101912240,Sherman El,453,4276230.0,9440.0,4947319.0,10921.0,3721504.0,8215.0,4055783.0,8953.0,468500.0,1034.0,805310.0,1778.0,86226.0,190.0,86226.0,190.0,4190004.0,9249.0,4861093.0,10731.0,2847696.0,6286.0,3195117.0,7053.0,1350.0,3.0,1350.0,3.0,27901.0,62.0,27901.0,62.0,140035.0,309.0,140035.0,309.0,671446.0,1482.0,680181.0,1502.0,145776.0,322.0,145776.0,322.0,15144.0,33.0,15144.0,33.0,98613.0,218.0,105003.0,232.0,0.0,0.0,0.0,0.0,0.0,0.0,286786.0,633.0,0.0,0.0,8315.0,18.0,232088.0,512.0,233953.0,516.0,9955.0,22.0,9955.0,22.0,0.0,0.0,0.0,0.0,2378108.0,5250.0,2381338.0,5257.0,854.0,2.0,854.0,2.0,0.0,0.0,0.0,0.0,797412.0,1760.0,825700.0,1823.0,338443.0,747.0,675483.0,1491.0,169472.0,374.0,175037.0,386.0,263672.0,582.0,263672.0,582.0,0.0,0.0,0.0,0.0,0.0,0.0,0.0,0.0,0.0,0.0,0.0,0.0,242043.0,534.0,539009.0,1190.0
2024-25,101912241,Sinclair El,722,6150261.0,8518.0,6518738.0,9029.0,5585165.0,7736.0,5693297.0,7885.0,564443.0,782.0,824788.0,1142.0,653.0,1.0,653.0,1.0,6149608.0,8517.0,6518085.0,9028.0,4504893.0,6239.0,4611041.0,6386.0,81531.0,113.0,81531.0,113.0,29041.0,40.0,29041.0,40.0,211673.0,293.0,211673.0,293.0,711137.0,985.0,720139.0,997.0,203958.0,282.0,203958.0,282.0,10928.0,15.0,10928.0,15.0,102075.0,141.0,102075.0,141.0,0.0,0.0,0.0,0.0,0.0,0.0,201582.0,279.0,114.0,0.0,7788.0,11.0,226426.0,314.0,229008.0,317.0,0.0,0.0,0.0,0.0,67832.0,94.0,67832.0,94.0,4105011.0,5686.0,4132199.0,5723.0,12388.0,17.0,12388.0,17.0,0.0,0.0,0.0,0.0,1216666.0,1685.0,1216666.0,1685.0,381419.0,528.0,510870.0,708.0,41857.0,58.0,41857.0,58.0,97895.0,136.0,97895.0,136.0,0.0,0.0,0.0,0.0,0.0,0.0,0.0,0.0,0.0,0.0,0.0,0.0,294372.0,408.0,506210.0,701.0
2024-25,101912242,Smith El,729,7950765.0,10906.0,9368332.0,12851.0,6911859.0,9481.0,7848895.0,10767.0,828285.0,1136.0,1264216.0,1734.0,210621.0,289.0,255221.0,350.0,7740144.0,10617.0,9113111.0,12501.0,5745797.0,7882.0,6727929.0,9229.0,2818.0,4.0,2818.0,4.0,42343.0,58.0,42343.0,58.0,232658.0,319.0,232658.0,319.0,934336.0,1282.0,1002082.0,1375.0,294148.0,403.0,294148.0,403.0,6132.0,8.0,6132.0,8.0,78527.0,108.0,92051.0,126.0,213.0,0.0,213.0,0.0,0.0,0.0,284590.0,390.0,0.0,0.0,12096.0,17.0,403172.0,553.0,404836.0,555.0,0.0,0.0,0.0,0.0,0.0,0.0,0.0,0.0,4986487.0,6840.0,4992359.0,6848.0,0.0,0.0,0.0,0.0,0.0,0.0,0.0,0.0,1261108.0,1730.0,1298128.0,1781.0,363707.0,499.0,1395432.0,1914.0,167402.0,230.0,167402.0,230.0,558055.0,766.0,558055.0,766.0,0.0,0.0,0.0,0.0,0.0,0.0,0.0,0.0,0.0,0.0,0.0,0.0,403385.0,553.0,701735.0,963.0
2024-25,101912486,South Early College H S,452,3393197.0,7507.0,3657558.0,8092.0,3009794.0,6659.0,3109299.0,6879.0,336264.0,744.0,448241.0,992.0,47139.0,104.0,100018.0,221.0,3346058.0,7403.0,3557540.0,7871.0,2128634.0,4709.0,2226527.0,4926.0,816.0,2.0,816.0,2.0,99455.0,220.0,99455.0,220.0,114482.0,253.0,114482.0,253.0,656298.0,1452.0,656298.0,1452.0,140869.0,312.0,140869.0,312.0,13755.0,30.0,13755.0,30.0,84803.0,188.0,84803.0,188.0,0.0,0.0,0.0,0.0,0.0,0.0,107797.0,238.0,5200.0,12.0,5933.0,13.0,24967.0,55.0,24967.0,55.0,5751.0,13.0,5751.0,13.0,50314.0,111.0,50314.0,111.0,1797673.0,3977.0,1793481.0,3968.0,7527.0,17.0,7527.0,17.0,662434.0,1466.0,662434.0,1466.0,258168.0,571.0,258168.0,571.0,499506.0,1105.0,606650.0,1342.0,13804.0,31.0,13804.0,31.0,0.0,0.0,0.0,0.0,0.0,0.0,0.0,0.0,0.0,0.0,0.0,0.0,0.0,0.0,0.0,0.0,106946.0,237.0,215476.0,477.0
2024-25,101912244,Southmayd El,320,4565082.0,14266.0,5147653.0,16086.0,4123210.0,12885.0,4448338.0,13901.0,400906.0,1253.0,653837.0,2043.0,40966.0,128.0,45478.0,142.0,4524116.0,14138.0,5102175.0,15944.0,3402225.0,10632.0,3754931.0,11734.0,2039.0,6.0,2039.0,6.0,26653.0,83.0,26653.0,83.0,155048.0,485.0,155048.0,485.0,530863.0,1659.0,576201.0,1801.0,166996.0,522.0,166996.0,522.0,3592.0,11.0,3592.0,11.0,77095.0,241.0,77095.0,241.0,0.0,0.0,0.0,0.0,0.0,0.0,165469.0,517.0,23163.0,72.0,31492.0,98.0,136442.0,426.0,139046.0,435.0,0.0,0.0,0.0,0.0,0.0,0.0,0.0,0.0,2480556.0,7752.0,2512715.0,7852.0,1599.0,5.0,1599.0,5.0,0.0,0.0,0.0,0.0,1384696.0,4327.0,1384696.0,4327.0,119850.0,375.0,489348.0,1529.0,67773.0,212.0,67773.0,212.0,310037.0,969.0,310037.0,969.0,0.0,0.0,0.0,0.0,0.0,0.0,0.0,0.0,0.0,0.0,0.0,0.0,159605.0,499.0,336007.0,1050.0
2024-25,101912014,Sterling H S,1142,15210808.0,13319.0,16482582.0,14433.0,13347531.0,11688.0,14083255.0,12332.0,1682267.0,1473.0,2216368.0,1941.0,181010.0,159.0,182959.0,160.0,15029798.0,13161.0,16299623.0,14273.0,10354640.0,9067.0,11140980.0,9756.0,4095.0,4.0,4095.0,4.0,54534.0,48.0,54534.0,48.0,550357.0,482.0,550357.0,482.0,1720034.0,1506.0,1793977.0,1571.0,651266.0,570.0,656577.0,575.0,96264.0,84.0,96264.0,84.0,124425.0,109.0,129033.0,113.0,0.0,0.0,0.0,0.0,0.0,0.0,363575.0,318.0,709555.0,621.0,736563.0,645.0,753165.0,660.0,756511.0,662.0,11463.0,10.0,11463.0,10.0,0.0,0.0,0.0,0.0,8168575.0,7153.0,8171143.0,7155.0,0.0,0.0,0.0,0.0,1977853.0,1732.0,1981115.0,1735.0,3181582.0,2786.0,3208723.0,2810.0,227605.0,199.0,1070530.0,937.0,0.0,0.0,0.0,0.0,0.0,0.0,0.0,0.0,0.0,0.0,0.0,0.0,0.0,0.0,0.0,0.0,669330.0,586.0,669330.0,586.0,804853.0,705.0,1198782.0,1050.0
2024-25,101912245,StevensEl,550,5910465.0,10746.0,6779951.0,12327.0,5298797.0,9634.0,5761004.0,10475.0,497896.0,905.0,878170.0,1597.0,113772.0,207.0,140777.0,256.0,5796693.0,10539.0,6639174.0,12071.0,4341663.0,7894.0,4864526.0,8845.0,2243.0,4.0,2243.0,4.0,25338.0,46.0,25978.0,47.0,174352.0,317.0,174352.0,317.0,785487.0,1428.0,838172.0,1524.0,173715.0,316.0,173715.0,316.0,10577.0,19.0,10577.0,19.0,103630.0,188.0,103630.0,188.0,0.0,0.0,0.0,0.0,0.0,0.0,261896.0,476.0,0.0,0.0,3048.0,6.0,179688.0,327.0,181037.0,329.0,0.0,0.0,0.0,0.0,0.0,0.0,0.0,0.0,3947210.0,7177.0,3960749.0,7201.0,0.0,0.0,0.0,0.0,0.0,0.0,0.0,0.0,1064960.0,1936.0,1065673.0,1938.0,332452.0,604.0,894388.0,1626.0,22891.0,42.0,22891.0,42.0,249492.0,454.0,249492.0,454.0,0.0,0.0,0.0,0.0,0.0,0.0,0.0,0.0,0.0,0.0,0.0,0.0,179688.0,327.0,445981.0,811.0
2024-25,101912098,StevensonMiddle,1096,8525392.0,7779.0,9712518.0,8862.0,7646242.0,6976.0,8185417.0,7468.0,796248.0,727.0,1436649.0,1311.0,82902.0,76.0,90452.0,83.0,8442490.0,7703.0,9622066.0,8779.0,5694275.0,5196.0,6136207.0,5599.0,2695.0,2.0,99987.0,91.0,138027.0,126.0,138027.0,126.0,277893.0,254.0,277893.0,254.0,1286130.0,1173.0,1294041.0,1181.0,418024.0,381.0,418024.0,381.0,71303.0,65.0,71303.0,65.0,106325.0,97.0,106325.0,97.0,0.0,0.0,0.0,0.0,0.0,0.0,499519.0,456.0,139314.0,127.0,226143.0,206.0,246777.0,225.0,251498.0,229.0,0.0,0.0,0.0,0.0,61727.0,56.0,61727.0,56.0,5586680.0,5097.0,5598261.0,5108.0,14862.0,14.0,14862.0,14.0,275333.0,251.0,275333.0,251.0,1453783.0,1326.0,1556242.0,1420.0,507513.0,463.0,981980.0,896.0,53318.0,49.0,53318.0,49.0,0.0,0.0,0.0,0.0,0.0,0.0,0.0,0.0,103183.0,94.0,103183.0,94.0,135354.0,123.0,135354.0,123.0,312464.0,285.0,903533.0,824.0
2024-25,101912163,Sugar Grove Academy,777,9099192.0,11711.0,10978584.0,14129.0,8271563.0,10646.0,9587234.0,12339.0,757973.0,976.0,1289486.0,1660.0,69656.0,90.0,101864.0,131.0,9029536.0,11621.0,10876720.0,13998.0,6631325.0,8535.0,8036692.0,10343.0,2313.0,3.0,2313.0,3.0,33166.0,43.0,33166.0,43.0,231263.0,298.0,231263.0,298.0,1198940.0,1543.0,1295432.0,1667.0,406037.0,523.0,410111.0,528.0,5399.0,7.0,5399.0,7.0,110421.0,142.0,111539.0,144.0,0.0,0.0,0.0,0.0,0.0,0.0,296587.0,382.0,162345.0,209.0,202398.0,260.0,239957.0,309.0,239957.0,309.0,8370.0,11.0,8370.0,11.0,0.0,0.0,0.0,0.0,5990326.0,7710.0,6073685.0,7817.0,0.0,0.0,0.0,0.0,0.0,0.0,0.0,0.0,1632642.0,2101.0,1666115.0,2144.0,337758.0,435.0,1719189.0,2213.0,658138.0,847.0,666902.0,858.0,0.0,0.0,0.0,0.0,0.0,0.0,0.0,0.0,0.0,0.0,0.0,0.0,139821.0,180.0,139821.0,180.0,270851.0,349.0,611008.0,786.0
2024-25,101912248,Sutton El,830,7353723.0,8860.0,8167042.0,9840.0,6626627.0,7984.0,7048030.0,8492.0,648949.0,782.0,1038323.0,1251.0,78147.0,94.0,80689.0,97.0,7275576.0,8766.0,8086353.0,9743.0,5282017.0,6364.0,5639774.0,6795.0,2575.0,3.0,2575.0,3.0,56456.0,68.0,60539.0,73.0,268924.0,324.0,268924.0,324.0,1013334.0,1221.0,1022145.0,1232.0,201763.0,243.0,201763.0,243.0,24888.0,30.0,24888.0,30.0,77843.0,94.0,77843.0,94.0,0.0,0.0,0.0,0.0,0.0,0.0,349772.0,421.0,8075.0,10.0,10156.0,12.0,276638.0,333.0,279290.0,336.0,0.0,0.0,0.0,0.0,63032.0,76.0,63032.0,76.0,4427781.0,5335.0,4433548.0,5342.0,1810.0,2.0,1810.0,2.0,0.0,0.0,0.0,0.0,1224232.0,1475.0,1244177.0,1499.0,415175.0,500.0,843739.0,1017.0,474032.0,571.0,474032.0,571.0,384801.0,464.0,384801.0,464.0,0.0,0.0,0.0,0.0,0.0,0.0,0.0,0.0,0.0,0.0,0.0,0.0,347745.0,419.0,703524.0,848.0
2024-25,101912039,T H Rogers School,1079,9780988.0,9065.0,10425832.0,9662.0,8184787.0,7586.0,8455073.0,7836.0,1564737.0,1450.0,1933325.0,1792.0,31464.0,29.0,37434.0,35.0,9749524.0,9036.0,10388398.0,9628.0,6521009.0,6044.0,6636911.0,6151.0,103085.0,96.0,103085.0,96.0,143054.0,133.0,143054.0,133.0,350539.0,325.0,350539.0,325.0,1146549.0,1063.0,1154896.0,1070.0,446864.0,414.0,446864.0,414.0,10485.0,10.0,10485.0,10.0,56253.0,52.0,56253.0,52.0,0.0,0.0,0.0,0.0,0.0,0.0,247863.0,230.0,126862.0,118.0,388878.0,360.0,844824.0,783.0,849570.0,787.0,0.0,0.0,0.0,0.0,0.0,0.0,0.0,0.0,5093565.0,4721.0,5095828.0,4723.0,1404293.0,1301.0,1404293.0,1301.0,77898.0,72.0,77898.0,72.0,2047594.0,1898.0,2073291.0,1921.0,111286.0,103.0,207575.0,192.0,43202.0,40.0,43202.0,40.0,0.0,0.0,0.0,0.0,0.0,0.0,0.0,0.0,0.0,0.0,0.0,0.0,111070.0,103.0,111070.0,103.0,860616.0,798.0,1375241.0,1275.0
2024-25,101912068,TanglewoodMiddle,836,6538784.0,7822.0,7337751.0,8777.0,5929848.0,7093.0,6256600.0,7484.0,565826.0,677.0,926188.0,1108.0,43110.0,52.0,154963.0,185.0,6495674.0,7770.0,7182788.0,8592.0,4505725.0,5390.0,4822987.0,5769.0,115927.0,139.0,115927.0,139.0,24411.0,29.0,89242.0,107.0,206822.0,247.0,206822.0,247.0,948031.0,1134.0,958367.0,1146.0,182914.0,219.0,182914.0,219.0,13443.0,16.0,13443.0,16.0,94766.0,113.0,98081.0,117.0,0.0,0.0,0.0,0.0,129.0,0.0,270740.0,324.0,132596.0,159.0,146808.0,176.0,250235.0,299.0,256782.0,307.0,3743.0,4.0,3743.0,4.0,16932.0,20.0,16932.0,20.0,4414166.0,5280.0,4420371.0,5288.0,9340.0,11.0,9340.0,11.0,278027.0,333.0,278027.0,333.0,862081.0,1031.0,977444.0,1169.0,489152.0,585.0,763328.0,913.0,39273.0,47.0,39273.0,47.0,0.0,0.0,0.0,0.0,0.0,0.0,0.0,0.0,0.0,0.0,0.0,0.0,124059.0,148.0,124059.0,148.0,279576.0,334.0,570946.0,683.0
2024-25,101912100,TexasConnections Academy At Houst,8641,56515130.0,6540.0,58269854.0,6743.0,4422580.0,512.0,4422580.0,512.0,52075670.0,6027.0,53830394.0,6230.0,16880.0,2.0,16880.0,2.0,56498250.0,6538.0,58252974.0,6741.0,53905396.0,6238.0,55355448.0,6406.0,12923.0,1.0,12923.0,1.0,150912.0,17.0,150912.0,17.0,1089496.0,126.0,1089496.0,126.0,947860.0,110.0,947860.0,110.0,266398.0,31.0,328559.0,38.0,26704.0,3.0,190540.0,22.0,98561.0,11.0,98561.0,11.0,0.0,0.0,0.0,0.0,0.0,0.0,0.0,0.0,0.0,0.0,0.0,0.0,0.0,0.0,0.0,0.0,0.0,0.0,0.0,0.0,0.0,0.0,0.0,0.0,48569953.0,5621.0,48569953.0,5621.0,53499.0,6.0,53499.0,6.0,0.0,0.0,0.0,0.0,3056635.0,354.0,3056635.0,354.0,4547405.0,526.0,6302129.0,729.0,270758.0,31.0,270758.0,31.0,0.0,0.0,0.0,0.0,0.0,0.0,0.0,0.0,0.0,0.0,0.0,0.0,0.0,0.0,0.0,0.0,0.0,0.0,0.0,0.0
2024-25,101912077,ThomasMiddle,391,6060843.0,15501.0,6910414.0,17674.0,5096418.0,13034.0,5525971.0,14133.0,816164.0,2087.0,1200364.0,3070.0,148261.0,379.0,184079.0,471.0,5912582.0,15122.0,6726335.0,17203.0,4006927.0,10248.0,4555247.0,11650.0,1642.0,4.0,1642.0,4.0,26920.0,69.0,26920.0,69.0,183647.0,470.0,183647.0,470.0,864050.0,2210.0,913103.0,2335.0,191501.0,490.0,191501.0,490.0,7475.0,19.0,7475.0,19.0,78790.0,202.0,78790.0,202.0,0.0,0.0,0.0,0.0,0.0,0.0,213160.0,545.0,145870.0,373.0,145870.0,373.0,404647.0,1035.0,407867.0,1043.0,1113.0,3.0,1113.0,3.0,0.0,0.0,0.0,0.0,3257051.0,8330.0,3343730.0,8552.0,808.0,2.0,808.0,2.0,0.0,0.0,0.0,0.0,1802013.0,4609.0,1802013.0,4609.0,183837.0,470.0,694531.0,1776.0,117243.0,300.0,117243.0,300.0,0.0,0.0,0.0,0.0,0.0,0.0,0.0,0.0,0.0,0.0,0.0,0.0,138260.0,354.0,138260.0,354.0,413370.0,1057.0,629750.0,1611.0
2024-25,101912243,ThompsonEl,360,5177403.0,14382.0,5950511.0,16529.0,4271150.0,11864.0,4791893.0,13311.0,878069.0,2439.0,1130434.0,3140.0,28184.0,78.0,28184.0,78.0,5149219.0,14303.0,5922327.0,16451.0,3359165.0,9331.0,3842837.0,10675.0,1846.0,5.0,1846.0,5.0,35389.0,98.0,35389.0,98.0,161758.0,449.0,161758.0,449.0,717527.0,1993.0,776918.0,2158.0,165607.0,460.0,165607.0,460.0,3713.0,10.0,3713.0,10.0,106301.0,295.0,109438.0,304.0,0.0,0.0,0.0,0.0,0.0,0.0,223250.0,620.0,20635.0,57.0,20635.0,57.0,576473.0,1601.0,580131.0,1611.0,0.0,0.0,0.0,0.0,0.0,0.0,0.0,0.0,2374621.0,6596.0,2374621.0,6596.0,0.0,0.0,0.0,0.0,0.0,0.0,0.0,0.0,1601706.0,4449.0,1601706.0,4449.0,159941.0,444.0,706141.0,1962.0,3554.0,10.0,3554.0,10.0,411484.0,1143.0,411484.0,1143.0,0.0,0.0,0.0,0.0,0.0,0.0,0.0,0.0,0.0,0.0,0.0,0.0,597913.0,1661.0,824821.0,2291.0
2024-25,101912279,Tijerina El,333,3902277.0,11719.0,4208229.0,12637.0,3046918.0,9150.0,3119970.0,9369.0,739265.0,2220.0,936610.0,2813.0,116094.0,349.0,151649.0,455.0,3786183.0,11370.0,4056580.0,12182.0,2360913.0,7090.0,2439199.0,7325.0,86422.0,260.0,86422.0,260.0,29524.0,89.0,29524.0,89.0,124422.0,374.0,124422.0,374.0,465677.0,1398.0,465677.0,1398.0,65488.0,197.0,65488.0,197.0,11731.0,35.0,11731.0,35.0,98671.0,296.0,98671.0,296.0,0.0,0.0,0.0,0.0,0.0,0.0,180960.0,543.0,0.0,0.0,1932.0,6.0,542996.0,1631.0,548652.0,1648.0,46.0,0.0,46.0,0.0,0.0,0.0,0.0,0.0,1969662.0,5915.0,1970442.0,5917.0,472.0,1.0,472.0,1.0,0.0,0.0,0.0,0.0,607352.0,1824.0,607373.0,1824.0,203440.0,611.0,284488.0,854.0,203147.0,610.0,203147.0,610.0,258775.0,777.0,258775.0,777.0,0.0,0.0,0.0,0.0,0.0,0.0,0.0,0.0,0.0,0.0,0.0,0.0,543335.0,1632.0,731883.0,2198.0
2024-25,101912374,Tinsley El,589,5386091.0,9144.0,7024542.0,11926.0,4821301.0,8186.0,5627290.0,9554.0,531109.0,902.0,1301581.0,2210.0,33681.0,57.0,95671.0,162.0,5352410.0,9087.0,6928871.0,11764.0,3915884.0,6648.0,4779111.0,8114.0,2203.0,4.0,2553.0,4.0,21904.0,37.0,21904.0,37.0,149308.0,253.0,149308.0,253.0,740574.0,1257.0,797630.0,1354.0,164189.0,279.0,164915.0,280.0,3555.0,6.0,3555.0,6.0,80868.0,137.0,85656.0,145.0,0.0,0.0,0.0,0.0,0.0,0.0,636612.0,1081.0,165.0,0.0,1440.0,2.0,266601.0,453.0,271400.0,461.0,0.0,0.0,0.0,0.0,0.0,0.0,0.0,0.0,3990408.0,6775.0,4048170.0,6873.0,0.0,0.0,0.0,0.0,0.0,0.0,0.0,0.0,714789.0,1214.0,719846.0,1222.0,293422.0,498.0,1163980.0,1976.0,79719.0,135.0,79719.0,135.0,147.0,0.0,147.0,0.0,0.0,0.0,0.0,0.0,0.0,0.0,0.0,0.0,0.0,0.0,0.0,0.0,273925.0,465.0,917009.0,1557.0
2024-25,101912249,Travis El,762,6137614.0,8055.0,6741113.0,8847.0,5379088.0,7059.0,5790195.0,7599.0,501557.0,658.0,693949.0,911.0,256969.0,337.0,256969.0,337.0,5880645.0,7717.0,6484144.0,8509.0,4321513.0,5671.0,4715108.0,6188.0,6192.0,8.0,6192.0,8.0,31254.0,41.0,31254.0,41.0,199729.0,262.0,199729.0,262.0,753273.0,989.0,771698.0,1013.0,188850.0,248.0,188850.0,248.0,10695.0,14.0,10695.0,14.0,95862.0,126.0,95862.0,126.0,0.0,0.0,0.0,0.0,0.0,0.0,187052.0,245.0,1620.0,2.0,2753.0,4.0,271657.0,357.0,274951.0,361.0,0.0,0.0,0.0,0.0,0.0,0.0,0.0,0.0,4326812.0,5678.0,4327434.0,5679.0,86851.0,114.0,86851.0,114.0,0.0,0.0,0.0,0.0,736014.0,966.0,887225.0,1164.0,297621.0,391.0,557808.0,732.0,38676.0,51.0,38676.0,51.0,121394.0,159.0,121394.0,159.0,0.0,0.0,0.0,0.0,0.0,0.0,0.0,0.0,0.0,0.0,0.0,0.0,273277.0,359.0,464756.0,610.0
2024-25,101912251,Twain El,918,7546593.0,8221.0,8386720.0,9136.0,6359203.0,6927.0,6767039.0,7372.0,936927.0,1021.0,1247149.0,1359.0,250463.0,273.0,372532.0,406.0,7296130.0,7948.0,8014188.0,8730.0,5310473.0,5785.0,5442169.0,5928.0,71796.0,78.0,71796.0,78.0,46585.0,51.0,46585.0,51.0,227470.0,248.0,227470.0,248.0,712918.0,777.0,712918.0,777.0,191842.0,209.0,191842.0,209.0,5304.0,6.0,5304.0,6.0,116608.0,127.0,116608.0,127.0,0.0,0.0,0.0,0.0,0.0,0.0,178236.0,194.0,1500.0,2.0,405022.0,441.0,610800.0,665.0,615404.0,670.0,834.0,1.0,834.0,1.0,0.0,0.0,0.0,0.0,5537106.0,6032.0,5668782.0,6175.0,27608.0,30.0,27608.0,30.0,0.0,0.0,0.0,0.0,873042.0,951.0,873062.0,951.0,113638.0,124.0,113638.0,124.0,131602.0,143.0,131602.0,143.0,0.0,0.0,0.0,0.0,0.0,0.0,0.0,0.0,0.0,0.0,0.0,0.0,0.0,0.0,0.0,0.0,613134.0,668.0,1199496.0,1307.0
2024-25,101912285,Valley West El,505,6013118.0,11907.0,7016825.0,13895.0,5290156.0,10476.0,5846613.0,11577.0,646841.0,1281.0,1012926.0,2006.0,76121.0,151.0,157286.0,311.0,5936997.0,11756.0,6859539.0,13583.0,4402709.0,8718.0,5012460.0,9926.0,1475.0,3.0,1475.0,3.0,34295.0,68.0,34295.0,68.0,171070.0,339.0,171070.0,339.0,754549.0,1494.0,802268.0,1589.0,171773.0,340.0,171773.0,340.0,4066.0,8.0,4066.0,8.0,101248.0,200.0,101248.0,200.0,0.0,0.0,0.0,0.0,0.0,0.0,228172.0,452.0,1550.0,3.0,36905.0,73.0,293456.0,581.0,295001.0,584.0,806.0,2.0,806.0,2.0,0.0,0.0,0.0,0.0,4035820.0,7992.0,4091716.0,8102.0,227.0,0.0,227.0,0.0,0.0,0.0,0.0,0.0,906421.0,1795.0,911443.0,1805.0,300806.0,596.0,897161.0,1777.0,17693.0,35.0,17693.0,35.0,380218.0,753.0,380218.0,753.0,0.0,0.0,0.0,0.0,0.0,0.0,0.0,0.0,0.0,0.0,0.0,0.0,295812.0,586.0,560884.0,1111.0
2024-25,101912252,Wainwright El,380,4781945.0,12584.0,5497031.0,14466.0,4333885.0,11405.0,4701940.0,12374.0,420102.0,1106.0,767133.0,2019.0,27958.0,74.0,27958.0,74.0,4753987.0,12510.0,5469073.0,14392.0,3558079.0,9363.0,3911399.0,10293.0,1695.0,4.0,1695.0,4.0,32373.0,85.0,32373.0,85.0,176487.0,464.0,176487.0,464.0,589781.0,1552.0,642749.0,1691.0,177400.0,467.0,177400.0,467.0,4074.0,11.0,4074.0,11.0,116629.0,307.0,116629.0,307.0,0.0,0.0,0.0,0.0,0.0,0.0,300926.0,792.0,0.0,0.0,0.0,0.0,97469.0,256.0,98911.0,260.0,0.0,0.0,0.0,0.0,0.0,0.0,0.0,0.0,2587536.0,6809.0,2587536.0,6809.0,0.0,0.0,0.0,0.0,0.0,0.0,0.0,0.0,1504626.0,3960.0,1504626.0,3960.0,200386.0,527.0,613104.0,1613.0,17040.0,45.0,17040.0,45.0,346930.0,913.0,346930.0,913.0,0.0,0.0,0.0,0.0,0.0,0.0,0.0,0.0,0.0,0.0,0.0,0.0,97469.0,256.0,399837.0,1052.0
2024-25,101912253,Walnut Bend El,584,5809539.0,9948.0,6762835.0,11580.0,5283359.0,9047.0,5785225.0,9906.0,477786.0,818.0,879170.0,1505.0,48394.0,83.0,98440.0,169.0,5761145.0,9865.0,6664395.0,11412.0,4314658.0,7388.0,4831601.0,8273.0,1832.0,3.0,1832.0,3.0,32433.0,56.0,32433.0,56.0,188260.0,322.0,188260.0,322.0,740327.0,1268.0,782457.0,1340.0,183932.0,315.0,183932.0,315.0,7325.0,13.0,7325.0,13.0,99758.0,171.0,99758.0,171.0,0.0,0.0,0.0,0.0,0.0,0.0,340832.0,584.0,511.0,1.0,783.0,1.0,192067.0,329.0,195140.0,334.0,42.0,0.0,42.0,0.0,0.0,0.0,0.0,0.0,3472724.0,5946.0,3477896.0,5955.0,0.0,0.0,0.0,0.0,0.0,0.0,0.0,0.0,1353847.0,2318.0,1353868.0,2318.0,351003.0,601.0,904981.0,1550.0,12908.0,22.0,12810.0,22.0,378043.0,647.0,378043.0,647.0,0.0,0.0,0.0,0.0,0.0,0.0,0.0,0.0,0.0,0.0,0.0,0.0,192620.0,330.0,536797.0,919.0
2024-25,101912015,Waltrip H S,1609,15824234.0,9835.0,16749457.0,10410.0,13317799.0,8277.0,13910729.0,8646.0,2351331.0,1461.0,2683624.0,1668.0,155104.0,96.0,155104.0,96.0,15669130.0,9738.0,16594353.0,10313.0,9064815.0,5634.0,9548982.0,5935.0,104210.0,65.0,104210.0,65.0,127497.0,79.0,127497.0,79.0,1808656.0,1124.0,1808656.0,1124.0,1977249.0,1229.0,1995043.0,1240.0,783804.0,487.0,883128.0,549.0,29920.0,19.0,29920.0,19.0,87347.0,54.0,91421.0,57.0,0.0,0.0,0.0,0.0,0.0,0.0,248988.0,155.0,576497.0,358.0,637757.0,396.0,1062726.0,660.0,1067395.0,663.0,44522.0,28.0,44522.0,28.0,1887.0,1.0,1887.0,1.0,6362087.0,3954.0,6375045.0,3962.0,801.0,0.0,801.0,0.0,1854030.0,1152.0,1854030.0,1152.0,2534384.0,1575.0,2544733.0,1582.0,1007456.0,626.0,1594455.0,991.0,68681.0,43.0,68681.0,43.0,0.0,0.0,0.0,0.0,0.0,0.0,0.0,0.0,2156059.0,1340.0,2156059.0,1340.0,558547.0,347.0,558547.0,347.0,1127085.0,700.0,1442002.0,896.0
2024-25,101912016,Washington B T H S,811,11716807.0,14447.0,13288381.0,16385.0,10587671.0,13055.0,11301367.0,13935.0,1071082.0,1321.0,1517241.0,1871.0,58054.0,72.0,469773.0,579.0,11658753.0,14376.0,12818608.0,15806.0,8113136.0,10004.0,8815467.0,10870.0,3143.0,4.0,3143.0,4.0,38413.0,47.0,38413.0,47.0,372813.0,460.0,372813.0,460.0,1375614.0,1696.0,1450420.0,1788.0,576571.0,711.0,581529.0,717.0,92513.0,114.0,92513.0,114.0,118590.0,146.0,123274.0,152.0,0.0,0.0,0.0,0.0,0.0,0.0,286682.0,353.0,592876.0,731.0,650707.0,802.0,367965.0,454.0,380240.0,469.0,7119.0,9.0,7119.0,9.0,0.0,0.0,0.0,0.0,7363082.0,9079.0,7386809.0,9108.0,0.0,0.0,0.0,0.0,937185.0,1156.0,937185.0,1156.0,2132828.0,2630.0,2168199.0,2673.0,240177.0,296.0,975004.0,1202.0,0.0,0.0,0.0,0.0,0.0,0.0,0.0,0.0,0.0,0.0,0.0,0.0,17521.0,22.0,17521.0,22.0,554927.0,684.0,555136.0,685.0,413033.0,509.0,778754.0,960.0
2024-25,101912056,Welch Middle,547,7442198.0,13605.0,9442575.0,17262.0,6335236.0,11582.0,6860984.0,12543.0,1092060.0,1996.0,2545259.0,4653.0,14902.0,27.0,36332.0,66.0,7427296.0,13578.0,9406243.0,17196.0,5030887.0,9197.0,5704506.0,10429.0,1877.0,3.0,1877.0,3.0,33709.0,62.0,33709.0,62.0,195214.0,357.0,195214.0,357.0,966773.0,1767.0,1016555.0,1858.0,305134.0,558.0,305134.0,558.0,4556.0,8.0,4556.0,8.0,107400.0,196.0,109645.0,200.0,0.0,0.0,0.0,0.0,0.0,0.0,1240293.0,2267.0,146668.0,268.0,151810.0,278.0,632688.0,1157.0,636905.0,1164.0,2390.0,4.0,2390.0,4.0,0.0,0.0,0.0,0.0,4420913.0,8082.0,4519470.0,8262.0,0.0,0.0,0.0,0.0,665.0,1.0,665.0,1.0,1656024.0,3027.0,1669103.0,3051.0,209171.0,382.0,826830.0,1512.0,356177.0,651.0,356177.0,651.0,0.0,0.0,0.0,0.0,0.0,0.0,0.0,0.0,2600.0,5.0,2600.0,5.0,145092.0,265.0,145092.0,265.0,636654.0,1164.0,1886306.0,3448.0
2024-25,101912254,Wesley El,291,3280100.0,11272.0,3798537.0,13053.0,2939851.0,10103.0,3203177.0,11007.0,320838.0,1103.0,561059.0,1928.0,19411.0,67.0,34301.0,118.0,3260689.0,11205.0,3764236.0,12936.0,2245200.0,7715.0,2529810.0,8694.0,1691.0,6.0,1691.0,6.0,24265.0,83.0,24265.0,83.0,98188.0,337.0,98188.0,337.0,496211.0,1705.0,539348.0,1853.0,139142.0,478.0,139142.0,478.0,5055.0,17.0,5055.0,17.0,97701.0,336.0,97701.0,336.0,0.0,0.0,0.0,0.0,0.0,0.0,169893.0,584.0,0.0,0.0,0.0,0.0,149083.0,512.0,150217.0,516.0,15.0,0.0,15.0,0.0,3920.0,13.0,3920.0,13.0,2020355.0,6943.0,2055986.0,7065.0,0.0,0.0,0.0,0.0,0.0,0.0,0.0,0.0,533071.0,1832.0,533071.0,1832.0,169690.0,583.0,466579.0,1603.0,0.0,0.0,0.0,0.0,384337.0,1321.0,384337.0,1321.0,0.0,0.0,0.0,0.0,0.0,0.0,0.0,0.0,0.0,0.0,0.0,0.0,153236.0,527.0,324263.0,1114.0
2024-25,101912099,West Briar Middle,994,7978959.0,8027.0,8746205.0,8799.0,6984568.0,7027.0,7383098.0,7428.0,828613.0,834.0,1161670.0,1169.0,165778.0,167.0,201437.0,203.0,7813181.0,7860.0,8544768.0,8596.0,5357150.0,5389.0,5787640.0,5823.0,105605.0,106.0,105605.0,106.0,31756.0,32.0,31756.0,32.0,258343.0,260.0,258343.0,260.0,1160245.0,1167.0,1179450.0,1187.0,227482.0,229.0,227482.0,229.0,24033.0,24.0,26377.0,27.0,115808.0,117.0,125867.0,127.0,0.0,0.0,0.0,0.0,0.0,0.0,252284.0,254.0,152790.0,154.0,166890.0,168.0,378626.0,381.0,380976.0,383.0,1343.0,1.0,1343.0,1.0,0.0,0.0,0.0,0.0,4857942.0,4887.0,4857942.0,4887.0,5899.0,6.0,5899.0,6.0,97693.0,98.0,97693.0,98.0,1593226.0,1603.0,1703293.0,1714.0,700806.0,705.0,1053592.0,1060.0,24856.0,25.0,24856.0,25.0,0.0,0.0,0.0,0.0,0.0,0.0,0.0,0.0,0.0,0.0,0.0,0.0,139748.0,141.0,139748.0,141.0,393011.0,395.0,661745.0,666.0
2024-25,101912255,West University El,1170,9196727.0,7860.0,9442856.0,8071.0,7915935.0,6766.0,8014335.0,6850.0,1169598.0,1000.0,1317327.0,1126.0,111194.0,95.0,111194.0,95.0,9085533.0,7765.0,9331662.0,7976.0,6286503.0,5373.0,6384903.0,5457.0,80550.0,69.0,80550.0,69.0,44558.0,38.0,44558.0,38.0,260197.0,222.0,260197.0,222.0,1143979.0,978.0,1143979.0,978.0,326304.0,279.0,326304.0,279.0,9289.0,8.0,9289.0,8.0,113996.0,97.0,113996.0,97.0,0.0,0.0,0.0,0.0,0.0,0.0,101165.0,86.0,0.0,0.0,45140.0,39.0,820157.0,701.0,821581.0,702.0,0.0,0.0,0.0,0.0,0.0,0.0,0.0,0.0,7021867.0,6002.0,7021867.0,6002.0,288046.0,246.0,288046.0,246.0,0.0,0.0,0.0,0.0,598728.0,512.0,697128.0,596.0,280706.0,240.0,280706.0,240.0,9454.0,8.0,9454.0,8.0,66575.0,57.0,66575.0,57.0,0.0,0.0,0.0,0.0,0.0,0.0,0.0,0.0,0.0,0.0,0.0,0.0,820157.0,701.0,967886.0,827.0
2024-25,101912017,Westbury H S,1986,22533890.0,11346.0,24955631.0,12566.0,19860833.0,10000.0,20968968.0,10558.0,2531642.0,1275.0,3649525.0,1838.0,141415.0,71.0,337138.0,170.0,22392475.0,11275.0,24618493.0,12396.0,15186465.0,7647.0,16795758.0,8457.0,5891.0,3.0,5891.0,3.0,105312.0,53.0,105312.0,53.0,722715.0,364.0,722715.0,364.0,2888982.0,1455.0,2947009.0,1484.0,1080835.0,544.0,1085785.0,547.0,117283.0,59.0,117283.0,59.0,136520.0,69.0,141141.0,71.0,0.0,0.0,0.0,0.0,0.0,0.0,511323.0,257.0,821827.0,414.0,842315.0,424.0,1278434.0,644.0,1287060.0,648.0,25666.0,13.0,25666.0,13.0,22545.0,11.0,22545.0,11.0,13871748.0,6985.0,14054653.0,7077.0,0.0,0.0,0.0,0.0,2353011.0,1185.0,2353011.0,1185.0,3351211.0,1687.0,3443652.0,1734.0,652841.0,329.0,2063076.0,1039.0,-84.0,0.0,-84.0,0.0,0.0,0.0,0.0,0.0,0.0,0.0,0.0,0.0,15276.0,8.0,15276.0,8.0,744603.0,375.0,745109.0,375.0,1403869.0,707.0,1943800.0,979.0
2024-25,101912036,Westside H S,2720,22865642.0,8406.0,24680235.0,9074.0,19965044.0,7340.0,20934931.0,7697.0,2672104.0,982.0,3500457.0,1287.0,228494.0,84.0,244847.0,90.0,22637148.0,8322.0,24435388.0,8984.0,14434819.0,5307.0,15244789.0,5605.0,6303.0,2.0,6303.0,2.0,88071.0,32.0,89908.0,33.0,2144083.0,788.0,2144083.0,788.0,3400590.0,1250.0,3425138.0,1259.0,605540.0,223.0,722232.0,266.0,44215.0,16.0,134322.0,49.0,170085.0,63.0,171135.0,63.0,0.0,0.0,0.0,0.0,0.0,0.0,473156.0,174.0,669012.0,246.0,911646.0,335.0,999169.0,367.0,1018339.0,374.0,7570.0,3.0,21632.0,8.0,67691.0,25.0,67691.0,25.0,11357381.0,4176.0,11388007.0,4187.0,5241.0,2.0,5241.0,2.0,3030549.0,1114.0,3030549.0,1114.0,3022350.0,1111.0,3230063.0,1188.0,1308133.0,481.0,2113397.0,777.0,120767.0,44.0,120767.0,44.0,0.0,0.0,0.0,0.0,0.0,0.0,0.0,0.0,2049285.0,753.0,2049285.0,753.0,626608.0,230.0,656519.0,241.0,1116834.0,411.0,1841560.0,677.0
2024-25,101912256,Wharton K-8 Dual Language Academy,715,5730851.0,8015.0,6647452.0,9297.0,5113613.0,7152.0,5597824.0,7829.0,402371.0,563.0,721374.0,1009.0,214867.0,301.0,328254.0,459.0,5515984.0,7715.0,6319198.0,8838.0,3867518.0,5409.0,4008189.0,5606.0,92040.0,129.0,92040.0,129.0,126349.0,177.0,126349.0,177.0,163568.0,229.0,163568.0,229.0,841888.0,1177.0,841888.0,1177.0,64761.0,91.0,64761.0,91.0,9635.0,13.0,9635.0,13.0,87836.0,123.0,87836.0,123.0,0.0,0.0,0.0,0.0,0.0,0.0,247130.0,346.0,21316.0,30.0,422406.0,591.0,239918.0,336.0,245294.0,343.0,1155.0,2.0,1155.0,2.0,0.0,0.0,0.0,0.0,3988447.0,5578.0,4027133.0,5632.0,9384.0,13.0,9384.0,13.0,0.0,0.0,0.0,0.0,313389.0,438.0,313389.0,438.0,246275.0,344.0,345179.0,483.0,408743.0,572.0,408743.0,572.0,287357.0,402.0,287357.0,402.0,0.0,0.0,0.0,0.0,0.0,0.0,0.0,0.0,0.0,0.0,0.0,0.0,262389.0,367.0,915985.0,1281.0
2024-25,101912018,Wheatley H S,536,10889578.0,20316.0,12080669.0,22539.0,9386095.0,17511.0,10308181.0,19232.0,1430326.0,2669.0,1687686.0,3149.0,73157.0,136.0,84802.0,158.0,10816421.0,20180.0,11995867.0,22380.0,6802005.0,12690.0,7708033.0,14381.0,2705.0,5.0,2705.0,5.0,37590.0,70.0,37590.0,70.0,356255.0,665.0,356255.0,665.0,1411140.0,2633.0,1483167.0,2767.0,572616.0,1068.0,590313.0,1101.0,99182.0,185.0,101346.0,189.0,117810.0,220.0,131113.0,245.0,0.0,0.0,0.0,0.0,0.0,0.0,142402.0,266.0,617105.0,1151.0,627703.0,1171.0,771520.0,1439.0,780117.0,1455.0,28493.0,53.0,28493.0,53.0,0.0,0.0,0.0,0.0,5507280.0,10275.0,5643662.0,10529.0,-63.0,0.0,-63.0,0.0,1201273.0,2241.0,1219001.0,2274.0,2611414.0,4872.0,2699767.0,5037.0,79399.0,148.0,852474.0,1590.0,0.0,0.0,0.0,0.0,0.0,0.0,0.0,0.0,0.0,0.0,0.0,0.0,0.0,0.0,0.0,0.0,473667.0,884.0,473667.0,884.0,943451.0,1760.0,1107359.0,2066.0
2024-25,101912257,Whidby El,369,4585551.0,12427.0,5448945.0,14767.0,4073307.0,11039.0,4522983.0,12257.0,432697.0,1173.0,846415.0,2294.0,79547.0,216.0,79547.0,216.0,4506004.0,12211.0,5369398.0,14551.0,3348367.0,9074.0,3793611.0,10281.0,1484.0,4.0,1484.0,4.0,35880.0,97.0,35880.0,97.0,148038.0,401.0,148038.0,401.0,551783.0,1495.0,603388.0,1635.0,159564.0,432.0,159564.0,432.0,3497.0,9.0,3497.0,9.0,96510.0,262.0,98985.0,268.0,0.0,0.0,0.0,0.0,0.0,0.0,307664.0,834.0,0.0,0.0,51643.0,140.0,160920.0,436.0,161737.0,438.0,-39.0,0.0,-39.0,0.0,0.0,0.0,0.0,0.0,2833022.0,7678.0,2837334.0,7689.0,0.0,0.0,0.0,0.0,0.0,0.0,0.0,0.0,916308.0,2483.0,916308.0,2483.0,193917.0,526.0,690775.0,1872.0,31914.0,86.0,31914.0,86.0,369962.0,1003.0,369962.0,1003.0,0.0,0.0,0.0,0.0,0.0,0.0,0.0,0.0,0.0,0.0,0.0,0.0,160881.0,436.0,523105.0,1418.0
2024-25,101912267,White E El,691,5657742.0,8188.0,6238776.0,9029.0,5179833.0,7496.0,5384563.0,7792.0,447892.0,648.0,809524.0,1172.0,30017.0,43.0,44689.0,65.0,5627725.0,8144.0,6194087.0,8964.0,4035587.0,5840.0,4260630.0,6166.0,86946.0,126.0,86946.0,126.0,39652.0,57.0,39652.0,57.0,203063.0,294.0,203063.0,294.0,752306.0,1089.0,752306.0,1089.0,165263.0,239.0,165263.0,239.0,10755.0,16.0,10755.0,16.0,105235.0,152.0,105235.0,152.0,0.0,0.0,0.0,0.0,0.0,0.0,314613.0,455.0,2250.0,3.0,21689.0,31.0,182085.0,264.0,186308.0,270.0,3970.0,6.0,3970.0,6.0,40613.0,59.0,40613.0,59.0,3717081.0,5379.0,3718685.0,5382.0,854.0,1.0,854.0,1.0,0.0,0.0,0.0,0.0,851233.0,1232.0,851258.0,1232.0,356587.0,516.0,582213.0,843.0,167989.0,243.0,167989.0,243.0,305063.0,441.0,305063.0,441.0,0.0,0.0,0.0,0.0,0.0,0.0,0.0,0.0,0.0,0.0,0.0,0.0,228918.0,331.0,567193.0,821.0
2024-25,101912258,Whittier El,323,3576408.0,11072.0,4114748.0,12739.0,3281230.0,10159.0,3621125.0,11211.0,268256.0,831.0,466701.0,1445.0,26922.0,83.0,26922.0,83.0,3549486.0,10989.0,4087826.0,12656.0,2554761.0,7909.0,2842755.0,8801.0,1092.0,3.0,1092.0,3.0,18884.0,58.0,18884.0,58.0,112172.0,347.0,112172.0,347.0,521668.0,1615.0,585468.0,1813.0,147885.0,458.0,147885.0,458.0,2623.0,8.0,2623.0,8.0,98406.0,305.0,102737.0,318.0,0.0,0.0,0.0,0.0,0.0,0.0,179565.0,556.0,0.0,0.0,1032.0,3.0,84629.0,262.0,86247.0,267.0,0.0,0.0,0.0,0.0,0.0,0.0,0.0,0.0,2095330.0,6487.0,2095330.0,6487.0,0.0,0.0,0.0,0.0,0.0,0.0,0.0,0.0,900483.0,2788.0,900483.0,2788.0,199170.0,617.0,555295.0,1719.0,10784.0,33.0,10784.0,33.0,251724.0,779.0,251724.0,779.0,0.0,0.0,0.0,0.0,0.0,0.0,0.0,0.0,0.0,0.0,0.0,0.0,84629.0,262.0,266844.0,826.0
2024-25,101912082,Williams Middle,352,5686513.0,16155.0,6457537.0,18345.0,4778490.0,13575.0,5257180.0,14935.0,895789.0,2545.0,1168156.0,3319.0,12234.0,35.0,32201.0,91.0,5674279.0,16120.0,6425336.0,18254.0,3686505.0,10473.0,4176369.0,11865.0,1362.0,4.0,1362.0,4.0,17762.0,50.0,17762.0,50.0,142274.0,404.0,142274.0,404.0,842014.0,2392.0,888320.0,2524.0,164478.0,467.0,164478.0,467.0,3306.0,9.0,3306.0,9.0,109877.0,312.0,109877.0,312.0,0.0,0.0,0.0,0.0,0.0,0.0,207965.0,591.0,150831.0,428.0,152568.0,433.0,543130.0,1543.0,546151.0,1552.0,12740.0,36.0,12747.0,36.0,0.0,0.0,0.0,0.0,3316786.0,9423.0,3318840.0,9429.0,0.0,0.0,0.0,0.0,0.0,0.0,0.0,0.0,1329468.0,3777.0,1329932.0,3778.0,124806.0,355.0,660120.0,1875.0,196518.0,558.0,197013.0,560.0,0.0,0.0,0.0,0.0,0.0,0.0,0.0,0.0,0.0,0.0,0.0,0.0,148847.0,423.0,148847.0,423.0,557854.0,1585.0,770584.0,2189.0
2024-25,101912260,Windsor Village El,627,5749352.0,9170.0,6399818.0,10207.0,4938936.0,7877.0,5279498.0,8420.0,592154.0,944.0,894515.0,1427.0,218262.0,348.0,225805.0,360.0,5531090.0,8822.0,6174013.0,9847.0,3902189.0,6224.0,4244082.0,6769.0,4159.0,7.0,4159.0,7.0,40474.0,65.0,40474.0,65.0,179785.0,287.0,179785.0,287.0,729044.0,1163.0,737405.0,1176.0,162703.0,259.0,162703.0,259.0,16081.0,26.0,16081.0,26.0,109658.0,175.0,114910.0,183.0,0.0,0.0,0.0,0.0,0.0,0.0,276622.0,441.0,4678.0,7.0,8987.0,14.0,379687.0,606.0,380942.0,608.0,755.0,1.0,755.0,1.0,0.0,0.0,0.0,0.0,3074015.0,4903.0,3075170.0,4905.0,3221.0,5.0,3221.0,5.0,0.0,0.0,0.0,0.0,732046.0,1168.0,737146.0,1176.0,635124.0,1013.0,989056.0,1577.0,204215.0,326.0,204215.0,326.0,495472.0,790.0,495472.0,790.0,0.0,0.0,0.0,0.0,0.0,0.0,0.0,0.0,0.0,0.0,0.0,0.0,386997.0,617.0,669183.0,1067.0
2024-25,101912009,Wisdom H S,1964,22989512.0,11705.0,25766909.0,13120.0,20865107.0,10624.0,22502379.0,11457.0,1904523.0,970.0,2904803.0,1479.0,219882.0,112.0,359727.0,183.0,22769630.0,11593.0,25407182.0,12936.0,16121993.0,8209.0,17958995.0,9144.0,6156.0,3.0,6156.0,3.0,105077.0,54.0,105077.0,54.0,704448.0,359.0,704448.0,359.0,2989301.0,1522.0,3060246.0,1558.0,1168725.0,595.0,1173666.0,598.0,102304.0,52.0,102304.0,52.0,162704.0,83.0,175441.0,89.0,0.0,0.0,0.0,0.0,419.0,0.0,661932.0,337.0,671758.0,342.0,699164.0,356.0,690088.0,351.0,693173.0,353.0,45455.0,23.0,48401.0,25.0,1202.0,1.0,1202.0,1.0,15941410.0,8117.0,15946774.0,8120.0,0.0,0.0,480.0,0.0,1957490.0,997.0,1957490.0,997.0,2502669.0,1274.0,2518476.0,1282.0,959139.0,488.0,2880090.0,1466.0,0.0,0.0,0.0,0.0,0.0,0.0,0.0,0.0,0.0,0.0,0.0,0.0,0.0,0.0,0.0,0.0,648109.0,330.0,648109.0,330.0,760813.0,387.0,1455763.0,741.0
2024-25,101912127,Woodson School,453,5108447.0,11277.0,6061456.0,13381.0,4606226.0,10168.0,5010011.0,11060.0,469046.0,1035.0,921156.0,2033.0,33175.0,73.0,130289.0,288.0,5075272.0,11204.0,5931167.0,13093.0,3771134.0,8325.0,4251390.0,9385.0,1659.0,4.0,1659.0,4.0,33890.0,75.0,33890.0,75.0,176804.0,390.0,176804.0,390.0,703044.0,1552.0,737381.0,1628.0,157126.0,347.0,157126.0,347.0,4110.0,9.0,4110.0,9.0,89571.0,198.0,89571.0,198.0,0.0,0.0,0.0,0.0,0.0,0.0,337343.0,745.0,314.0,1.0,314.0,1.0,137620.0,304.0,137620.0,304.0,0.0,0.0,0.0,0.0,0.0,0.0,0.0,0.0,2872970.0,6342.0,2916533.0,6438.0,0.0,0.0,0.0,0.0,0.0,0.0,0.0,0.0,1445329.0,3191.0,1445329.0,3191.0,233621.0,516.0,708610.0,1564.0,0.0,0.0,0.0,0.0,385418.0,851.0,385418.0,851.0,0.0,0.0,0.0,0.0,0.0,0.0,0.0,0.0,0.0,0.0,0.0,0.0,137934.0,304.0,475277.0,1049.0
2024-25,101912019,Worthing H S,748,12122727.0,16207.0,13863072.0,18534.0,11032640.0,14750.0,11536536.0,15423.0,994942.0,1330.0,1431488.0,1914.0,95145.0,127.0,895048.0,1197.0,12027582.0,16080.0,12968024.0,17337.0,8412153.0,11246.0,8975261.0,11999.0,3361.0,4.0,3361.0,4.0,49657.0,66.0,49657.0,66.0,421589.0,564.0,421589.0,564.0,1516794.0,2028.0,1590594.0,2126.0,590631.0,790.0,595001.0,795.0,84395.0,113.0,84395.0,113.0,69419.0,93.0,77452.0,104.0,0.0,0.0,0.0,0.0,0.0,0.0,282387.0,378.0,678733.0,907.0,680537.0,910.0,191315.0,256.0,192657.0,258.0,9535.0,13.0,9535.0,13.0,0.0,0.0,0.0,0.0,7144314.0,9551.0,7151503.0,9561.0,868.0,1.0,868.0,1.0,1244415.0,1664.0,1244415.0,1664.0,2502118.0,3345.0,2512838.0,3359.0,256284.0,343.0,893284.0,1194.0,0.0,0.0,0.0,0.0,0.0,0.0,0.0,0.0,0.0,0.0,0.0,0.0,0.0,0.0,0.0,0.0,597418.0,799.0,597418.0,799.0,282165.0,377.0,567698.0,759.0
2024-25,101912020,Yates H S,681,11651593.0,17110.0,12786993.0,18777.0,10251015.0,15053.0,10913776.0,16026.0,1294717.0,1901.0,1735222.0,2548.0,105861.0,155.0,137995.0,203.0,11545732.0,16954.0,12648998.0,18574.0,7801836.0,11456.0,8527304.0,12522.0,2979.0,4.0,2979.0,4.0,37265.0,55.0,37265.0,55.0,399090.0,586.0,399090.0,586.0,1328792.0,1951.0,1395221.0,2049.0,594262.0,873.0,598918.0,879.0,102316.0,150.0,102316.0,150.0,108330.0,159.0,112594.0,165.0,0.0,0.0,0.0,0.0,0.0,0.0,193480.0,284.0,664465.0,976.0,744843.0,1094.0,472573.0,694.0,476405.0,700.0,33824.0,50.0,35600.0,52.0,0.0,0.0,0.0,0.0,5797172.0,8513.0,5896966.0,8659.0,0.0,0.0,0.0,0.0,1273518.0,1870.0,1273578.0,1870.0,3045016.0,4471.0,3064404.0,4500.0,252606.0,371.0,955887.0,1404.0,0.0,0.0,0.0,0.0,0.0,0.0,0.0,0.0,0.0,0.0,0.0,0.0,6558.0,10.0,7184.0,11.0,640139.0,940.0,640139.0,940.0,530723.0,779.0,810840.0,1191.0
2024-25,101912247,Young El,330,4740537.0,14365.0,5364845.0,16257.0,4137569.0,12538.0,4469083.0,13543.0,552284.0,1674.0,845078.0,2561.0,50684.0,154.0,50684.0,154.0,4689853.0,14212.0,5314161.0,16104.0,3275857.0,9927.0,3623922.0,10982.0,1439.0,4.0,1439.0,4.0,37548.0,114.0,37548.0,114.0,144975.0,439.0,144975.0,439.0,680438.0,2062.0,727111.0,2203.0,170758.0,517.0,170758.0,517.0,3409.0,10.0,3409.0,10.0,95059.0,288.0,95059.0,288.0,0.0,0.0,0.0,0.0,0.0,0.0,225068.0,682.0,2653.0,8.0,2653.0,8.0,277717.0,842.0,279238.0,846.0,0.0,0.0,0.0,0.0,0.0,0.0,0.0,0.0,2657187.0,8052.0,2661228.0,8064.0,0.0,0.0,0.0,0.0,0.0,0.0,0.0,0.0,1001489.0,3035.0,1001489.0,3035.0,191083.0,579.0,584761.0,1772.0,3401.0,10.0,3401.0,10.0,556323.0,1686.0,556323.0,1686.0,0.0,0.0,0.0,0.0,0.0,0.0,0.0,0.0,0.0,0.0,0.0,0.0,280370.0,850.0,506959.0,1536.0
2024-25,101912463,Young Women's College Prep Academy,494,4006771.0,8111.0,4378535.0,8863.0,3453799.0,6991.0,3572269.0,7231.0,487732.0,987.0,708446.0,1434.0,65240.0,132.0,97820.0,198.0,3941531.0,7979.0,4280715.0,8665.0,2384780.0,4827.0,2484953.0,5030.0,1094.0,2.0,1094.0,2.0,115340.0,233.0,115340.0,233.0,144246.0,292.0,144246.0,292.0,720981.0,1459.0,720981.0,1459.0,109063.0,221.0,141927.0,287.0,17251.0,35.0,17251.0,35.0,77542.0,157.0,77542.0,157.0,0.0,0.0,0.0,0.0,0.0,0.0,198546.0,402.0,100624.0,204.0,105351.0,213.0,270610.0,548.0,270610.0,548.0,0.0,0.0,0.0,0.0,0.0,0.0,0.0,0.0,2148407.0,4349.0,2156908.0,4366.0,7499.0,15.0,7499.0,15.0,784976.0,1589.0,784976.0,1589.0,90183.0,183.0,90183.0,183.0,538372.0,1090.0,632918.0,1281.0,860.0,2.0,860.0,2.0,0.0,0.0,0.0,0.0,0.0,0.0,0.0,0.0,0.0,0.0,0.0,0.0,97474.0,197.0,97474.0,197.0,273760.0,554.0,509897.0,1032.0
