cdn,entity,school_year,fund,line,amount,enrolled_membership,per_student
101912,Houston ISD,2024-25,GF,rev_local_mo,1466211104,176039.0,8328.9
101912,Houston ISD,2024-25,GF,rev_state_oper,158467092,176039.0,900.18
101912,Houston ISD,2024-25,GF,rev_federal,25580041,176039.0,145.31
101912,Houston ISD,2024-25,GF,rev_other_local,119554936,176039.0,679.14
101912,Houston ISD,2024-25,GF,rev_total_oper,1769813173,176039.0,10053.53
101912,Houston ISD,2024-25,GF,rev_local_is,0,176039.0,0.0
101912,Houston ISD,2024-25,GF,rev_state_debt,0,176039.0,0.0
101912,Houston ISD,2024-25,GF,rev_total_other,27685445,176039.0,157.27
101912,Houston ISD,2024-25,GF,recapture_rev,56900029,176039.0,323.22
101912,Houston ISD,2024-25,GF,rev_trs_onbehalf,113672854,176039.0,645.73
101912,Houston ISD,2024-25,GF,rev_debt_fin,0,176039.0,0.0
101912,Houston ISD,2024-25,GF,exp_payroll_61,1741656131,176039.0,9893.58
101912,Houston ISD,2024-25,GF,exp_contracted_62,266263496,176039.0,1512.53
101912,Houston ISD,2024-25,GF,exp_supplies_63,39299135,176039.0,223.24
101912,Houston ISD,2024-25,GF,exp_otherop_64,34373500,176039.0,195.26
101912,Houston ISD,2024-25,GF,exp_total_oper,2081592262,176039.0,11824.61
101912,Houston ISD,2024-25,GF,exp_debt_65,10163192,176039.0,57.73
101912,Houston ISD,2024-25,GF,exp_capital_66,32029144,176039.0,181.94
101912,Houston ISD,2024-25,GF,exp_grand_total,2123824127,176039.0,12064.51
101912,Houston ISD,2024-25,GF,f11_instruction,1248528899,176039.0,7092.34
101912,Houston ISD,2024-25,GF,f12_instr_resources,6944632,176039.0,39.45
101912,Houston ISD,2024-25,GF,f13_curriculum_staffdev,14161318,176039.0,80.44
101912,Houston ISD,2024-25,GF,f21_instr_leadership,68042893,176039.0,386.52
101912,Houston ISD,2024-25,GF,f23_school_leadership,233083909,176039.0,1324.05
101912,Houston ISD,2024-25,GF,f31_guidance,67390975,176039.0,382.82
101912,Houston ISD,2024-25,GF,f32_social_work,6203968,176039.0,35.24
101912,Houston ISD,2024-25,GF,f33_health,26000000,176039.0,147.69
101912,Houston ISD,2024-25,GF,f34_transportation,49745219,176039.0,282.58
101912,Houston ISD,2024-25,GF,f35_food,118310,176039.0,0.67
101912,Houston ISD,2024-25,GF,f36_extracurricular,25527457,176039.0,145.01
101912,Houston ISD,2024-25,GF,f41_general_admin,51357659,176039.0,291.74
101912,Houston ISD,2024-25,GF,f51_plant_maint,205588891,176039.0,1167.86
101912,Houston ISD,2024-25,GF,f52_security,29263738,176039.0,166.23
101912,Houston ISD,2024-25,GF,f53_data_processing,44517825,176039.0,252.89
101912,Houston ISD,2024-25,GF,f61_community,5116569,176039.0,29.06
101912,Houston ISD,2024-25,GF,pic11_basic,1082905641,176039.0,6151.51
101912,Houston ISD,2024-25,GF,pic21_gt,8849794,176039.0,50.27
101912,Houston ISD,2024-25,GF,pic22_cte,59700646,176039.0,339.13
101912,Houston ISD,2024-25,GF,pic23_swd,319643583,176039.0,1815.75
101912,Houston ISD,2024-25,GF,pic24_comp_ed,94575305,176039.0,537.24
101912,Houston ISD,2024-25,GF,pic25_bilingual,28203680,176039.0,160.21
101912,Houston ISD,2024-25,GF,pic91_athletics,21284873,176039.0,120.91
101912,Houston ISD,2024-25,GF,pic99_unallocated,382382139,176039.0,2172.14
101912,Houston ISD,2024-25,GF,disb_recapture,56900029,176039.0,323.22
101912,Houston ISD,2024-25,GF,disb_total,2267179224,176039.0,12878.85
057905,Dallas ISD,2024-25,GF,rev_local_mo,1323105160,139776.0,9465.9
057905,Dallas ISD,2024-25,GF,rev_state_oper,159181151,139776.0,1138.83
057905,Dallas ISD,2024-25,GF,rev_federal,39359803,139776.0,281.59
057905,Dallas ISD,2024-25,GF,rev_other_local,66166452,139776.0,473.37
057905,Dallas ISD,2024-25,GF,rev_total_oper,1587812566,139776.0,11359.69
057905,Dallas ISD,2024-25,GF,rev_local_is,0,139776.0,0.0
057905,Dallas ISD,2024-25,GF,rev_state_debt,0,139776.0,0.0
057905,Dallas ISD,2024-25,GF,rev_total_other,11981900,139776.0,85.72
057905,Dallas ISD,2024-25,GF,recapture_rev,52538602,139776.0,375.88
057905,Dallas ISD,2024-25,GF,rev_trs_onbehalf,88553717,139776.0,633.54
057905,Dallas ISD,2024-25,GF,rev_debt_fin,0,139776.0,0.0
057905,Dallas ISD,2024-25,GF,exp_payroll_61,1442941359,139776.0,10323.24
057905,Dallas ISD,2024-25,GF,exp_contracted_62,134335766,139776.0,961.08
057905,Dallas ISD,2024-25,GF,exp_supplies_63,99984243,139776.0,715.32
057905,Dallas ISD,2024-25,GF,exp_otherop_64,32998623,139776.0,236.08
057905,Dallas ISD,2024-25,GF,exp_total_oper,1710259991,139776.0,12235.72
057905,Dallas ISD,2024-25,GF,exp_debt_65,15173944,139776.0,108.56
057905,Dallas ISD,2024-25,GF,exp_capital_66,12405547,139776.0,88.75
057905,Dallas ISD,2024-25,GF,exp_grand_total,1737839482,139776.0,12433.03
057905,Dallas ISD,2024-25,GF,f11_instruction,933421220,139776.0,6677.98
057905,Dallas ISD,2024-25,GF,f12_instr_resources,21025209,139776.0,150.42
057905,Dallas ISD,2024-25,GF,f13_curriculum_staffdev,28232028,139776.0,201.98
057905,Dallas ISD,2024-25,GF,f21_instr_leadership,45972328,139776.0,328.9
057905,Dallas ISD,2024-25,GF,f23_school_leadership,117317990,139776.0,839.33
057905,Dallas ISD,2024-25,GF,f31_guidance,82588685,139776.0,590.86
057905,Dallas ISD,2024-25,GF,f32_social_work,5367997,139776.0,38.4
057905,Dallas ISD,2024-25,GF,f33_health,23675401,139776.0,169.38
057905,Dallas ISD,2024-25,GF,f34_transportation,71975189,139776.0,514.93
057905,Dallas ISD,2024-25,GF,f35_food,101726,139776.0,0.73
057905,Dallas ISD,2024-25,GF,f36_extracurricular,47901833,139776.0,342.7
057905,Dallas ISD,2024-25,GF,f41_general_admin,55405243,139776.0,396.39
057905,Dallas ISD,2024-25,GF,f51_plant_maint,188345344,139776.0,1347.48
057905,Dallas ISD,2024-25,GF,f52_security,44169357,139776.0,316.0
057905,Dallas ISD,2024-25,GF,f53_data_processing,37354829,139776.0,267.25
057905,Dallas ISD,2024-25,GF,f61_community,7405612,139776.0,52.98
057905,Dallas ISD,2024-25,GF,pic11_basic,767919353,139776.0,5493.93
057905,Dallas ISD,2024-25,GF,pic21_gt,12415283,139776.0,88.82
057905,Dallas ISD,2024-25,GF,pic22_cte,49762506,139776.0,356.02
057905,Dallas ISD,2024-25,GF,pic23_swd,215909064,139776.0,1544.68
057905,Dallas ISD,2024-25,GF,pic24_comp_ed,139479763,139776.0,997.88
057905,Dallas ISD,2024-25,GF,pic25_bilingual,30425239,139776.0,217.67
057905,Dallas ISD,2024-25,GF,pic91_athletics,28914980,139776.0,206.87
057905,Dallas ISD,2024-25,GF,pic99_unallocated,394774608,139776.0,2824.34
057905,Dallas ISD,2024-25,GF,disb_recapture,52538602,139776.0,375.88
057905,Dallas ISD,2024-25,GF,disb_total,1804369679,139776.0,12909.01
227901,Austin ISD,2024-25,GF,rev_local_mo,739231026,72175.0,10242.2
227901,Austin ISD,2024-25,GF,rev_state_oper,40645207,72175.0,563.15
227901,Austin ISD,2024-25,GF,rev_federal,10068371,72175.0,139.5
227901,Austin ISD,2024-25,GF,rev_other_local,42600233,72175.0,590.24
227901,Austin ISD,2024-25,GF,rev_total_oper,832544837,72175.0,11535.09
227901,Austin ISD,2024-25,GF,rev_local_is,0,72175.0,0.0
227901,Austin ISD,2024-25,GF,rev_state_debt,0,72175.0,0.0
227901,Austin ISD,2024-25,GF,rev_total_other,62017451,72175.0,859.26
227901,Austin ISD,2024-25,GF,recapture_rev,771603135,72175.0,10690.73
227901,Austin ISD,2024-25,GF,rev_trs_onbehalf,51876950,72175.0,718.77
227901,Austin ISD,2024-25,GF,rev_debt_fin,0,72175.0,0.0
227901,Austin ISD,2024-25,GF,exp_payroll_61,813881824,72175.0,11276.51
227901,Austin ISD,2024-25,GF,exp_contracted_62,77408082,72175.0,1072.51
227901,Austin ISD,2024-25,GF,exp_supplies_63,27352326,72175.0,378.97
227901,Austin ISD,2024-25,GF,exp_otherop_64,14137611,72175.0,195.88
227901,Austin ISD,2024-25,GF,exp_total_oper,932779843,72175.0,12923.86
227901,Austin ISD,2024-25,GF,exp_debt_65,5746398,72175.0,79.62
227901,Austin ISD,2024-25,GF,exp_capital_66,20301245,72175.0,281.28
227901,Austin ISD,2024-25,GF,exp_grand_total,958437863,72175.0,13279.36
227901,Austin ISD,2024-25,GF,f11_instruction,547919641,72175.0,7591.54
227901,Austin ISD,2024-25,GF,f12_instr_resources,11091876,72175.0,153.68
227901,Austin ISD,2024-25,GF,f13_curriculum_staffdev,15679134,72175.0,217.24
227901,Austin ISD,2024-25,GF,f21_instr_leadership,18748260,72175.0,259.76
227901,Austin ISD,2024-25,GF,f23_school_leadership,63458086,72175.0,879.23
227901,Austin ISD,2024-25,GF,f31_guidance,45191708,72175.0,626.14
227901,Austin ISD,2024-25,GF,f32_social_work,4420189,72175.0,61.24
227901,Austin ISD,2024-25,GF,f33_health,9612420,72175.0,133.18
227901,Austin ISD,2024-25,GF,f34_transportation,37484164,72175.0,519.35
227901,Austin ISD,2024-25,GF,f35_food,0,72175.0,0.0
227901,Austin ISD,2024-25,GF,f36_extracurricular,18422835,72175.0,255.25
227901,Austin ISD,2024-25,GF,f41_general_admin,24817809,72175.0,343.86
227901,Austin ISD,2024-25,GF,f51_plant_maint,99651241,72175.0,1380.69
227901,Austin ISD,2024-25,GF,f52_security,17480678,72175.0,242.2
227901,Austin ISD,2024-25,GF,f53_data_processing,10190649,72175.0,141.19
227901,Austin ISD,2024-25,GF,f61_community,8611153,72175.0,119.31
227901,Austin ISD,2024-25,GF,pic11_basic,411932837,72175.0,5707.42
227901,Austin ISD,2024-25,GF,pic21_gt,1157110,72175.0,16.03
227901,Austin ISD,2024-25,GF,pic22_cte,23323144,72175.0,323.15
227901,Austin ISD,2024-25,GF,pic23_swd,237294709,72175.0,3287.77
227901,Austin ISD,2024-25,GF,pic24_comp_ed,31940516,72175.0,442.54
227901,Austin ISD,2024-25,GF,pic25_bilingual,1403249,72175.0,19.44
227901,Austin ISD,2024-25,GF,pic91_athletics,14054408,72175.0,194.73
227901,Austin ISD,2024-25,GF,pic99_unallocated,186642532,72175.0,2585.97
227901,Austin ISD,2024-25,GF,disb_recapture,771603135,72175.0,10690.73
227901,Austin ISD,2024-25,GF,disb_total,1746900527,72175.0,24203.68
220905,Fort Worth ISD,2024-25,GF,rev_local_mo,407633372,70184.0,5808.07
220905,Fort Worth ISD,2024-25,GF,rev_state_oper,325236494,70184.0,4634.05
220905,Fort Worth ISD,2024-25,GF,rev_federal,12080955,70184.0,172.13
220905,Fort Worth ISD,2024-25,GF,rev_other_local,26471680,70184.0,377.18
220905,Fort Worth ISD,2024-25,GF,rev_total_oper,771422501,70184.0,10991.43
220905,Fort Worth ISD,2024-25,GF,rev_local_is,0,70184.0,0.0
220905,Fort Worth ISD,2024-25,GF,rev_state_debt,0,70184.0,0.0
220905,Fort Worth ISD,2024-25,GF,rev_total_other,1408838,70184.0,20.07
220905,Fort Worth ISD,2024-25,GF,recapture_rev,5227921,70184.0,74.49
220905,Fort Worth ISD,2024-25,GF,rev_trs_onbehalf,42671591,70184.0,608.0
220905,Fort Worth ISD,2024-25,GF,rev_debt_fin,0,70184.0,0.0
220905,Fort Worth ISD,2024-25,GF,exp_payroll_61,712261137,70184.0,10148.48
220905,Fort Worth ISD,2024-25,GF,exp_contracted_62,57140272,70184.0,814.15
220905,Fort Worth ISD,2024-25,GF,exp_supplies_63,42038480,70184.0,598.98
220905,Fort Worth ISD,2024-25,GF,exp_otherop_64,15113865,70184.0,215.35
220905,Fort Worth ISD,2024-25,GF,exp_total_oper,826553754,70184.0,11776.95
220905,Fort Worth ISD,2024-25,GF,exp_debt_65,1628909,70184.0,23.21
220905,Fort Worth ISD,2024-25,GF,exp_capital_66,17906366,70184.0,255.13
220905,Fort Worth ISD,2024-25,GF,exp_grand_total,846142755,70184.0,12056.06
220905,Fort Worth ISD,2024-25,GF,f11_instruction,480454597,70184.0,6845.64
220905,Fort Worth ISD,2024-25,GF,f12_instr_resources,11033799,70184.0,157.21
220905,Fort Worth ISD,2024-25,GF,f13_curriculum_staffdev,12558619,70184.0,178.94
220905,Fort Worth ISD,2024-25,GF,f21_instr_leadership,14464166,70184.0,206.09
220905,Fort Worth ISD,2024-25,GF,f23_school_leadership,52656155,70184.0,750.26
220905,Fort Worth ISD,2024-25,GF,f31_guidance,41982897,70184.0,598.18
220905,Fort Worth ISD,2024-25,GF,f32_social_work,3876397,70184.0,55.23
220905,Fort Worth ISD,2024-25,GF,f33_health,12185365,70184.0,173.62
220905,Fort Worth ISD,2024-25,GF,f34_transportation,21381985,70184.0,304.66
220905,Fort Worth ISD,2024-25,GF,f35_food,265092,70184.0,3.78
220905,Fort Worth ISD,2024-25,GF,f36_extracurricular,22553821,70184.0,321.35
220905,Fort Worth ISD,2024-25,GF,f41_general_admin,23239495,70184.0,331.12
220905,Fort Worth ISD,2024-25,GF,f51_plant_maint,86822857,70184.0,1237.07
220905,Fort Worth ISD,2024-25,GF,f52_security,16666749,70184.0,237.47
220905,Fort Worth ISD,2024-25,GF,f53_data_processing,22144859,70184.0,315.53
220905,Fort Worth ISD,2024-25,GF,f61_community,4266901,70184.0,60.8
220905,Fort Worth ISD,2024-25,GF,pic11_basic,394462615,70184.0,5620.41
220905,Fort Worth ISD,2024-25,GF,pic21_gt,3068350,70184.0,43.72
220905,Fort Worth ISD,2024-25,GF,pic22_cte,23951584,70184.0,341.27
220905,Fort Worth ISD,2024-25,GF,pic23_swd,109608617,70184.0,1561.73
220905,Fort Worth ISD,2024-25,GF,pic24_comp_ed,57202599,70184.0,815.04
220905,Fort Worth ISD,2024-25,GF,pic25_bilingual,11527841,70184.0,164.25
220905,Fort Worth ISD,2024-25,GF,pic91_athletics,19678944,70184.0,280.39
220905,Fort Worth ISD,2024-25,GF,pic99_unallocated,172643353,70184.0,2459.87
220905,Fort Worth ISD,2024-25,GF,disb_recapture,5227921,70184.0,74.49
220905,Fort Worth ISD,2024-25,GF,disb_total,854392781,70184.0,12173.61
015915,Northside ISD,2024-25,GF,rev_local_mo,501859219,99729.0,5032.23
015915,Northside ISD,2024-25,GF,rev_state_oper,409017011,99729.0,4101.28
015915,Northside ISD,2024-25,GF,rev_federal,11798178,99729.0,118.3
015915,Northside ISD,2024-25,GF,rev_other_local,45701950,99729.0,458.26
015915,Northside ISD,2024-25,GF,rev_total_oper,968376358,99729.0,9710.08
015915,Northside ISD,2024-25,GF,rev_local_is,0,99729.0,0.0
015915,Northside ISD,2024-25,GF,rev_state_debt,0,99729.0,0.0
015915,Northside ISD,2024-25,GF,rev_total_other,1102900,99729.0,11.06
015915,Northside ISD,2024-25,GF,recapture_rev,0,99729.0,0.0
015915,Northside ISD,2024-25,GF,rev_trs_onbehalf,60763241,99729.0,609.28
015915,Northside ISD,2024-25,GF,rev_debt_fin,0,99729.0,0.0
015915,Northside ISD,2024-25,GF,exp_payroll_61,952257723,99729.0,9548.45
015915,Northside ISD,2024-25,GF,exp_contracted_62,57813335,99729.0,579.7
015915,Northside ISD,2024-25,GF,exp_supplies_63,41130666,99729.0,412.42
015915,Northside ISD,2024-25,GF,exp_otherop_64,16310919,99729.0,163.55
015915,Northside ISD,2024-25,GF,exp_total_oper,1067512643,99729.0,10704.13
015915,Northside ISD,2024-25,GF,exp_debt_65,1294037,99729.0,12.98
015915,Northside ISD,2024-25,GF,exp_capital_66,6639983,99729.0,66.58
015915,Northside ISD,2024-25,GF,exp_grand_total,1075657733,99729.0,10785.81
015915,Northside ISD,2024-25,GF,f11_instruction,653586585,99729.0,6553.63
015915,Northside ISD,2024-25,GF,f12_instr_resources,13327828,99729.0,133.64
015915,Northside ISD,2024-25,GF,f13_curriculum_staffdev,18807943,99729.0,188.59
015915,Northside ISD,2024-25,GF,f21_instr_leadership,19807649,99729.0,198.61
015915,Northside ISD,2024-25,GF,f23_school_leadership,63418640,99729.0,635.91
015915,Northside ISD,2024-25,GF,f31_guidance,45685922,99729.0,458.1
015915,Northside ISD,2024-25,GF,f32_social_work,3659655,99729.0,36.7
015915,Northside ISD,2024-25,GF,f33_health,12220602,99729.0,122.54
015915,Northside ISD,2024-25,GF,f34_transportation,35090672,99729.0,351.86
015915,Northside ISD,2024-25,GF,f35_food,579277,99729.0,5.81
015915,Northside ISD,2024-25,GF,f36_extracurricular,25861847,99729.0,259.32
015915,Northside ISD,2024-25,GF,f41_general_admin,17946508,99729.0,179.95
015915,Northside ISD,2024-25,GF,f51_plant_maint,113377859,99729.0,1136.86
015915,Northside ISD,2024-25,GF,f52_security,11455394,99729.0,114.87
015915,Northside ISD,2024-25,GF,f53_data_processing,21091910,99729.0,211.49
015915,Northside ISD,2024-25,GF,f61_community,11594352,99729.0,116.26
015915,Northside ISD,2024-25,GF,pic11_basic,528673845,99729.0,5301.1
015915,Northside ISD,2024-25,GF,pic21_gt,12716252,99729.0,127.51
015915,Northside ISD,2024-25,GF,pic22_cte,33288091,99729.0,333.79
015915,Northside ISD,2024-25,GF,pic23_swd,183058138,99729.0,1835.56
015915,Northside ISD,2024-25,GF,pic24_comp_ed,50580597,99729.0,507.18
015915,Northside ISD,2024-25,GF,pic25_bilingual,3600297,99729.0,36.1
015915,Northside ISD,2024-25,GF,pic91_athletics,18462518,99729.0,185.13
015915,Northside ISD,2024-25,GF,pic99_unallocated,210778326,99729.0,2113.51
015915,Northside ISD,2024-25,GF,disb_recapture,0,99729.0,0.0
015915,Northside ISD,2024-25,GF,disb_total,1080061110,99729.0,10829.96
101907,Cypress-Fairbanks ISD,2024-25,GF,rev_local_mo,475772282,117658.0,4043.69
101907,Cypress-Fairbanks ISD,2024-25,GF,rev_state_oper,537813353,117658.0,4570.99
101907,Cypress-Fairbanks ISD,2024-25,GF,rev_federal,9849901,117658.0,83.72
101907,Cypress-Fairbanks ISD,2024-25,GF,rev_other_local,52207028,117658.0,443.72
101907,Cypress-Fairbanks ISD,2024-25,GF,rev_total_oper,1075642564,117658.0,9142.11
101907,Cypress-Fairbanks ISD,2024-25,GF,rev_local_is,0,117658.0,0.0
101907,Cypress-Fairbanks ISD,2024-25,GF,rev_state_debt,0,117658.0,0.0
101907,Cypress-Fairbanks ISD,2024-25,GF,rev_total_other,16516559,117658.0,140.38
101907,Cypress-Fairbanks ISD,2024-25,GF,recapture_rev,0,117658.0,0.0
101907,Cypress-Fairbanks ISD,2024-25,GF,rev_trs_onbehalf,70530863,117658.0,599.46
101907,Cypress-Fairbanks ISD,2024-25,GF,rev_debt_fin,0,117658.0,0.0
101907,Cypress-Fairbanks ISD,2024-25,GF,exp_payroll_61,1022466056,117658.0,8690.15
101907,Cypress-Fairbanks ISD,2024-25,GF,exp_contracted_62,58554627,117658.0,497.67
101907,Cypress-Fairbanks ISD,2024-25,GF,exp_supplies_63,34800942,117658.0,295.78
101907,Cypress-Fairbanks ISD,2024-25,GF,exp_otherop_64,18218348,117658.0,154.84
101907,Cypress-Fairbanks ISD,2024-25,GF,exp_total_oper,1134039973,117658.0,9638.44
101907,Cypress-Fairbanks ISD,2024-25,GF,exp_debt_65,8078115,117658.0,68.66
101907,Cypress-Fairbanks ISD,2024-25,GF,exp_capital_66,23813928,117658.0,202.4
101907,Cypress-Fairbanks ISD,2024-25,GF,exp_grand_total,1166120952,117658.0,9911.11
101907,Cypress-Fairbanks ISD,2024-25,GF,f11_instruction,750635217,117658.0,6379.81
101907,Cypress-Fairbanks ISD,2024-25,GF,f12_instr_resources,4197827,117658.0,35.68
101907,Cypress-Fairbanks ISD,2024-25,GF,f13_curriculum_staffdev,9198548,117658.0,78.18
101907,Cypress-Fairbanks ISD,2024-25,GF,f21_instr_leadership,8871071,117658.0,75.4
101907,Cypress-Fairbanks ISD,2024-25,GF,f23_school_leadership,66081685,117658.0,561.64
101907,Cypress-Fairbanks ISD,2024-25,GF,f31_guidance,51357357,117658.0,436.5
101907,Cypress-Fairbanks ISD,2024-25,GF,f32_social_work,734161,117658.0,6.24
101907,Cypress-Fairbanks ISD,2024-25,GF,f33_health,12935206,117658.0,109.94
101907,Cypress-Fairbanks ISD,2024-25,GF,f34_transportation,46757848,117658.0,397.4
101907,Cypress-Fairbanks ISD,2024-25,GF,f35_food,0,117658.0,0.0
101907,Cypress-Fairbanks ISD,2024-25,GF,f36_extracurricular,24318040,117658.0,206.68
101907,Cypress-Fairbanks ISD,2024-25,GF,f41_general_admin,18252594,117658.0,155.13
101907,Cypress-Fairbanks ISD,2024-25,GF,f51_plant_maint,89679884,117658.0,762.21
101907,Cypress-Fairbanks ISD,2024-25,GF,f52_security,17418955,117658.0,148.05
101907,Cypress-Fairbanks ISD,2024-25,GF,f53_data_processing,23985772,117658.0,203.86
101907,Cypress-Fairbanks ISD,2024-25,GF,f61_community,9615808,117658.0,81.73
101907,Cypress-Fairbanks ISD,2024-25,GF,pic11_basic,536190417,117658.0,4557.19
101907,Cypress-Fairbanks ISD,2024-25,GF,pic21_gt,6822858,117658.0,57.99
101907,Cypress-Fairbanks ISD,2024-25,GF,pic22_cte,40377942,117658.0,343.18
101907,Cypress-Fairbanks ISD,2024-25,GF,pic23_swd,174736763,117658.0,1485.12
101907,Cypress-Fairbanks ISD,2024-25,GF,pic24_comp_ed,64791277,117658.0,550.67
101907,Cypress-Fairbanks ISD,2024-25,GF,pic25_bilingual,7696294,117658.0,65.41
101907,Cypress-Fairbanks ISD,2024-25,GF,pic91_athletics,16095044,117658.0,136.8
101907,Cypress-Fairbanks ISD,2024-25,GF,pic99_unallocated,256381336,117658.0,2179.04
101907,Cypress-Fairbanks ISD,2024-25,GF,disb_recapture,0,117658.0,0.0
101907,Cypress-Fairbanks ISD,2024-25,GF,disb_total,1173792039,117658.0,9976.3
101914,Katy ISD,2024-25,GF,rev_local_mo,417223558,95919.0,4349.75
101914,Katy ISD,2024-25,GF,rev_state_oper,565722763,95919.0,5897.92
101914,Katy ISD,2024-25,GF,rev_federal,7373568,95919.0,76.87
101914,Katy ISD,2024-25,GF,rev_other_local,36198294,95919.0,377.38
101914,Katy ISD,2024-25,GF,rev_total_oper,1026518183,95919.0,10701.93
101914,Katy ISD,2024-25,GF,rev_local_is,0,95919.0,0.0
101914,Katy ISD,2024-25,GF,rev_state_debt,0,95919.0,0.0
101914,Katy ISD,2024-25,GF,rev_total_other,1862755,95919.0,19.42
101914,Katy ISD,2024-25,GF,recapture_rev,0,95919.0,0.0
101914,Katy ISD,2024-25,GF,rev_trs_onbehalf,61950687,95919.0,645.86
101914,Katy ISD,2024-25,GF,rev_debt_fin,0,95919.0,0.0
101914,Katy ISD,2024-25,GF,exp_payroll_61,963838520,95919.0,10048.46
101914,Katy ISD,2024-25,GF,exp_contracted_62,45302601,95919.0,472.3
101914,Katy ISD,2024-25,GF,exp_supplies_63,39480334,95919.0,411.6
101914,Katy ISD,2024-25,GF,exp_otherop_64,17632099,95919.0,183.82
101914,Katy ISD,2024-25,GF,exp_total_oper,1066253554,95919.0,11116.19
101914,Katy ISD,2024-25,GF,exp_debt_65,2378684,95919.0,24.8
101914,Katy ISD,2024-25,GF,exp_capital_66,3425275,95919.0,35.71
101914,Katy ISD,2024-25,GF,exp_grand_total,1072965771,95919.0,11186.17
101914,Katy ISD,2024-25,GF,f11_instruction,706958017,95919.0,7370.36
101914,Katy ISD,2024-25,GF,f12_instr_resources,10669455,95919.0,111.23
101914,Katy ISD,2024-25,GF,f13_curriculum_staffdev,15550486,95919.0,162.12
101914,Katy ISD,2024-25,GF,f21_instr_leadership,9247891,95919.0,96.41
101914,Katy ISD,2024-25,GF,f23_school_leadership,60787788,95919.0,633.74
101914,Katy ISD,2024-25,GF,f31_guidance,57143549,95919.0,595.75
101914,Katy ISD,2024-25,GF,f32_social_work,1232257,95919.0,12.85
101914,Katy ISD,2024-25,GF,f33_health,11754386,95919.0,122.54
101914,Katy ISD,2024-25,GF,f34_transportation,28862238,95919.0,300.9
101914,Katy ISD,2024-25,GF,f35_food,0,95919.0,0.0
101914,Katy ISD,2024-25,GF,f36_extracurricular,22628629,95919.0,235.91
101914,Katy ISD,2024-25,GF,f41_general_admin,20372937,95919.0,212.4
101914,Katy ISD,2024-25,GF,f51_plant_maint,86910586,95919.0,906.08
101914,Katy ISD,2024-25,GF,f52_security,14046871,95919.0,146.45
101914,Katy ISD,2024-25,GF,f53_data_processing,19445385,95919.0,202.73
101914,Katy ISD,2024-25,GF,f61_community,643079,95919.0,6.7
101914,Katy ISD,2024-25,GF,pic11_basic,543051583,95919.0,5661.56
101914,Katy ISD,2024-25,GF,pic21_gt,5888602,95919.0,61.39
101914,Katy ISD,2024-25,GF,pic22_cte,36612698,95919.0,381.7
101914,Katy ISD,2024-25,GF,pic23_swd,179192286,95919.0,1868.16
101914,Katy ISD,2024-25,GF,pic24_comp_ed,53064104,95919.0,553.22
101914,Katy ISD,2024-25,GF,pic25_bilingual,15124083,95919.0,157.68
101914,Katy ISD,2024-25,GF,pic91_athletics,13814847,95919.0,144.03
101914,Katy ISD,2024-25,GF,pic99_unallocated,177564592,95919.0,1851.19
101914,Katy ISD,2024-25,GF,disb_recapture,0,95919.0,0.0
101914,Katy ISD,2024-25,GF,disb_total,1079596341,95919.0,11255.29
079907,Fort Bend ISD,2024-25,GF,rev_local_mo,403796123,79513.0,5078.37
079907,Fort Bend ISD,2024-25,GF,rev_state_oper,358531566,79513.0,4509.09
079907,Fort Bend ISD,2024-25,GF,rev_federal,11660858,79513.0,146.65
079907,Fort Bend ISD,2024-25,GF,rev_other_local,15149258,79513.0,190.53
079907,Fort Bend ISD,2024-25,GF,rev_total_oper,789137805,79513.0,9924.64
079907,Fort Bend ISD,2024-25,GF,rev_local_is,0,79513.0,0.0
079907,Fort Bend ISD,2024-25,GF,rev_state_debt,0,79513.0,0.0
079907,Fort Bend ISD,2024-25,GF,rev_total_other,2500000,79513.0,31.44
079907,Fort Bend ISD,2024-25,GF,recapture_rev,0,79513.0,0.0
079907,Fort Bend ISD,2024-25,GF,rev_trs_onbehalf,45393343,79513.0,570.89
079907,Fort Bend ISD,2024-25,GF,rev_debt_fin,0,79513.0,0.0
079907,Fort Bend ISD,2024-25,GF,exp_payroll_61,727555165,79513.0,9150.14
079907,Fort Bend ISD,2024-25,GF,exp_contracted_62,57191977,79513.0,719.28
079907,Fort Bend ISD,2024-25,GF,exp_supplies_63,27930930,79513.0,351.28
079907,Fort Bend ISD,2024-25,GF,exp_otherop_64,13465057,79513.0,169.34
079907,Fort Bend ISD,2024-25,GF,exp_total_oper,826143129,79513.0,10390.04
079907,Fort Bend ISD,2024-25,GF,exp_debt_65,2729922,79513.0,34.33
079907,Fort Bend ISD,2024-25,GF,exp_capital_66,1302079,79513.0,16.38
079907,Fort Bend ISD,2024-25,GF,exp_grand_total,830175130,79513.0,10440.75
079907,Fort Bend ISD,2024-25,GF,f11_instruction,490065091,79513.0,6163.33
079907,Fort Bend ISD,2024-25,GF,f12_instr_resources,8088021,79513.0,101.72
079907,Fort Bend ISD,2024-25,GF,f13_curriculum_staffdev,16483014,79513.0,207.3
079907,Fort Bend ISD,2024-25,GF,f21_instr_leadership,18860286,79513.0,237.2
079907,Fort Bend ISD,2024-25,GF,f23_school_leadership,51107289,79513.0,642.75
079907,Fort Bend ISD,2024-25,GF,f31_guidance,43057686,79513.0,541.52
079907,Fort Bend ISD,2024-25,GF,f32_social_work,2737908,79513.0,34.43
079907,Fort Bend ISD,2024-25,GF,f33_health,9894206,79513.0,124.44
079907,Fort Bend ISD,2024-25,GF,f34_transportation,25255695,79513.0,317.63
079907,Fort Bend ISD,2024-25,GF,f35_food,42390,79513.0,0.53
079907,Fort Bend ISD,2024-25,GF,f36_extracurricular,18596337,79513.0,233.88
079907,Fort Bend ISD,2024-25,GF,f41_general_admin,20867924,79513.0,262.45
079907,Fort Bend ISD,2024-25,GF,f51_plant_maint,87234416,79513.0,1097.11
079907,Fort Bend ISD,2024-25,GF,f52_security,14814524,79513.0,186.32
079907,Fort Bend ISD,2024-25,GF,f53_data_processing,18092557,79513.0,227.54
079907,Fort Bend ISD,2024-25,GF,f61_community,945785,79513.0,11.89
079907,Fort Bend ISD,2024-25,GF,pic11_basic,381309130,79513.0,4795.56
079907,Fort Bend ISD,2024-25,GF,pic21_gt,2856916,79513.0,35.93
079907,Fort Bend ISD,2024-25,GF,pic22_cte,23184141,79513.0,291.58
079907,Fort Bend ISD,2024-25,GF,pic23_swd,156838307,79513.0,1972.49
079907,Fort Bend ISD,2024-25,GF,pic24_comp_ed,32958933,79513.0,414.51
079907,Fort Bend ISD,2024-25,GF,pic25_bilingual,14081866,79513.0,177.1
079907,Fort Bend ISD,2024-25,GF,pic91_athletics,12456769,79513.0,156.66
079907,Fort Bend ISD,2024-25,GF,pic99_unallocated,169652570,79513.0,2133.65
079907,Fort Bend ISD,2024-25,GF,disb_recapture,0,79513.0,0.0
079907,Fort Bend ISD,2024-25,GF,disb_total,837322840,79513.0,10530.64
STATE,State total (all districts+charters),2024-25,GF,rev_local_mo,26392033162,5528915.0,4773.46
STATE,State total (all districts+charters),2024-25,GF,rev_state_oper,29792343896,5528915.0,5388.46
STATE,State total (all districts+charters),2024-25,GF,rev_federal,1132229348,5528915.0,204.78
STATE,State total (all districts+charters),2024-25,GF,rev_other_local,2762408795,5528915.0,499.63
STATE,State total (all districts+charters),2024-25,GF,rev_total_oper,60079015201,5528915.0,10866.33
STATE,State total (all districts+charters),2024-25,GF,rev_local_is,0,5528915.0,0.0
STATE,State total (all districts+charters),2024-25,GF,rev_state_debt,0,5528915.0,0.0
STATE,State total (all districts+charters),2024-25,GF,rev_total_other,1058344128,5528915.0,191.42
STATE,State total (all districts+charters),2024-25,GF,recapture_rev,2949025275,5528915.0,533.38
STATE,State total (all districts+charters),2024-25,GF,rev_trs_onbehalf,3223639365,5528915.0,583.05
STATE,State total (all districts+charters),2024-25,GF,rev_debt_fin,0,5528915.0,0.0
STATE,State total (all districts+charters),2024-25,GF,exp_payroll_61,51182794538,5528915.0,9257.29
STATE,State total (all districts+charters),2024-25,GF,exp_contracted_62,5933843710,5528915.0,1073.24
STATE,State total (all districts+charters),2024-25,GF,exp_supplies_63,2855744153,5528915.0,516.51
STATE,State total (all districts+charters),2024-25,GF,exp_otherop_64,2102064843,5528915.0,380.19
STATE,State total (all districts+charters),2024-25,GF,exp_total_oper,62074447244,5528915.0,11227.24
STATE,State total (all districts+charters),2024-25,GF,exp_debt_65,710651707,5528915.0,128.53
STATE,State total (all districts+charters),2024-25,GF,exp_capital_66,1091687705,5528915.0,197.45
STATE,State total (all districts+charters),2024-25,GF,exp_grand_total,63908564612,5528915.0,11558.97
STATE,State total (all districts+charters),2024-25,GF,f11_instruction,35640817949,5528915.0,6446.26
STATE,State total (all districts+charters),2024-25,GF,f12_instr_resources,589216401,5528915.0,106.57
STATE,State total (all districts+charters),2024-25,GF,f13_curriculum_staffdev,1006942844,5528915.0,182.12
STATE,State total (all districts+charters),2024-25,GF,f21_instr_leadership,1030757736,5528915.0,186.43
STATE,State total (all districts+charters),2024-25,GF,f23_school_leadership,4032685924,5528915.0,729.38
STATE,State total (all districts+charters),2024-25,GF,f31_guidance,2389550926,5528915.0,432.19
STATE,State total (all districts+charters),2024-25,GF,f32_social_work,152004320,5528915.0,27.49
STATE,State total (all districts+charters),2024-25,GF,f33_health,701664664,5528915.0,126.91
STATE,State total (all districts+charters),2024-25,GF,f34_transportation,2158613144,5528915.0,390.42
STATE,State total (all districts+charters),2024-25,GF,f35_food,486031686,5528915.0,87.91
STATE,State total (all districts+charters),2024-25,GF,f36_extracurricular,1884512713,5528915.0,340.85
STATE,State total (all districts+charters),2024-25,GF,f41_general_admin,2283692562,5528915.0,413.05
STATE,State total (all districts+charters),2024-25,GF,f51_plant_maint,7172388463,5528915.0,1297.25
STATE,State total (all districts+charters),2024-25,GF,f52_security,1033712583,5528915.0,186.96
STATE,State total (all districts+charters),2024-25,GF,f53_data_processing,1296315818,5528915.0,234.46
STATE,State total (all districts+charters),2024-25,GF,f61_community,194292841,5528915.0,35.14
STATE,State total (all districts+charters),2024-25,GF,pic11_basic,27996646964,5528915.0,5063.68
STATE,State total (all districts+charters),2024-25,GF,pic21_gt,380099455,5528915.0,68.75
STATE,State total (all districts+charters),2024-25,GF,pic22_cte,2489151250,5528915.0,450.21
STATE,State total (all districts+charters),2024-25,GF,pic23_swd,8663720818,5528915.0,1566.98
STATE,State total (all districts+charters),2024-25,GF,pic24_comp_ed,3573886941,5528915.0,646.4
STATE,State total (all districts+charters),2024-25,GF,pic25_bilingual,673484755,5528915.0,121.81
STATE,State total (all districts+charters),2024-25,GF,pic91_athletics,1396570281,5528915.0,252.59
STATE,State total (all districts+charters),2024-25,GF,pic99_unallocated,14692297974,5528915.0,2657.36
STATE,State total (all districts+charters),2024-25,GF,disb_recapture,2949025275,5528915.0,533.38
STATE,State total (all districts+charters),2024-25,GF,disb_total,68354440385,5528915.0,12363.08
STATE_ISD,State total (ISDs only),2024-25,GF,rev_local_mo,26376396083,5092916.0,5179.04
STATE_ISD,State total (ISDs only),2024-25,GF,rev_state_oper,25129047912,5092916.0,4934.12
STATE_ISD,State total (ISDs only),2024-25,GF,rev_federal,1117024081,5092916.0,219.33
STATE_ISD,State total (ISDs only),2024-25,GF,rev_other_local,2510287044,5092916.0,492.9
STATE_ISD,State total (ISDs only),2024-25,GF,rev_total_oper,55132755120,5092916.0,10825.38
STATE_ISD,State total (ISDs only),2024-25,GF,rev_local_is,0,5092916.0,0.0
STATE_ISD,State total (ISDs only),2024-25,GF,rev_state_debt,0,5092916.0,0.0
STATE_ISD,State total (ISDs only),2024-25,GF,rev_total_other,1021585575,5092916.0,200.59
STATE_ISD,State total (ISDs only),2024-25,GF,recapture_rev,2935264818,5092916.0,576.34
STATE_ISD,State total (ISDs only),2024-25,GF,rev_trs_onbehalf,3066315398,5092916.0,602.07
STATE_ISD,State total (ISDs only),2024-25,GF,rev_debt_fin,0,5092916.0,0.0
STATE_ISD,State total (ISDs only),2024-25,GF,exp_payroll_61,47921148362,5092916.0,9409.37
STATE_ISD,State total (ISDs only),2024-25,GF,exp_contracted_62,5101723052,5092916.0,1001.73
STATE_ISD,State total (ISDs only),2024-25,GF,exp_supplies_63,2577749754,5092916.0,506.14
STATE_ISD,State total (ISDs only),2024-25,GF,exp_otherop_64,1648439684,5092916.0,323.67
STATE_ISD,State total (ISDs only),2024-25,GF,exp_total_oper,57249060852,5092916.0,11240.92
STATE_ISD,State total (ISDs only),2024-25,GF,exp_debt_65,389970492,5092916.0,76.57
STATE_ISD,State total (ISDs only),2024-25,GF,exp_capital_66,1091380720,5092916.0,214.29
STATE_ISD,State total (ISDs only),2024-25,GF,exp_grand_total,58762190020,5092916.0,11538.02
STATE_ISD,State total (ISDs only),2024-25,GF,f11_instruction,33184679732,5092916.0,6515.85
STATE_ISD,State total (ISDs only),2024-25,GF,f12_instr_resources,580258547,5092916.0,113.93
STATE_ISD,State total (ISDs only),2024-25,GF,f13_curriculum_staffdev,885449022,5092916.0,173.86
STATE_ISD,State total (ISDs only),2024-25,GF,f21_instr_leadership,946132118,5092916.0,185.77
STATE_ISD,State total (ISDs only),2024-25,GF,f23_school_leadership,3573399707,5092916.0,701.64
STATE_ISD,State total (ISDs only),2024-25,GF,f31_guidance,2242569274,5092916.0,440.33
STATE_ISD,State total (ISDs only),2024-25,GF,f32_social_work,144452176,5092916.0,28.36
STATE_ISD,State total (ISDs only),2024-25,GF,f33_health,667616719,5092916.0,131.09
STATE_ISD,State total (ISDs only),2024-25,GF,f34_transportation,2048853933,5092916.0,402.29
STATE_ISD,State total (ISDs only),2024-25,GF,f35_food,472217882,5092916.0,92.72
STATE_ISD,State total (ISDs only),2024-25,GF,f36_extracurricular,1824507127,5092916.0,358.24
STATE_ISD,State total (ISDs only),2024-25,GF,f41_general_admin,1975952405,5092916.0,387.98
STATE_ISD,State total (ISDs only),2024-25,GF,f51_plant_maint,6403843677,5092916.0,1257.4
STATE_ISD,State total (ISDs only),2024-25,GF,f52_security,965719587,5092916.0,189.62
STATE_ISD,State total (ISDs only),2024-25,GF,f53_data_processing,1160940262,5092916.0,227.95
STATE_ISD,State total (ISDs only),2024-25,GF,f61_community,172468684,5092916.0,33.86
STATE_ISD,State total (ISDs only),2024-25,GF,pic11_basic,25734693329,5092916.0,5053.04
STATE_ISD,State total (ISDs only),2024-25,GF,pic21_gt,375425018,5092916.0,73.72
STATE_ISD,State total (ISDs only),2024-25,GF,pic22_cte,2359269941,5092916.0,463.25
STATE_ISD,State total (ISDs only),2024-25,GF,pic23_swd,8242215506,5092916.0,1618.37
STATE_ISD,State total (ISDs only),2024-25,GF,pic24_comp_ed,3292641394,5092916.0,646.51
STATE_ISD,State total (ISDs only),2024-25,GF,pic25_bilingual,614307058,5092916.0,120.62
STATE_ISD,State total (ISDs only),2024-25,GF,pic91_athletics,1352226086,5092916.0,265.51
STATE_ISD,State total (ISDs only),2024-25,GF,pic99_unallocated,13269153709,5092916.0,2605.41
STATE_ISD,State total (ISDs only),2024-25,GF,disb_recapture,2935264818,5092916.0,576.34
STATE_ISD,State total (ISDs only),2024-25,GF,disb_total,63192970164,5092916.0,12408.01
101912,Houston ISD,2024-25,AF,rev_local_mo,1466211104,176039.0,8328.9
101912,Houston ISD,2024-25,AF,rev_state_oper,214908431,176039.0,1220.8
101912,Houston ISD,2024-25,AF,rev_federal,400497957,176039.0,2275.05
101912,Houston ISD,2024-25,AF,rev_other_local,148159388,176039.0,841.63
101912,Houston ISD,2024-25,AF,rev_total_oper,2229776880,176039.0,12666.38
101912,Houston ISD,2024-25,AF,rev_local_is,361751795,176039.0,2054.95
101912,Houston ISD,2024-25,AF,rev_state_debt,16441842,176039.0,93.4
101912,Houston ISD,2024-25,AF,rev_total_other,423240522,176039.0,2404.24
101912,Houston ISD,2024-25,AF,recapture_rev,56900029,176039.0,323.22
101912,Houston ISD,2024-25,AF,rev_trs_onbehalf,113672854,176039.0,645.73
101912,Houston ISD,2024-25,AF,rev_debt_fin,482636155,176039.0,2741.64
101912,Houston ISD,2024-25,AF,exp_payroll_61,1959394327,176039.0,11130.46
101912,Houston ISD,2024-25,AF,exp_contracted_62,333197748,176039.0,1892.75
101912,Houston ISD,2024-25,AF,exp_supplies_63,149569305,176039.0,849.64
101912,Houston ISD,2024-25,AF,exp_otherop_64,48346688,176039.0,274.64
101912,Houston ISD,2024-25,AF,exp_total_oper,2490508068,176039.0,14147.48
101912,Houston ISD,2024-25,AF,exp_debt_65,399014170,176039.0,2266.62
101912,Houston ISD,2024-25,AF,exp_capital_66,105094425,176039.0,597.0
101912,Houston ISD,2024-25,AF,exp_grand_total,2997323162,176039.0,17026.47
101912,Houston ISD,2024-25,AF,f11_instruction,1407573880,176039.0,7995.81
101912,Houston ISD,2024-25,AF,f12_instr_resources,7147380,176039.0,40.6
101912,Houston ISD,2024-25,AF,f13_curriculum_staffdev,38812635,176039.0,220.48
101912,Houston ISD,2024-25,AF,f21_instr_leadership,83518377,176039.0,474.43
101912,Houston ISD,2024-25,AF,f23_school_leadership,241050606,176039.0,1369.3
101912,Houston ISD,2024-25,AF,f31_guidance,82075548,176039.0,466.24
101912,Houston ISD,2024-25,AF,f32_social_work,8631820,176039.0,49.03
101912,Houston ISD,2024-25,AF,f33_health,28292352,176039.0,160.72
101912,Houston ISD,2024-25,AF,f34_transportation,53707689,176039.0,305.09
101912,Houston ISD,2024-25,AF,f35_food,140934293,176039.0,800.59
101912,Houston ISD,2024-25,AF,f36_extracurricular,38038880,176039.0,216.08
101912,Houston ISD,2024-25,AF,f41_general_admin,59161231,176039.0,336.07
101912,Houston ISD,2024-25,AF,f51_plant_maint,210095462,176039.0,1193.46
101912,Houston ISD,2024-25,AF,f52_security,33569297,176039.0,190.69
101912,Houston ISD,2024-25,AF,f53_data_processing,46190711,176039.0,262.39
101912,Houston ISD,2024-25,AF,f61_community,11707907,176039.0,66.51
101912,Houston ISD,2024-25,AF,pic11_basic,1105650919,176039.0,6280.72
101912,Houston ISD,2024-25,AF,pic21_gt,8872471,176039.0,50.4
101912,Houston ISD,2024-25,AF,pic22_cte,62080341,176039.0,352.65
101912,Houston ISD,2024-25,AF,pic23_swd,361557851,176039.0,2053.85
101912,Houston ISD,2024-25,AF,pic24_comp_ed,229586537,176039.0,1304.18
101912,Houston ISD,2024-25,AF,pic25_bilingual,38116900,176039.0,216.53
101912,Houston ISD,2024-25,AF,pic91_athletics,21383319,176039.0,121.47
101912,Houston ISD,2024-25,AF,pic99_unallocated,578389915,176039.0,3285.58
101912,Houston ISD,2024-25,AF,disb_recapture,56900029,176039.0,323.22
101912,Houston ISD,2024-25,AF,disb_total,3149327100,176039.0,17889.94
057905,Dallas ISD,2024-25,AF,rev_local_mo,1323105160,139776.0,9465.9
057905,Dallas ISD,2024-25,AF,rev_state_oper,208159419,139776.0,1489.24
057905,Dallas ISD,2024-25,AF,rev_federal,284975898,139776.0,2038.8
057905,Dallas ISD,2024-25,AF,rev_other_local,74861250,139776.0,535.58
057905,Dallas ISD,2024-25,AF,rev_total_oper,1891101727,139776.0,13529.52
057905,Dallas ISD,2024-25,AF,rev_local_is,440029108,139776.0,3148.1
057905,Dallas ISD,2024-25,AF,rev_state_debt,19271027,139776.0,137.87
057905,Dallas ISD,2024-25,AF,rev_total_other,482059158,139776.0,3448.8
057905,Dallas ISD,2024-25,AF,recapture_rev,52538602,139776.0,375.88
057905,Dallas ISD,2024-25,AF,rev_trs_onbehalf,88553717,139776.0,633.54
057905,Dallas ISD,2024-25,AF,rev_debt_fin,366045708,139776.0,2618.8
057905,Dallas ISD,2024-25,AF,exp_payroll_61,1607821750,139776.0,11502.85
057905,Dallas ISD,2024-25,AF,exp_contracted_62,149162947,139776.0,1067.16
057905,Dallas ISD,2024-25,AF,exp_supplies_63,191766762,139776.0,1371.96
057905,Dallas ISD,2024-25,AF,exp_otherop_64,37417336,139776.0,267.69
057905,Dallas ISD,2024-25,AF,exp_total_oper,1986168795,139776.0,14209.66
057905,Dallas ISD,2024-25,AF,exp_debt_65,500174938,139776.0,3578.4
057905,Dallas ISD,2024-25,AF,exp_capital_66,766316261,139776.0,5482.46
057905,Dallas ISD,2024-25,AF,exp_grand_total,3252659994,139776.0,23270.52
057905,Dallas ISD,2024-25,AF,f11_instruction,1007186822,139776.0,7205.72
057905,Dallas ISD,2024-25,AF,f12_instr_resources,21502733,139776.0,153.84
057905,Dallas ISD,2024-25,AF,f13_curriculum_staffdev,63918034,139776.0,457.29
057905,Dallas ISD,2024-25,AF,f21_instr_leadership,52300602,139776.0,374.17
057905,Dallas ISD,2024-25,AF,f23_school_leadership,118815025,139776.0,850.04
057905,Dallas ISD,2024-25,AF,f31_guidance,101175816,139776.0,723.84
057905,Dallas ISD,2024-25,AF,f32_social_work,5647712,139776.0,40.41
057905,Dallas ISD,2024-25,AF,f33_health,24562274,139776.0,175.73
057905,Dallas ISD,2024-25,AF,f34_transportation,71975189,139776.0,514.93
057905,Dallas ISD,2024-25,AF,f35_food,109777955,139776.0,785.38
057905,Dallas ISD,2024-25,AF,f36_extracurricular,49377351,139776.0,353.26
057905,Dallas ISD,2024-25,AF,f41_general_admin,61347999,139776.0,438.9
057905,Dallas ISD,2024-25,AF,f51_plant_maint,190226926,139776.0,1360.94
057905,Dallas ISD,2024-25,AF,f52_security,52875657,139776.0,378.29
057905,Dallas ISD,2024-25,AF,f53_data_processing,37354829,139776.0,267.25
057905,Dallas ISD,2024-25,AF,f61_community,18123871,139776.0,129.66
057905,Dallas ISD,2024-25,AF,pic11_basic,785412438,139776.0,5619.08
057905,Dallas ISD,2024-25,AF,pic21_gt,12416846,139776.0,88.83
057905,Dallas ISD,2024-25,AF,pic22_cte,51582966,139776.0,369.04
057905,Dallas ISD,2024-25,AF,pic23_swd,244391079,139776.0,1748.45
057905,Dallas ISD,2024-25,AF,pic24_comp_ed,245496781,139776.0,1756.36
057905,Dallas ISD,2024-25,AF,pic25_bilingual,35956401,139776.0,257.24
057905,Dallas ISD,2024-25,AF,pic91_athletics,29340518,139776.0,209.91
057905,Dallas ISD,2024-25,AF,pic99_unallocated,510912543,139776.0,3655.22
057905,Dallas ISD,2024-25,AF,disb_recapture,52538602,139776.0,375.88
057905,Dallas ISD,2024-25,AF,disb_total,3319208715,139776.0,23746.63
227901,Austin ISD,2024-25,AF,rev_local_mo,739231026,72175.0,10242.2
227901,Austin ISD,2024-25,AF,rev_state_oper,46899247,72175.0,649.8
227901,Austin ISD,2024-25,AF,rev_federal,112224300,72175.0,1554.89
227901,Austin ISD,2024-25,AF,rev_other_local,62136661,72175.0,860.92
227901,Austin ISD,2024-25,AF,rev_total_oper,960491234,72175.0,13307.81
227901,Austin ISD,2024-25,AF,rev_local_is,224712717,72175.0,3113.44
227901,Austin ISD,2024-25,AF,rev_state_debt,10834531,72175.0,150.11
227901,Austin ISD,2024-25,AF,rev_total_other,310348094,72175.0,4299.94
227901,Austin ISD,2024-25,AF,recapture_rev,771603135,72175.0,10690.73
227901,Austin ISD,2024-25,AF,rev_trs_onbehalf,51876950,72175.0,718.77
227901,Austin ISD,2024-25,AF,rev_debt_fin,0,72175.0,0.0
227901,Austin ISD,2024-25,AF,exp_payroll_61,898044516,72175.0,12442.6
227901,Austin ISD,2024-25,AF,exp_contracted_62,89730274,72175.0,1243.23
227901,Austin ISD,2024-25,AF,exp_supplies_63,57996624,72175.0,803.56
227901,Austin ISD,2024-25,AF,exp_otherop_64,15420104,72175.0,213.65
227901,Austin ISD,2024-25,AF,exp_total_oper,1061191518,72175.0,14703.03
227901,Austin ISD,2024-25,AF,exp_debt_65,471340245,72175.0,6530.52
227901,Austin ISD,2024-25,AF,exp_capital_66,404960483,72175.0,5610.81
227901,Austin ISD,2024-25,AF,exp_grand_total,1937102623,72175.0,26838.97
227901,Austin ISD,2024-25,AF,f11_instruction,579934702,72175.0,8035.12
227901,Austin ISD,2024-25,AF,f12_instr_resources,11283851,72175.0,156.34
227901,Austin ISD,2024-25,AF,f13_curriculum_staffdev,35707819,72175.0,494.74
227901,Austin ISD,2024-25,AF,f21_instr_leadership,21541066,72175.0,298.46
227901,Austin ISD,2024-25,AF,f23_school_leadership,64591613,72175.0,894.93
227901,Austin ISD,2024-25,AF,f31_guidance,50470189,72175.0,699.28
227901,Austin ISD,2024-25,AF,f32_social_work,5287234,72175.0,73.26
227901,Austin ISD,2024-25,AF,f33_health,9851038,72175.0,136.49
227901,Austin ISD,2024-25,AF,f34_transportation,37493906,72175.0,519.49
227901,Austin ISD,2024-25,AF,f35_food,46459884,72175.0,643.71
227901,Austin ISD,2024-25,AF,f36_extracurricular,18600062,72175.0,257.71
227901,Austin ISD,2024-25,AF,f41_general_admin,27237444,72175.0,377.38
227901,Austin ISD,2024-25,AF,f51_plant_maint,104552195,72175.0,1448.59
227901,Austin ISD,2024-25,AF,f52_security,18306314,72175.0,253.64
227901,Austin ISD,2024-25,AF,f53_data_processing,11725634,72175.0,162.46
227901,Austin ISD,2024-25,AF,f61_community,18148567,72175.0,251.45
227901,Austin ISD,2024-25,AF,pic11_basic,412514295,72175.0,5715.47
227901,Austin ISD,2024-25,AF,pic21_gt,1744731,72175.0,24.17
227901,Austin ISD,2024-25,AF,pic22_cte,24244684,72175.0,335.92
227901,Austin ISD,2024-25,AF,pic23_swd,257718722,72175.0,3570.75
227901,Austin ISD,2024-25,AF,pic24_comp_ed,73871647,72175.0,1023.51
227901,Austin ISD,2024-25,AF,pic25_bilingual,4084610,72175.0,56.59
227901,Austin ISD,2024-25,AF,pic91_athletics,14076828,72175.0,195.04
227901,Austin ISD,2024-25,AF,pic99_unallocated,247713146,72175.0,3432.12
227901,Austin ISD,2024-25,AF,disb_recapture,771603135,72175.0,10690.73
227901,Austin ISD,2024-25,AF,disb_total,2725565287,72175.0,37763.29
220905,Fort Worth ISD,2024-25,AF,rev_local_mo,407633372,70184.0,5808.07
220905,Fort Worth ISD,2024-25,AF,rev_state_oper,353965412,70184.0,5043.39
220905,Fort Worth ISD,2024-25,AF,rev_federal,89203687,70184.0,1271.0
220905,Fort Worth ISD,2024-25,AF,rev_other_local,32739208,70184.0,466.48
220905,Fort Worth ISD,2024-25,AF,rev_total_oper,883541679,70184.0,12588.93
220905,Fort Worth ISD,2024-25,AF,rev_local_is,144381077,70184.0,2057.18
220905,Fort Worth ISD,2024-25,AF,rev_state_debt,15556775,70184.0,221.66
220905,Fort Worth ISD,2024-25,AF,rev_total_other,208014927,70184.0,2963.85
220905,Fort Worth ISD,2024-25,AF,recapture_rev,5227921,70184.0,74.49
220905,Fort Worth ISD,2024-25,AF,rev_trs_onbehalf,42671591,70184.0,608.0
220905,Fort Worth ISD,2024-25,AF,rev_debt_fin,94409702,70184.0,1345.17
220905,Fort Worth ISD,2024-25,AF,exp_payroll_61,783549360,70184.0,11164.22
220905,Fort Worth ISD,2024-25,AF,exp_contracted_62,100516462,70184.0,1432.18
220905,Fort Worth ISD,2024-25,AF,exp_supplies_63,75001834,70184.0,1068.65
220905,Fort Worth ISD,2024-25,AF,exp_otherop_64,17084584,70184.0,243.43
220905,Fort Worth ISD,2024-25,AF,exp_total_oper,976152240,70184.0,13908.47
220905,Fort Worth ISD,2024-25,AF,exp_debt_65,170721430,70184.0,2432.48
220905,Fort Worth ISD,2024-25,AF,exp_capital_66,184130064,70184.0,2623.53
220905,Fort Worth ISD,2024-25,AF,exp_grand_total,1331057460,70184.0,18965.26
220905,Fort Worth ISD,2024-25,AF,f11_instruction,523809137,70184.0,7463.37
220905,Fort Worth ISD,2024-25,AF,f12_instr_resources,11385953,70184.0,162.23
220905,Fort Worth ISD,2024-25,AF,f13_curriculum_staffdev,39279926,70184.0,559.67
220905,Fort Worth ISD,2024-25,AF,f21_instr_leadership,17225341,70184.0,245.43
220905,Fort Worth ISD,2024-25,AF,f23_school_leadership,54802977,70184.0,780.85
220905,Fort Worth ISD,2024-25,AF,f31_guidance,48605114,70184.0,692.54
220905,Fort Worth ISD,2024-25,AF,f32_social_work,7085766,70184.0,100.96
220905,Fort Worth ISD,2024-25,AF,f33_health,12190982,70184.0,173.7
220905,Fort Worth ISD,2024-25,AF,f34_transportation,21383343,70184.0,304.68
220905,Fort Worth ISD,2024-25,AF,f35_food,45922498,70184.0,654.32
220905,Fort Worth ISD,2024-25,AF,f36_extracurricular,23512853,70184.0,335.02
220905,Fort Worth ISD,2024-25,AF,f41_general_admin,23282163,70184.0,331.73
220905,Fort Worth ISD,2024-25,AF,f51_plant_maint,86953075,70184.0,1238.93
220905,Fort Worth ISD,2024-25,AF,f52_security,29623469,70184.0,422.08
220905,Fort Worth ISD,2024-25,AF,f53_data_processing,22144859,70184.0,315.53
220905,Fort Worth ISD,2024-25,AF,f61_community,8944784,70184.0,127.45
220905,Fort Worth ISD,2024-25,AF,pic11_basic,406668822,70184.0,5794.32
220905,Fort Worth ISD,2024-25,AF,pic21_gt,3391092,70184.0,48.32
220905,Fort Worth ISD,2024-25,AF,pic22_cte,25004192,70184.0,356.27
220905,Fort Worth ISD,2024-25,AF,pic23_swd,126036572,70184.0,1795.8
220905,Fort Worth ISD,2024-25,AF,pic24_comp_ed,112088192,70184.0,1597.06
220905,Fort Worth ISD,2024-25,AF,pic25_bilingual,15492807,70184.0,220.75
220905,Fort Worth ISD,2024-25,AF,pic91_athletics,20467399,70184.0,291.62
220905,Fort Worth ISD,2024-25,AF,pic99_unallocated,232593313,70184.0,3314.05
220905,Fort Worth ISD,2024-25,AF,disb_recapture,5227921,70184.0,74.49
220905,Fort Worth ISD,2024-25,AF,disb_total,1339307486,70184.0,19082.8
015915,Northside ISD,2024-25,AF,rev_local_mo,501859219,99729.0,5032.23
015915,Northside ISD,2024-25,AF,rev_state_oper,423157963,99729.0,4243.08
015915,Northside ISD,2024-25,AF,rev_federal,126994359,99729.0,1273.39
015915,Northside ISD,2024-25,AF,rev_other_local,70829655,99729.0,710.22
015915,Northside ISD,2024-25,AF,rev_total_oper,1122841196,99729.0,11258.92
015915,Northside ISD,2024-25,AF,rev_local_is,251226354,99729.0,2519.09
015915,Northside ISD,2024-25,AF,rev_state_debt,23966779,99729.0,240.32
015915,Northside ISD,2024-25,AF,rev_total_other,283503386,99729.0,2842.74
015915,Northside ISD,2024-25,AF,recapture_rev,0,99729.0,0.0
015915,Northside ISD,2024-25,AF,rev_trs_onbehalf,60763241,99729.0,609.28
015915,Northside ISD,2024-25,AF,rev_debt_fin,200019722,99729.0,2005.63
015915,Northside ISD,2024-25,AF,exp_payroll_61,1032438044,99729.0,10352.44
015915,Northside ISD,2024-25,AF,exp_contracted_62,73048427,99729.0,732.47
015915,Northside ISD,2024-25,AF,exp_supplies_63,95383484,99729.0,956.43
015915,Northside ISD,2024-25,AF,exp_otherop_64,23590416,99729.0,236.55
015915,Northside ISD,2024-25,AF,exp_total_oper,1224460371,99729.0,12277.88
015915,Northside ISD,2024-25,AF,exp_debt_65,271352748,99729.0,2720.9
015915,Northside ISD,2024-25,AF,exp_capital_66,219001343,99729.0,2195.96
015915,Northside ISD,2024-25,AF,exp_grand_total,1715043857,99729.0,17197.04
015915,Northside ISD,2024-25,AF,f11_instruction,710592288,99729.0,7125.23
015915,Northside ISD,2024-25,AF,f12_instr_resources,13427819,99729.0,134.64
015915,Northside ISD,2024-25,AF,f13_curriculum_staffdev,24401174,99729.0,244.67
015915,Northside ISD,2024-25,AF,f21_instr_leadership,20818972,99729.0,208.76
015915,Northside ISD,2024-25,AF,f23_school_leadership,63660869,99729.0,638.34
015915,Northside ISD,2024-25,AF,f31_guidance,47764242,99729.0,478.94
015915,Northside ISD,2024-25,AF,f32_social_work,5912101,99729.0,59.28
015915,Northside ISD,2024-25,AF,f33_health,12694072,99729.0,127.29
015915,Northside ISD,2024-25,AF,f34_transportation,35090821,99729.0,351.86
015915,Northside ISD,2024-25,AF,f35_food,62232308,99729.0,624.01
015915,Northside ISD,2024-25,AF,f36_extracurricular,38566293,99729.0,386.71
015915,Northside ISD,2024-25,AF,f41_general_admin,17946508,99729.0,179.95
015915,Northside ISD,2024-25,AF,f51_plant_maint,117465162,99729.0,1177.84
015915,Northside ISD,2024-25,AF,f52_security,16587809,99729.0,166.33
015915,Northside ISD,2024-25,AF,f53_data_processing,21124159,99729.0,211.82
015915,Northside ISD,2024-25,AF,f61_community,16175774,99729.0,162.2
015915,Northside ISD,2024-25,AF,pic11_basic,538754508,99729.0,5402.19
015915,Northside ISD,2024-25,AF,pic21_gt,13090911,99729.0,131.26
015915,Northside ISD,2024-25,AF,pic22_cte,34439688,99729.0,345.33
015915,Northside ISD,2024-25,AF,pic23_swd,204403152,99729.0,2049.59
015915,Northside ISD,2024-25,AF,pic24_comp_ed,83705842,99729.0,839.33
015915,Northside ISD,2024-25,AF,pic25_bilingual,5344668,99729.0,53.59
015915,Northside ISD,2024-25,AF,pic91_athletics,18537770,99729.0,185.88
015915,Northside ISD,2024-25,AF,pic99_unallocated,299805610,99729.0,3006.2
015915,Northside ISD,2024-25,AF,disb_recapture,0,99729.0,0.0
015915,Northside ISD,2024-25,AF,disb_total,1719447234,99729.0,17241.2
101907,Cypress-Fairbanks ISD,2024-25,AF,rev_local_mo,475772282,117658.0,4043.69
101907,Cypress-Fairbanks ISD,2024-25,AF,rev_state_oper,560360005,117658.0,4762.62
101907,Cypress-Fairbanks ISD,2024-25,AF,rev_federal,140285973,117658.0,1192.32
101907,Cypress-Fairbanks ISD,2024-25,AF,rev_other_local,86163752,117658.0,732.32
101907,Cypress-Fairbanks ISD,2024-25,AF,rev_total_oper,1262582012,117658.0,10730.95
101907,Cypress-Fairbanks ISD,2024-25,AF,rev_local_is,276206807,117658.0,2347.54
101907,Cypress-Fairbanks ISD,2024-25,AF,rev_state_debt,33828677,117658.0,287.52
101907,Cypress-Fairbanks ISD,2024-25,AF,rev_total_other,332979272,117658.0,2830.06
101907,Cypress-Fairbanks ISD,2024-25,AF,recapture_rev,0,117658.0,0.0
101907,Cypress-Fairbanks ISD,2024-25,AF,rev_trs_onbehalf,70530863,117658.0,599.46
101907,Cypress-Fairbanks ISD,2024-25,AF,rev_debt_fin,434576008,117658.0,3693.55
101907,Cypress-Fairbanks ISD,2024-25,AF,exp_payroll_61,1104138878,117658.0,9384.31
101907,Cypress-Fairbanks ISD,2024-25,AF,exp_contracted_62,69719634,117658.0,592.56
101907,Cypress-Fairbanks ISD,2024-25,AF,exp_supplies_63,115743937,117658.0,983.73
101907,Cypress-Fairbanks ISD,2024-25,AF,exp_otherop_64,27419888,117658.0,233.05
101907,Cypress-Fairbanks ISD,2024-25,AF,exp_total_oper,1317022337,117658.0,11193.65
101907,Cypress-Fairbanks ISD,2024-25,AF,exp_debt_65,316935208,117658.0,2693.7
101907,Cypress-Fairbanks ISD,2024-25,AF,exp_capital_66,316419945,117658.0,2689.32
101907,Cypress-Fairbanks ISD,2024-25,AF,exp_grand_total,1957041924,117658.0,16633.31
101907,Cypress-Fairbanks ISD,2024-25,AF,f11_instruction,815867330,117658.0,6934.23
101907,Cypress-Fairbanks ISD,2024-25,AF,f12_instr_resources,4224301,117658.0,35.9
101907,Cypress-Fairbanks ISD,2024-25,AF,f13_curriculum_staffdev,23740886,117658.0,201.78
101907,Cypress-Fairbanks ISD,2024-25,AF,f21_instr_leadership,13969161,117658.0,118.73
101907,Cypress-Fairbanks ISD,2024-25,AF,f23_school_leadership,67350808,117658.0,572.43
101907,Cypress-Fairbanks ISD,2024-25,AF,f31_guidance,57846816,117658.0,491.65
101907,Cypress-Fairbanks ISD,2024-25,AF,f32_social_work,834298,117658.0,7.09
101907,Cypress-Fairbanks ISD,2024-25,AF,f33_health,13793199,117658.0,117.23
101907,Cypress-Fairbanks ISD,2024-25,AF,f34_transportation,46813726,117658.0,397.88
101907,Cypress-Fairbanks ISD,2024-25,AF,f35_food,86605379,117658.0,736.08
101907,Cypress-Fairbanks ISD,2024-25,AF,f36_extracurricular,24382460,117658.0,207.23
101907,Cypress-Fairbanks ISD,2024-25,AF,f41_general_admin,18291319,117658.0,155.46
101907,Cypress-Fairbanks ISD,2024-25,AF,f51_plant_maint,90869811,117658.0,772.32
101907,Cypress-Fairbanks ISD,2024-25,AF,f52_security,17619102,117658.0,149.75
101907,Cypress-Fairbanks ISD,2024-25,AF,f53_data_processing,23985772,117658.0,203.86
101907,Cypress-Fairbanks ISD,2024-25,AF,f61_community,10827969,117658.0,92.03
101907,Cypress-Fairbanks ISD,2024-25,AF,pic11_basic,563997391,117658.0,4793.53
101907,Cypress-Fairbanks ISD,2024-25,AF,pic21_gt,6827628,117658.0,58.03
101907,Cypress-Fairbanks ISD,2024-25,AF,pic22_cte,41650292,117658.0,353.99
101907,Cypress-Fairbanks ISD,2024-25,AF,pic23_swd,197875146,117658.0,1681.78
101907,Cypress-Fairbanks ISD,2024-25,AF,pic24_comp_ed,99963155,117658.0,849.61
101907,Cypress-Fairbanks ISD,2024-25,AF,pic25_bilingual,10679084,117658.0,90.76
101907,Cypress-Fairbanks ISD,2024-25,AF,pic91_athletics,16095044,117658.0,136.8
101907,Cypress-Fairbanks ISD,2024-25,AF,pic99_unallocated,348461306,117658.0,2961.65
101907,Cypress-Fairbanks ISD,2024-25,AF,disb_recapture,0,117658.0,0.0
101907,Cypress-Fairbanks ISD,2024-25,AF,disb_total,1964713011,117658.0,16698.51
101914,Katy ISD,2024-25,AF,rev_local_mo,417223558,95919.0,4349.75
101914,Katy ISD,2024-25,AF,rev_state_oper,583162212,95919.0,6079.74
101914,Katy ISD,2024-25,AF,rev_federal,73733031,95919.0,768.7
101914,Katy ISD,2024-25,AF,rev_other_local,76368357,95919.0,796.18
101914,Katy ISD,2024-25,AF,rev_total_oper,1150487158,95919.0,11994.36
101914,Katy ISD,2024-25,AF,rev_local_is,223691018,95919.0,2332.08
101914,Katy ISD,2024-25,AF,rev_state_debt,17003250,95919.0,177.27
101914,Katy ISD,2024-25,AF,rev_total_other,252528896,95919.0,2632.73
101914,Katy ISD,2024-25,AF,recapture_rev,0,95919.0,0.0
101914,Katy ISD,2024-25,AF,rev_trs_onbehalf,61950687,95919.0,645.86
101914,Katy ISD,2024-25,AF,rev_debt_fin,237520410,95919.0,2476.26
101914,Katy ISD,2024-25,AF,exp_payroll_61,1018416644,95919.0,10617.47
101914,Katy ISD,2024-25,AF,exp_contracted_62,48100587,95919.0,501.47
101914,Katy ISD,2024-25,AF,exp_supplies_63,90813072,95919.0,946.77
101914,Katy ISD,2024-25,AF,exp_otherop_64,25599773,95919.0,266.89
101914,Katy ISD,2024-25,AF,exp_total_oper,1182930076,95919.0,12332.59
101914,Katy ISD,2024-25,AF,exp_debt_65,257286949,95919.0,2682.34
101914,Katy ISD,2024-25,AF,exp_capital_66,283590440,95919.0,2956.56
101914,Katy ISD,2024-25,AF,exp_grand_total,1724715723,95919.0,17980.96
101914,Katy ISD,2024-25,AF,f11_instruction,741579305,95919.0,7731.31
101914,Katy ISD,2024-25,AF,f12_instr_resources,11172807,95919.0,116.48
101914,Katy ISD,2024-25,AF,f13_curriculum_staffdev,21269860,95919.0,221.75
101914,Katy ISD,2024-25,AF,f21_instr_leadership,9745781,95919.0,101.6
101914,Katy ISD,2024-25,AF,f23_school_leadership,61462265,95919.0,640.77
101914,Katy ISD,2024-25,AF,f31_guidance,64584378,95919.0,673.32
101914,Katy ISD,2024-25,AF,f32_social_work,1884247,95919.0,19.64
101914,Katy ISD,2024-25,AF,f33_health,11875054,95919.0,123.8
101914,Katy ISD,2024-25,AF,f34_transportation,28862238,95919.0,300.9
101914,Katy ISD,2024-25,AF,f35_food,52736994,95919.0,549.81
101914,Katy ISD,2024-25,AF,f36_extracurricular,31751047,95919.0,331.02
101914,Katy ISD,2024-25,AF,f41_general_admin,20399880,95919.0,212.68
101914,Katy ISD,2024-25,AF,f51_plant_maint,87108557,95919.0,908.15
101914,Katy ISD,2024-25,AF,f52_security,16784304,95919.0,174.98
101914,Katy ISD,2024-25,AF,f53_data_processing,19468545,95919.0,202.97
101914,Katy ISD,2024-25,AF,f61_community,2244814,95919.0,23.4
101914,Katy ISD,2024-25,AF,pic11_basic,556606428,95919.0,5802.88
101914,Katy ISD,2024-25,AF,pic21_gt,5922758,95919.0,61.75
101914,Katy ISD,2024-25,AF,pic22_cte,37421061,95919.0,390.13
101914,Katy ISD,2024-25,AF,pic23_swd,197894221,95919.0,2063.14
101914,Katy ISD,2024-25,AF,pic24_comp_ed,65914739,95919.0,687.19
101914,Katy ISD,2024-25,AF,pic25_bilingual,18047141,95919.0,188.15
101914,Katy ISD,2024-25,AF,pic91_athletics,14398783,95919.0,150.11
101914,Katy ISD,2024-25,AF,pic99_unallocated,244784186,95919.0,2551.99
101914,Katy ISD,2024-25,AF,disb_recapture,0,95919.0,0.0
101914,Katy ISD,2024-25,AF,disb_total,1731346293,95919.0,18050.09
079907,Fort Bend ISD,2024-25,AF,rev_local_mo,403796123,79513.0,5078.37
079907,Fort Bend ISD,2024-25,AF,rev_state_oper,380055715,79513.0,4779.79
079907,Fort Bend ISD,2024-25,AF,rev_federal,97228349,79513.0,1222.8
079907,Fort Bend ISD,2024-25,AF,rev_other_local,38742997,79513.0,487.25
079907,Fort Bend ISD,2024-25,AF,rev_total_oper,919823184,79513.0,11568.21
079907,Fort Bend ISD,2024-25,AF,rev_local_is,151889734,79513.0,1910.25
079907,Fort Bend ISD,2024-25,AF,rev_state_debt,18940253,79513.0,238.2
079907,Fort Bend ISD,2024-25,AF,rev_total_other,178692248,79513.0,2247.33
079907,Fort Bend ISD,2024-25,AF,recapture_rev,0,79513.0,0.0
079907,Fort Bend ISD,2024-25,AF,rev_trs_onbehalf,45393343,79513.0,570.89
079907,Fort Bend ISD,2024-25,AF,rev_debt_fin,66335000,79513.0,834.27
079907,Fort Bend ISD,2024-25,AF,exp_payroll_61,774476201,79513.0,9740.25
079907,Fort Bend ISD,2024-25,AF,exp_contracted_62,66403737,79513.0,835.13
079907,Fort Bend ISD,2024-25,AF,exp_supplies_63,67416379,79513.0,847.87
079907,Fort Bend ISD,2024-25,AF,exp_otherop_64,18123874,79513.0,227.94
079907,Fort Bend ISD,2024-25,AF,exp_total_oper,926420191,79513.0,11651.18
079907,Fort Bend ISD,2024-25,AF,exp_debt_65,174034918,79513.0,2188.76
079907,Fort Bend ISD,2024-25,AF,exp_capital_66,345166296,79513.0,4341.0
079907,Fort Bend ISD,2024-25,AF,exp_grand_total,1445621405,79513.0,18180.94
079907,Fort Bend ISD,2024-25,AF,f11_instruction,518874773,79513.0,6525.66
079907,Fort Bend ISD,2024-25,AF,f12_instr_resources,8311538,79513.0,104.53
079907,Fort Bend ISD,2024-25,AF,f13_curriculum_staffdev,27817451,79513.0,349.85
079907,Fort Bend ISD,2024-25,AF,f21_instr_leadership,20356408,79513.0,256.01
079907,Fort Bend ISD,2024-25,AF,f23_school_leadership,51532258,79513.0,648.1
079907,Fort Bend ISD,2024-25,AF,f31_guidance,49267198,79513.0,619.61
079907,Fort Bend ISD,2024-25,AF,f32_social_work,3205272,79513.0,40.31
079907,Fort Bend ISD,2024-25,AF,f33_health,11295868,79513.0,142.06
079907,Fort Bend ISD,2024-25,AF,f34_transportation,26105588,79513.0,328.32
079907,Fort Bend ISD,2024-25,AF,f35_food,38994346,79513.0,490.41
079907,Fort Bend ISD,2024-25,AF,f36_extracurricular,26871567,79513.0,337.95
079907,Fort Bend ISD,2024-25,AF,f41_general_admin,20937488,79513.0,263.32
079907,Fort Bend ISD,2024-25,AF,f51_plant_maint,87243098,79513.0,1097.22
079907,Fort Bend ISD,2024-25,AF,f52_security,15569405,79513.0,195.81
079907,Fort Bend ISD,2024-25,AF,f53_data_processing,18092557,79513.0,227.54
079907,Fort Bend ISD,2024-25,AF,f61_community,1945376,79513.0,24.47
079907,Fort Bend ISD,2024-25,AF,pic11_basic,390776927,79513.0,4914.63
079907,Fort Bend ISD,2024-25,AF,pic21_gt,3004904,79513.0,37.79
079907,Fort Bend ISD,2024-25,AF,pic22_cte,24071124,79513.0,302.73
079907,Fort Bend ISD,2024-25,AF,pic23_swd,176310394,79513.0,2217.38
079907,Fort Bend ISD,2024-25,AF,pic24_comp_ed,50747398,79513.0,638.23
079907,Fort Bend ISD,2024-25,AF,pic25_bilingual,15595713,79513.0,196.14
079907,Fort Bend ISD,2024-25,AF,pic91_athletics,12456769,79513.0,156.66
079907,Fort Bend ISD,2024-25,AF,pic99_unallocated,220645621,79513.0,2774.96
079907,Fort Bend ISD,2024-25,AF,disb_recapture,0,79513.0,0.0
079907,Fort Bend ISD,2024-25,AF,disb_total,1452871003,79513.0,18272.12
STATE,State total (all districts+charters),2024-25,AF,rev_local_mo,26403388349,5528915.0,4775.51
STATE,State total (all districts+charters),2024-25,AF,rev_state_oper,31165952674,5528915.0,5636.9
STATE,State total (all districts+charters),2024-25,AF,rev_federal,8131028444,5528915.0,1470.64
STATE,State total (all districts+charters),2024-25,AF,rev_other_local,4328508833,5528915.0,782.89
STATE,State total (all districts+charters),2024-25,AF,rev_total_oper,70028878300,5528915.0,12665.94
STATE,State total (all districts+charters),2024-25,AF,rev_local_is,11587028433,5528915.0,2095.71
STATE,State total (all districts+charters),2024-25,AF,rev_state_debt,1109593916,5528915.0,200.69
STATE,State total (all districts+charters),2024-25,AF,rev_total_other,14315829714,5528915.0,2589.27
STATE,State total (all districts+charters),2024-25,AF,recapture_rev,2949025275,5528915.0,533.38
STATE,State total (all districts+charters),2024-25,AF,rev_trs_onbehalf,3253768462,5528915.0,588.5
STATE,State total (all districts+charters),2024-25,AF,rev_debt_fin,5656562279,5528915.0,1023.09
STATE,State total (all districts+charters),2024-25,AF,exp_payroll_61,56101897157,5528915.0,10147.0
STATE,State total (all districts+charters),2024-25,AF,exp_contracted_62,7305646064,5528915.0,1321.35
STATE,State total (all districts+charters),2024-25,AF,exp_supplies_63,5684380471,5528915.0,1028.12
STATE,State total (all districts+charters),2024-25,AF,exp_otherop_64,2515064988,5528915.0,454.89
STATE,State total (all districts+charters),2024-25,AF,exp_total_oper,71606988680,5528915.0,12951.36
STATE,State total (all districts+charters),2024-25,AF,exp_debt_65,13859481756,5528915.0,2506.73
STATE,State total (all districts+charters),2024-25,AF,exp_capital_66,19382532266,5528915.0,3505.67
STATE,State total (all districts+charters),2024-25,AF,exp_grand_total,104892866756,5528915.0,18971.69
STATE,State total (all districts+charters),2024-25,AF,f11_instruction,39057679896,5528915.0,7064.26
STATE,State total (all districts+charters),2024-25,AF,f12_instr_resources,631608720,5528915.0,114.24
STATE,State total (all districts+charters),2024-25,AF,f13_curriculum_staffdev,1635958914,5528915.0,295.89
STATE,State total (all districts+charters),2024-25,AF,f21_instr_leadership,1252542721,5528915.0,226.54
STATE,State total (all districts+charters),2024-25,AF,f23_school_leadership,4155361482,5528915.0,751.57
STATE,State total (all districts+charters),2024-25,AF,f31_guidance,2971479569,5528915.0,537.44
STATE,State total (all districts+charters),2024-25,AF,f32_social_work,218700658,5528915.0,39.56
STATE,State total (all districts+charters),2024-25,AF,f33_health,730295532,5528915.0,132.09
STATE,State total (all districts+charters),2024-25,AF,f34_transportation,2186037620,5528915.0,395.38
STATE,State total (all districts+charters),2024-25,AF,f35_food,3817080903,5528915.0,690.39
STATE,State total (all districts+charters),2024-25,AF,f36_extracurricular,2244518965,5528915.0,405.96
STATE,State total (all districts+charters),2024-25,AF,f41_general_admin,2342999118,5528915.0,423.77
STATE,State total (all districts+charters),2024-25,AF,f51_plant_maint,7335226035,5528915.0,1326.7
STATE,State total (all districts+charters),2024-25,AF,f52_security,1314897725,5528915.0,237.82
STATE,State total (all districts+charters),2024-25,AF,f53_data_processing,1320042648,5528915.0,238.75
STATE,State total (all districts+charters),2024-25,AF,f61_community,370338161,5528915.0,66.98
STATE,State total (all districts+charters),2024-25,AF,pic11_basic,28911714498,5528915.0,5229.18
STATE,State total (all districts+charters),2024-25,AF,pic21_gt,384904252,5528915.0,69.62
STATE,State total (all districts+charters),2024-25,AF,pic22_cte,2575064055,5528915.0,465.74
STATE,State total (all districts+charters),2024-25,AF,pic23_swd,10062118290,5528915.0,1819.91
STATE,State total (all districts+charters),2024-25,AF,pic24_comp_ed,5901069163,5528915.0,1067.31
STATE,State total (all districts+charters),2024-25,AF,pic25_bilingual,813423683,5528915.0,147.12
STATE,State total (all districts+charters),2024-25,AF,pic91_athletics,1455031002,5528915.0,263.17
STATE,State total (all districts+charters),2024-25,AF,pic99_unallocated,19270341393,5528915.0,3485.37
STATE,State total (all districts+charters),2024-25,AF,disb_recapture,2949025275,5528915.0,533.38
STATE,State total (all districts+charters),2024-25,AF,disb_total,109448637486,5528915.0,19795.68
STATE_ISD,State total (ISDs only),2024-25,AF,rev_local_mo,26387749070,5092916.0,5181.27
STATE_ISD,State total (ISDs only),2024-25,AF,rev_state_oper,26388448754,5092916.0,5181.4
STATE_ISD,State total (ISDs only),2024-25,AF,rev_federal,7388755865,5092916.0,1450.79
STATE_ISD,State total (ISDs only),2024-25,AF,rev_other_local,3982207984,5092916.0,781.91
STATE_ISD,State total (ISDs only),2024-25,AF,rev_total_oper,64147161673,5092916.0,12595.37
STATE_ISD,State total (ISDs only),2024-25,AF,rev_local_is,11573770543,5092916.0,2272.52
STATE_ISD,State total (ISDs only),2024-25,AF,rev_state_debt,1109578600,5092916.0,217.87
STATE_ISD,State total (ISDs only),2024-25,AF,rev_total_other,14258706717,5092916.0,2799.71
STATE_ISD,State total (ISDs only),2024-25,AF,recapture_rev,2935264818,5092916.0,576.34
STATE_ISD,State total (ISDs only),2024-25,AF,rev_trs_onbehalf,3095505913,5092916.0,607.81
STATE_ISD,State total (ISDs only),2024-25,AF,rev_debt_fin,5656562279,5092916.0,1110.67
STATE_ISD,State total (ISDs only),2024-25,AF,exp_payroll_61,52372267993,5092916.0,10283.36
STATE_ISD,State total (ISDs only),2024-25,AF,exp_contracted_62,6318186396,5092916.0,1240.58
STATE_ISD,State total (ISDs only),2024-25,AF,exp_supplies_63,5179153917,5092916.0,1016.93
STATE_ISD,State total (ISDs only),2024-25,AF,exp_otherop_64,1999116526,5092916.0,392.53
STATE_ISD,State total (ISDs only),2024-25,AF,exp_total_oper,65868724832,5092916.0,12933.4
STATE_ISD,State total (ISDs only),2024-25,AF,exp_debt_65,13514812321,5092916.0,2653.65
STATE_ISD,State total (ISDs only),2024-25,AF,exp_capital_66,19377771249,5092916.0,3804.85
STATE_ISD,State total (ISDs only),2024-25,AF,exp_grand_total,98805169242,5092916.0,19400.51
STATE_ISD,State total (ISDs only),2024-25,AF,f11_instruction,36240386968,5092916.0,7115.84
STATE_ISD,State total (ISDs only),2024-25,AF,f12_instr_resources,618558542,5092916.0,121.45
STATE_ISD,State total (ISDs only),2024-25,AF,f13_curriculum_staffdev,1470893138,5092916.0,288.81
STATE_ISD,State total (ISDs only),2024-25,AF,f21_instr_leadership,1146484074,5092916.0,225.11
STATE_ISD,State total (ISDs only),2024-25,AF,f23_school_leadership,3667870579,5092916.0,720.19
STATE_ISD,State total (ISDs only),2024-25,AF,f31_guidance,2764850670,5092916.0,542.88
STATE_ISD,State total (ISDs only),2024-25,AF,f32_social_work,206565978,5092916.0,40.56
STATE_ISD,State total (ISDs only),2024-25,AF,f33_health,694276531,5092916.0,136.32
STATE_ISD,State total (ISDs only),2024-25,AF,f34_transportation,2074073015,5092916.0,407.25
STATE_ISD,State total (ISDs only),2024-25,AF,f35_food,3526954457,5092916.0,692.52
STATE_ISD,State total (ISDs only),2024-25,AF,f36_extracurricular,2171258118,5092916.0,426.33
STATE_ISD,State total (ISDs only),2024-25,AF,f41_general_admin,2017542263,5092916.0,396.15
STATE_ISD,State total (ISDs only),2024-25,AF,f51_plant_maint,6521354409,5092916.0,1280.48
STATE_ISD,State total (ISDs only),2024-25,AF,f52_security,1225563767,5092916.0,240.64
STATE_ISD,State total (ISDs only),2024-25,AF,f53_data_processing,1180787498,5092916.0,231.85
STATE_ISD,State total (ISDs only),2024-25,AF,f61_community,341304825,5092916.0,67.02
STATE_ISD,State total (ISDs only),2024-25,AF,pic11_basic,26505714326,5092916.0,5204.43
STATE_ISD,State total (ISDs only),2024-25,AF,pic21_gt,380181568,5092916.0,74.65
STATE_ISD,State total (ISDs only),2024-25,AF,pic22_cte,2439184965,5092916.0,478.94
STATE_ISD,State total (ISDs only),2024-25,AF,pic23_swd,9556968336,5092916.0,1876.52
STATE_ISD,State total (ISDs only),2024-25,AF,pic24_comp_ed,5400004319,5092916.0,1060.3
STATE_ISD,State total (ISDs only),2024-25,AF,pic25_bilingual,741057243,5092916.0,145.51
STATE_ISD,State total (ISDs only),2024-25,AF,pic91_athletics,1409595044,5092916.0,276.78
STATE_ISD,State total (ISDs only),2024-25,AF,pic99_unallocated,17405290594,5092916.0,3417.55
STATE_ISD,State total (ISDs only),2024-25,AF,disb_recapture,2935264818,5092916.0,576.34
STATE_ISD,State total (ISDs only),2024-25,AF,disb_total,103332100830,5092916.0,20289.38
101912,Houston ISD,2024-25,GF,fb_unassigned,0,176039.0,0.0
101912,Houston ISD,2024-25,GF,fb_total,0,176039.0,0.0
057905,Dallas ISD,2024-25,GF,fb_unassigned,635000000,139776.0,4542.98
057905,Dallas ISD,2024-25,GF,fb_total,971377953,139776.0,6949.53
227901,Austin ISD,2024-25,GF,fb_unassigned,184257979,72175.0,2552.93
227901,Austin ISD,2024-25,GF,fb_total,232055568,72175.0,3215.18
220905,Fort Worth ISD,2024-25,GF,fb_unassigned,284546923,70184.0,4054.3
220905,Fort Worth ISD,2024-25,GF,fb_total,340794840,70184.0,4855.73
015915,Northside ISD,2024-25,GF,fb_unassigned,270150302,99729.0,2708.84
015915,Northside ISD,2024-25,GF,fb_total,365120149,99729.0,3661.12
101907,Cypress-Fairbanks ISD,2024-25,GF,fb_unassigned,455084990,117658.0,3867.86
101907,Cypress-Fairbanks ISD,2024-25,GF,fb_total,549582155,117658.0,4671.01
101914,Katy ISD,2024-25,GF,fb_unassigned,288417982,95919.0,3006.89
101914,Katy ISD,2024-25,GF,fb_total,375033874,95919.0,3909.9
079907,Fort Bend ISD,2024-25,GF,fb_unassigned,138340469,79513.0,1739.85
079907,Fort Bend ISD,2024-25,GF,fb_total,211818813,79513.0,2663.95
101912,Houston ISD,2023-24,GF,rev_local_mo,1506848009,183603.0,8207.1
101912,Houston ISD,2023-24,GF,rev_state_oper,210041512,183603.0,1144.0
101912,Houston ISD,2023-24,GF,rev_federal,78105612,183603.0,425.4
101912,Houston ISD,2023-24,GF,rev_other_local,78122882,183603.0,425.5
101912,Houston ISD,2023-24,GF,rev_total_oper,1873118015,183603.0,10202.0
101912,Houston ISD,2023-24,GF,rev_local_is,0,183603.0,0.0
101912,Houston ISD,2023-24,GF,rev_state_debt,0,183603.0,0.0
101912,Houston ISD,2023-24,GF,rev_total_other,103129357,183603.0,561.7
101912,Houston ISD,2023-24,GF,recapture_rev,0,183603.0,0.0
101912,Houston ISD,2023-24,GF,rev_trs_onbehalf,109490737,183603.0,596.35
101912,Houston ISD,2023-24,GF,rev_debt_fin,0,183603.0,0.0
101912,Houston ISD,2023-24,GF,exp_payroll_61,1664525413,183603.0,9065.89
101912,Houston ISD,2023-24,GF,exp_contracted_62,199816900,183603.0,1088.31
101912,Houston ISD,2023-24,GF,exp_supplies_63,49282739,183603.0,268.42
101912,Houston ISD,2023-24,GF,exp_otherop_64,37905068,183603.0,206.45
101912,Houston ISD,2023-24,GF,exp_total_oper,1951530120,183603.0,10629.08
101912,Houston ISD,2023-24,GF,exp_debt_65,18998182,183603.0,103.47
101912,Houston ISD,2023-24,GF,exp_capital_66,85676049,183603.0,466.64
101912,Houston ISD,2023-24,GF,exp_grand_total,2057231756,183603.0,11204.78
101912,Houston ISD,2023-24,GF,f11_instruction,1104486999,183603.0,6015.63
101912,Houston ISD,2023-24,GF,f12_instr_resources,13797284,183603.0,75.15
101912,Houston ISD,2023-24,GF,f13_curriculum_staffdev,25655151,183603.0,139.73
101912,Houston ISD,2023-24,GF,f21_instr_leadership,62775331,183603.0,341.91
101912,Houston ISD,2023-24,GF,f23_school_leadership,214592944,183603.0,1168.79
101912,Houston ISD,2023-24,GF,f31_guidance,64548094,183603.0,351.56
101912,Houston ISD,2023-24,GF,f32_social_work,4712674,183603.0,25.67
101912,Houston ISD,2023-24,GF,f33_health,24194077,183603.0,131.77
101912,Houston ISD,2023-24,GF,f34_transportation,52186623,183603.0,284.24
101912,Houston ISD,2023-24,GF,f35_food,71239,183603.0,0.39
101912,Houston ISD,2023-24,GF,f36_extracurricular,24986019,183603.0,136.09
101912,Houston ISD,2023-24,GF,f41_general_admin,52173309,183603.0,284.16
101912,Houston ISD,2023-24,GF,f51_plant_maint,218890395,183603.0,1192.19
101912,Houston ISD,2023-24,GF,f52_security,31148720,183603.0,169.65
101912,Houston ISD,2023-24,GF,f53_data_processing,50300253,183603.0,273.96
101912,Houston ISD,2023-24,GF,f61_community,7011008,183603.0,38.19
101912,Houston ISD,2023-24,GF,pic11_basic,1048553322,183603.0,5710.98
101912,Houston ISD,2023-24,GF,pic21_gt,7993012,183603.0,43.53
101912,Houston ISD,2023-24,GF,pic22_cte,50367610,183603.0,274.33
101912,Houston ISD,2023-24,GF,pic23_swd,229166494,183603.0,1248.16
101912,Houston ISD,2023-24,GF,pic24_comp_ed,91035969,183603.0,495.83
101912,Houston ISD,2023-24,GF,pic25_bilingual,20991759,183603.0,114.33
101912,Houston ISD,2023-24,GF,pic91_athletics,20879009,183603.0,113.72
101912,Houston ISD,2023-24,GF,pic99_unallocated,410804054,183603.0,2237.46
101912,Houston ISD,2023-24,GF,disb_recapture,0,183603.0,0.0
101912,Houston ISD,2023-24,GF,disb_total,2165625156,183603.0,11795.15
057905,Dallas ISD,2023-24,GF,rev_local_mo,1238439171,139096.0,8903.49
057905,Dallas ISD,2023-24,GF,rev_state_oper,214199166,139096.0,1539.94
057905,Dallas ISD,2023-24,GF,rev_federal,107110709,139096.0,770.05
057905,Dallas ISD,2023-24,GF,rev_other_local,72267350,139096.0,519.55
057905,Dallas ISD,2023-24,GF,rev_total_oper,1632016396,139096.0,11733.02
057905,Dallas ISD,2023-24,GF,rev_local_is,0,139096.0,0.0
057905,Dallas ISD,2023-24,GF,rev_state_debt,0,139096.0,0.0
057905,Dallas ISD,2023-24,GF,rev_total_other,10114441,139096.0,72.72
057905,Dallas ISD,2023-24,GF,recapture_rev,44498624,139096.0,319.91
057905,Dallas ISD,2023-24,GF,rev_trs_onbehalf,82485895,139096.0,593.01
057905,Dallas ISD,2023-24,GF,rev_debt_fin,0,139096.0,0.0
057905,Dallas ISD,2023-24,GF,exp_payroll_61,1387558632,139096.0,9975.55
057905,Dallas ISD,2023-24,GF,exp_contracted_62,131376499,139096.0,944.5
057905,Dallas ISD,2023-24,GF,exp_supplies_63,99584684,139096.0,715.94
057905,Dallas ISD,2023-24,GF,exp_otherop_64,31866696,139096.0,229.1
057905,Dallas ISD,2023-24,GF,exp_total_oper,1650386511,139096.0,11865.09
057905,Dallas ISD,2023-24,GF,exp_debt_65,19020044,139096.0,136.74
057905,Dallas ISD,2023-24,GF,exp_capital_66,11168468,139096.0,80.29
057905,Dallas ISD,2023-24,GF,exp_grand_total,1680586524,139096.0,12082.21
057905,Dallas ISD,2023-24,GF,f11_instruction,904334215,139096.0,6501.51
057905,Dallas ISD,2023-24,GF,f12_instr_resources,14457590,139096.0,103.94
057905,Dallas ISD,2023-24,GF,f13_curriculum_staffdev,24775890,139096.0,178.12
057905,Dallas ISD,2023-24,GF,f21_instr_leadership,48623265,139096.0,349.57
057905,Dallas ISD,2023-24,GF,f23_school_leadership,118489697,139096.0,851.86
057905,Dallas ISD,2023-24,GF,f31_guidance,66911775,139096.0,481.05
057905,Dallas ISD,2023-24,GF,f32_social_work,1093062,139096.0,7.86
057905,Dallas ISD,2023-24,GF,f33_health,22760916,139096.0,163.63
057905,Dallas ISD,2023-24,GF,f34_transportation,72215398,139096.0,519.18
057905,Dallas ISD,2023-24,GF,f35_food,7799,139096.0,0.06
057905,Dallas ISD,2023-24,GF,f36_extracurricular,50602053,139096.0,363.79
057905,Dallas ISD,2023-24,GF,f41_general_admin,55636633,139096.0,399.99
057905,Dallas ISD,2023-24,GF,f51_plant_maint,191736064,139096.0,1378.44
057905,Dallas ISD,2023-24,GF,f52_security,35310581,139096.0,253.86
057905,Dallas ISD,2023-24,GF,f53_data_processing,37031285,139096.0,266.23
057905,Dallas ISD,2023-24,GF,f61_community,6400288,139096.0,46.01
057905,Dallas ISD,2023-24,GF,pic11_basic,755395991,139096.0,5430.75
057905,Dallas ISD,2023-24,GF,pic21_gt,12401548,139096.0,89.16
057905,Dallas ISD,2023-24,GF,pic22_cte,51412337,139096.0,369.62
057905,Dallas ISD,2023-24,GF,pic23_swd,192542144,139096.0,1384.24
057905,Dallas ISD,2023-24,GF,pic24_comp_ed,140753928,139096.0,1011.92
057905,Dallas ISD,2023-24,GF,pic25_bilingual,27646884,139096.0,198.76
057905,Dallas ISD,2023-24,GF,pic91_athletics,28604918,139096.0,205.65
057905,Dallas ISD,2023-24,GF,pic99_unallocated,392265531,139096.0,2820.11
057905,Dallas ISD,2023-24,GF,disb_recapture,44498624,139096.0,319.91
057905,Dallas ISD,2023-24,GF,disb_total,1740409109,139096.0,12512.29
227901,Austin ISD,2023-24,GF,rev_local_mo,687256471,72739.0,9448.25
227901,Austin ISD,2023-24,GF,rev_state_oper,37266797,72739.0,512.34
227901,Austin ISD,2023-24,GF,rev_federal,17452672,72739.0,239.94
227901,Austin ISD,2023-24,GF,rev_other_local,51376702,72739.0,706.32
227901,Austin ISD,2023-24,GF,rev_total_oper,793352642,72739.0,10906.84
227901,Austin ISD,2023-24,GF,rev_local_is,0,72739.0,0.0
227901,Austin ISD,2023-24,GF,rev_state_debt,0,72739.0,0.0
227901,Austin ISD,2023-24,GF,rev_total_other,480341,72739.0,6.6
227901,Austin ISD,2023-24,GF,recapture_rev,664839391,72739.0,9140.07
227901,Austin ISD,2023-24,GF,rev_trs_onbehalf,48022680,72739.0,660.21
227901,Austin ISD,2023-24,GF,rev_debt_fin,0,72739.0,0.0
227901,Austin ISD,2023-24,GF,exp_payroll_61,780255480,72739.0,10726.78
227901,Austin ISD,2023-24,GF,exp_contracted_62,58783514,72739.0,808.14
227901,Austin ISD,2023-24,GF,exp_supplies_63,30043046,72739.0,413.03
227901,Austin ISD,2023-24,GF,exp_otherop_64,12716541,72739.0,174.82
227901,Austin ISD,2023-24,GF,exp_total_oper,881798581,72739.0,12122.78
227901,Austin ISD,2023-24,GF,exp_debt_65,460264,72739.0,6.33
227901,Austin ISD,2023-24,GF,exp_capital_66,1590912,72739.0,21.87
227901,Austin ISD,2023-24,GF,exp_grand_total,883941104,72739.0,12152.23
227901,Austin ISD,2023-24,GF,f11_instruction,502595835,72739.0,6909.58
227901,Austin ISD,2023-24,GF,f12_instr_resources,10660509,72739.0,146.56
227901,Austin ISD,2023-24,GF,f13_curriculum_staffdev,15389144,72739.0,211.57
227901,Austin ISD,2023-24,GF,f21_instr_leadership,20579195,72739.0,282.92
227901,Austin ISD,2023-24,GF,f23_school_leadership,62754645,72739.0,862.74
227901,Austin ISD,2023-24,GF,f31_guidance,40159783,72739.0,552.11
227901,Austin ISD,2023-24,GF,f32_social_work,4949330,72739.0,68.04
227901,Austin ISD,2023-24,GF,f33_health,8628364,72739.0,118.62
227901,Austin ISD,2023-24,GF,f34_transportation,44125484,72739.0,606.63
227901,Austin ISD,2023-24,GF,f35_food,0,72739.0,0.0
227901,Austin ISD,2023-24,GF,f36_extracurricular,17436615,72739.0,239.71
227901,Austin ISD,2023-24,GF,f41_general_admin,28308062,72739.0,389.17
227901,Austin ISD,2023-24,GF,f51_plant_maint,84620685,72739.0,1163.35
227901,Austin ISD,2023-24,GF,f52_security,15367079,72739.0,211.26
227901,Austin ISD,2023-24,GF,f53_data_processing,17455588,72739.0,239.98
227901,Austin ISD,2023-24,GF,f61_community,8768263,72739.0,120.54
227901,Austin ISD,2023-24,GF,pic11_basic,390804144,72739.0,5372.69
227901,Austin ISD,2023-24,GF,pic21_gt,1325535,72739.0,18.22
227901,Austin ISD,2023-24,GF,pic22_cte,23831664,72739.0,327.63
227901,Austin ISD,2023-24,GF,pic23_swd,195661628,72739.0,2689.91
227901,Austin ISD,2023-24,GF,pic24_comp_ed,29955109,72739.0,411.82
227901,Austin ISD,2023-24,GF,pic25_bilingual,6927651,72739.0,95.24
227901,Austin ISD,2023-24,GF,pic91_athletics,13263082,72739.0,182.34
227901,Austin ISD,2023-24,GF,pic99_unallocated,185723679,72739.0,2553.29
227901,Austin ISD,2023-24,GF,disb_recapture,664839391,72739.0,9140.07
227901,Austin ISD,2023-24,GF,disb_total,1565268382,72739.0,21518.97
220905,Fort Worth ISD,2023-24,GF,rev_local_mo,398478595,70903.0,5620.05
220905,Fort Worth ISD,2023-24,GF,rev_state_oper,334562827,70903.0,4718.6
220905,Fort Worth ISD,2023-24,GF,rev_federal,16022050,70903.0,225.97
220905,Fort Worth ISD,2023-24,GF,rev_other_local,26855733,70903.0,378.77
220905,Fort Worth ISD,2023-24,GF,rev_total_oper,775919205,70903.0,10943.39
220905,Fort Worth ISD,2023-24,GF,rev_local_is,0,70903.0,0.0
220905,Fort Worth ISD,2023-24,GF,rev_state_debt,0,70903.0,0.0
220905,Fort Worth ISD,2023-24,GF,rev_total_other,970290,70903.0,13.68
220905,Fort Worth ISD,2023-24,GF,recapture_rev,4111116,70903.0,57.98
220905,Fort Worth ISD,2023-24,GF,rev_trs_onbehalf,43430487,70903.0,612.53
220905,Fort Worth ISD,2023-24,GF,rev_debt_fin,0,70903.0,0.0
220905,Fort Worth ISD,2023-24,GF,exp_payroll_61,687527245,70903.0,9696.73
220905,Fort Worth ISD,2023-24,GF,exp_contracted_62,62699885,70903.0,884.31
220905,Fort Worth ISD,2023-24,GF,exp_supplies_63,64655208,70903.0,911.88
220905,Fort Worth ISD,2023-24,GF,exp_otherop_64,14850161,70903.0,209.44
220905,Fort Worth ISD,2023-24,GF,exp_total_oper,829732499,70903.0,11702.36
220905,Fort Worth ISD,2023-24,GF,exp_debt_65,1864646,70903.0,26.3
220905,Fort Worth ISD,2023-24,GF,exp_capital_66,12048550,70903.0,169.93
220905,Fort Worth ISD,2023-24,GF,exp_grand_total,843686273,70903.0,11899.16
220905,Fort Worth ISD,2023-24,GF,f11_instruction,472164799,70903.0,6659.31
220905,Fort Worth ISD,2023-24,GF,f12_instr_resources,11640677,70903.0,164.18
220905,Fort Worth ISD,2023-24,GF,f13_curriculum_staffdev,13154874,70903.0,185.53
220905,Fort Worth ISD,2023-24,GF,f21_instr_leadership,15810035,70903.0,222.98
220905,Fort Worth ISD,2023-24,GF,f23_school_leadership,53043472,70903.0,748.11
220905,Fort Worth ISD,2023-24,GF,f31_guidance,45934614,70903.0,647.85
220905,Fort Worth ISD,2023-24,GF,f32_social_work,4138482,70903.0,58.37
220905,Fort Worth ISD,2023-24,GF,f33_health,11075606,70903.0,156.21
220905,Fort Worth ISD,2023-24,GF,f34_transportation,21771748,70903.0,307.06
220905,Fort Worth ISD,2023-24,GF,f35_food,341682,70903.0,4.82
220905,Fort Worth ISD,2023-24,GF,f36_extracurricular,21698673,70903.0,306.03
220905,Fort Worth ISD,2023-24,GF,f41_general_admin,21838113,70903.0,308.0
220905,Fort Worth ISD,2023-24,GF,f51_plant_maint,91461586,70903.0,1289.95
220905,Fort Worth ISD,2023-24,GF,f52_security,16550935,70903.0,233.43
220905,Fort Worth ISD,2023-24,GF,f53_data_processing,23927435,70903.0,337.47
220905,Fort Worth ISD,2023-24,GF,f61_community,5179768,70903.0,73.05
220905,Fort Worth ISD,2023-24,GF,pic11_basic,402871461,70903.0,5682.01
220905,Fort Worth ISD,2023-24,GF,pic21_gt,2929755,70903.0,41.32
220905,Fort Worth ISD,2023-24,GF,pic22_cte,25563259,70903.0,360.54
220905,Fort Worth ISD,2023-24,GF,pic23_swd,100756849,70903.0,1421.05
220905,Fort Worth ISD,2023-24,GF,pic24_comp_ed,55915190,70903.0,788.62
220905,Fort Worth ISD,2023-24,GF,pic25_bilingual,10999480,70903.0,155.13
220905,Fort Worth ISD,2023-24,GF,pic91_athletics,18975162,70903.0,267.62
220905,Fort Worth ISD,2023-24,GF,pic99_unallocated,177948460,70903.0,2509.75
220905,Fort Worth ISD,2023-24,GF,disb_recapture,4111116,70903.0,57.98
220905,Fort Worth ISD,2023-24,GF,disb_total,851647128,70903.0,12011.44
015915,Northside ISD,2023-24,GF,rev_local_mo,489417591,100600.0,4864.99
015915,Northside ISD,2023-24,GF,rev_state_oper,385359508,100600.0,3830.61
015915,Northside ISD,2023-24,GF,rev_federal,22597133,100600.0,224.62
015915,Northside ISD,2023-24,GF,rev_other_local,50445024,100600.0,501.44
015915,Northside ISD,2023-24,GF,rev_total_oper,947819256,100600.0,9421.66
015915,Northside ISD,2023-24,GF,rev_local_is,0,100600.0,0.0
015915,Northside ISD,2023-24,GF,rev_state_debt,0,100600.0,0.0
015915,Northside ISD,2023-24,GF,rev_total_other,386593,100600.0,3.84
015915,Northside ISD,2023-24,GF,recapture_rev,0,100600.0,0.0
015915,Northside ISD,2023-24,GF,rev_trs_onbehalf,57653052,100600.0,573.09
015915,Northside ISD,2023-24,GF,rev_debt_fin,0,100600.0,0.0
015915,Northside ISD,2023-24,GF,exp_payroll_61,919722499,100600.0,9142.37
015915,Northside ISD,2023-24,GF,exp_contracted_62,54004858,100600.0,536.83
015915,Northside ISD,2023-24,GF,exp_supplies_63,40645483,100600.0,404.03
015915,Northside ISD,2023-24,GF,exp_otherop_64,15793602,100600.0,156.99
015915,Northside ISD,2023-24,GF,exp_total_oper,1030166442,100600.0,10240.22
015915,Northside ISD,2023-24,GF,exp_debt_65,1251524,100600.0,12.44
015915,Northside ISD,2023-24,GF,exp_capital_66,8172412,100600.0,81.24
015915,Northside ISD,2023-24,GF,exp_grand_total,1039844843,100600.0,10336.43
015915,Northside ISD,2023-24,GF,f11_instruction,626860762,100600.0,6231.22
015915,Northside ISD,2023-24,GF,f12_instr_resources,13595060,100600.0,135.14
015915,Northside ISD,2023-24,GF,f13_curriculum_staffdev,18582521,100600.0,184.72
015915,Northside ISD,2023-24,GF,f21_instr_leadership,20134392,100600.0,200.14
015915,Northside ISD,2023-24,GF,f23_school_leadership,60443231,100600.0,600.83
015915,Northside ISD,2023-24,GF,f31_guidance,45760193,100600.0,454.87
015915,Northside ISD,2023-24,GF,f32_social_work,3414208,100600.0,33.94
015915,Northside ISD,2023-24,GF,f33_health,11539886,100600.0,114.71
015915,Northside ISD,2023-24,GF,f34_transportation,34946736,100600.0,347.38
015915,Northside ISD,2023-24,GF,f35_food,514681,100600.0,5.12
015915,Northside ISD,2023-24,GF,f36_extracurricular,25837257,100600.0,256.83
015915,Northside ISD,2023-24,GF,f41_general_admin,16230628,100600.0,161.34
015915,Northside ISD,2023-24,GF,f51_plant_maint,110393850,100600.0,1097.35
015915,Northside ISD,2023-24,GF,f52_security,10773515,100600.0,107.09
015915,Northside ISD,2023-24,GF,f53_data_processing,20730955,100600.0,206.07
015915,Northside ISD,2023-24,GF,f61_community,10408567,100600.0,103.46
015915,Northside ISD,2023-24,GF,pic11_basic,519114680,100600.0,5160.19
015915,Northside ISD,2023-24,GF,pic21_gt,12260696,100600.0,121.88
015915,Northside ISD,2023-24,GF,pic22_cte,32196792,100600.0,320.05
015915,Northside ISD,2023-24,GF,pic23_swd,171929060,100600.0,1709.04
015915,Northside ISD,2023-24,GF,pic24_comp_ed,49716530,100600.0,494.2
015915,Northside ISD,2023-24,GF,pic25_bilingual,4415084,100600.0,43.89
015915,Northside ISD,2023-24,GF,pic91_athletics,18689492,100600.0,185.78
015915,Northside ISD,2023-24,GF,pic99_unallocated,204056461,100600.0,2028.39
015915,Northside ISD,2023-24,GF,disb_recapture,0,100600.0,0.0
015915,Northside ISD,2023-24,GF,disb_total,1046003391,100600.0,10397.65
101907,Cypress-Fairbanks ISD,2023-24,GF,rev_local_mo,440949459,118187.0,3730.95
101907,Cypress-Fairbanks ISD,2023-24,GF,rev_state_oper,499604457,118187.0,4227.24
101907,Cypress-Fairbanks ISD,2023-24,GF,rev_federal,31741289,118187.0,268.57
101907,Cypress-Fairbanks ISD,2023-24,GF,rev_other_local,49078976,118187.0,415.27
101907,Cypress-Fairbanks ISD,2023-24,GF,rev_total_oper,1021374181,118187.0,8642.02
101907,Cypress-Fairbanks ISD,2023-24,GF,rev_local_is,0,118187.0,0.0
101907,Cypress-Fairbanks ISD,2023-24,GF,rev_state_debt,0,118187.0,0.0
101907,Cypress-Fairbanks ISD,2023-24,GF,rev_total_other,6794831,118187.0,57.49
101907,Cypress-Fairbanks ISD,2023-24,GF,recapture_rev,0,118187.0,0.0
101907,Cypress-Fairbanks ISD,2023-24,GF,rev_trs_onbehalf,67575741,118187.0,571.77
101907,Cypress-Fairbanks ISD,2023-24,GF,rev_debt_fin,0,118187.0,0.0
101907,Cypress-Fairbanks ISD,2023-24,GF,exp_payroll_61,973897856,118187.0,8240.31
101907,Cypress-Fairbanks ISD,2023-24,GF,exp_contracted_62,50130679,118187.0,424.16
101907,Cypress-Fairbanks ISD,2023-24,GF,exp_supplies_63,27822345,118187.0,235.41
101907,Cypress-Fairbanks ISD,2023-24,GF,exp_otherop_64,18939846,118187.0,160.25
101907,Cypress-Fairbanks ISD,2023-24,GF,exp_total_oper,1070790726,118187.0,9060.14
101907,Cypress-Fairbanks ISD,2023-24,GF,exp_debt_65,4603026,118187.0,38.95
101907,Cypress-Fairbanks ISD,2023-24,GF,exp_capital_66,7424954,118187.0,62.82
101907,Cypress-Fairbanks ISD,2023-24,GF,exp_grand_total,1083589926,118187.0,9168.44
101907,Cypress-Fairbanks ISD,2023-24,GF,f11_instruction,732408858,118187.0,6197.03
101907,Cypress-Fairbanks ISD,2023-24,GF,f12_instr_resources,8557495,118187.0,72.41
101907,Cypress-Fairbanks ISD,2023-24,GF,f13_curriculum_staffdev,13418895,118187.0,113.54
101907,Cypress-Fairbanks ISD,2023-24,GF,f21_instr_leadership,10438986,118187.0,88.33
101907,Cypress-Fairbanks ISD,2023-24,GF,f23_school_leadership,63874229,118187.0,540.45
101907,Cypress-Fairbanks ISD,2023-24,GF,f31_guidance,25060939,118187.0,212.04
101907,Cypress-Fairbanks ISD,2023-24,GF,f32_social_work,441325,118187.0,3.73
101907,Cypress-Fairbanks ISD,2023-24,GF,f33_health,13335358,118187.0,112.83
101907,Cypress-Fairbanks ISD,2023-24,GF,f34_transportation,46123304,118187.0,390.26
101907,Cypress-Fairbanks ISD,2023-24,GF,f35_food,0,118187.0,0.0
101907,Cypress-Fairbanks ISD,2023-24,GF,f36_extracurricular,25048358,118187.0,211.94
101907,Cypress-Fairbanks ISD,2023-24,GF,f41_general_admin,20443803,118187.0,172.98
101907,Cypress-Fairbanks ISD,2023-24,GF,f51_plant_maint,64553985,118187.0,546.2
101907,Cypress-Fairbanks ISD,2023-24,GF,f52_security,16760879,118187.0,141.82
101907,Cypress-Fairbanks ISD,2023-24,GF,f53_data_processing,20000810,118187.0,169.23
101907,Cypress-Fairbanks ISD,2023-24,GF,f61_community,10323502,118187.0,87.35
101907,Cypress-Fairbanks ISD,2023-24,GF,pic11_basic,510016536,118187.0,4315.34
101907,Cypress-Fairbanks ISD,2023-24,GF,pic21_gt,6272818,118187.0,53.08
101907,Cypress-Fairbanks ISD,2023-24,GF,pic22_cte,40357994,118187.0,341.48
101907,Cypress-Fairbanks ISD,2023-24,GF,pic23_swd,163050023,118187.0,1379.59
101907,Cypress-Fairbanks ISD,2023-24,GF,pic24_comp_ed,62650830,118187.0,530.1
101907,Cypress-Fairbanks ISD,2023-24,GF,pic25_bilingual,7221976,118187.0,61.11
101907,Cypress-Fairbanks ISD,2023-24,GF,pic91_athletics,16570530,118187.0,140.21
101907,Cypress-Fairbanks ISD,2023-24,GF,pic99_unallocated,230609070,118187.0,1951.22
101907,Cypress-Fairbanks ISD,2023-24,GF,disb_recapture,0,118187.0,0.0
101907,Cypress-Fairbanks ISD,2023-24,GF,disb_total,1091764392,118187.0,9237.6
101914,Katy ISD,2023-24,GF,rev_local_mo,387572857,94589.0,4097.44
101914,Katy ISD,2023-24,GF,rev_state_oper,538774508,94589.0,5695.95
101914,Katy ISD,2023-24,GF,rev_federal,11462688,94589.0,121.18
101914,Katy ISD,2023-24,GF,rev_other_local,38247531,94589.0,404.35
101914,Katy ISD,2023-24,GF,rev_total_oper,976057584,94589.0,10318.93
101914,Katy ISD,2023-24,GF,rev_local_is,0,94589.0,0.0
101914,Katy ISD,2023-24,GF,rev_state_debt,0,94589.0,0.0
101914,Katy ISD,2023-24,GF,rev_total_other,5143227,94589.0,54.37
101914,Katy ISD,2023-24,GF,recapture_rev,0,94589.0,0.0
101914,Katy ISD,2023-24,GF,rev_trs_onbehalf,57046034,94589.0,603.09
101914,Katy ISD,2023-24,GF,rev_debt_fin,0,94589.0,0.0
101914,Katy ISD,2023-24,GF,exp_payroll_61,896208037,94589.0,9474.76
101914,Katy ISD,2023-24,GF,exp_contracted_62,43629083,94589.0,461.25
101914,Katy ISD,2023-24,GF,exp_supplies_63,41115173,94589.0,434.67
101914,Katy ISD,2023-24,GF,exp_otherop_64,18418671,94589.0,194.72
101914,Katy ISD,2023-24,GF,exp_total_oper,999370964,94589.0,10565.4
101914,Katy ISD,2023-24,GF,exp_debt_65,2646774,94589.0,27.98
101914,Katy ISD,2023-24,GF,exp_capital_66,9975277,94589.0,105.46
101914,Katy ISD,2023-24,GF,exp_grand_total,1012868440,94589.0,10708.1
101914,Katy ISD,2023-24,GF,f11_instruction,663259845,94589.0,7012.02
101914,Katy ISD,2023-24,GF,f12_instr_resources,10489776,94589.0,110.9
101914,Katy ISD,2023-24,GF,f13_curriculum_staffdev,14191192,94589.0,150.03
101914,Katy ISD,2023-24,GF,f21_instr_leadership,10276156,94589.0,108.64
101914,Katy ISD,2023-24,GF,f23_school_leadership,57290311,94589.0,605.68
101914,Katy ISD,2023-24,GF,f31_guidance,45115781,94589.0,476.97
101914,Katy ISD,2023-24,GF,f32_social_work,1070133,94589.0,11.31
101914,Katy ISD,2023-24,GF,f33_health,11064713,94589.0,116.98
101914,Katy ISD,2023-24,GF,f34_transportation,28102152,94589.0,297.1
101914,Katy ISD,2023-24,GF,f35_food,0,94589.0,0.0
101914,Katy ISD,2023-24,GF,f36_extracurricular,21439675,94589.0,226.66
101914,Katy ISD,2023-24,GF,f41_general_admin,19107825,94589.0,202.01
101914,Katy ISD,2023-24,GF,f51_plant_maint,83763390,94589.0,885.55
101914,Katy ISD,2023-24,GF,f52_security,15077049,94589.0,159.4
101914,Katy ISD,2023-24,GF,f53_data_processing,18523920,94589.0,195.84
101914,Katy ISD,2023-24,GF,f61_community,599046,94589.0,6.33
101914,Katy ISD,2023-24,GF,pic11_basic,500665956,94589.0,5293.07
101914,Katy ISD,2023-24,GF,pic21_gt,5613628,94589.0,59.35
101914,Katy ISD,2023-24,GF,pic22_cte,34098693,94589.0,360.49
101914,Katy ISD,2023-24,GF,pic23_swd,165015161,94589.0,1744.55
101914,Katy ISD,2023-24,GF,pic24_comp_ed,56002731,94589.0,592.06
101914,Katy ISD,2023-24,GF,pic25_bilingual,13899845,94589.0,146.95
101914,Katy ISD,2023-24,GF,pic91_athletics,13068475,94589.0,138.16
101914,Katy ISD,2023-24,GF,pic99_unallocated,172407248,94589.0,1822.7
101914,Katy ISD,2023-24,GF,disb_recapture,0,94589.0,0.0
101914,Katy ISD,2023-24,GF,disb_total,1026731391,94589.0,10854.66
079907,Fort Bend ISD,2023-24,GF,rev_local_mo,374707743,80034.0,4681.86
079907,Fort Bend ISD,2023-24,GF,rev_state_oper,370576935,80034.0,4630.24
079907,Fort Bend ISD,2023-24,GF,rev_federal,9503550,80034.0,118.74
079907,Fort Bend ISD,2023-24,GF,rev_other_local,16553751,80034.0,206.83
079907,Fort Bend ISD,2023-24,GF,rev_total_oper,771341979,80034.0,9637.68
079907,Fort Bend ISD,2023-24,GF,rev_local_is,0,80034.0,0.0
079907,Fort Bend ISD,2023-24,GF,rev_state_debt,0,80034.0,0.0
079907,Fort Bend ISD,2023-24,GF,rev_total_other,2804584,80034.0,35.04
079907,Fort Bend ISD,2023-24,GF,recapture_rev,0,80034.0,0.0
079907,Fort Bend ISD,2023-24,GF,rev_trs_onbehalf,41872488,80034.0,523.18
079907,Fort Bend ISD,2023-24,GF,rev_debt_fin,0,80034.0,0.0
079907,Fort Bend ISD,2023-24,GF,exp_payroll_61,699229743,80034.0,8736.66
079907,Fort Bend ISD,2023-24,GF,exp_contracted_62,50024406,80034.0,625.04
079907,Fort Bend ISD,2023-24,GF,exp_supplies_63,26644705,80034.0,332.92
079907,Fort Bend ISD,2023-24,GF,exp_otherop_64,13484419,80034.0,168.48
079907,Fort Bend ISD,2023-24,GF,exp_total_oper,789383273,80034.0,9863.1
079907,Fort Bend ISD,2023-24,GF,exp_debt_65,5825205,80034.0,72.78
079907,Fort Bend ISD,2023-24,GF,exp_capital_66,502047,80034.0,6.27
079907,Fort Bend ISD,2023-24,GF,exp_grand_total,795710525,80034.0,9942.16
079907,Fort Bend ISD,2023-24,GF,f11_instruction,465687817,80034.0,5818.62
079907,Fort Bend ISD,2023-24,GF,f12_instr_resources,7489690,80034.0,93.58
079907,Fort Bend ISD,2023-24,GF,f13_curriculum_staffdev,16127565,80034.0,201.51
079907,Fort Bend ISD,2023-24,GF,f21_instr_leadership,18800939,80034.0,234.91
079907,Fort Bend ISD,2023-24,GF,f23_school_leadership,50004327,80034.0,624.79
079907,Fort Bend ISD,2023-24,GF,f31_guidance,42250746,80034.0,527.91
079907,Fort Bend ISD,2023-24,GF,f32_social_work,2501837,80034.0,31.26
079907,Fort Bend ISD,2023-24,GF,f33_health,9446502,80034.0,118.03
079907,Fort Bend ISD,2023-24,GF,f34_transportation,26309832,80034.0,328.73
079907,Fort Bend ISD,2023-24,GF,f35_food,34977,80034.0,0.44
079907,Fort Bend ISD,2023-24,GF,f36_extracurricular,17867344,80034.0,223.25
079907,Fort Bend ISD,2023-24,GF,f41_general_admin,20076669,80034.0,250.85
079907,Fort Bend ISD,2023-24,GF,f51_plant_maint,82056941,80034.0,1025.28
079907,Fort Bend ISD,2023-24,GF,f52_security,13173752,80034.0,164.6
079907,Fort Bend ISD,2023-24,GF,f53_data_processing,16732241,80034.0,209.06
079907,Fort Bend ISD,2023-24,GF,f61_community,822094,80034.0,10.27
079907,Fort Bend ISD,2023-24,GF,pic11_basic,374721050,80034.0,4682.02
079907,Fort Bend ISD,2023-24,GF,pic21_gt,3011901,80034.0,37.63
079907,Fort Bend ISD,2023-24,GF,pic22_cte,22139266,80034.0,276.62
079907,Fort Bend ISD,2023-24,GF,pic23_swd,148122321,80034.0,1850.74
079907,Fort Bend ISD,2023-24,GF,pic24_comp_ed,24130400,80034.0,301.5
079907,Fort Bend ISD,2023-24,GF,pic25_bilingual,9059218,80034.0,113.19
079907,Fort Bend ISD,2023-24,GF,pic91_athletics,12077900,80034.0,150.91
079907,Fort Bend ISD,2023-24,GF,pic99_unallocated,161522235,80034.0,2018.17
079907,Fort Bend ISD,2023-24,GF,disb_recapture,0,80034.0,0.0
079907,Fort Bend ISD,2023-24,GF,disb_total,804127958,80034.0,10047.33
STATE,State total (all districts+charters),2023-24,GF,rev_local_mo,25114419573,5516711.0,4552.43
STATE,State total (all districts+charters),2023-24,GF,rev_state_oper,29413325962,5516711.0,5331.68
STATE,State total (all districts+charters),2023-24,GF,rev_federal,1600512515,5516711.0,290.12
STATE,State total (all districts+charters),2023-24,GF,rev_other_local,2894490514,5516711.0,524.68
STATE,State total (all districts+charters),2023-24,GF,rev_total_oper,59022748564,5516711.0,10698.9
STATE,State total (all districts+charters),2023-24,GF,rev_local_is,0,5516711.0,0.0
STATE,State total (all districts+charters),2023-24,GF,rev_state_debt,0,5516711.0,0.0
STATE,State total (all districts+charters),2023-24,GF,rev_total_other,951779706,5516711.0,172.53
STATE,State total (all districts+charters),2023-24,GF,recapture_rev,2693303580,5516711.0,488.21
STATE,State total (all districts+charters),2023-24,GF,rev_trs_onbehalf,3035361214,5516711.0,550.21
STATE,State total (all districts+charters),2023-24,GF,rev_debt_fin,0,5516711.0,0.0
STATE,State total (all districts+charters),2023-24,GF,exp_payroll_61,48750143531,5516711.0,8836.81
STATE,State total (all districts+charters),2023-24,GF,exp_contracted_62,5759236510,5516711.0,1043.96
STATE,State total (all districts+charters),2023-24,GF,exp_supplies_63,2826199341,5516711.0,512.3
STATE,State total (all districts+charters),2023-24,GF,exp_otherop_64,1999162544,5516711.0,362.38
STATE,State total (all districts+charters),2023-24,GF,exp_total_oper,59334741926,5516711.0,10755.46
STATE,State total (all districts+charters),2023-24,GF,exp_debt_65,669541532,5516711.0,121.37
STATE,State total (all districts+charters),2023-24,GF,exp_capital_66,1493250440,5516711.0,270.68
STATE,State total (all districts+charters),2023-24,GF,exp_grand_total,61521715091,5516711.0,11151.88
STATE,State total (all districts+charters),2023-24,GF,f11_instruction,33960037286,5516711.0,6155.85
STATE,State total (all districts+charters),2023-24,GF,f12_instr_resources,595284941,5516711.0,107.91
STATE,State total (all districts+charters),2023-24,GF,f13_curriculum_staffdev,972990686,5516711.0,176.37
STATE,State total (all districts+charters),2023-24,GF,f21_instr_leadership,1007779743,5516711.0,182.68
STATE,State total (all districts+charters),2023-24,GF,f23_school_leadership,3904515826,5516711.0,707.76
STATE,State total (all districts+charters),2023-24,GF,f31_guidance,2166726658,5516711.0,392.76
STATE,State total (all districts+charters),2023-24,GF,f32_social_work,133313103,5516711.0,24.17
STATE,State total (all districts+charters),2023-24,GF,f33_health,664328470,5516711.0,120.42
STATE,State total (all districts+charters),2023-24,GF,f34_transportation,2119174520,5516711.0,384.14
STATE,State total (all districts+charters),2023-24,GF,f35_food,482186973,5516711.0,87.4
STATE,State total (all districts+charters),2023-24,GF,f36_extracurricular,1843307289,5516711.0,334.13
STATE,State total (all districts+charters),2023-24,GF,f41_general_admin,2222927991,5516711.0,402.94
STATE,State total (all districts+charters),2023-24,GF,f51_plant_maint,6852043119,5516711.0,1242.05
STATE,State total (all districts+charters),2023-24,GF,f52_security,957702810,5516711.0,173.6
STATE,State total (all districts+charters),2023-24,GF,f53_data_processing,1249776275,5516711.0,226.54
STATE,State total (all districts+charters),2023-24,GF,f61_community,181648462,5516711.0,32.93
STATE,State total (all districts+charters),2023-24,GF,pic11_basic,27047427259,5516711.0,4902.82
STATE,State total (all districts+charters),2023-24,GF,pic21_gt,378736124,5516711.0,68.65
STATE,State total (all districts+charters),2023-24,GF,pic22_cte,2352755476,5516711.0,426.48
STATE,State total (all districts+charters),2023-24,GF,pic23_swd,7897529306,5516711.0,1431.56
STATE,State total (all districts+charters),2023-24,GF,pic24_comp_ed,3438022884,5516711.0,623.2
STATE,State total (all districts+charters),2023-24,GF,pic25_bilingual,648475796,5516711.0,117.55
STATE,State total (all districts+charters),2023-24,GF,pic91_athletics,1361680909,5516711.0,246.83
STATE,State total (all districts+charters),2023-24,GF,pic99_unallocated,14153728393,5516711.0,2565.61
STATE,State total (all districts+charters),2023-24,GF,disb_recapture,2693303580,5516711.0,488.21
STATE,State total (all districts+charters),2023-24,GF,disb_total,65807388373,5516711.0,11928.74
STATE_ISD,State total (ISDs only),2023-24,GF,rev_local_mo,25098916406,5092830.0,4928.28
STATE_ISD,State total (ISDs only),2023-24,GF,rev_state_oper,24939355533,5092830.0,4896.95
STATE_ISD,State total (ISDs only),2023-24,GF,rev_federal,1573354032,5092830.0,308.94
STATE_ISD,State total (ISDs only),2023-24,GF,rev_other_local,2644288246,5092830.0,519.22
STATE_ISD,State total (ISDs only),2023-24,GF,rev_total_oper,54255914217,5092830.0,10653.39
STATE_ISD,State total (ISDs only),2023-24,GF,rev_local_is,0,5092830.0,0.0
STATE_ISD,State total (ISDs only),2023-24,GF,rev_state_debt,0,5092830.0,0.0
STATE_ISD,State total (ISDs only),2023-24,GF,rev_total_other,895525099,5092830.0,175.84
STATE_ISD,State total (ISDs only),2023-24,GF,recapture_rev,2677992142,5092830.0,525.84
STATE_ISD,State total (ISDs only),2023-24,GF,rev_trs_onbehalf,2895623306,5092830.0,568.57
STATE_ISD,State total (ISDs only),2023-24,GF,rev_debt_fin,0,5092830.0,0.0
STATE_ISD,State total (ISDs only),2023-24,GF,exp_payroll_61,45780619037,5092830.0,8989.23
STATE_ISD,State total (ISDs only),2023-24,GF,exp_contracted_62,4940834253,5092830.0,970.15
STATE_ISD,State total (ISDs only),2023-24,GF,exp_supplies_63,2636707506,5092830.0,517.73
STATE_ISD,State total (ISDs only),2023-24,GF,exp_otherop_64,1594790001,5092830.0,313.14
STATE_ISD,State total (ISDs only),2023-24,GF,exp_total_oper,54952950797,5092830.0,10790.26
STATE_ISD,State total (ISDs only),2023-24,GF,exp_debt_65,385018463,5092830.0,75.6
STATE_ISD,State total (ISDs only),2023-24,GF,exp_capital_66,1492703640,5092830.0,293.1
STATE_ISD,State total (ISDs only),2023-24,GF,exp_grand_total,56854854093,5092830.0,11163.71
STATE_ISD,State total (ISDs only),2023-24,GF,f11_instruction,31705733844,5092830.0,6225.56
STATE_ISD,State total (ISDs only),2023-24,GF,f12_instr_resources,586557335,5092830.0,115.17
STATE_ISD,State total (ISDs only),2023-24,GF,f13_curriculum_staffdev,857874671,5092830.0,168.45
STATE_ISD,State total (ISDs only),2023-24,GF,f21_instr_leadership,926812091,5092830.0,181.98
STATE_ISD,State total (ISDs only),2023-24,GF,f23_school_leadership,3481072141,5092830.0,683.52
STATE_ISD,State total (ISDs only),2023-24,GF,f31_guidance,2050465513,5092830.0,402.62
STATE_ISD,State total (ISDs only),2023-24,GF,f32_social_work,128300837,5092830.0,25.19
STATE_ISD,State total (ISDs only),2023-24,GF,f33_health,633083518,5092830.0,124.31
STATE_ISD,State total (ISDs only),2023-24,GF,f34_transportation,2011669832,5092830.0,395.0
STATE_ISD,State total (ISDs only),2023-24,GF,f35_food,463982411,5092830.0,91.11
STATE_ISD,State total (ISDs only),2023-24,GF,f36_extracurricular,1791747631,5092830.0,351.82
STATE_ISD,State total (ISDs only),2023-24,GF,f41_general_admin,1936597612,5092830.0,380.26
STATE_ISD,State total (ISDs only),2023-24,GF,f51_plant_maint,6189654930,5092830.0,1215.37
STATE_ISD,State total (ISDs only),2023-24,GF,f52_security,899088462,5092830.0,176.54
STATE_ISD,State total (ISDs only),2023-24,GF,f53_data_processing,1125861212,5092830.0,221.07
STATE_ISD,State total (ISDs only),2023-24,GF,f61_community,164448757,5092830.0,32.29
STATE_ISD,State total (ISDs only),2023-24,GF,pic11_basic,24972519121,5092830.0,4903.47
STATE_ISD,State total (ISDs only),2023-24,GF,pic21_gt,373635421,5092830.0,73.36
STATE_ISD,State total (ISDs only),2023-24,GF,pic22_cte,2230650982,5092830.0,438.0
STATE_ISD,State total (ISDs only),2023-24,GF,pic23_swd,7523503659,5092830.0,1477.27
STATE_ISD,State total (ISDs only),2023-24,GF,pic24_comp_ed,3161873135,5092830.0,620.85
STATE_ISD,State total (ISDs only),2023-24,GF,pic25_bilingual,581376573,5092830.0,114.16
STATE_ISD,State total (ISDs only),2023-24,GF,pic91_athletics,1326008292,5092830.0,260.37
STATE_ISD,State total (ISDs only),2023-24,GF,pic99_unallocated,12876050123,5092830.0,2528.27
STATE_ISD,State total (ISDs only),2023-24,GF,disb_recapture,2677992142,5092830.0,525.84
STATE_ISD,State total (ISDs only),2023-24,GF,disb_total,61067086480,5092830.0,11990.8
101912,Houston ISD,2023-24,AF,rev_local_mo,1506848009,183603.0,8207.1
101912,Houston ISD,2023-24,AF,rev_state_oper,256782994,183603.0,1398.58
101912,Houston ISD,2023-24,AF,rev_federal,779835009,183603.0,4247.4
101912,Houston ISD,2023-24,AF,rev_other_local,110022241,183603.0,599.24
101912,Houston ISD,2023-24,AF,rev_total_oper,2653488253,183603.0,14452.31
101912,Houston ISD,2023-24,AF,rev_local_is,357262478,183603.0,1945.84
101912,Houston ISD,2023-24,AF,rev_state_debt,17973535,183603.0,97.89
101912,Houston ISD,2023-24,AF,rev_total_other,488643537,183603.0,2661.41
101912,Houston ISD,2023-24,AF,recapture_rev,0,183603.0,0.0
101912,Houston ISD,2023-24,AF,rev_trs_onbehalf,109490737,183603.0,596.35
101912,Houston ISD,2023-24,AF,rev_debt_fin,22256775,183603.0,121.22
101912,Houston ISD,2023-24,AF,exp_payroll_61,2022315659,183603.0,11014.61
101912,Houston ISD,2023-24,AF,exp_contracted_62,365850595,183603.0,1992.62
101912,Houston ISD,2023-24,AF,exp_supplies_63,190916958,183603.0,1039.84
101912,Houston ISD,2023-24,AF,exp_otherop_64,53316705,183603.0,290.39
101912,Houston ISD,2023-24,AF,exp_total_oper,2632399917,183603.0,14337.46
101912,Houston ISD,2023-24,AF,exp_debt_65,429012031,183603.0,2336.63
101912,Houston ISD,2023-24,AF,exp_capital_66,267209705,183603.0,1455.37
101912,Houston ISD,2023-24,AF,exp_grand_total,3332345222,183603.0,18149.73
101912,Houston ISD,2023-24,AF,f11_instruction,1480716426,183603.0,8064.77
101912,Houston ISD,2023-24,AF,f12_instr_resources,14977840,183603.0,81.58
101912,Houston ISD,2023-24,AF,f13_curriculum_staffdev,61712624,183603.0,336.12
101912,Houston ISD,2023-24,AF,f21_instr_leadership,84882342,183603.0,462.31
101912,Houston ISD,2023-24,AF,f23_school_leadership,219716574,183603.0,1196.69
101912,Houston ISD,2023-24,AF,f31_guidance,82998876,183603.0,452.06
101912,Houston ISD,2023-24,AF,f32_social_work,25364413,183603.0,138.15
101912,Houston ISD,2023-24,AF,f33_health,27838907,183603.0,151.63
101912,Houston ISD,2023-24,AF,f34_transportation,56103368,183603.0,305.57
101912,Houston ISD,2023-24,AF,f35_food,146367460,183603.0,797.2
101912,Houston ISD,2023-24,AF,f36_extracurricular,39024557,183603.0,212.55
101912,Houston ISD,2023-24,AF,f41_general_admin,61607637,183603.0,335.55
101912,Houston ISD,2023-24,AF,f51_plant_maint,226188915,183603.0,1231.95
101912,Houston ISD,2023-24,AF,f52_security,32649639,183603.0,177.83
101912,Houston ISD,2023-24,AF,f53_data_processing,56704704,183603.0,308.84
101912,Houston ISD,2023-24,AF,f61_community,15545635,183603.0,84.67
101912,Houston ISD,2023-24,AF,pic11_basic,1158402254,183603.0,6309.28
101912,Houston ISD,2023-24,AF,pic21_gt,8246591,183603.0,44.92
101912,Houston ISD,2023-24,AF,pic22_cte,54975323,183603.0,299.42
101912,Houston ISD,2023-24,AF,pic23_swd,295357162,183603.0,1608.67
101912,Houston ISD,2023-24,AF,pic24_comp_ed,315904153,183603.0,1720.58
101912,Houston ISD,2023-24,AF,pic25_bilingual,45158715,183603.0,245.96
101912,Houston ISD,2023-24,AF,pic91_athletics,20930946,183603.0,114.0
101912,Houston ISD,2023-24,AF,pic99_unallocated,643429938,183603.0,3504.46
101912,Houston ISD,2023-24,AF,disb_recapture,0,183603.0,0.0
101912,Houston ISD,2023-24,AF,disb_total,3445215090,183603.0,18764.48
057905,Dallas ISD,2023-24,AF,rev_local_mo,1238439171,139096.0,8903.49
057905,Dallas ISD,2023-24,AF,rev_state_oper,236458764,139096.0,1699.97
057905,Dallas ISD,2023-24,AF,rev_federal,595440936,139096.0,4280.79
057905,Dallas ISD,2023-24,AF,rev_other_local,81188867,139096.0,583.69
057905,Dallas ISD,2023-24,AF,rev_total_oper,2151527738,139096.0,15467.93
057905,Dallas ISD,2023-24,AF,rev_local_is,402021108,139096.0,2890.24
057905,Dallas ISD,2023-24,AF,rev_state_debt,21684462,139096.0,155.9
057905,Dallas ISD,2023-24,AF,rev_total_other,445780513,139096.0,3204.84
057905,Dallas ISD,2023-24,AF,recapture_rev,44498624,139096.0,319.91
057905,Dallas ISD,2023-24,AF,rev_trs_onbehalf,82485895,139096.0,593.01
057905,Dallas ISD,2023-24,AF,rev_debt_fin,7167000,139096.0,51.53
057905,Dallas ISD,2023-24,AF,exp_payroll_61,1735394259,139096.0,12476.23
057905,Dallas ISD,2023-24,AF,exp_contracted_62,182798809,139096.0,1314.19
057905,Dallas ISD,2023-24,AF,exp_supplies_63,202874415,139096.0,1458.52
057905,Dallas ISD,2023-24,AF,exp_otherop_64,37536497,139096.0,269.86
057905,Dallas ISD,2023-24,AF,exp_total_oper,2158603980,139096.0,15518.81
057905,Dallas ISD,2023-24,AF,exp_debt_65,421819255,139096.0,3032.58
057905,Dallas ISD,2023-24,AF,exp_capital_66,617245879,139096.0,4437.55
057905,Dallas ISD,2023-24,AF,exp_grand_total,3197821629,139096.0,22990.03
057905,Dallas ISD,2023-24,AF,f11_instruction,1107018638,139096.0,7958.67
057905,Dallas ISD,2023-24,AF,f12_instr_resources,15577046,139096.0,111.99
057905,Dallas ISD,2023-24,AF,f13_curriculum_staffdev,85578704,139096.0,615.25
057905,Dallas ISD,2023-24,AF,f21_instr_leadership,76336395,139096.0,548.8
057905,Dallas ISD,2023-24,AF,f23_school_leadership,126282768,139096.0,907.88
057905,Dallas ISD,2023-24,AF,f31_guidance,107774961,139096.0,774.82
057905,Dallas ISD,2023-24,AF,f32_social_work,1525722,139096.0,10.97
057905,Dallas ISD,2023-24,AF,f33_health,24426820,139096.0,175.61
057905,Dallas ISD,2023-24,AF,f34_transportation,75506440,139096.0,542.84
057905,Dallas ISD,2023-24,AF,f35_food,119003140,139096.0,855.55
057905,Dallas ISD,2023-24,AF,f36_extracurricular,52335020,139096.0,376.25
057905,Dallas ISD,2023-24,AF,f41_general_admin,63285841,139096.0,454.98
057905,Dallas ISD,2023-24,AF,f51_plant_maint,204792544,139096.0,1472.31
057905,Dallas ISD,2023-24,AF,f52_security,41156586,139096.0,295.89
057905,Dallas ISD,2023-24,AF,f53_data_processing,38294934,139096.0,275.31
057905,Dallas ISD,2023-24,AF,f61_community,19708421,139096.0,141.69
057905,Dallas ISD,2023-24,AF,pic11_basic,834739092,139096.0,6001.17
057905,Dallas ISD,2023-24,AF,pic21_gt,12892524,139096.0,92.69
057905,Dallas ISD,2023-24,AF,pic22_cte,54317686,139096.0,390.51
057905,Dallas ISD,2023-24,AF,pic23_swd,241943603,139096.0,1739.4
057905,Dallas ISD,2023-24,AF,pic24_comp_ed,338442263,139096.0,2433.16
057905,Dallas ISD,2023-24,AF,pic25_bilingual,35981334,139096.0,258.68
057905,Dallas ISD,2023-24,AF,pic91_athletics,29298522,139096.0,210.64
057905,Dallas ISD,2023-24,AF,pic99_unallocated,545682870,139096.0,3923.07
057905,Dallas ISD,2023-24,AF,disb_recapture,44498624,139096.0,319.91
057905,Dallas ISD,2023-24,AF,disb_total,3257644214,139096.0,23420.11
227901,Austin ISD,2023-24,AF,rev_local_mo,687256471,72739.0,9448.25
227901,Austin ISD,2023-24,AF,rev_state_oper,45418222,72739.0,624.4
227901,Austin ISD,2023-24,AF,rev_federal,167200826,72739.0,2298.64
227901,Austin ISD,2023-24,AF,rev_other_local,67069907,72739.0,922.06
227901,Austin ISD,2023-24,AF,rev_total_oper,966945426,72739.0,13293.36
227901,Austin ISD,2023-24,AF,rev_local_is,225877048,72739.0,3105.31
227901,Austin ISD,2023-24,AF,rev_state_debt,10408177,72739.0,143.09
227901,Austin ISD,2023-24,AF,rev_total_other,243947680,72739.0,3353.74
227901,Austin ISD,2023-24,AF,recapture_rev,664839391,72739.0,9140.07
227901,Austin ISD,2023-24,AF,rev_trs_onbehalf,48022680,72739.0,660.21
227901,Austin ISD,2023-24,AF,rev_debt_fin,771839115,72739.0,10611.08
227901,Austin ISD,2023-24,AF,exp_payroll_61,858832565,72739.0,11807.04
227901,Austin ISD,2023-24,AF,exp_contracted_62,104693208,72739.0,1439.3
227901,Austin ISD,2023-24,AF,exp_supplies_63,75073860,72739.0,1032.1
227901,Austin ISD,2023-24,AF,exp_otherop_64,15183851,72739.0,208.74
227901,Austin ISD,2023-24,AF,exp_total_oper,1053783484,72739.0,14487.19
227901,Austin ISD,2023-24,AF,exp_debt_65,196172463,72739.0,2696.94
227901,Austin ISD,2023-24,AF,exp_capital_66,136636542,72739.0,1878.45
227901,Austin ISD,2023-24,AF,exp_grand_total,1386683836,72739.0,19063.83
227901,Austin ISD,2023-24,AF,f11_instruction,549151014,72739.0,7549.61
227901,Austin ISD,2023-24,AF,f12_instr_resources,10845732,72739.0,149.1
227901,Austin ISD,2023-24,AF,f13_curriculum_staffdev,33885678,72739.0,465.85
227901,Austin ISD,2023-24,AF,f21_instr_leadership,23961482,72739.0,329.42
227901,Austin ISD,2023-24,AF,f23_school_leadership,63826591,72739.0,877.47
227901,Austin ISD,2023-24,AF,f31_guidance,51675243,72739.0,710.42
227901,Austin ISD,2023-24,AF,f32_social_work,5983708,72739.0,82.26
227901,Austin ISD,2023-24,AF,f33_health,9193033,72739.0,126.38
227901,Austin ISD,2023-24,AF,f34_transportation,44228983,72739.0,608.05
227901,Austin ISD,2023-24,AF,f35_food,47022667,72739.0,646.46
227901,Austin ISD,2023-24,AF,f36_extracurricular,18290963,72739.0,251.46
227901,Austin ISD,2023-24,AF,f41_general_admin,30455317,72739.0,418.69
227901,Austin ISD,2023-24,AF,f51_plant_maint,104588507,72739.0,1437.86
227901,Austin ISD,2023-24,AF,f52_security,16021897,72739.0,220.27
227901,Austin ISD,2023-24,AF,f53_data_processing,26193523,72739.0,360.1
227901,Austin ISD,2023-24,AF,f61_community,18459146,72739.0,253.77
227901,Austin ISD,2023-24,AF,pic11_basic,392273033,72739.0,5392.88
227901,Austin ISD,2023-24,AF,pic21_gt,1841155,72739.0,25.31
227901,Austin ISD,2023-24,AF,pic22_cte,24522701,72739.0,337.13
227901,Austin ISD,2023-24,AF,pic23_swd,221767406,72739.0,3048.81
227901,Austin ISD,2023-24,AF,pic24_comp_ed,73665497,72739.0,1012.74
227901,Austin ISD,2023-24,AF,pic25_bilingual,9868584,72739.0,135.67
227901,Austin ISD,2023-24,AF,pic91_athletics,13240099,72739.0,182.02
227901,Austin ISD,2023-24,AF,pic99_unallocated,281679110,72739.0,3872.46
227901,Austin ISD,2023-24,AF,disb_recapture,664839391,72739.0,9140.07
227901,Austin ISD,2023-24,AF,disb_total,2068011114,72739.0,28430.57
220905,Fort Worth ISD,2023-24,AF,rev_local_mo,398478595,70903.0,5620.05
220905,Fort Worth ISD,2023-24,AF,rev_state_oper,340517150,70903.0,4802.58
220905,Fort Worth ISD,2023-24,AF,rev_federal,152733853,70903.0,2154.12
220905,Fort Worth ISD,2023-24,AF,rev_other_local,33799246,70903.0,476.7
220905,Fort Worth ISD,2023-24,AF,rev_total_oper,925528844,70903.0,13053.45
220905,Fort Worth ISD,2023-24,AF,rev_local_is,137545176,70903.0,1939.91
220905,Fort Worth ISD,2023-24,AF,rev_state_debt,14900150,70903.0,210.15
220905,Fort Worth ISD,2023-24,AF,rev_total_other,200026388,70903.0,2821.13
220905,Fort Worth ISD,2023-24,AF,recapture_rev,4111116,70903.0,57.98
220905,Fort Worth ISD,2023-24,AF,rev_trs_onbehalf,43430487,70903.0,612.53
220905,Fort Worth ISD,2023-24,AF,rev_debt_fin,0,70903.0,0.0
220905,Fort Worth ISD,2023-24,AF,exp_payroll_61,796793077,70903.0,11237.79
220905,Fort Worth ISD,2023-24,AF,exp_contracted_62,98162219,70903.0,1384.46
220905,Fort Worth ISD,2023-24,AF,exp_supplies_63,95363173,70903.0,1344.98
220905,Fort Worth ISD,2023-24,AF,exp_otherop_64,17317259,70903.0,244.24
220905,Fort Worth ISD,2023-24,AF,exp_total_oper,1007635728,70903.0,14211.47
220905,Fort Worth ISD,2023-24,AF,exp_debt_65,182660332,70903.0,2576.2
220905,Fort Worth ISD,2023-24,AF,exp_capital_66,100024332,70903.0,1410.72
220905,Fort Worth ISD,2023-24,AF,exp_grand_total,1290360970,70903.0,18198.96
220905,Fort Worth ISD,2023-24,AF,f11_instruction,544893841,70903.0,7685.06
220905,Fort Worth ISD,2023-24,AF,f12_instr_resources,12102816,70903.0,170.7
220905,Fort Worth ISD,2023-24,AF,f13_curriculum_staffdev,47827146,70903.0,674.54
220905,Fort Worth ISD,2023-24,AF,f21_instr_leadership,18901695,70903.0,266.59
220905,Fort Worth ISD,2023-24,AF,f23_school_leadership,54982137,70903.0,775.46
220905,Fort Worth ISD,2023-24,AF,f31_guidance,52485583,70903.0,740.24
220905,Fort Worth ISD,2023-24,AF,f32_social_work,9928847,70903.0,140.03
220905,Fort Worth ISD,2023-24,AF,f33_health,11269247,70903.0,158.94
220905,Fort Worth ISD,2023-24,AF,f34_transportation,21832312,70903.0,307.92
220905,Fort Worth ISD,2023-24,AF,f35_food,40845198,70903.0,576.07
220905,Fort Worth ISD,2023-24,AF,f36_extracurricular,22560513,70903.0,318.19
220905,Fort Worth ISD,2023-24,AF,f41_general_admin,22827412,70903.0,321.95
220905,Fort Worth ISD,2023-24,AF,f51_plant_maint,91835262,70903.0,1295.22
220905,Fort Worth ISD,2023-24,AF,f52_security,17371609,70903.0,245.01
220905,Fort Worth ISD,2023-24,AF,f53_data_processing,25911237,70903.0,365.45
220905,Fort Worth ISD,2023-24,AF,f61_community,12060873,70903.0,170.1
220905,Fort Worth ISD,2023-24,AF,pic11_basic,411955928,70903.0,5810.13
220905,Fort Worth ISD,2023-24,AF,pic21_gt,3068768,70903.0,43.28
220905,Fort Worth ISD,2023-24,AF,pic22_cte,26609240,70903.0,375.29
220905,Fort Worth ISD,2023-24,AF,pic23_swd,119599348,70903.0,1686.8
220905,Fort Worth ISD,2023-24,AF,pic24_comp_ed,155516376,70903.0,2193.37
220905,Fort Worth ISD,2023-24,AF,pic25_bilingual,15726930,70903.0,221.81
220905,Fort Worth ISD,2023-24,AF,pic91_athletics,19664859,70903.0,277.35
220905,Fort Worth ISD,2023-24,AF,pic99_unallocated,221613602,70903.0,3125.59
220905,Fort Worth ISD,2023-24,AF,disb_recapture,4111116,70903.0,57.98
220905,Fort Worth ISD,2023-24,AF,disb_total,1298474985,70903.0,18313.4
015915,Northside ISD,2023-24,AF,rev_local_mo,489417591,100600.0,4864.99
015915,Northside ISD,2023-24,AF,rev_state_oper,404333341,100600.0,4019.22
015915,Northside ISD,2023-24,AF,rev_federal,218212355,100600.0,2169.11
015915,Northside ISD,2023-24,AF,rev_other_local,75527390,100600.0,750.77
015915,Northside ISD,2023-24,AF,rev_total_oper,1187490677,100600.0,11804.08
015915,Northside ISD,2023-24,AF,rev_local_is,242650600,100600.0,2412.03
015915,Northside ISD,2023-24,AF,rev_state_debt,22448830,100600.0,223.15
015915,Northside ISD,2023-24,AF,rev_total_other,270554738,100600.0,2689.41
015915,Northside ISD,2023-24,AF,recapture_rev,0,100600.0,0.0
015915,Northside ISD,2023-24,AF,rev_trs_onbehalf,57653052,100600.0,573.09
015915,Northside ISD,2023-24,AF,rev_debt_fin,42660000,100600.0,424.06
015915,Northside ISD,2023-24,AF,exp_payroll_61,1060655521,100600.0,10543.3
015915,Northside ISD,2023-24,AF,exp_contracted_62,67951276,100600.0,675.46
015915,Northside ISD,2023-24,AF,exp_supplies_63,111124189,100600.0,1104.61
015915,Northside ISD,2023-24,AF,exp_otherop_64,22763164,100600.0,226.27
015915,Northside ISD,2023-24,AF,exp_total_oper,1262494150,100600.0,12549.64
015915,Northside ISD,2023-24,AF,exp_debt_65,298942850,100600.0,2971.6
015915,Northside ISD,2023-24,AF,exp_capital_66,211224162,100600.0,2099.64
015915,Northside ISD,2023-24,AF,exp_grand_total,1773000063,100600.0,17624.26
015915,Northside ISD,2023-24,AF,f11_instruction,745692101,100600.0,7412.45
015915,Northside ISD,2023-24,AF,f12_instr_resources,14074102,100600.0,139.9
015915,Northside ISD,2023-24,AF,f13_curriculum_staffdev,27951823,100600.0,277.85
015915,Northside ISD,2023-24,AF,f21_instr_leadership,21996178,100600.0,218.65
015915,Northside ISD,2023-24,AF,f23_school_leadership,64726491,100600.0,643.4
015915,Northside ISD,2023-24,AF,f31_guidance,49481180,100600.0,491.86
015915,Northside ISD,2023-24,AF,f32_social_work,7008636,100600.0,69.67
015915,Northside ISD,2023-24,AF,f33_health,13500864,100600.0,134.2
015915,Northside ISD,2023-24,AF,f34_transportation,36411746,100600.0,361.95
015915,Northside ISD,2023-24,AF,f35_food,60631359,100600.0,602.7
015915,Northside ISD,2023-24,AF,f36_extracurricular,37620055,100600.0,373.96
015915,Northside ISD,2023-24,AF,f41_general_admin,16617807,100600.0,165.19
015915,Northside ISD,2023-24,AF,f51_plant_maint,116710739,100600.0,1160.15
015915,Northside ISD,2023-24,AF,f52_security,11626284,100600.0,115.57
015915,Northside ISD,2023-24,AF,f53_data_processing,22260557,100600.0,221.28
015915,Northside ISD,2023-24,AF,f61_community,16184228,100600.0,160.88
015915,Northside ISD,2023-24,AF,pic11_basic,560267687,100600.0,5569.26
015915,Northside ISD,2023-24,AF,pic21_gt,12856757,100600.0,127.8
015915,Northside ISD,2023-24,AF,pic22_cte,34140662,100600.0,339.37
015915,Northside ISD,2023-24,AF,pic23_swd,212668965,100600.0,2114.01
015915,Northside ISD,2023-24,AF,pic24_comp_ed,90873759,100600.0,903.32
015915,Northside ISD,2023-24,AF,pic25_bilingual,6574878,100600.0,65.36
015915,Northside ISD,2023-24,AF,pic91_athletics,18876777,100600.0,187.64
015915,Northside ISD,2023-24,AF,pic99_unallocated,304380867,100600.0,3025.65
015915,Northside ISD,2023-24,AF,disb_recapture,0,100600.0,0.0
015915,Northside ISD,2023-24,AF,disb_total,1779158611,100600.0,17685.47
101907,Cypress-Fairbanks ISD,2023-24,AF,rev_local_mo,440949459,118187.0,3730.95
101907,Cypress-Fairbanks ISD,2023-24,AF,rev_state_oper,507210958,118187.0,4291.6
101907,Cypress-Fairbanks ISD,2023-24,AF,rev_federal,266375932,118187.0,2253.85
101907,Cypress-Fairbanks ISD,2023-24,AF,rev_other_local,82606215,118187.0,698.95
101907,Cypress-Fairbanks ISD,2023-24,AF,rev_total_oper,1297142564,118187.0,10975.34
101907,Cypress-Fairbanks ISD,2023-24,AF,rev_local_is,260302485,118187.0,2202.46
101907,Cypress-Fairbanks ISD,2023-24,AF,rev_state_debt,38729488,118187.0,327.7
101907,Cypress-Fairbanks ISD,2023-24,AF,rev_total_other,311895577,118187.0,2639.0
101907,Cypress-Fairbanks ISD,2023-24,AF,recapture_rev,0,118187.0,0.0
101907,Cypress-Fairbanks ISD,2023-24,AF,rev_trs_onbehalf,67575741,118187.0,571.77
101907,Cypress-Fairbanks ISD,2023-24,AF,rev_debt_fin,333055074,118187.0,2818.03
101907,Cypress-Fairbanks ISD,2023-24,AF,exp_payroll_61,1126555891,118187.0,9531.98
101907,Cypress-Fairbanks ISD,2023-24,AF,exp_contracted_62,61828749,118187.0,523.14
101907,Cypress-Fairbanks ISD,2023-24,AF,exp_supplies_63,116014507,118187.0,981.62
101907,Cypress-Fairbanks ISD,2023-24,AF,exp_otherop_64,28633185,118187.0,242.27
101907,Cypress-Fairbanks ISD,2023-24,AF,exp_total_oper,1333032332,118187.0,11279.01
101907,Cypress-Fairbanks ISD,2023-24,AF,exp_debt_65,296780376,118187.0,2511.11
101907,Cypress-Fairbanks ISD,2023-24,AF,exp_capital_66,261697229,118187.0,2214.26
101907,Cypress-Fairbanks ISD,2023-24,AF,exp_grand_total,1896535561,118187.0,16046.9
101907,Cypress-Fairbanks ISD,2023-24,AF,f11_instruction,829661551,118187.0,7019.91
101907,Cypress-Fairbanks ISD,2023-24,AF,f12_instr_resources,8668334,118187.0,73.34
101907,Cypress-Fairbanks ISD,2023-24,AF,f13_curriculum_staffdev,33249465,118187.0,281.33
101907,Cypress-Fairbanks ISD,2023-24,AF,f21_instr_leadership,15269848,118187.0,129.2
101907,Cypress-Fairbanks ISD,2023-24,AF,f23_school_leadership,64700609,118187.0,547.44
101907,Cypress-Fairbanks ISD,2023-24,AF,f31_guidance,61790671,118187.0,522.82
101907,Cypress-Fairbanks ISD,2023-24,AF,f32_social_work,1424140,118187.0,12.05
101907,Cypress-Fairbanks ISD,2023-24,AF,f33_health,14674690,118187.0,124.17
101907,Cypress-Fairbanks ISD,2023-24,AF,f34_transportation,46123304,118187.0,390.26
101907,Cypress-Fairbanks ISD,2023-24,AF,f35_food,73768041,118187.0,624.16
101907,Cypress-Fairbanks ISD,2023-24,AF,f36_extracurricular,25099898,118187.0,212.37
101907,Cypress-Fairbanks ISD,2023-24,AF,f41_general_admin,20470035,118187.0,173.2
101907,Cypress-Fairbanks ISD,2023-24,AF,f51_plant_maint,89548975,118187.0,757.69
101907,Cypress-Fairbanks ISD,2023-24,AF,f52_security,16931595,118187.0,143.26
101907,Cypress-Fairbanks ISD,2023-24,AF,f53_data_processing,20304922,118187.0,171.8
101907,Cypress-Fairbanks ISD,2023-24,AF,f61_community,11346254,118187.0,96.0
101907,Cypress-Fairbanks ISD,2023-24,AF,pic11_basic,591521679,118187.0,5004.96
101907,Cypress-Fairbanks ISD,2023-24,AF,pic21_gt,6272818,118187.0,53.08
101907,Cypress-Fairbanks ISD,2023-24,AF,pic22_cte,41317119,118187.0,349.59
101907,Cypress-Fairbanks ISD,2023-24,AF,pic23_swd,186553516,118187.0,1578.46
101907,Cypress-Fairbanks ISD,2023-24,AF,pic24_comp_ed,113478392,118187.0,960.16
101907,Cypress-Fairbanks ISD,2023-24,AF,pic25_bilingual,10139613,118187.0,85.79
101907,Cypress-Fairbanks ISD,2023-24,AF,pic91_athletics,16570530,118187.0,140.21
101907,Cypress-Fairbanks ISD,2023-24,AF,pic99_unallocated,332717947,118187.0,2815.18
101907,Cypress-Fairbanks ISD,2023-24,AF,disb_recapture,0,118187.0,0.0
101907,Cypress-Fairbanks ISD,2023-24,AF,disb_total,1904710027,118187.0,16116.07
101914,Katy ISD,2023-24,AF,rev_local_mo,387572857,94589.0,4097.44
101914,Katy ISD,2023-24,AF,rev_state_oper,553512829,94589.0,5851.77
101914,Katy ISD,2023-24,AF,rev_federal,98794205,94589.0,1044.46
101914,Katy ISD,2023-24,AF,rev_other_local,76653368,94589.0,810.38
101914,Katy ISD,2023-24,AF,rev_total_oper,1116533259,94589.0,11804.05
101914,Katy ISD,2023-24,AF,rev_local_is,209168181,94589.0,2211.34
101914,Katy ISD,2023-24,AF,rev_state_debt,22762550,94589.0,240.65
101914,Katy ISD,2023-24,AF,rev_total_other,242374456,94589.0,2562.4
101914,Katy ISD,2023-24,AF,recapture_rev,0,94589.0,0.0
101914,Katy ISD,2023-24,AF,rev_trs_onbehalf,57046034,94589.0,603.09
101914,Katy ISD,2023-24,AF,rev_debt_fin,32114192,94589.0,339.51
101914,Katy ISD,2023-24,AF,exp_payroll_61,958461927,94589.0,10132.91
101914,Katy ISD,2023-24,AF,exp_contracted_62,47091219,94589.0,497.85
101914,Katy ISD,2023-24,AF,exp_supplies_63,94395316,94589.0,997.95
101914,Katy ISD,2023-24,AF,exp_otherop_64,26585682,94589.0,281.07
101914,Katy ISD,2023-24,AF,exp_total_oper,1126534144,94589.0,11909.78
101914,Katy ISD,2023-24,AF,exp_debt_65,242741258,94589.0,2566.27
101914,Katy ISD,2023-24,AF,exp_capital_66,217935348,94589.0,2304.02
101914,Katy ISD,2023-24,AF,exp_grand_total,1588089147,94589.0,16789.36
101914,Katy ISD,2023-24,AF,f11_instruction,706566586,94589.0,7469.86
101914,Katy ISD,2023-24,AF,f12_instr_resources,11119633,94589.0,117.56
101914,Katy ISD,2023-24,AF,f13_curriculum_staffdev,22433741,94589.0,237.17
101914,Katy ISD,2023-24,AF,f21_instr_leadership,11232963,94589.0,118.76
101914,Katy ISD,2023-24,AF,f23_school_leadership,58813039,94589.0,621.77
101914,Katy ISD,2023-24,AF,f31_guidance,59956449,94589.0,633.86
101914,Katy ISD,2023-24,AF,f32_social_work,1693609,94589.0,17.9
101914,Katy ISD,2023-24,AF,f33_health,11262349,94589.0,119.07
101914,Katy ISD,2023-24,AF,f34_transportation,28100560,94589.0,297.08
101914,Katy ISD,2023-24,AF,f35_food,46537279,94589.0,491.99
101914,Katy ISD,2023-24,AF,f36_extracurricular,29485068,94589.0,311.72
101914,Katy ISD,2023-24,AF,f41_general_admin,19449411,94589.0,205.62
101914,Katy ISD,2023-24,AF,f51_plant_maint,83878088,94589.0,886.76
101914,Katy ISD,2023-24,AF,f52_security,15100665,94589.0,159.65
101914,Katy ISD,2023-24,AF,f53_data_processing,18575944,94589.0,196.39
101914,Katy ISD,2023-24,AF,f61_community,2328760,94589.0,24.62
101914,Katy ISD,2023-24,AF,pic11_basic,519379494,94589.0,5490.91
101914,Katy ISD,2023-24,AF,pic21_gt,5641572,94589.0,59.64
101914,Katy ISD,2023-24,AF,pic22_cte,34867826,94589.0,368.62
101914,Katy ISD,2023-24,AF,pic23_swd,184598094,94589.0,1951.58
101914,Katy ISD,2023-24,AF,pic24_comp_ed,72368800,94589.0,765.09
101914,Katy ISD,2023-24,AF,pic25_bilingual,17722005,94589.0,187.36
101914,Katy ISD,2023-24,AF,pic91_athletics,13609273,94589.0,143.88
101914,Katy ISD,2023-24,AF,pic99_unallocated,238174608,94589.0,2517.99
101914,Katy ISD,2023-24,AF,disb_recapture,0,94589.0,0.0
101914,Katy ISD,2023-24,AF,disb_total,1601952098,94589.0,16935.92
079907,Fort Bend ISD,2023-24,AF,rev_local_mo,374707743,80034.0,4681.86
079907,Fort Bend ISD,2023-24,AF,rev_state_oper,375754430,80034.0,4694.94
079907,Fort Bend ISD,2023-24,AF,rev_federal,106163252,80034.0,1326.48
079907,Fort Bend ISD,2023-24,AF,rev_other_local,39387415,80034.0,492.13
079907,Fort Bend ISD,2023-24,AF,rev_total_oper,896012840,80034.0,11195.4
079907,Fort Bend ISD,2023-24,AF,rev_local_is,140623564,80034.0,1757.05
079907,Fort Bend ISD,2023-24,AF,rev_state_debt,20194429,80034.0,252.32
079907,Fort Bend ISD,2023-24,AF,rev_total_other,169198860,80034.0,2114.09
079907,Fort Bend ISD,2023-24,AF,recapture_rev,0,80034.0,0.0
079907,Fort Bend ISD,2023-24,AF,rev_trs_onbehalf,41872488,80034.0,523.18
079907,Fort Bend ISD,2023-24,AF,rev_debt_fin,318962475,80034.0,3985.34
079907,Fort Bend ISD,2023-24,AF,exp_payroll_61,770792261,80034.0,9630.81
079907,Fort Bend ISD,2023-24,AF,exp_contracted_62,57858416,80034.0,722.92
079907,Fort Bend ISD,2023-24,AF,exp_supplies_63,59149936,80034.0,739.06
079907,Fort Bend ISD,2023-24,AF,exp_otherop_64,17600925,80034.0,219.92
079907,Fort Bend ISD,2023-24,AF,exp_total_oper,905401538,80034.0,11312.71
079907,Fort Bend ISD,2023-24,AF,exp_debt_65,144601902,80034.0,1806.76
079907,Fort Bend ISD,2023-24,AF,exp_capital_66,81819854,80034.0,1022.31
079907,Fort Bend ISD,2023-24,AF,exp_grand_total,1131823294,80034.0,14141.78
079907,Fort Bend ISD,2023-24,AF,f11_instruction,508071380,80034.0,6348.19
079907,Fort Bend ISD,2023-24,AF,f12_instr_resources,7814625,80034.0,97.64
079907,Fort Bend ISD,2023-24,AF,f13_curriculum_staffdev,26764920,80034.0,334.42
079907,Fort Bend ISD,2023-24,AF,f21_instr_leadership,20749309,80034.0,259.26
079907,Fort Bend ISD,2023-24,AF,f23_school_leadership,51068052,80034.0,638.08
079907,Fort Bend ISD,2023-24,AF,f31_guidance,48690077,80034.0,608.37
079907,Fort Bend ISD,2023-24,AF,f32_social_work,3272257,80034.0,40.89
079907,Fort Bend ISD,2023-24,AF,f33_health,11264479,80034.0,140.75
079907,Fort Bend ISD,2023-24,AF,f34_transportation,27230788,80034.0,340.24
079907,Fort Bend ISD,2023-24,AF,f35_food,38722966,80034.0,483.83
079907,Fort Bend ISD,2023-24,AF,f36_extracurricular,25531914,80034.0,319.01
079907,Fort Bend ISD,2023-24,AF,f41_general_admin,20367032,80034.0,254.48
079907,Fort Bend ISD,2023-24,AF,f51_plant_maint,83348976,80034.0,1041.42
079907,Fort Bend ISD,2023-24,AF,f52_security,13531387,80034.0,169.07
079907,Fort Bend ISD,2023-24,AF,f53_data_processing,16882616,80034.0,210.94
079907,Fort Bend ISD,2023-24,AF,f61_community,2090760,80034.0,26.12
079907,Fort Bend ISD,2023-24,AF,pic11_basic,384343549,80034.0,4802.25
079907,Fort Bend ISD,2023-24,AF,pic21_gt,3180776,80034.0,39.74
079907,Fort Bend ISD,2023-24,AF,pic22_cte,23278204,80034.0,290.85
079907,Fort Bend ISD,2023-24,AF,pic23_swd,169455434,80034.0,2117.29
079907,Fort Bend ISD,2023-24,AF,pic24_comp_ed,47992607,80034.0,599.65
079907,Fort Bend ISD,2023-24,AF,pic25_bilingual,14188930,80034.0,177.29
079907,Fort Bend ISD,2023-24,AF,pic91_athletics,12122701,80034.0,151.47
079907,Fort Bend ISD,2023-24,AF,pic99_unallocated,215343992,80034.0,2690.66
079907,Fort Bend ISD,2023-24,AF,disb_recapture,0,80034.0,0.0
079907,Fort Bend ISD,2023-24,AF,disb_total,1140342427,80034.0,14248.22
STATE,State total (all districts+charters),2023-24,AF,rev_local_mo,25115673157,5516711.0,4552.65
STATE,State total (all districts+charters),2023-24,AF,rev_state_oper,30587705535,5516711.0,5544.55
STATE,State total (all districts+charters),2023-24,AF,rev_federal,11797301551,5516711.0,2138.47
STATE,State total (all districts+charters),2023-24,AF,rev_other_local,4418441068,5516711.0,800.92
STATE,State total (all districts+charters),2023-24,AF,rev_total_oper,71919121311,5516711.0,13036.59
STATE,State total (all districts+charters),2023-24,AF,rev_local_is,10895016475,5516711.0,1974.91
STATE,State total (all districts+charters),2023-24,AF,rev_state_debt,1105366975,5516711.0,200.37
STATE,State total (all districts+charters),2023-24,AF,rev_total_other,13519625747,5516711.0,2450.67
STATE,State total (all districts+charters),2023-24,AF,recapture_rev,2693303580,5516711.0,488.21
STATE,State total (all districts+charters),2023-24,AF,rev_trs_onbehalf,3062147998,5516711.0,555.07
STATE,State total (all districts+charters),2023-24,AF,rev_debt_fin,3466427330,5516711.0,628.35
STATE,State total (all districts+charters),2023-24,AF,exp_payroll_61,55579370977,5516711.0,10074.73
STATE,State total (all districts+charters),2023-24,AF,exp_contracted_62,7412529453,5516711.0,1343.65
STATE,State total (all districts+charters),2023-24,AF,exp_supplies_63,6022343036,5516711.0,1091.65
STATE,State total (all districts+charters),2023-24,AF,exp_otherop_64,2426950644,5516711.0,439.93
STATE,State total (all districts+charters),2023-24,AF,exp_total_oper,71441194110,5516711.0,12949.96
STATE,State total (all districts+charters),2023-24,AF,exp_debt_65,12475005940,5516711.0,2261.31
STATE,State total (all districts+charters),2023-24,AF,exp_capital_66,16033551537,5516711.0,2906.36
STATE,State total (all districts+charters),2023-24,AF,exp_grand_total,99988017629,5516711.0,18124.57
STATE,State total (all districts+charters),2023-24,AF,f11_instruction,39176659787,5516711.0,7101.45
STATE,State total (all districts+charters),2023-24,AF,f12_instr_resources,657456589,5516711.0,119.18
STATE,State total (all districts+charters),2023-24,AF,f13_curriculum_staffdev,1768032392,5516711.0,320.49
STATE,State total (all districts+charters),2023-24,AF,f21_instr_leadership,1299882283,5516711.0,235.63
STATE,State total (all districts+charters),2023-24,AF,f23_school_leadership,4090184319,5516711.0,741.42
STATE,State total (all districts+charters),2023-24,AF,f31_guidance,2896985750,5516711.0,525.13
STATE,State total (all districts+charters),2023-24,AF,f32_social_work,248791333,5516711.0,45.1
STATE,State total (all districts+charters),2023-24,AF,f33_health,730487490,5516711.0,132.41
STATE,State total (all districts+charters),2023-24,AF,f34_transportation,2180244579,5516711.0,395.21
STATE,State total (all districts+charters),2023-24,AF,f35_food,3765975564,5516711.0,682.65
STATE,State total (all districts+charters),2023-24,AF,f36_extracurricular,2209273631,5516711.0,400.47
STATE,State total (all districts+charters),2023-24,AF,f41_general_admin,2353926229,5516711.0,426.69
STATE,State total (all districts+charters),2023-24,AF,f51_plant_maint,7189345570,5516711.0,1303.19
STATE,State total (all districts+charters),2023-24,AF,f52_security,1152159150,5516711.0,208.85
STATE,State total (all districts+charters),2023-24,AF,f53_data_processing,1330101476,5516711.0,241.1
STATE,State total (all districts+charters),2023-24,AF,f61_community,367631791,5516711.0,66.64
STATE,State total (all districts+charters),2023-24,AF,pic11_basic,28879935685,5516711.0,5234.99
STATE,State total (all districts+charters),2023-24,AF,pic21_gt,387893289,5516711.0,70.31
STATE,State total (all districts+charters),2023-24,AF,pic22_cte,2465499880,5516711.0,446.91
STATE,State total (all districts+charters),2023-24,AF,pic23_swd,9477470234,5516711.0,1717.96
STATE,State total (all districts+charters),2023-24,AF,pic24_comp_ed,6534482938,5516711.0,1184.49
STATE,State total (all districts+charters),2023-24,AF,pic25_bilingual,830420586,5516711.0,150.53
STATE,State total (all districts+charters),2023-24,AF,pic91_athletics,1419449950,5516711.0,257.3
STATE,State total (all districts+charters),2023-24,AF,pic99_unallocated,19280797881,5516711.0,3494.98
STATE,State total (all districts+charters),2023-24,AF,disb_recapture,2693303580,5516711.0,488.21
STATE,State total (all districts+charters),2023-24,AF,disb_total,104379535245,5516711.0,18920.61
STATE_ISD,State total (ISDs only),2023-24,AF,rev_local_mo,25100167832,5092830.0,4928.53
STATE_ISD,State total (ISDs only),2023-24,AF,rev_state_oper,26019717386,5092830.0,5109.09
STATE_ISD,State total (ISDs only),2023-24,AF,rev_federal,10848640768,5092830.0,2130.18
STATE_ISD,State total (ISDs only),2023-24,AF,rev_other_local,4098436425,5092830.0,804.75
STATE_ISD,State total (ISDs only),2023-24,AF,rev_total_oper,66066962411,5092830.0,12972.54
STATE_ISD,State total (ISDs only),2023-24,AF,rev_local_is,10880782648,5092830.0,2136.49
STATE_ISD,State total (ISDs only),2023-24,AF,rev_state_debt,1105358008,5092830.0,217.04
STATE_ISD,State total (ISDs only),2023-24,AF,rev_total_other,13439811974,5092830.0,2638.97
STATE_ISD,State total (ISDs only),2023-24,AF,recapture_rev,2677992142,5092830.0,525.84
STATE_ISD,State total (ISDs only),2023-24,AF,rev_trs_onbehalf,2922148855,5092830.0,573.78
STATE_ISD,State total (ISDs only),2023-24,AF,rev_debt_fin,3466427330,5092830.0,680.65
STATE_ISD,State total (ISDs only),2023-24,AF,exp_payroll_61,52002405744,5092830.0,10210.91
STATE_ISD,State total (ISDs only),2023-24,AF,exp_contracted_62,6446141995,5092830.0,1265.73
STATE_ISD,State total (ISDs only),2023-24,AF,exp_supplies_63,5591824283,5092830.0,1097.98
STATE_ISD,State total (ISDs only),2023-24,AF,exp_otherop_64,1962863702,5092830.0,385.42
STATE_ISD,State total (ISDs only),2023-24,AF,exp_total_oper,66003235724,5092830.0,12960.03
STATE_ISD,State total (ISDs only),2023-24,AF,exp_debt_65,12166284303,5092830.0,2388.9
STATE_ISD,State total (ISDs only),2023-24,AF,exp_capital_66,16014423096,5092830.0,3144.5
STATE_ISD,State total (ISDs only),2023-24,AF,exp_grand_total,94222194406,5092830.0,18500.95
STATE_ISD,State total (ISDs only),2023-24,AF,f11_instruction,36444640084,5092830.0,7156.07
STATE_ISD,State total (ISDs only),2023-24,AF,f12_instr_resources,644827663,5092830.0,126.61
STATE_ISD,State total (ISDs only),2023-24,AF,f13_curriculum_staffdev,1600705602,5092830.0,314.31
STATE_ISD,State total (ISDs only),2023-24,AF,f21_instr_leadership,1190034512,5092830.0,233.67
STATE_ISD,State total (ISDs only),2023-24,AF,f23_school_leadership,3631530398,5092830.0,713.07
STATE_ISD,State total (ISDs only),2023-24,AF,f31_guidance,2714537812,5092830.0,533.01
STATE_ISD,State total (ISDs only),2023-24,AF,f32_social_work,235867155,5092830.0,46.31
STATE_ISD,State total (ISDs only),2023-24,AF,f33_health,697013261,5092830.0,136.86
STATE_ISD,State total (ISDs only),2023-24,AF,f34_transportation,2069881432,5092830.0,406.43
STATE_ISD,State total (ISDs only),2023-24,AF,f35_food,3487072025,5092830.0,684.7
STATE_ISD,State total (ISDs only),2023-24,AF,f36_extracurricular,2143101145,5092830.0,420.81
STATE_ISD,State total (ISDs only),2023-24,AF,f41_general_admin,2034821879,5092830.0,399.55
STATE_ISD,State total (ISDs only),2023-24,AF,f51_plant_maint,6491710760,5092830.0,1274.68
STATE_ISD,State total (ISDs only),2023-24,AF,f52_security,1077835630,5092830.0,211.64
STATE_ISD,State total (ISDs only),2023-24,AF,f53_data_processing,1196605342,5092830.0,234.96
STATE_ISD,State total (ISDs only),2023-24,AF,f61_community,343051024,5092830.0,67.36
STATE_ISD,State total (ISDs only),2023-24,AF,pic11_basic,26563515642,5092830.0,5215.87
STATE_ISD,State total (ISDs only),2023-24,AF,pic21_gt,382687707,5092830.0,75.14
STATE_ISD,State total (ISDs only),2023-24,AF,pic22_cte,2336448427,5092830.0,458.77
STATE_ISD,State total (ISDs only),2023-24,AF,pic23_swd,9016600564,5092830.0,1770.45
STATE_ISD,State total (ISDs only),2023-24,AF,pic24_comp_ed,6001145136,5092830.0,1178.35
STATE_ISD,State total (ISDs only),2023-24,AF,pic25_bilingual,752245627,5092830.0,147.71
STATE_ISD,State total (ISDs only),2023-24,AF,pic91_athletics,1383140494,5092830.0,271.59
STATE_ISD,State total (ISDs only),2023-24,AF,pic99_unallocated,17556162023,5092830.0,3447.23
STATE_ISD,State total (ISDs only),2023-24,AF,disb_recapture,2677992142,5092830.0,525.84
STATE_ISD,State total (ISDs only),2023-24,AF,disb_total,98523274341,5092830.0,19345.49
101912,Houston ISD,2023-24,GF,fb_unassigned,590067862,183603.0,3213.82
101912,Houston ISD,2023-24,GF,fb_total,1047196700,183603.0,5703.59
057905,Dallas ISD,2023-24,GF,fb_unassigned,675000000,139096.0,4852.76
057905,Dallas ISD,2023-24,GF,fb_total,1034862469,139096.0,7439.92
227901,Austin ISD,2023-24,GF,fb_unassigned,242585320,72739.0,3335.01
227901,Austin ISD,2023-24,GF,fb_total,260919753,72739.0,3587.07
220905,Fort Worth ISD,2023-24,GF,fb_unassigned,347141956,70903.0,4896.01
220905,Fort Worth ISD,2023-24,GF,fb_total,374458061,70903.0,5281.27
015915,Northside ISD,2023-24,GF,fb_unassigned,270854643,100600.0,2692.39
015915,Northside ISD,2023-24,GF,fb_total,414940918,100600.0,4124.66
101907,Cypress-Fairbanks ISD,2023-24,GF,fb_unassigned,436443934,118187.0,3692.83
101907,Cypress-Fairbanks ISD,2023-24,GF,fb_total,560683990,118187.0,4744.04
101914,Katy ISD,2023-24,GF,fb_unassigned,273711426,94589.0,2893.69
101914,Katy ISD,2023-24,GF,fb_total,364298567,94589.0,3851.38
079907,Fort Bend ISD,2023-24,GF,fb_unassigned,141433285,80034.0,1767.17
079907,Fort Bend ISD,2023-24,GF,fb_total,212110807,80034.0,2650.26
101912,Houston ISD,2022-23,GF,rev_local_mo,1532970263,189290.0,8098.53
101912,Houston ISD,2022-23,GF,rev_state_oper,133086689,189290.0,703.08
101912,Houston ISD,2022-23,GF,rev_federal,69955765,189290.0,369.57
101912,Houston ISD,2022-23,GF,rev_other_local,60475970,189290.0,319.49
101912,Houston ISD,2022-23,GF,rev_total_oper,1796488687,189290.0,9490.67
101912,Houston ISD,2022-23,GF,rev_local_is,0,189290.0,0.0
101912,Houston ISD,2022-23,GF,rev_state_debt,0,189290.0,0.0
101912,Houston ISD,2022-23,GF,rev_total_other,36620069,189290.0,193.46
101912,Houston ISD,2022-23,GF,recapture_rev,276396220,189290.0,1460.17
101912,Houston ISD,2022-23,GF,rev_trs_onbehalf,81866878,189290.0,432.49
101912,Houston ISD,2022-23,GF,rev_debt_fin,0,189290.0,0.0
101912,Houston ISD,2022-23,GF,exp_payroll_61,1418249342,189290.0,7492.47
101912,Houston ISD,2022-23,GF,exp_contracted_62,230341646,189290.0,1216.87
101912,Houston ISD,2022-23,GF,exp_supplies_63,60497937,189290.0,319.6
101912,Houston ISD,2022-23,GF,exp_otherop_64,42630442,189290.0,225.21
101912,Houston ISD,2022-23,GF,exp_total_oper,1751719367,189290.0,9254.16
101912,Houston ISD,2022-23,GF,exp_debt_65,12901377,189290.0,68.16
101912,Houston ISD,2022-23,GF,exp_capital_66,45780778,189290.0,241.86
101912,Houston ISD,2022-23,GF,exp_grand_total,1810467343,189290.0,9564.52
101912,Houston ISD,2022-23,GF,f11_instruction,1021247311,189290.0,5395.15
101912,Houston ISD,2022-23,GF,f12_instr_resources,18356898,189290.0,96.98
101912,Houston ISD,2022-23,GF,f13_curriculum_staffdev,28454099,189290.0,150.32
101912,Houston ISD,2022-23,GF,f21_instr_leadership,22237336,189290.0,117.48
101912,Houston ISD,2022-23,GF,f23_school_leadership,161549179,189290.0,853.45
101912,Houston ISD,2022-23,GF,f31_guidance,64807098,189290.0,342.37
101912,Houston ISD,2022-23,GF,f32_social_work,8304672,189290.0,43.87
101912,Houston ISD,2022-23,GF,f33_health,26655532,189290.0,140.82
101912,Houston ISD,2022-23,GF,f34_transportation,51294905,189290.0,270.99
101912,Houston ISD,2022-23,GF,f35_food,86050,189290.0,0.45
101912,Houston ISD,2022-23,GF,f36_extracurricular,20833899,189290.0,110.06
101912,Houston ISD,2022-23,GF,f41_general_admin,40263494,189290.0,212.71
101912,Houston ISD,2022-23,GF,f51_plant_maint,207747205,189290.0,1097.51
101912,Houston ISD,2022-23,GF,f52_security,30399860,189290.0,160.6
101912,Houston ISD,2022-23,GF,f53_data_processing,47574774,189290.0,251.33
101912,Houston ISD,2022-23,GF,f61_community,1907055,189290.0,10.07
101912,Houston ISD,2022-23,GF,pic11_basic,874295829,189290.0,4618.82
101912,Houston ISD,2022-23,GF,pic21_gt,8142725,189290.0,43.02
101912,Houston ISD,2022-23,GF,pic22_cte,50787313,189290.0,268.3
101912,Houston ISD,2022-23,GF,pic23_swd,209726230,189290.0,1107.96
101912,Houston ISD,2022-23,GF,pic24_comp_ed,123714710,189290.0,653.57
101912,Houston ISD,2022-23,GF,pic25_bilingual,27321130,189290.0,144.33
101912,Houston ISD,2022-23,GF,pic91_athletics,17626863,189290.0,93.12
101912,Houston ISD,2022-23,GF,pic99_unallocated,376831291,189290.0,1990.76
101912,Houston ISD,2022-23,GF,disb_recapture,276396220,189290.0,1460.17
101912,Houston ISD,2022-23,GF,disb_total,2191210702,189290.0,11575.95
057905,Dallas ISD,2022-23,GF,rev_local_mo,1292531304,141042.0,9164.16
057905,Dallas ISD,2022-23,GF,rev_state_oper,97397569,141042.0,690.56
057905,Dallas ISD,2022-23,GF,rev_federal,124651488,141042.0,883.79
057905,Dallas ISD,2022-23,GF,rev_other_local,70462889,141042.0,499.59
057905,Dallas ISD,2022-23,GF,rev_total_oper,1585043250,141042.0,11238.09
057905,Dallas ISD,2022-23,GF,rev_local_is,0,141042.0,0.0
057905,Dallas ISD,2022-23,GF,rev_state_debt,0,141042.0,0.0
057905,Dallas ISD,2022-23,GF,rev_total_other,16004274,141042.0,113.47
057905,Dallas ISD,2022-23,GF,recapture_rev,216689569,141042.0,1536.35
057905,Dallas ISD,2022-23,GF,rev_trs_onbehalf,79278867,141042.0,562.09
057905,Dallas ISD,2022-23,GF,rev_debt_fin,0,141042.0,0.0
057905,Dallas ISD,2022-23,GF,exp_payroll_61,1359521240,141042.0,9639.12
057905,Dallas ISD,2022-23,GF,exp_contracted_62,127686075,141042.0,905.31
057905,Dallas ISD,2022-23,GF,exp_supplies_63,83081512,141042.0,589.06
057905,Dallas ISD,2022-23,GF,exp_otherop_64,31280208,141042.0,221.78
057905,Dallas ISD,2022-23,GF,exp_total_oper,1601569035,141042.0,11355.26
057905,Dallas ISD,2022-23,GF,exp_debt_65,16941960,141042.0,120.12
057905,Dallas ISD,2022-23,GF,exp_capital_66,15735419,141042.0,111.57
057905,Dallas ISD,2022-23,GF,exp_grand_total,1634613844,141042.0,11589.55
057905,Dallas ISD,2022-23,GF,f11_instruction,876681576,141042.0,6215.75
057905,Dallas ISD,2022-23,GF,f12_instr_resources,12838295,141042.0,91.02
057905,Dallas ISD,2022-23,GF,f13_curriculum_staffdev,24975848,141042.0,177.08
057905,Dallas ISD,2022-23,GF,f21_instr_leadership,54834642,141042.0,388.78
057905,Dallas ISD,2022-23,GF,f23_school_leadership,122042557,141042.0,865.29
057905,Dallas ISD,2022-23,GF,f31_guidance,65848789,141042.0,466.87
057905,Dallas ISD,2022-23,GF,f32_social_work,1238620,141042.0,8.78
057905,Dallas ISD,2022-23,GF,f33_health,21335161,141042.0,151.27
057905,Dallas ISD,2022-23,GF,f34_transportation,66454582,141042.0,471.17
057905,Dallas ISD,2022-23,GF,f35_food,20997,141042.0,0.15
057905,Dallas ISD,2022-23,GF,f36_extracurricular,45110115,141042.0,319.83
057905,Dallas ISD,2022-23,GF,f41_general_admin,56279499,141042.0,399.03
057905,Dallas ISD,2022-23,GF,f51_plant_maint,186241051,141042.0,1320.47
057905,Dallas ISD,2022-23,GF,f52_security,27514553,141042.0,195.08
057905,Dallas ISD,2022-23,GF,f53_data_processing,34747340,141042.0,246.36
057905,Dallas ISD,2022-23,GF,f61_community,5405410,141042.0,38.32
057905,Dallas ISD,2022-23,GF,pic11_basic,753594597,141042.0,5343.05
057905,Dallas ISD,2022-23,GF,pic21_gt,14781336,141042.0,104.8
057905,Dallas ISD,2022-23,GF,pic22_cte,41140314,141042.0,291.69
057905,Dallas ISD,2022-23,GF,pic23_swd,168751897,141042.0,1196.47
057905,Dallas ISD,2022-23,GF,pic24_comp_ed,143054985,141042.0,1014.27
057905,Dallas ISD,2022-23,GF,pic25_bilingual,25853927,141042.0,183.31
057905,Dallas ISD,2022-23,GF,pic91_athletics,25939285,141042.0,183.91
057905,Dallas ISD,2022-23,GF,pic99_unallocated,372714003,141042.0,2642.57
057905,Dallas ISD,2022-23,GF,disb_recapture,216689569,141042.0,1536.35
057905,Dallas ISD,2022-23,GF,disb_total,1865436901,141042.0,13226.11
227901,Austin ISD,2022-23,GF,rev_local_mo,668709799,73198.0,9135.63
227901,Austin ISD,2022-23,GF,rev_state_oper,43470415,73198.0,593.87
227901,Austin ISD,2022-23,GF,rev_federal,41118426,73198.0,561.74
227901,Austin ISD,2022-23,GF,rev_other_local,49700129,73198.0,678.98
227901,Austin ISD,2022-23,GF,rev_total_oper,802998769,73198.0,10970.23
227901,Austin ISD,2022-23,GF,rev_local_is,0,73198.0,0.0
227901,Austin ISD,2022-23,GF,rev_state_debt,0,73198.0,0.0
227901,Austin ISD,2022-23,GF,rev_total_other,1300,73198.0,0.02
227901,Austin ISD,2022-23,GF,recapture_rev,900910768,73198.0,12307.86
227901,Austin ISD,2022-23,GF,rev_trs_onbehalf,39384163,73198.0,538.05
227901,Austin ISD,2022-23,GF,rev_debt_fin,0,73198.0,0.0
227901,Austin ISD,2022-23,GF,exp_payroll_61,656126807,73198.0,8963.73
227901,Austin ISD,2022-23,GF,exp_contracted_62,73171018,73198.0,999.63
227901,Austin ISD,2022-23,GF,exp_supplies_63,26504659,73198.0,362.1
227901,Austin ISD,2022-23,GF,exp_otherop_64,11003143,73198.0,150.32
227901,Austin ISD,2022-23,GF,exp_total_oper,766805627,73198.0,10475.77
227901,Austin ISD,2022-23,GF,exp_debt_65,1995977,73198.0,27.27
227901,Austin ISD,2022-23,GF,exp_capital_66,240643,73198.0,3.29
227901,Austin ISD,2022-23,GF,exp_grand_total,769096747,73198.0,10507.07
227901,Austin ISD,2022-23,GF,f11_instruction,430911146,73198.0,5886.93
227901,Austin ISD,2022-23,GF,f12_instr_resources,9230106,73198.0,126.1
227901,Austin ISD,2022-23,GF,f13_curriculum_staffdev,10413268,73198.0,142.26
227901,Austin ISD,2022-23,GF,f21_instr_leadership,17250305,73198.0,235.67
227901,Austin ISD,2022-23,GF,f23_school_leadership,54381492,73198.0,742.94
227901,Austin ISD,2022-23,GF,f31_guidance,19837442,73198.0,271.01
227901,Austin ISD,2022-23,GF,f32_social_work,2064806,73198.0,28.21
227901,Austin ISD,2022-23,GF,f33_health,8869804,73198.0,121.18
227901,Austin ISD,2022-23,GF,f34_transportation,38240228,73198.0,522.42
227901,Austin ISD,2022-23,GF,f35_food,183383,73198.0,2.51
227901,Austin ISD,2022-23,GF,f36_extracurricular,18769982,73198.0,256.43
227901,Austin ISD,2022-23,GF,f41_general_admin,26173328,73198.0,357.57
227901,Austin ISD,2022-23,GF,f51_plant_maint,96665116,73198.0,1320.6
227901,Austin ISD,2022-23,GF,f52_security,10533839,73198.0,143.91
227901,Austin ISD,2022-23,GF,f53_data_processing,17032183,73198.0,232.69
227901,Austin ISD,2022-23,GF,f61_community,6249199,73198.0,85.37
227901,Austin ISD,2022-23,GF,pic11_basic,357057435,73198.0,4877.97
227901,Austin ISD,2022-23,GF,pic21_gt,2177786,73198.0,29.75
227901,Austin ISD,2022-23,GF,pic22_cte,20380685,73198.0,278.43
227901,Austin ISD,2022-23,GF,pic23_swd,146011316,73198.0,1994.74
227901,Austin ISD,2022-23,GF,pic24_comp_ed,11463290,73198.0,156.61
227901,Austin ISD,2022-23,GF,pic25_bilingual,6084394,73198.0,83.12
227901,Austin ISD,2022-23,GF,pic91_athletics,14253395,73198.0,194.72
227901,Austin ISD,2022-23,GF,pic99_unallocated,183597818,73198.0,2508.24
227901,Austin ISD,2022-23,GF,disb_recapture,900910768,73198.0,12307.86
227901,Austin ISD,2022-23,GF,disb_total,1687913832,73198.0,23059.56
220905,Fort Worth ISD,2022-23,GF,rev_local_mo,485403459,72637.0,6682.59
220905,Fort Worth ISD,2022-23,GF,rev_state_oper,226418393,72637.0,3117.12
220905,Fort Worth ISD,2022-23,GF,rev_federal,29189985,72637.0,401.86
220905,Fort Worth ISD,2022-23,GF,rev_other_local,54174754,72637.0,745.83
220905,Fort Worth ISD,2022-23,GF,rev_total_oper,795186591,72637.0,10947.4
220905,Fort Worth ISD,2022-23,GF,rev_local_is,0,72637.0,0.0
220905,Fort Worth ISD,2022-23,GF,rev_state_debt,0,72637.0,0.0
220905,Fort Worth ISD,2022-23,GF,rev_total_other,6780519,72637.0,93.35
220905,Fort Worth ISD,2022-23,GF,recapture_rev,2483811,72637.0,34.19
220905,Fort Worth ISD,2022-23,GF,rev_trs_onbehalf,37477214,72637.0,515.95
220905,Fort Worth ISD,2022-23,GF,rev_debt_fin,0,72637.0,0.0
220905,Fort Worth ISD,2022-23,GF,exp_payroll_61,653818649,72637.0,9001.18
220905,Fort Worth ISD,2022-23,GF,exp_contracted_62,63636416,72637.0,876.09
220905,Fort Worth ISD,2022-23,GF,exp_supplies_63,46555744,72637.0,640.94
220905,Fort Worth ISD,2022-23,GF,exp_otherop_64,13527750,72637.0,186.24
220905,Fort Worth ISD,2022-23,GF,exp_total_oper,777538559,72637.0,10704.44
220905,Fort Worth ISD,2022-23,GF,exp_debt_65,2075238,72637.0,28.57
220905,Fort Worth ISD,2022-23,GF,exp_capital_66,5647156,72637.0,77.74
220905,Fort Worth ISD,2022-23,GF,exp_grand_total,785318447,72637.0,10811.55
220905,Fort Worth ISD,2022-23,GF,f11_instruction,435341659,72637.0,5993.39
220905,Fort Worth ISD,2022-23,GF,f12_instr_resources,11952190,72637.0,164.55
220905,Fort Worth ISD,2022-23,GF,f13_curriculum_staffdev,13853666,72637.0,190.72
220905,Fort Worth ISD,2022-23,GF,f21_instr_leadership,15126994,72637.0,208.25
220905,Fort Worth ISD,2022-23,GF,f23_school_leadership,50668489,72637.0,697.56
220905,Fort Worth ISD,2022-23,GF,f31_guidance,44147114,72637.0,607.78
220905,Fort Worth ISD,2022-23,GF,f32_social_work,4115612,72637.0,56.66
220905,Fort Worth ISD,2022-23,GF,f33_health,10358321,72637.0,142.6
220905,Fort Worth ISD,2022-23,GF,f34_transportation,20774380,72637.0,286.0
220905,Fort Worth ISD,2022-23,GF,f35_food,520621,72637.0,7.17
220905,Fort Worth ISD,2022-23,GF,f36_extracurricular,20096547,72637.0,276.67
220905,Fort Worth ISD,2022-23,GF,f41_general_admin,22856215,72637.0,314.66
220905,Fort Worth ISD,2022-23,GF,f51_plant_maint,85455430,72637.0,1176.47
220905,Fort Worth ISD,2022-23,GF,f52_security,13241420,72637.0,182.3
220905,Fort Worth ISD,2022-23,GF,f53_data_processing,24098859,72637.0,331.77
220905,Fort Worth ISD,2022-23,GF,f61_community,4931042,72637.0,67.89
220905,Fort Worth ISD,2022-23,GF,pic11_basic,368499478,72637.0,5073.16
220905,Fort Worth ISD,2022-23,GF,pic21_gt,2768350,72637.0,38.11
220905,Fort Worth ISD,2022-23,GF,pic22_cte,25769185,72637.0,354.77
220905,Fort Worth ISD,2022-23,GF,pic23_swd,92760329,72637.0,1277.04
220905,Fort Worth ISD,2022-23,GF,pic24_comp_ed,56898186,72637.0,783.32
220905,Fort Worth ISD,2022-23,GF,pic25_bilingual,11011360,72637.0,151.59
220905,Fort Worth ISD,2022-23,GF,pic91_athletics,17875988,72637.0,246.1
220905,Fort Worth ISD,2022-23,GF,pic99_unallocated,168073758,72637.0,2313.89
220905,Fort Worth ISD,2022-23,GF,disb_recapture,2483811,72637.0,34.19
220905,Fort Worth ISD,2022-23,GF,disb_total,791483632,72637.0,10896.43
015915,Northside ISD,2022-23,GF,rev_local_mo,627678035,102169.0,6143.53
015915,Northside ISD,2022-23,GF,rev_state_oper,215663752,102169.0,2110.85
015915,Northside ISD,2022-23,GF,rev_federal,39671020,102169.0,388.29
015915,Northside ISD,2022-23,GF,rev_other_local,45423257,102169.0,444.59
015915,Northside ISD,2022-23,GF,rev_total_oper,928436064,102169.0,9087.26
015915,Northside ISD,2022-23,GF,rev_local_is,0,102169.0,0.0
015915,Northside ISD,2022-23,GF,rev_state_debt,0,102169.0,0.0
015915,Northside ISD,2022-23,GF,rev_total_other,6289036,102169.0,61.56
015915,Northside ISD,2022-23,GF,recapture_rev,0,102169.0,0.0
015915,Northside ISD,2022-23,GF,rev_trs_onbehalf,54136695,102169.0,529.87
015915,Northside ISD,2022-23,GF,rev_debt_fin,0,102169.0,0.0
015915,Northside ISD,2022-23,GF,exp_payroll_61,852321930,102169.0,8342.28
015915,Northside ISD,2022-23,GF,exp_contracted_62,50232119,102169.0,491.66
015915,Northside ISD,2022-23,GF,exp_supplies_63,39694306,102169.0,388.52
015915,Northside ISD,2022-23,GF,exp_otherop_64,13954793,102169.0,136.59
015915,Northside ISD,2022-23,GF,exp_total_oper,956203148,102169.0,9359.03
015915,Northside ISD,2022-23,GF,exp_debt_65,5585879,102169.0,54.67
015915,Northside ISD,2022-23,GF,exp_capital_66,9380599,102169.0,91.81
015915,Northside ISD,2022-23,GF,exp_grand_total,971402052,102169.0,9507.8
015915,Northside ISD,2022-23,GF,f11_instruction,576275307,102169.0,5640.41
015915,Northside ISD,2022-23,GF,f12_instr_resources,12802139,102169.0,125.3
015915,Northside ISD,2022-23,GF,f13_curriculum_staffdev,16231547,102169.0,158.87
015915,Northside ISD,2022-23,GF,f21_instr_leadership,19883452,102169.0,194.61
015915,Northside ISD,2022-23,GF,f23_school_leadership,57276324,102169.0,560.6
015915,Northside ISD,2022-23,GF,f31_guidance,42295344,102169.0,413.97
015915,Northside ISD,2022-23,GF,f32_social_work,3095213,102169.0,30.3
015915,Northside ISD,2022-23,GF,f33_health,10707744,102169.0,104.8
015915,Northside ISD,2022-23,GF,f34_transportation,37038856,102169.0,362.53
015915,Northside ISD,2022-23,GF,f35_food,477328,102169.0,4.67
015915,Northside ISD,2022-23,GF,f36_extracurricular,24592202,102169.0,240.7
015915,Northside ISD,2022-23,GF,f41_general_admin,16215668,102169.0,158.71
015915,Northside ISD,2022-23,GF,f51_plant_maint,98853232,102169.0,967.55
015915,Northside ISD,2022-23,GF,f52_security,10447923,102169.0,102.26
015915,Northside ISD,2022-23,GF,f53_data_processing,20000559,102169.0,195.76
015915,Northside ISD,2022-23,GF,f61_community,10010310,102169.0,97.98
015915,Northside ISD,2022-23,GF,pic11_basic,486005034,102169.0,4756.87
015915,Northside ISD,2022-23,GF,pic21_gt,11455151,102169.0,112.12
015915,Northside ISD,2022-23,GF,pic22_cte,29441740,102169.0,288.17
015915,Northside ISD,2022-23,GF,pic23_swd,156835456,102169.0,1535.06
015915,Northside ISD,2022-23,GF,pic24_comp_ed,44039058,102169.0,431.04
015915,Northside ISD,2022-23,GF,pic25_bilingual,3245092,102169.0,31.76
015915,Northside ISD,2022-23,GF,pic91_athletics,17875516,102169.0,174.96
015915,Northside ISD,2022-23,GF,pic99_unallocated,188243227,102169.0,1842.47
015915,Northside ISD,2022-23,GF,disb_recapture,0,102169.0,0.0
015915,Northside ISD,2022-23,GF,disb_total,991193196,102169.0,9701.51
101907,Cypress-Fairbanks ISD,2022-23,GF,rev_local_mo,585981584,117686.0,4979.2
101907,Cypress-Fairbanks ISD,2022-23,GF,rev_state_oper,374083848,117686.0,3178.66
101907,Cypress-Fairbanks ISD,2022-23,GF,rev_federal,42972569,117686.0,365.15
101907,Cypress-Fairbanks ISD,2022-23,GF,rev_other_local,39859481,117686.0,338.69
101907,Cypress-Fairbanks ISD,2022-23,GF,rev_total_oper,1042897482,117686.0,8861.7
101907,Cypress-Fairbanks ISD,2022-23,GF,rev_local_is,0,117686.0,0.0
101907,Cypress-Fairbanks ISD,2022-23,GF,rev_state_debt,0,117686.0,0.0
101907,Cypress-Fairbanks ISD,2022-23,GF,rev_total_other,2420080,117686.0,20.56
101907,Cypress-Fairbanks ISD,2022-23,GF,recapture_rev,0,117686.0,0.0
101907,Cypress-Fairbanks ISD,2022-23,GF,rev_trs_onbehalf,63289669,117686.0,537.78
101907,Cypress-Fairbanks ISD,2022-23,GF,rev_debt_fin,0,117686.0,0.0
101907,Cypress-Fairbanks ISD,2022-23,GF,exp_payroll_61,960901528,117686.0,8164.96
101907,Cypress-Fairbanks ISD,2022-23,GF,exp_contracted_62,47367674,117686.0,402.49
101907,Cypress-Fairbanks ISD,2022-23,GF,exp_supplies_63,30208256,117686.0,256.69
101907,Cypress-Fairbanks ISD,2022-23,GF,exp_otherop_64,15664363,117686.0,133.1
101907,Cypress-Fairbanks ISD,2022-23,GF,exp_total_oper,1054141821,117686.0,8957.24
101907,Cypress-Fairbanks ISD,2022-23,GF,exp_debt_65,5281655,117686.0,44.88
101907,Cypress-Fairbanks ISD,2022-23,GF,exp_capital_66,3985742,117686.0,33.87
101907,Cypress-Fairbanks ISD,2022-23,GF,exp_grand_total,1064282283,117686.0,9043.41
101907,Cypress-Fairbanks ISD,2022-23,GF,f11_instruction,711911033,117686.0,6049.24
101907,Cypress-Fairbanks ISD,2022-23,GF,f12_instr_resources,7997463,117686.0,67.96
101907,Cypress-Fairbanks ISD,2022-23,GF,f13_curriculum_staffdev,13566035,117686.0,115.27
101907,Cypress-Fairbanks ISD,2022-23,GF,f21_instr_leadership,9134471,117686.0,77.62
101907,Cypress-Fairbanks ISD,2022-23,GF,f23_school_leadership,54476494,117686.0,462.9
101907,Cypress-Fairbanks ISD,2022-23,GF,f31_guidance,30558459,117686.0,259.66
101907,Cypress-Fairbanks ISD,2022-23,GF,f32_social_work,460157,117686.0,3.91
101907,Cypress-Fairbanks ISD,2022-23,GF,f33_health,12797144,117686.0,108.74
101907,Cypress-Fairbanks ISD,2022-23,GF,f34_transportation,43340225,117686.0,368.27
101907,Cypress-Fairbanks ISD,2022-23,GF,f35_food,0,117686.0,0.0
101907,Cypress-Fairbanks ISD,2022-23,GF,f36_extracurricular,24676005,117686.0,209.68
101907,Cypress-Fairbanks ISD,2022-23,GF,f41_general_admin,19524408,117686.0,165.9
101907,Cypress-Fairbanks ISD,2022-23,GF,f51_plant_maint,84609481,117686.0,718.94
101907,Cypress-Fairbanks ISD,2022-23,GF,f52_security,15053564,117686.0,127.91
101907,Cypress-Fairbanks ISD,2022-23,GF,f53_data_processing,16324947,117686.0,138.72
101907,Cypress-Fairbanks ISD,2022-23,GF,f61_community,9711935,117686.0,82.52
101907,Cypress-Fairbanks ISD,2022-23,GF,pic11_basic,511745325,117686.0,4348.4
101907,Cypress-Fairbanks ISD,2022-23,GF,pic21_gt,5915901,117686.0,50.27
101907,Cypress-Fairbanks ISD,2022-23,GF,pic22_cte,39399411,117686.0,334.78
101907,Cypress-Fairbanks ISD,2022-23,GF,pic23_swd,136491449,117686.0,1159.79
101907,Cypress-Fairbanks ISD,2022-23,GF,pic24_comp_ed,61859194,117686.0,525.63
101907,Cypress-Fairbanks ISD,2022-23,GF,pic25_bilingual,6462408,117686.0,54.91
101907,Cypress-Fairbanks ISD,2022-23,GF,pic91_athletics,16384214,117686.0,139.22
101907,Cypress-Fairbanks ISD,2022-23,GF,pic99_unallocated,238146377,117686.0,2023.57
101907,Cypress-Fairbanks ISD,2022-23,GF,disb_recapture,0,117686.0,0.0
101907,Cypress-Fairbanks ISD,2022-23,GF,disb_total,1072167725,117686.0,9110.41
101914,Katy ISD,2022-23,GF,rev_local_mo,480299415,92431.0,5196.3
101914,Katy ISD,2022-23,GF,rev_state_oper,384971052,92431.0,4164.96
101914,Katy ISD,2022-23,GF,rev_federal,23937423,92431.0,258.98
101914,Katy ISD,2022-23,GF,rev_other_local,31166241,92431.0,337.18
101914,Katy ISD,2022-23,GF,rev_total_oper,920374131,92431.0,9957.42
101914,Katy ISD,2022-23,GF,rev_local_is,0,92431.0,0.0
101914,Katy ISD,2022-23,GF,rev_state_debt,0,92431.0,0.0
101914,Katy ISD,2022-23,GF,rev_total_other,3423371,92431.0,37.04
101914,Katy ISD,2022-23,GF,recapture_rev,0,92431.0,0.0
101914,Katy ISD,2022-23,GF,rev_trs_onbehalf,51320297,92431.0,555.23
101914,Katy ISD,2022-23,GF,rev_debt_fin,0,92431.0,0.0
101914,Katy ISD,2022-23,GF,exp_payroll_61,831987003,92431.0,9001.17
101914,Katy ISD,2022-23,GF,exp_contracted_62,44343158,92431.0,479.74
101914,Katy ISD,2022-23,GF,exp_supplies_63,35715024,92431.0,386.4
101914,Katy ISD,2022-23,GF,exp_otherop_64,15730138,92431.0,170.18
101914,Katy ISD,2022-23,GF,exp_total_oper,927775323,92431.0,10037.49
101914,Katy ISD,2022-23,GF,exp_debt_65,1631483,92431.0,17.65
101914,Katy ISD,2022-23,GF,exp_capital_66,7530831,92431.0,81.48
101914,Katy ISD,2022-23,GF,exp_grand_total,937718913,92431.0,10145.07
101914,Katy ISD,2022-23,GF,f11_instruction,610420229,92431.0,6604.06
101914,Katy ISD,2022-23,GF,f12_instr_resources,9871441,92431.0,106.8
101914,Katy ISD,2022-23,GF,f13_curriculum_staffdev,13135341,92431.0,142.11
101914,Katy ISD,2022-23,GF,f21_instr_leadership,8584651,92431.0,92.88
101914,Katy ISD,2022-23,GF,f23_school_leadership,53810884,92431.0,582.17
101914,Katy ISD,2022-23,GF,f31_guidance,45760637,92431.0,495.08
101914,Katy ISD,2022-23,GF,f32_social_work,823130,92431.0,8.91
101914,Katy ISD,2022-23,GF,f33_health,9837656,92431.0,106.43
101914,Katy ISD,2022-23,GF,f34_transportation,26139187,92431.0,282.8
101914,Katy ISD,2022-23,GF,f35_food,0,92431.0,0.0
101914,Katy ISD,2022-23,GF,f36_extracurricular,21144991,92431.0,228.77
101914,Katy ISD,2022-23,GF,f41_general_admin,17129455,92431.0,185.32
101914,Katy ISD,2022-23,GF,f51_plant_maint,81605137,92431.0,882.88
101914,Katy ISD,2022-23,GF,f52_security,12300400,92431.0,133.08
101914,Katy ISD,2022-23,GF,f53_data_processing,16949731,92431.0,183.38
101914,Katy ISD,2022-23,GF,f61_community,262453,92431.0,2.84
101914,Katy ISD,2022-23,GF,pic11_basic,466841338,92431.0,5050.7
101914,Katy ISD,2022-23,GF,pic21_gt,5230493,92431.0,56.59
101914,Katy ISD,2022-23,GF,pic22_cte,29775526,92431.0,322.14
101914,Katy ISD,2022-23,GF,pic23_swd,153663729,92431.0,1662.47
101914,Katy ISD,2022-23,GF,pic24_comp_ed,50566115,92431.0,547.07
101914,Katy ISD,2022-23,GF,pic25_bilingual,12112865,92431.0,131.05
101914,Katy ISD,2022-23,GF,pic91_athletics,12895702,92431.0,139.52
101914,Katy ISD,2022-23,GF,pic99_unallocated,159428605,92431.0,1724.84
101914,Katy ISD,2022-23,GF,disb_recapture,0,92431.0,0.0
101914,Katy ISD,2022-23,GF,disb_total,949122627,92431.0,10268.44
079907,Fort Bend ISD,2022-23,GF,rev_local_mo,462449688,79482.0,5818.29
079907,Fort Bend ISD,2022-23,GF,rev_state_oper,208360676,79482.0,2621.48
079907,Fort Bend ISD,2022-23,GF,rev_federal,16163087,79482.0,203.36
079907,Fort Bend ISD,2022-23,GF,rev_other_local,13044480,79482.0,164.12
079907,Fort Bend ISD,2022-23,GF,rev_total_oper,700017931,79482.0,8807.25
079907,Fort Bend ISD,2022-23,GF,rev_local_is,0,79482.0,0.0
079907,Fort Bend ISD,2022-23,GF,rev_state_debt,0,79482.0,0.0
079907,Fort Bend ISD,2022-23,GF,rev_total_other,6768084,79482.0,85.15
079907,Fort Bend ISD,2022-23,GF,recapture_rev,0,79482.0,0.0
079907,Fort Bend ISD,2022-23,GF,rev_trs_onbehalf,37906793,79482.0,476.92
079907,Fort Bend ISD,2022-23,GF,rev_debt_fin,0,79482.0,0.0
079907,Fort Bend ISD,2022-23,GF,exp_payroll_61,646581852,79482.0,8134.95
079907,Fort Bend ISD,2022-23,GF,exp_contracted_62,45707928,79482.0,575.07
079907,Fort Bend ISD,2022-23,GF,exp_supplies_63,25497310,79482.0,320.79
079907,Fort Bend ISD,2022-23,GF,exp_otherop_64,11267335,79482.0,141.76
079907,Fort Bend ISD,2022-23,GF,exp_total_oper,729054425,79482.0,9172.57
079907,Fort Bend ISD,2022-23,GF,exp_debt_65,4821755,79482.0,60.66
079907,Fort Bend ISD,2022-23,GF,exp_capital_66,3916986,79482.0,49.28
079907,Fort Bend ISD,2022-23,GF,exp_grand_total,737793166,79482.0,9282.52
079907,Fort Bend ISD,2022-23,GF,f11_instruction,417386912,79482.0,5251.34
079907,Fort Bend ISD,2022-23,GF,f12_instr_resources,8405722,79482.0,105.76
079907,Fort Bend ISD,2022-23,GF,f13_curriculum_staffdev,13565572,79482.0,170.67
079907,Fort Bend ISD,2022-23,GF,f21_instr_leadership,19506184,79482.0,245.42
079907,Fort Bend ISD,2022-23,GF,f23_school_leadership,50927853,79482.0,640.75
079907,Fort Bend ISD,2022-23,GF,f31_guidance,38982266,79482.0,490.45
079907,Fort Bend ISD,2022-23,GF,f32_social_work,2940316,79482.0,36.99
079907,Fort Bend ISD,2022-23,GF,f33_health,8985839,79482.0,113.06
079907,Fort Bend ISD,2022-23,GF,f34_transportation,24598321,79482.0,309.48
079907,Fort Bend ISD,2022-23,GF,f35_food,40091,79482.0,0.5
079907,Fort Bend ISD,2022-23,GF,f36_extracurricular,17507236,79482.0,220.27
079907,Fort Bend ISD,2022-23,GF,f41_general_admin,19620194,79482.0,246.85
079907,Fort Bend ISD,2022-23,GF,f51_plant_maint,78343486,79482.0,985.68
079907,Fort Bend ISD,2022-23,GF,f52_security,10424461,79482.0,131.15
079907,Fort Bend ISD,2022-23,GF,f53_data_processing,16879345,79482.0,212.37
079907,Fort Bend ISD,2022-23,GF,f61_community,940627,79482.0,11.83
079907,Fort Bend ISD,2022-23,GF,pic11_basic,334257823,79482.0,4205.45
079907,Fort Bend ISD,2022-23,GF,pic21_gt,2943861,79482.0,37.04
079907,Fort Bend ISD,2022-23,GF,pic22_cte,21703607,79482.0,273.06
079907,Fort Bend ISD,2022-23,GF,pic23_swd,133397399,79482.0,1678.33
079907,Fort Bend ISD,2022-23,GF,pic24_comp_ed,19498494,79482.0,245.32
079907,Fort Bend ISD,2022-23,GF,pic25_bilingual,14421500,79482.0,181.44
079907,Fort Bend ISD,2022-23,GF,pic91_athletics,11836309,79482.0,148.92
079907,Fort Bend ISD,2022-23,GF,pic99_unallocated,153780143,79482.0,1934.78
079907,Fort Bend ISD,2022-23,GF,disb_recapture,0,79482.0,0.0
079907,Fort Bend ISD,2022-23,GF,disb_total,751250952,79482.0,9451.84
STATE,State total (all districts+charters),2022-23,GF,rev_local_mo,28689645235,5503301.0,5213.17
STATE,State total (all districts+charters),2022-23,GF,rev_state_oper,23095457670,5503301.0,4196.66
STATE,State total (all districts+charters),2022-23,GF,rev_federal,2160146858,5503301.0,392.52
STATE,State total (all districts+charters),2022-23,GF,rev_other_local,2510854741,5503301.0,456.25
STATE,State total (all districts+charters),2022-23,GF,rev_total_oper,56456104504,5503301.0,10258.59
STATE,State total (all districts+charters),2022-23,GF,rev_local_is,0,5503301.0,0.0
STATE,State total (all districts+charters),2022-23,GF,rev_state_debt,0,5503301.0,0.0
STATE,State total (all districts+charters),2022-23,GF,rev_total_other,689657905,5503301.0,125.32
STATE,State total (all districts+charters),2022-23,GF,recapture_rev,4520744064,5503301.0,821.46
STATE,State total (all districts+charters),2022-23,GF,rev_trs_onbehalf,2655974382,5503301.0,482.61
STATE,State total (all districts+charters),2022-23,GF,rev_debt_fin,0,5503301.0,0.0
STATE,State total (all districts+charters),2022-23,GF,exp_payroll_61,45251636793,5503301.0,8222.64
STATE,State total (all districts+charters),2022-23,GF,exp_contracted_62,5366200782,5503301.0,975.09
STATE,State total (all districts+charters),2022-23,GF,exp_supplies_63,2841295279,5503301.0,516.29
STATE,State total (all districts+charters),2022-23,GF,exp_otherop_64,1751749682,5503301.0,318.31
STATE,State total (all districts+charters),2022-23,GF,exp_total_oper,55210882536,5503301.0,10032.32
STATE,State total (all districts+charters),2022-23,GF,exp_debt_65,619331928,5503301.0,112.54
STATE,State total (all districts+charters),2022-23,GF,exp_capital_66,1383506047,5503301.0,251.4
STATE,State total (all districts+charters),2022-23,GF,exp_grand_total,57254464879,5503301.0,10403.66
STATE,State total (all districts+charters),2022-23,GF,f11_instruction,31575994794,5503301.0,5737.65
STATE,State total (all districts+charters),2022-23,GF,f12_instr_resources,592269957,5503301.0,107.62
STATE,State total (all districts+charters),2022-23,GF,f13_curriculum_staffdev,882725428,5503301.0,160.4
STATE,State total (all districts+charters),2022-23,GF,f21_instr_leadership,943691722,5503301.0,171.48
STATE,State total (all districts+charters),2022-23,GF,f23_school_leadership,3685945149,5503301.0,669.77
STATE,State total (all districts+charters),2022-23,GF,f31_guidance,1981818390,5503301.0,360.11
STATE,State total (all districts+charters),2022-23,GF,f32_social_work,126350673,5503301.0,22.96
STATE,State total (all districts+charters),2022-23,GF,f33_health,616084361,5503301.0,111.95
STATE,State total (all districts+charters),2022-23,GF,f34_transportation,1980611814,5503301.0,359.9
STATE,State total (all districts+charters),2022-23,GF,f35_food,444648353,5503301.0,80.8
STATE,State total (all districts+charters),2022-23,GF,f36_extracurricular,1759127864,5503301.0,319.65
STATE,State total (all districts+charters),2022-23,GF,f41_general_admin,2131317856,5503301.0,387.28
STATE,State total (all districts+charters),2022-23,GF,f51_plant_maint,6332500713,5503301.0,1150.67
STATE,State total (all districts+charters),2022-23,GF,f52_security,795779162,5503301.0,144.6
STATE,State total (all districts+charters),2022-23,GF,f53_data_processing,1176320412,5503301.0,213.75
STATE,State total (all districts+charters),2022-23,GF,f61_community,165598137,5503301.0,30.09
STATE,State total (all districts+charters),2022-23,GF,pic11_basic,25274605192,5503301.0,4592.63
STATE,State total (all districts+charters),2022-23,GF,pic21_gt,390549004,5503301.0,70.97
STATE,State total (all districts+charters),2022-23,GF,pic22_cte,2182616568,5503301.0,396.6
STATE,State total (all districts+charters),2022-23,GF,pic23_swd,7113844634,5503301.0,1292.65
STATE,State total (all districts+charters),2022-23,GF,pic24_comp_ed,3271042562,5503301.0,594.38
STATE,State total (all districts+charters),2022-23,GF,pic25_bilingual,589988103,5503301.0,107.21
STATE,State total (all districts+charters),2022-23,GF,pic91_athletics,1307483513,5503301.0,237.58
STATE,State total (all districts+charters),2022-23,GF,pic99_unallocated,13111753709,5503301.0,2382.53
STATE,State total (all districts+charters),2022-23,GF,disb_recapture,4520744064,5503301.0,821.46
STATE,State total (all districts+charters),2022-23,GF,disb_total,63572120210,5503301.0,11551.63
STATE_ISD,State total (ISDs only),2022-23,GF,rev_local_mo,28674768798,5098484.0,5624.18
STATE_ISD,State total (ISDs only),2022-23,GF,rev_state_oper,19038448128,5098484.0,3734.14
STATE_ISD,State total (ISDs only),2022-23,GF,rev_federal,2124818469,5098484.0,416.75
STATE_ISD,State total (ISDs only),2022-23,GF,rev_other_local,2296427458,5098484.0,450.41
STATE_ISD,State total (ISDs only),2022-23,GF,rev_total_oper,52134462853,5098484.0,10225.48
STATE_ISD,State total (ISDs only),2022-23,GF,rev_local_is,0,5098484.0,0.0
STATE_ISD,State total (ISDs only),2022-23,GF,rev_state_debt,0,5098484.0,0.0
STATE_ISD,State total (ISDs only),2022-23,GF,rev_total_other,669875177,5098484.0,131.39
STATE_ISD,State total (ISDs only),2022-23,GF,recapture_rev,4499696618,5098484.0,882.56
STATE_ISD,State total (ISDs only),2022-23,GF,rev_trs_onbehalf,2654567289,5098484.0,520.66
STATE_ISD,State total (ISDs only),2022-23,GF,rev_debt_fin,0,5098484.0,0.0
STATE_ISD,State total (ISDs only),2022-23,GF,exp_payroll_61,42596444939,5098484.0,8354.73
STATE_ISD,State total (ISDs only),2022-23,GF,exp_contracted_62,4640058773,5098484.0,910.09
STATE_ISD,State total (ISDs only),2022-23,GF,exp_supplies_63,2637305856,5098484.0,517.27
STATE_ISD,State total (ISDs only),2022-23,GF,exp_otherop_64,1398971495,5098484.0,274.39
STATE_ISD,State total (ISDs only),2022-23,GF,exp_total_oper,51272781063,5098484.0,10056.48
STATE_ISD,State total (ISDs only),2022-23,GF,exp_debt_65,366154809,5098484.0,71.82
STATE_ISD,State total (ISDs only),2022-23,GF,exp_capital_66,1381029761,5098484.0,270.87
STATE_ISD,State total (ISDs only),2022-23,GF,exp_grand_total,53060701674,5098484.0,10407.15
STATE_ISD,State total (ISDs only),2022-23,GF,f11_instruction,29546760368,5098484.0,5795.21
STATE_ISD,State total (ISDs only),2022-23,GF,f12_instr_resources,582556180,5098484.0,114.26
STATE_ISD,State total (ISDs only),2022-23,GF,f13_curriculum_staffdev,787962407,5098484.0,154.55
STATE_ISD,State total (ISDs only),2022-23,GF,f21_instr_leadership,853762652,5098484.0,167.45
STATE_ISD,State total (ISDs only),2022-23,GF,f23_school_leadership,3294702683,5098484.0,646.21
STATE_ISD,State total (ISDs only),2022-23,GF,f31_guidance,1881347910,5098484.0,369.0
STATE_ISD,State total (ISDs only),2022-23,GF,f32_social_work,120453644,5098484.0,23.63
STATE_ISD,State total (ISDs only),2022-23,GF,f33_health,589376134,5098484.0,115.6
STATE_ISD,State total (ISDs only),2022-23,GF,f34_transportation,1889421746,5098484.0,370.59
STATE_ISD,State total (ISDs only),2022-23,GF,f35_food,435399168,5098484.0,85.4
STATE_ISD,State total (ISDs only),2022-23,GF,f36_extracurricular,1710693227,5098484.0,335.53
STATE_ISD,State total (ISDs only),2022-23,GF,f41_general_admin,1858436435,5098484.0,364.51
STATE_ISD,State total (ISDs only),2022-23,GF,f51_plant_maint,5753778481,5098484.0,1128.53
STATE_ISD,State total (ISDs only),2022-23,GF,f52_security,749695852,5098484.0,147.04
STATE_ISD,State total (ISDs only),2022-23,GF,f53_data_processing,1069356078,5098484.0,209.74
STATE_ISD,State total (ISDs only),2022-23,GF,f61_community,149078098,5098484.0,29.24
STATE_ISD,State total (ISDs only),2022-23,GF,pic11_basic,23369570457,5098484.0,4583.63
STATE_ISD,State total (ISDs only),2022-23,GF,pic21_gt,386078147,5098484.0,75.72
STATE_ISD,State total (ISDs only),2022-23,GF,pic22_cte,2096658448,5098484.0,411.23
STATE_ISD,State total (ISDs only),2022-23,GF,pic23_swd,6779129035,5098484.0,1329.64
STATE_ISD,State total (ISDs only),2022-23,GF,pic24_comp_ed,3000643573,5098484.0,588.54
STATE_ISD,State total (ISDs only),2022-23,GF,pic25_bilingual,542512868,5098484.0,106.41
STATE_ISD,State total (ISDs only),2022-23,GF,pic91_athletics,1272541330,5098484.0,249.59
STATE_ISD,State total (ISDs only),2022-23,GF,pic99_unallocated,11988788657,5098484.0,2351.44
STATE_ISD,State total (ISDs only),2022-23,GF,disb_recapture,4499696618,5098484.0,882.56
STATE_ISD,State total (ISDs only),2022-23,GF,disb_total,59307139726,5098484.0,11632.31
101912,Houston ISD,2022-23,AF,rev_local_mo,1532970263,189290.0,8098.53
101912,Houston ISD,2022-23,AF,rev_state_oper,145116709,189290.0,766.64
101912,Houston ISD,2022-23,AF,rev_federal,816347771,189290.0,4312.68
101912,Houston ISD,2022-23,AF,rev_other_local,111045972,189290.0,586.64
101912,Houston ISD,2022-23,AF,rev_total_oper,2605480715,189290.0,13764.49
101912,Houston ISD,2022-23,AF,rev_local_is,347958841,189290.0,1838.23
101912,Houston ISD,2022-23,AF,rev_state_debt,5864587,189290.0,30.98
101912,Houston ISD,2022-23,AF,rev_total_other,395588012,189290.0,2089.85
101912,Houston ISD,2022-23,AF,recapture_rev,276396220,189290.0,1460.17
101912,Houston ISD,2022-23,AF,rev_trs_onbehalf,81866878,189290.0,432.49
101912,Houston ISD,2022-23,AF,rev_debt_fin,214802219,189290.0,1134.78
101912,Houston ISD,2022-23,AF,exp_payroll_61,1836142946,189290.0,9700.16
101912,Houston ISD,2022-23,AF,exp_contracted_62,370251159,189290.0,1956.0
101912,Houston ISD,2022-23,AF,exp_supplies_63,196522713,189290.0,1038.21
101912,Houston ISD,2022-23,AF,exp_otherop_64,57389051,189290.0,303.18
101912,Houston ISD,2022-23,AF,exp_total_oper,2460305869,189290.0,12997.55
101912,Houston ISD,2022-23,AF,exp_debt_65,480340975,189290.0,2537.59
101912,Houston ISD,2022-23,AF,exp_capital_66,153933420,189290.0,813.21
101912,Houston ISD,2022-23,AF,exp_grand_total,3094827369,189290.0,16349.66
101912,Houston ISD,2022-23,AF,f11_instruction,1380080565,189290.0,7290.83
101912,Houston ISD,2022-23,AF,f12_instr_resources,18585362,189290.0,98.18
101912,Houston ISD,2022-23,AF,f13_curriculum_staffdev,74047351,189290.0,391.18
101912,Houston ISD,2022-23,AF,f21_instr_leadership,41098966,189290.0,217.12
101912,Houston ISD,2022-23,AF,f23_school_leadership,167677452,189290.0,885.82
101912,Houston ISD,2022-23,AF,f31_guidance,102192656,189290.0,539.87
101912,Houston ISD,2022-23,AF,f32_social_work,37041526,189290.0,195.69
101912,Houston ISD,2022-23,AF,f33_health,30359022,189290.0,160.38
101912,Houston ISD,2022-23,AF,f34_transportation,56809909,189290.0,300.12
101912,Houston ISD,2022-23,AF,f35_food,133503467,189290.0,705.29
101912,Houston ISD,2022-23,AF,f36_extracurricular,37020776,189290.0,195.58
101912,Houston ISD,2022-23,AF,f41_general_admin,57922395,189290.0,306.0
101912,Houston ISD,2022-23,AF,f51_plant_maint,219226445,189290.0,1158.15
101912,Houston ISD,2022-23,AF,f52_security,33309749,189290.0,175.97
101912,Houston ISD,2022-23,AF,f53_data_processing,56972361,189290.0,300.98
101912,Houston ISD,2022-23,AF,f61_community,14457867,189290.0,76.38
101912,Houston ISD,2022-23,AF,pic11_basic,1071009854,189290.0,5658.04
101912,Houston ISD,2022-23,AF,pic21_gt,8797997,189290.0,46.48
101912,Houston ISD,2022-23,AF,pic22_cte,55274079,189290.0,292.01
101912,Houston ISD,2022-23,AF,pic23_swd,266181667,189290.0,1406.21
101912,Houston ISD,2022-23,AF,pic24_comp_ed,286600768,189290.0,1514.08
101912,Houston ISD,2022-23,AF,pic25_bilingual,43039102,189290.0,227.37
101912,Houston ISD,2022-23,AF,pic91_athletics,17765376,189290.0,93.85
101912,Houston ISD,2022-23,AF,pic99_unallocated,625638136,189290.0,3305.18
101912,Houston ISD,2022-23,AF,disb_recapture,276396220,189290.0,1460.17
101912,Houston ISD,2022-23,AF,disb_total,3479183296,189290.0,18380.17
057905,Dallas ISD,2022-23,AF,rev_local_mo,1292531304,141042.0,9164.16
057905,Dallas ISD,2022-23,AF,rev_state_oper,103736168,141042.0,735.5
057905,Dallas ISD,2022-23,AF,rev_federal,621797271,141042.0,4408.6
057905,Dallas ISD,2022-23,AF,rev_other_local,81735099,141042.0,579.51
057905,Dallas ISD,2022-23,AF,rev_total_oper,2099799842,141042.0,14887.76
057905,Dallas ISD,2022-23,AF,rev_local_is,386922752,141042.0,2743.32
057905,Dallas ISD,2022-23,AF,rev_state_debt,4578878,141042.0,32.46
057905,Dallas ISD,2022-23,AF,rev_total_other,427797029,141042.0,3033.12
057905,Dallas ISD,2022-23,AF,recapture_rev,216689569,141042.0,1536.35
057905,Dallas ISD,2022-23,AF,rev_trs_onbehalf,79278867,141042.0,562.09
057905,Dallas ISD,2022-23,AF,rev_debt_fin,7167000,141042.0,50.81
057905,Dallas ISD,2022-23,AF,exp_payroll_61,1659896200,141042.0,11768.81
057905,Dallas ISD,2022-23,AF,exp_contracted_62,180686117,141042.0,1281.08
057905,Dallas ISD,2022-23,AF,exp_supplies_63,211970469,141042.0,1502.89
057905,Dallas ISD,2022-23,AF,exp_otherop_64,37084771,141042.0,262.93
057905,Dallas ISD,2022-23,AF,exp_total_oper,2089637557,141042.0,14815.71
057905,Dallas ISD,2022-23,AF,exp_debt_65,395510923,141042.0,2804.21
057905,Dallas ISD,2022-23,AF,exp_capital_66,466712429,141042.0,3309.03
057905,Dallas ISD,2022-23,AF,exp_grand_total,2952311085,141042.0,20932.14
057905,Dallas ISD,2022-23,AF,f11_instruction,1094148570,141042.0,7757.61
057905,Dallas ISD,2022-23,AF,f12_instr_resources,14209760,141042.0,100.75
057905,Dallas ISD,2022-23,AF,f13_curriculum_staffdev,72685439,141042.0,515.35
057905,Dallas ISD,2022-23,AF,f21_instr_leadership,73713236,141042.0,522.63
057905,Dallas ISD,2022-23,AF,f23_school_leadership,128610063,141042.0,911.86
057905,Dallas ISD,2022-23,AF,f31_guidance,103754546,141042.0,735.63
057905,Dallas ISD,2022-23,AF,f32_social_work,1828025,141042.0,12.96
057905,Dallas ISD,2022-23,AF,f33_health,28587233,141042.0,202.69
057905,Dallas ISD,2022-23,AF,f34_transportation,69875884,141042.0,495.43
057905,Dallas ISD,2022-23,AF,f35_food,110989671,141042.0,786.93
057905,Dallas ISD,2022-23,AF,f36_extracurricular,46634614,141042.0,330.64
057905,Dallas ISD,2022-23,AF,f41_general_admin,64096567,141042.0,454.45
057905,Dallas ISD,2022-23,AF,f51_plant_maint,197655866,141042.0,1401.4
057905,Dallas ISD,2022-23,AF,f52_security,30185000,141042.0,214.01
057905,Dallas ISD,2022-23,AF,f53_data_processing,37065351,141042.0,262.8
057905,Dallas ISD,2022-23,AF,f61_community,15597732,141042.0,110.59
057905,Dallas ISD,2022-23,AF,pic11_basic,827095473,141042.0,5864.18
057905,Dallas ISD,2022-23,AF,pic21_gt,16102898,141042.0,114.17
057905,Dallas ISD,2022-23,AF,pic22_cte,44052094,141042.0,312.33
057905,Dallas ISD,2022-23,AF,pic23_swd,222475824,141042.0,1577.37
057905,Dallas ISD,2022-23,AF,pic24_comp_ed,340316094,141042.0,2412.87
057905,Dallas ISD,2022-23,AF,pic25_bilingual,34538500,141042.0,244.88
057905,Dallas ISD,2022-23,AF,pic91_athletics,26506548,141042.0,187.93
057905,Dallas ISD,2022-23,AF,pic99_unallocated,516871753,141042.0,3664.67
057905,Dallas ISD,2022-23,AF,disb_recapture,216689569,141042.0,1536.35
057905,Dallas ISD,2022-23,AF,disb_total,3183137801,141042.0,22568.72
227901,Austin ISD,2022-23,AF,rev_local_mo,668709799,73198.0,9135.63
227901,Austin ISD,2022-23,AF,rev_state_oper,47373327,73198.0,647.19
227901,Austin ISD,2022-23,AF,rev_federal,222923278,73198.0,3045.48
227901,Austin ISD,2022-23,AF,rev_other_local,73852872,73198.0,1008.95
227901,Austin ISD,2022-23,AF,rev_total_oper,1012859276,73198.0,13837.25
227901,Austin ISD,2022-23,AF,rev_local_is,200725989,73198.0,2742.23
227901,Austin ISD,2022-23,AF,rev_state_debt,1724181,73198.0,23.56
227901,Austin ISD,2022-23,AF,rev_total_other,204844961,73198.0,2798.5
227901,Austin ISD,2022-23,AF,recapture_rev,900910768,73198.0,12307.86
227901,Austin ISD,2022-23,AF,rev_trs_onbehalf,39470821,73198.0,539.23
227901,Austin ISD,2022-23,AF,rev_debt_fin,605165509,73198.0,8267.51
227901,Austin ISD,2022-23,AF,exp_payroll_61,766220486,73198.0,10467.78
227901,Austin ISD,2022-23,AF,exp_contracted_62,101144810,73198.0,1381.8
227901,Austin ISD,2022-23,AF,exp_supplies_63,84378217,73198.0,1152.74
227901,Austin ISD,2022-23,AF,exp_otherop_64,17551396,73198.0,239.78
227901,Austin ISD,2022-23,AF,exp_total_oper,969294909,73198.0,13242.1
227901,Austin ISD,2022-23,AF,exp_debt_65,170257826,73198.0,2325.99
227901,Austin ISD,2022-23,AF,exp_capital_66,84089801,73198.0,1148.8
227901,Austin ISD,2022-23,AF,exp_grand_total,1223964829,73198.0,16721.29
227901,Austin ISD,2022-23,AF,f11_instruction,503508565,73198.0,6878.72
227901,Austin ISD,2022-23,AF,f12_instr_resources,10142288,73198.0,138.56
227901,Austin ISD,2022-23,AF,f13_curriculum_staffdev,22775856,73198.0,311.15
227901,Austin ISD,2022-23,AF,f21_instr_leadership,21159883,73198.0,289.08
227901,Austin ISD,2022-23,AF,f23_school_leadership,57896277,73198.0,790.95
227901,Austin ISD,2022-23,AF,f31_guidance,40815267,73198.0,557.6
227901,Austin ISD,2022-23,AF,f32_social_work,4650434,73198.0,63.53
227901,Austin ISD,2022-23,AF,f33_health,9780737,73198.0,133.62
227901,Austin ISD,2022-23,AF,f34_transportation,39848475,73198.0,544.39
227901,Austin ISD,2022-23,AF,f35_food,41645984,73198.0,568.95
227901,Austin ISD,2022-23,AF,f36_extracurricular,21210351,73198.0,289.77
227901,Austin ISD,2022-23,AF,f41_general_admin,29891829,73198.0,408.37
227901,Austin ISD,2022-23,AF,f51_plant_maint,100249764,73198.0,1369.57
227901,Austin ISD,2022-23,AF,f52_security,10992238,73198.0,150.17
227901,Austin ISD,2022-23,AF,f53_data_processing,36980228,73198.0,505.21
227901,Austin ISD,2022-23,AF,f61_community,17746733,73198.0,242.45
227901,Austin ISD,2022-23,AF,pic11_basic,376767697,73198.0,5147.24
227901,Austin ISD,2022-23,AF,pic21_gt,2697024,73198.0,36.85
227901,Austin ISD,2022-23,AF,pic22_cte,23654255,73198.0,323.15
227901,Austin ISD,2022-23,AF,pic23_swd,175329491,73198.0,2395.28
227901,Austin ISD,2022-23,AF,pic24_comp_ed,62629242,73198.0,855.61
227901,Austin ISD,2022-23,AF,pic25_bilingual,8382517,73198.0,114.52
227901,Austin ISD,2022-23,AF,pic91_athletics,14428621,73198.0,197.12
227901,Austin ISD,2022-23,AF,pic99_unallocated,278066535,73198.0,3798.83
227901,Austin ISD,2022-23,AF,disb_recapture,900910768,73198.0,12307.86
227901,Austin ISD,2022-23,AF,disb_total,2143305283,73198.0,29280.93
220905,Fort Worth ISD,2022-23,AF,rev_local_mo,485403459,72637.0,6682.59
220905,Fort Worth ISD,2022-23,AF,rev_state_oper,237057275,72637.0,3263.59
220905,Fort Worth ISD,2022-23,AF,rev_federal,223762789,72637.0,3080.56
220905,Fort Worth ISD,2022-23,AF,rev_other_local,61379404,72637.0,845.02
220905,Fort Worth ISD,2022-23,AF,rev_total_oper,1007602927,72637.0,13871.76
220905,Fort Worth ISD,2022-23,AF,rev_local_is,143472501,72637.0,1975.2
220905,Fort Worth ISD,2022-23,AF,rev_state_debt,3626880,72637.0,49.93
220905,Fort Worth ISD,2022-23,AF,rev_total_other,201932436,72637.0,2780.02
220905,Fort Worth ISD,2022-23,AF,recapture_rev,2483811,72637.0,34.19
220905,Fort Worth ISD,2022-23,AF,rev_trs_onbehalf,37477214,72637.0,515.95
220905,Fort Worth ISD,2022-23,AF,rev_debt_fin,0,72637.0,0.0
220905,Fort Worth ISD,2022-23,AF,exp_payroll_61,802915518,72637.0,11053.81
220905,Fort Worth ISD,2022-23,AF,exp_contracted_62,106309329,72637.0,1463.57
220905,Fort Worth ISD,2022-23,AF,exp_supplies_63,95315727,72637.0,1312.22
220905,Fort Worth ISD,2022-23,AF,exp_otherop_64,16528083,72637.0,227.54
220905,Fort Worth ISD,2022-23,AF,exp_total_oper,1021068657,72637.0,14057.14
220905,Fort Worth ISD,2022-23,AF,exp_debt_65,145961145,72637.0,2009.46
220905,Fort Worth ISD,2022-23,AF,exp_capital_66,129662997,72637.0,1785.08
220905,Fort Worth ISD,2022-23,AF,exp_grand_total,1296768653,72637.0,17852.73
220905,Fort Worth ISD,2022-23,AF,f11_instruction,549168312,72637.0,7560.45
220905,Fort Worth ISD,2022-23,AF,f12_instr_resources,13329561,72637.0,183.51
220905,Fort Worth ISD,2022-23,AF,f13_curriculum_staffdev,56296554,72637.0,775.04
220905,Fort Worth ISD,2022-23,AF,f21_instr_leadership,22032510,72637.0,303.32
220905,Fort Worth ISD,2022-23,AF,f23_school_leadership,54644544,72637.0,752.3
220905,Fort Worth ISD,2022-23,AF,f31_guidance,51229085,72637.0,705.28
220905,Fort Worth ISD,2022-23,AF,f32_social_work,10151435,72637.0,139.76
220905,Fort Worth ISD,2022-23,AF,f33_health,10815747,72637.0,148.9
220905,Fort Worth ISD,2022-23,AF,f34_transportation,21541905,72637.0,296.57
220905,Fort Worth ISD,2022-23,AF,f35_food,39632992,72637.0,545.63
220905,Fort Worth ISD,2022-23,AF,f36_extracurricular,21034744,72637.0,289.59
220905,Fort Worth ISD,2022-23,AF,f41_general_admin,24782292,72637.0,341.18
220905,Fort Worth ISD,2022-23,AF,f51_plant_maint,90743987,72637.0,1249.28
220905,Fort Worth ISD,2022-23,AF,f52_security,14141180,72637.0,194.68
220905,Fort Worth ISD,2022-23,AF,f53_data_processing,29433334,72637.0,405.21
220905,Fort Worth ISD,2022-23,AF,f61_community,12090475,72637.0,166.45
220905,Fort Worth ISD,2022-23,AF,pic11_basic,385576833,72637.0,5308.27
220905,Fort Worth ISD,2022-23,AF,pic21_gt,2939891,72637.0,40.47
220905,Fort Worth ISD,2022-23,AF,pic22_cte,27058884,72637.0,372.52
220905,Fort Worth ISD,2022-23,AF,pic23_swd,113756213,72637.0,1566.09
220905,Fort Worth ISD,2022-23,AF,pic24_comp_ed,202800435,72637.0,2791.97
220905,Fort Worth ISD,2022-23,AF,pic25_bilingual,15307204,72637.0,210.74
220905,Fort Worth ISD,2022-23,AF,pic91_athletics,18442805,72637.0,253.9
220905,Fort Worth ISD,2022-23,AF,pic99_unallocated,221072960,72637.0,3043.53
220905,Fort Worth ISD,2022-23,AF,disb_recapture,2483811,72637.0,34.19
220905,Fort Worth ISD,2022-23,AF,disb_total,1303153028,72637.0,17940.62
015915,Northside ISD,2022-23,AF,rev_local_mo,627678035,102169.0,6143.53
015915,Northside ISD,2022-23,AF,rev_state_oper,218967229,102169.0,2143.19
015915,Northside ISD,2022-23,AF,rev_federal,225120427,102169.0,2203.41
015915,Northside ISD,2022-23,AF,rev_other_local,69966334,102169.0,684.81
015915,Northside ISD,2022-23,AF,rev_total_oper,1141732025,102169.0,11174.94
015915,Northside ISD,2022-23,AF,rev_local_is,246061145,102169.0,2408.37
015915,Northside ISD,2022-23,AF,rev_state_debt,5683660,102169.0,55.63
015915,Northside ISD,2022-23,AF,rev_total_other,268184170,102169.0,2624.91
015915,Northside ISD,2022-23,AF,recapture_rev,0,102169.0,0.0
015915,Northside ISD,2022-23,AF,rev_trs_onbehalf,54136695,102169.0,529.87
015915,Northside ISD,2022-23,AF,rev_debt_fin,159267341,102169.0,1558.86
015915,Northside ISD,2022-23,AF,exp_payroll_61,942925263,102169.0,9229.07
015915,Northside ISD,2022-23,AF,exp_contracted_62,61457044,102169.0,601.52
015915,Northside ISD,2022-23,AF,exp_supplies_63,100362573,102169.0,982.32
015915,Northside ISD,2022-23,AF,exp_otherop_64,20750919,102169.0,203.1
015915,Northside ISD,2022-23,AF,exp_total_oper,1125495799,102169.0,11016.02
015915,Northside ISD,2022-23,AF,exp_debt_65,275037005,102169.0,2691.98
015915,Northside ISD,2022-23,AF,exp_capital_66,216571391,102169.0,2119.74
015915,Northside ISD,2022-23,AF,exp_grand_total,1618330174,102169.0,15839.74
015915,Northside ISD,2022-23,AF,f11_instruction,649505830,102169.0,6357.17
015915,Northside ISD,2022-23,AF,f12_instr_resources,13921784,102169.0,136.26
015915,Northside ISD,2022-23,AF,f13_curriculum_staffdev,25108552,102169.0,245.76
015915,Northside ISD,2022-23,AF,f21_instr_leadership,21460146,102169.0,210.05
015915,Northside ISD,2022-23,AF,f23_school_leadership,59738980,102169.0,584.71
015915,Northside ISD,2022-23,AF,f31_guidance,44293066,102169.0,433.53
015915,Northside ISD,2022-23,AF,f32_social_work,6524948,102169.0,63.86
015915,Northside ISD,2022-23,AF,f33_health,12817265,102169.0,125.45
015915,Northside ISD,2022-23,AF,f34_transportation,37417189,102169.0,366.23
015915,Northside ISD,2022-23,AF,f35_food,53369168,102169.0,522.36
015915,Northside ISD,2022-23,AF,f36_extracurricular,35132206,102169.0,343.86
015915,Northside ISD,2022-23,AF,f41_general_admin,16218068,102169.0,158.74
015915,Northside ISD,2022-23,AF,f51_plant_maint,102579415,102169.0,1004.02
015915,Northside ISD,2022-23,AF,f52_security,10532717,102169.0,103.09
015915,Northside ISD,2022-23,AF,f53_data_processing,22251023,102169.0,217.79
015915,Northside ISD,2022-23,AF,f61_community,14625442,102169.0,143.15
015915,Northside ISD,2022-23,AF,pic11_basic,506681787,102169.0,4959.25
015915,Northside ISD,2022-23,AF,pic21_gt,11688953,102169.0,114.41
015915,Northside ISD,2022-23,AF,pic22_cte,30466796,102169.0,298.2
015915,Northside ISD,2022-23,AF,pic23_swd,181173458,102169.0,1773.27
015915,Northside ISD,2022-23,AF,pic24_comp_ed,77034781,102169.0,753.99
015915,Northside ISD,2022-23,AF,pic25_bilingual,4813313,102169.0,47.11
015915,Northside ISD,2022-23,AF,pic91_athletics,17940665,102169.0,175.6
015915,Northside ISD,2022-23,AF,pic99_unallocated,272671267,102169.0,2668.83
015915,Northside ISD,2022-23,AF,disb_recapture,0,102169.0,0.0
015915,Northside ISD,2022-23,AF,disb_total,1638121318,102169.0,16033.45
101907,Cypress-Fairbanks ISD,2022-23,AF,rev_local_mo,585981584,117686.0,4979.2
101907,Cypress-Fairbanks ISD,2022-23,AF,rev_state_oper,391541357,117686.0,3327.0
101907,Cypress-Fairbanks ISD,2022-23,AF,rev_federal,249830776,117686.0,2122.86
101907,Cypress-Fairbanks ISD,2022-23,AF,rev_other_local,72613626,117686.0,617.01
101907,Cypress-Fairbanks ISD,2022-23,AF,rev_total_oper,1299967343,117686.0,11046.07
101907,Cypress-Fairbanks ISD,2022-23,AF,rev_local_is,262253502,117686.0,2228.42
101907,Cypress-Fairbanks ISD,2022-23,AF,rev_state_debt,8918946,117686.0,75.79
101907,Cypress-Fairbanks ISD,2022-23,AF,rev_total_other,278780107,117686.0,2368.85
101907,Cypress-Fairbanks ISD,2022-23,AF,recapture_rev,0,117686.0,0.0
101907,Cypress-Fairbanks ISD,2022-23,AF,rev_trs_onbehalf,63289669,117686.0,537.78
101907,Cypress-Fairbanks ISD,2022-23,AF,rev_debt_fin,153223523,117686.0,1301.97
101907,Cypress-Fairbanks ISD,2022-23,AF,exp_payroll_61,1092099173,117686.0,9279.77
101907,Cypress-Fairbanks ISD,2022-23,AF,exp_contracted_62,61602517,117686.0,523.45
101907,Cypress-Fairbanks ISD,2022-23,AF,exp_supplies_63,102934696,117686.0,874.66
101907,Cypress-Fairbanks ISD,2022-23,AF,exp_otherop_64,26694388,117686.0,226.83
101907,Cypress-Fairbanks ISD,2022-23,AF,exp_total_oper,1283330774,117686.0,10904.7
101907,Cypress-Fairbanks ISD,2022-23,AF,exp_debt_65,270816526,117686.0,2301.18
101907,Cypress-Fairbanks ISD,2022-23,AF,exp_capital_66,325107586,117686.0,2762.5
101907,Cypress-Fairbanks ISD,2022-23,AF,exp_grand_total,1881818161,117686.0,15990.16
101907,Cypress-Fairbanks ISD,2022-23,AF,f11_instruction,811683129,117686.0,6897.02
101907,Cypress-Fairbanks ISD,2022-23,AF,f12_instr_resources,8161367,117686.0,69.35
101907,Cypress-Fairbanks ISD,2022-23,AF,f13_curriculum_staffdev,32431849,117686.0,275.58
101907,Cypress-Fairbanks ISD,2022-23,AF,f21_instr_leadership,14289134,117686.0,121.42
101907,Cypress-Fairbanks ISD,2022-23,AF,f23_school_leadership,56582598,117686.0,480.79
101907,Cypress-Fairbanks ISD,2022-23,AF,f31_guidance,57066941,117686.0,484.91
101907,Cypress-Fairbanks ISD,2022-23,AF,f32_social_work,1360589,117686.0,11.56
101907,Cypress-Fairbanks ISD,2022-23,AF,f33_health,14700915,117686.0,124.92
101907,Cypress-Fairbanks ISD,2022-23,AF,f34_transportation,45127190,117686.0,383.45
101907,Cypress-Fairbanks ISD,2022-23,AF,f35_food,64977516,117686.0,552.13
101907,Cypress-Fairbanks ISD,2022-23,AF,f36_extracurricular,24791173,117686.0,210.66
101907,Cypress-Fairbanks ISD,2022-23,AF,f41_general_admin,19770368,117686.0,167.99
101907,Cypress-Fairbanks ISD,2022-23,AF,f51_plant_maint,88389611,117686.0,751.06
101907,Cypress-Fairbanks ISD,2022-23,AF,f52_security,15501175,117686.0,131.72
101907,Cypress-Fairbanks ISD,2022-23,AF,f53_data_processing,17595390,117686.0,149.51
101907,Cypress-Fairbanks ISD,2022-23,AF,f61_community,10901829,117686.0,92.63
101907,Cypress-Fairbanks ISD,2022-23,AF,pic11_basic,576157471,117686.0,4895.72
101907,Cypress-Fairbanks ISD,2022-23,AF,pic21_gt,5915901,117686.0,50.27
101907,Cypress-Fairbanks ISD,2022-23,AF,pic22_cte,40828374,117686.0,346.93
101907,Cypress-Fairbanks ISD,2022-23,AF,pic23_swd,161480601,117686.0,1372.13
101907,Cypress-Fairbanks ISD,2022-23,AF,pic24_comp_ed,108324312,117686.0,920.45
101907,Cypress-Fairbanks ISD,2022-23,AF,pic25_bilingual,8808351,117686.0,74.85
101907,Cypress-Fairbanks ISD,2022-23,AF,pic91_athletics,16446539,117686.0,139.75
101907,Cypress-Fairbanks ISD,2022-23,AF,pic99_unallocated,327125009,117686.0,2779.64
101907,Cypress-Fairbanks ISD,2022-23,AF,disb_recapture,0,117686.0,0.0
101907,Cypress-Fairbanks ISD,2022-23,AF,disb_total,1889703603,117686.0,16057.17
101914,Katy ISD,2022-23,AF,rev_local_mo,480299415,92431.0,5196.3
101914,Katy ISD,2022-23,AF,rev_state_oper,394289975,92431.0,4265.78
101914,Katy ISD,2022-23,AF,rev_federal,126399338,92431.0,1367.5
101914,Katy ISD,2022-23,AF,rev_other_local,66832795,92431.0,723.06
101914,Katy ISD,2022-23,AF,rev_total_oper,1067821523,92431.0,11552.63
101914,Katy ISD,2022-23,AF,rev_local_is,205953565,92431.0,2228.19
101914,Katy ISD,2022-23,AF,rev_state_debt,4111507,92431.0,44.48
101914,Katy ISD,2022-23,AF,rev_total_other,218042542,92431.0,2358.98
101914,Katy ISD,2022-23,AF,recapture_rev,0,92431.0,0.0
101914,Katy ISD,2022-23,AF,rev_trs_onbehalf,51320297,92431.0,555.23
101914,Katy ISD,2022-23,AF,rev_debt_fin,0,92431.0,0.0
101914,Katy ISD,2022-23,AF,exp_payroll_61,894516435,92431.0,9677.67
101914,Katy ISD,2022-23,AF,exp_contracted_62,48301910,92431.0,522.57
101914,Katy ISD,2022-23,AF,exp_supplies_63,93552514,92431.0,1012.13
101914,Katy ISD,2022-23,AF,exp_otherop_64,23165727,92431.0,250.63
101914,Katy ISD,2022-23,AF,exp_total_oper,1059536586,92431.0,11463.0
101914,Katy ISD,2022-23,AF,exp_debt_65,214667344,92431.0,2322.46
101914,Katy ISD,2022-23,AF,exp_capital_66,340437235,92431.0,3683.15
101914,Katy ISD,2022-23,AF,exp_grand_total,1615428283,92431.0,17477.13
101914,Katy ISD,2022-23,AF,f11_instruction,661765185,92431.0,7159.56
101914,Katy ISD,2022-23,AF,f12_instr_resources,10677808,92431.0,115.52
101914,Katy ISD,2022-23,AF,f13_curriculum_staffdev,22006063,92431.0,238.08
101914,Katy ISD,2022-23,AF,f21_instr_leadership,9751181,92431.0,105.5
101914,Katy ISD,2022-23,AF,f23_school_leadership,55694558,92431.0,602.55
101914,Katy ISD,2022-23,AF,f31_guidance,53905324,92431.0,583.2
101914,Katy ISD,2022-23,AF,f32_social_work,1382947,92431.0,14.96
101914,Katy ISD,2022-23,AF,f33_health,10633334,92431.0,115.04
101914,Katy ISD,2022-23,AF,f34_transportation,26246319,92431.0,283.96
101914,Katy ISD,2022-23,AF,f35_food,42841059,92431.0,463.49
101914,Katy ISD,2022-23,AF,f36_extracurricular,30856619,92431.0,333.83
101914,Katy ISD,2022-23,AF,f41_general_admin,17992341,92431.0,194.66
101914,Katy ISD,2022-23,AF,f51_plant_maint,84446582,92431.0,913.62
101914,Katy ISD,2022-23,AF,f52_security,12436404,92431.0,134.55
101914,Katy ISD,2022-23,AF,f53_data_processing,17527966,92431.0,189.63
101914,Katy ISD,2022-23,AF,f61_community,1372896,92431.0,14.85
101914,Katy ISD,2022-23,AF,pic11_basic,490441170,92431.0,5306.02
101914,Katy ISD,2022-23,AF,pic21_gt,5279934,92431.0,57.12
101914,Katy ISD,2022-23,AF,pic22_cte,31025294,92431.0,335.66
101914,Katy ISD,2022-23,AF,pic23_swd,173493062,92431.0,1877.0
101914,Katy ISD,2022-23,AF,pic24_comp_ed,71909348,92431.0,777.98
101914,Katy ISD,2022-23,AF,pic25_bilingual,15380095,92431.0,166.4
101914,Katy ISD,2022-23,AF,pic91_athletics,13559115,92431.0,146.69
101914,Katy ISD,2022-23,AF,pic99_unallocated,220061984,92431.0,2380.82
101914,Katy ISD,2022-23,AF,disb_recapture,0,92431.0,0.0
101914,Katy ISD,2022-23,AF,disb_total,1627476834,92431.0,17607.48
079907,Fort Bend ISD,2022-23,AF,rev_local_mo,462449688,79482.0,5818.29
079907,Fort Bend ISD,2022-23,AF,rev_state_oper,214195036,79482.0,2694.89
079907,Fort Bend ISD,2022-23,AF,rev_federal,120887917,79482.0,1520.95
079907,Fort Bend ISD,2022-23,AF,rev_other_local,34287419,79482.0,431.39
079907,Fort Bend ISD,2022-23,AF,rev_total_oper,831820060,79482.0,10465.51
079907,Fort Bend ISD,2022-23,AF,rev_local_is,144331720,79482.0,1815.9
079907,Fort Bend ISD,2022-23,AF,rev_state_debt,3814259,79482.0,47.99
079907,Fort Bend ISD,2022-23,AF,rev_total_other,158669703,79482.0,1996.3
079907,Fort Bend ISD,2022-23,AF,recapture_rev,0,79482.0,0.0
079907,Fort Bend ISD,2022-23,AF,rev_trs_onbehalf,37906793,79482.0,476.92
079907,Fort Bend ISD,2022-23,AF,rev_debt_fin,82007207,79482.0,1031.77
079907,Fort Bend ISD,2022-23,AF,exp_payroll_61,725049892,79482.0,9122.19
079907,Fort Bend ISD,2022-23,AF,exp_contracted_62,53190052,79482.0,669.21
079907,Fort Bend ISD,2022-23,AF,exp_supplies_63,55951804,79482.0,703.96
079907,Fort Bend ISD,2022-23,AF,exp_otherop_64,15168088,79482.0,190.84
079907,Fort Bend ISD,2022-23,AF,exp_total_oper,849359836,79482.0,10686.19
079907,Fort Bend ISD,2022-23,AF,exp_debt_65,130383583,79482.0,1640.42
079907,Fort Bend ISD,2022-23,AF,exp_capital_66,76053567,79482.0,956.87
079907,Fort Bend ISD,2022-23,AF,exp_grand_total,1055796986,79482.0,13283.47
079907,Fort Bend ISD,2022-23,AF,f11_instruction,477066497,79482.0,6002.2
079907,Fort Bend ISD,2022-23,AF,f12_instr_resources,8630336,79482.0,108.58
079907,Fort Bend ISD,2022-23,AF,f13_curriculum_staffdev,22258667,79482.0,280.05
079907,Fort Bend ISD,2022-23,AF,f21_instr_leadership,21436462,79482.0,269.7
079907,Fort Bend ISD,2022-23,AF,f23_school_leadership,51184677,79482.0,643.98
079907,Fort Bend ISD,2022-23,AF,f31_guidance,43009771,79482.0,541.13
079907,Fort Bend ISD,2022-23,AF,f32_social_work,3273830,79482.0,41.19
079907,Fort Bend ISD,2022-23,AF,f33_health,11092886,79482.0,139.56
079907,Fort Bend ISD,2022-23,AF,f34_transportation,25161881,79482.0,316.57
079907,Fort Bend ISD,2022-23,AF,f35_food,33303866,79482.0,419.01
079907,Fort Bend ISD,2022-23,AF,f36_extracurricular,24723934,79482.0,311.06
079907,Fort Bend ISD,2022-23,AF,f41_general_admin,19730943,79482.0,248.24
079907,Fort Bend ISD,2022-23,AF,f51_plant_maint,78826790,79482.0,991.76
079907,Fort Bend ISD,2022-23,AF,f52_security,10578588,79482.0,133.09
079907,Fort Bend ISD,2022-23,AF,f53_data_processing,17013397,79482.0,214.05
079907,Fort Bend ISD,2022-23,AF,f61_community,2067311,79482.0,26.01
079907,Fort Bend ISD,2022-23,AF,pic11_basic,366479213,79482.0,4610.85
079907,Fort Bend ISD,2022-23,AF,pic21_gt,3220448,79482.0,40.52
079907,Fort Bend ISD,2022-23,AF,pic22_cte,22593144,79482.0,284.25
079907,Fort Bend ISD,2022-23,AF,pic23_swd,151574503,79482.0,1907.03
079907,Fort Bend ISD,2022-23,AF,pic24_comp_ed,41442284,79482.0,521.4
079907,Fort Bend ISD,2022-23,AF,pic25_bilingual,16147359,79482.0,203.16
079907,Fort Bend ISD,2022-23,AF,pic91_athletics,11849301,79482.0,149.08
079907,Fort Bend ISD,2022-23,AF,pic99_unallocated,198762287,79482.0,2500.72
079907,Fort Bend ISD,2022-23,AF,disb_recapture,0,79482.0,0.0
079907,Fort Bend ISD,2022-23,AF,disb_total,1069537416,79482.0,13456.35
STATE,State total (all districts+charters),2022-23,AF,rev_local_mo,28691872133,5503301.0,5213.57
STATE,State total (all districts+charters),2022-23,AF,rev_state_oper,23719158787,5503301.0,4309.99
STATE,State total (all districts+charters),2022-23,AF,rev_federal,14132922804,5503301.0,2568.08
STATE,State total (all districts+charters),2022-23,AF,rev_other_local,4021402796,5503301.0,730.73
STATE,State total (all districts+charters),2022-23,AF,rev_total_oper,70565356520,5503301.0,12822.37
STATE,State total (all districts+charters),2022-23,AF,rev_local_is,10181652781,5503301.0,1850.1
STATE,State total (all districts+charters),2022-23,AF,rev_state_debt,388614109,5503301.0,70.61
STATE,State total (all districts+charters),2022-23,AF,rev_total_other,11764080518,5503301.0,2137.64
STATE,State total (all districts+charters),2022-23,AF,recapture_rev,4520744064,5503301.0,821.46
STATE,State total (all districts+charters),2022-23,AF,rev_trs_onbehalf,2680158246,5503301.0,487.01
STATE,State total (all districts+charters),2022-23,AF,rev_debt_fin,2519285839,5503301.0,457.78
STATE,State total (all districts+charters),2022-23,AF,exp_payroll_61,53061122304,5503301.0,9641.69
STATE,State total (all districts+charters),2022-23,AF,exp_contracted_62,6951471452,5503301.0,1263.15
STATE,State total (all districts+charters),2022-23,AF,exp_supplies_63,6000809548,5503301.0,1090.4
STATE,State total (all districts+charters),2022-23,AF,exp_otherop_64,2164945111,5503301.0,393.39
STATE,State total (all districts+charters),2022-23,AF,exp_total_oper,68178348415,5503301.0,12388.63
STATE,State total (all districts+charters),2022-23,AF,exp_debt_65,11163943942,5503301.0,2028.59
STATE,State total (all districts+charters),2022-23,AF,exp_capital_66,13009251112,5503301.0,2363.9
STATE,State total (all districts+charters),2022-23,AF,exp_grand_total,92414047078,5503301.0,16792.48
STATE,State total (all districts+charters),2022-23,AF,f11_instruction,37694253296,5503301.0,6849.39
STATE,State total (all districts+charters),2022-23,AF,f12_instr_resources,666798594,5503301.0,121.16
STATE,State total (all districts+charters),2022-23,AF,f13_curriculum_staffdev,1695187680,5503301.0,308.03
STATE,State total (all districts+charters),2022-23,AF,f21_instr_leadership,1229238310,5503301.0,223.36
STATE,State total (all districts+charters),2022-23,AF,f23_school_leadership,3907731028,5503301.0,710.07
STATE,State total (all districts+charters),2022-23,AF,f31_guidance,2737811247,5503301.0,497.49
STATE,State total (all districts+charters),2022-23,AF,f32_social_work,252643229,5503301.0,45.91
STATE,State total (all districts+charters),2022-23,AF,f33_health,732011214,5503301.0,133.01
STATE,State total (all districts+charters),2022-23,AF,f34_transportation,2059867566,5503301.0,374.3
STATE,State total (all districts+charters),2022-23,AF,f35_food,3474009318,5503301.0,631.26
STATE,State total (all districts+charters),2022-23,AF,f36_extracurricular,2112169842,5503301.0,383.8
STATE,State total (all districts+charters),2022-23,AF,f41_general_admin,2263873359,5503301.0,411.37
STATE,State total (all districts+charters),2022-23,AF,f51_plant_maint,6750271702,5503301.0,1226.59
STATE,State total (all districts+charters),2022-23,AF,f52_security,909865518,5503301.0,165.33
STATE,State total (all districts+charters),2022-23,AF,f53_data_processing,1317893172,5503301.0,239.47
STATE,State total (all districts+charters),2022-23,AF,f61_community,352764015,5503301.0,64.1
STATE,State total (all districts+charters),2022-23,AF,pic11_basic,27689146835,5503301.0,5031.37
STATE,State total (all districts+charters),2022-23,AF,pic21_gt,402862418,5503301.0,73.2
STATE,State total (all districts+charters),2022-23,AF,pic22_cte,2307412199,5503301.0,419.28
STATE,State total (all districts+charters),2022-23,AF,pic23_swd,8680955352,5503301.0,1577.41
STATE,State total (all districts+charters),2022-23,AF,pic24_comp_ed,6677859721,5503301.0,1213.43
STATE,State total (all districts+charters),2022-23,AF,pic25_bilingual,757673102,5503301.0,137.68
STATE,State total (all districts+charters),2022-23,AF,pic91_athletics,1361458192,5503301.0,247.39
STATE,State total (all districts+charters),2022-23,AF,pic99_unallocated,18209694746,5503301.0,3308.87
STATE,State total (all districts+charters),2022-23,AF,disb_recapture,4520744064,5503301.0,821.46
STATE,State total (all districts+charters),2022-23,AF,disb_total,98870180389,5503301.0,17965.61
STATE_ISD,State total (ISDs only),2022-23,AF,rev_local_mo,28676995516,5098484.0,5624.61
STATE_ISD,State total (ISDs only),2022-23,AF,rev_state_oper,19609632415,5098484.0,3846.17
STATE_ISD,State total (ISDs only),2022-23,AF,rev_federal,13081260263,5098484.0,2565.72
STATE_ISD,State total (ISDs only),2022-23,AF,rev_other_local,3742757900,5098484.0,734.09
STATE_ISD,State total (ISDs only),2022-23,AF,rev_total_oper,65110646094,5098484.0,12770.59
STATE_ISD,State total (ISDs only),2022-23,AF,rev_local_is,10170204156,5098484.0,1994.75
STATE_ISD,State total (ISDs only),2022-23,AF,rev_state_debt,388601051,5098484.0,76.22
STATE_ISD,State total (ISDs only),2022-23,AF,rev_total_other,11725275389,5098484.0,2299.76
STATE_ISD,State total (ISDs only),2022-23,AF,recapture_rev,4499696618,5098484.0,882.56
STATE_ISD,State total (ISDs only),2022-23,AF,rev_trs_onbehalf,2678749223,5098484.0,525.4
STATE_ISD,State total (ISDs only),2022-23,AF,rev_debt_fin,2519282410,5098484.0,494.12
STATE_ISD,State total (ISDs only),2022-23,AF,exp_payroll_61,49731696903,5098484.0,9754.21
STATE_ISD,State total (ISDs only),2022-23,AF,exp_contracted_62,6059660824,5098484.0,1188.52
STATE_ISD,State total (ISDs only),2022-23,AF,exp_supplies_63,5585604284,5098484.0,1095.54
STATE_ISD,State total (ISDs only),2022-23,AF,exp_otherop_64,1755614848,5098484.0,344.34
STATE_ISD,State total (ISDs only),2022-23,AF,exp_total_oper,63132576859,5098484.0,12382.62
STATE_ISD,State total (ISDs only),2022-23,AF,exp_debt_65,10888209683,5098484.0,2135.58
STATE_ISD,State total (ISDs only),2022-23,AF,exp_capital_66,12994290222,5098484.0,2548.66
STATE_ISD,State total (ISDs only),2022-23,AF,exp_grand_total,87077569656,5098484.0,17079.11
STATE_ISD,State total (ISDs only),2022-23,AF,f11_instruction,35124320348,5098484.0,6889.17
STATE_ISD,State total (ISDs only),2022-23,AF,f12_instr_resources,654050292,5098484.0,128.28
STATE_ISD,State total (ISDs only),2022-23,AF,f13_curriculum_staffdev,1540372774,5098484.0,302.12
STATE_ISD,State total (ISDs only),2022-23,AF,f21_instr_leadership,1117130337,5098484.0,219.11
STATE_ISD,State total (ISDs only),2022-23,AF,f23_school_leadership,3472294400,5098484.0,681.04
STATE_ISD,State total (ISDs only),2022-23,AF,f31_guidance,2581409343,5098484.0,506.31
STATE_ISD,State total (ISDs only),2022-23,AF,f32_social_work,239262732,5098484.0,46.93
STATE_ISD,State total (ISDs only),2022-23,AF,f33_health,700064989,5098484.0,137.31
STATE_ISD,State total (ISDs only),2022-23,AF,f34_transportation,1966874334,5098484.0,385.78
STATE_ISD,State total (ISDs only),2022-23,AF,f35_food,3223413988,5098484.0,632.23
STATE_ISD,State total (ISDs only),2022-23,AF,f36_extracurricular,2046496665,5098484.0,401.39
STATE_ISD,State total (ISDs only),2022-23,AF,f41_general_admin,1957781037,5098484.0,383.99
STATE_ISD,State total (ISDs only),2022-23,AF,f51_plant_maint,6123464304,5098484.0,1201.04
STATE_ISD,State total (ISDs only),2022-23,AF,f52_security,857538088,5098484.0,168.19
STATE_ISD,State total (ISDs only),2022-23,AF,f53_data_processing,1199804329,5098484.0,235.33
STATE_ISD,State total (ISDs only),2022-23,AF,f61_community,328298899,5098484.0,64.39
STATE_ISD,State total (ISDs only),2022-23,AF,pic11_basic,25480838032,5098484.0,4997.73
STATE_ISD,State total (ISDs only),2022-23,AF,pic21_gt,398085484,5098484.0,78.08
STATE_ISD,State total (ISDs only),2022-23,AF,pic22_cte,2214665118,5098484.0,434.38
STATE_ISD,State total (ISDs only),2022-23,AF,pic23_swd,8264836479,5098484.0,1621.04
STATE_ISD,State total (ISDs only),2022-23,AF,pic24_comp_ed,6160732683,5098484.0,1208.35
STATE_ISD,State total (ISDs only),2022-23,AF,pic25_bilingual,696394852,5098484.0,136.59
STATE_ISD,State total (ISDs only),2022-23,AF,pic91_athletics,1325618189,5098484.0,260.0
STATE_ISD,State total (ISDs only),2022-23,AF,pic99_unallocated,16641507316,5098484.0,3264.01
STATE_ISD,State total (ISDs only),2022-23,AF,disb_recapture,4499696618,5098484.0,882.56
STATE_ISD,State total (ISDs only),2022-23,AF,disb_total,93457313645,5098484.0,18330.41
101912,Houston ISD,2022-23,GF,fb_unassigned,590067862,189290.0,3117.27
101912,Houston ISD,2022-23,GF,fb_total,1127068920,189290.0,5954.19
057905,Dallas ISD,2022-23,GF,fb_unassigned,660000000,141042.0,4679.46
057905,Dallas ISD,2022-23,GF,fb_total,1006157107,141042.0,7133.74
227901,Austin ISD,2022-23,GF,fb_unassigned,288732832,73198.0,3944.55
227901,Austin ISD,2022-23,GF,fb_total,319694912,73198.0,4367.54
220905,Fort Worth ISD,2022-23,GF,fb_unassigned,343861365,72637.0,4733.97
220905,Fort Worth ISD,2022-23,GF,fb_total,401675275,72637.0,5529.9
015915,Northside ISD,2022-23,GF,fb_unassigned,250670832,102169.0,2453.49
015915,Northside ISD,2022-23,GF,fb_total,455087019,102169.0,4454.26
101907,Cypress-Fairbanks ISD,2022-23,GF,fb_unassigned,370678717,117686.0,3149.73
101907,Cypress-Fairbanks ISD,2022-23,GF,fb_total,556703637,117686.0,4730.42
101914,Katy ISD,2022-23,GF,fb_unassigned,257640394,92431.0,2787.38
101914,Katy ISD,2022-23,GF,fb_total,352783437,92431.0,3816.72
079907,Fort Bend ISD,2022-23,GF,fb_unassigned,134028521,79482.0,1686.28
079907,Fort Bend ISD,2022-23,GF,fb_total,200220161,79482.0,2519.06
101912,Houston ISD,2021-22,GF,rev_local_mo,1610402369,193727.0,8312.74
101912,Houston ISD,2021-22,GF,rev_state_oper,146793454,193727.0,757.73
101912,Houston ISD,2021-22,GF,rev_federal,61236580,193727.0,316.1
101912,Houston ISD,2021-22,GF,rev_other_local,22715324,193727.0,117.25
101912,Houston ISD,2021-22,GF,rev_total_oper,1841147727,193727.0,9503.83
101912,Houston ISD,2021-22,GF,rev_local_is,0,193727.0,0.0
101912,Houston ISD,2021-22,GF,rev_state_debt,0,193727.0,0.0
101912,Houston ISD,2021-22,GF,rev_total_other,41348691,193727.0,213.44
101912,Houston ISD,2021-22,GF,recapture_rev,184470759,193727.0,952.22
101912,Houston ISD,2021-22,GF,rev_trs_onbehalf,81873575,193727.0,422.62
101912,Houston ISD,2021-22,GF,rev_debt_fin,0,193727.0,0.0
101912,Houston ISD,2021-22,GF,exp_payroll_61,1311121616,193727.0,6767.88
101912,Houston ISD,2021-22,GF,exp_contracted_62,251245393,193727.0,1296.9
101912,Houston ISD,2021-22,GF,exp_supplies_63,59789309,193727.0,308.63
101912,Houston ISD,2021-22,GF,exp_otherop_64,26747564,193727.0,138.07
101912,Houston ISD,2021-22,GF,exp_total_oper,1648903882,193727.0,8511.48
101912,Houston ISD,2021-22,GF,exp_debt_65,10250592,193727.0,52.91
101912,Houston ISD,2021-22,GF,exp_capital_66,67386718,193727.0,347.84
101912,Houston ISD,2021-22,GF,exp_grand_total,1726874786,193727.0,8913.96
101912,Houston ISD,2021-22,GF,f11_instruction,948208821,193727.0,4894.56
101912,Houston ISD,2021-22,GF,f12_instr_resources,6652048,193727.0,34.34
101912,Houston ISD,2021-22,GF,f13_curriculum_staffdev,31533523,193727.0,162.77
101912,Houston ISD,2021-22,GF,f21_instr_leadership,23901949,193727.0,123.38
101912,Houston ISD,2021-22,GF,f23_school_leadership,146341384,193727.0,755.4
101912,Houston ISD,2021-22,GF,f31_guidance,59221652,193727.0,305.7
101912,Houston ISD,2021-22,GF,f32_social_work,17943616,193727.0,92.62
101912,Houston ISD,2021-22,GF,f33_health,31231433,193727.0,161.21
101912,Houston ISD,2021-22,GF,f34_transportation,50610649,193727.0,261.25
101912,Houston ISD,2021-22,GF,f35_food,50604,193727.0,0.26
101912,Houston ISD,2021-22,GF,f36_extracurricular,16266910,193727.0,83.97
101912,Houston ISD,2021-22,GF,f41_general_admin,36948195,193727.0,190.72
101912,Houston ISD,2021-22,GF,f51_plant_maint,198243033,193727.0,1023.31
101912,Houston ISD,2021-22,GF,f52_security,28133320,193727.0,145.22
101912,Houston ISD,2021-22,GF,f53_data_processing,51668473,193727.0,266.71
101912,Houston ISD,2021-22,GF,f61_community,1948272,193727.0,10.06
101912,Houston ISD,2021-22,GF,pic11_basic,755853973,193727.0,3901.64
101912,Houston ISD,2021-22,GF,pic21_gt,7512316,193727.0,38.78
101912,Houston ISD,2021-22,GF,pic22_cte,48947465,193727.0,252.66
101912,Houston ISD,2021-22,GF,pic23_swd,188216996,193727.0,971.56
101912,Houston ISD,2021-22,GF,pic24_comp_ed,141748437,193727.0,731.69
101912,Houston ISD,2021-22,GF,pic25_bilingual,35491054,193727.0,183.2
101912,Houston ISD,2021-22,GF,pic91_athletics,13648287,193727.0,70.45
101912,Houston ISD,2021-22,GF,pic99_unallocated,362769831,193727.0,1872.58
101912,Houston ISD,2021-22,GF,disb_recapture,184470759,193727.0,952.22
101912,Houston ISD,2021-22,GF,disb_total,2018556238,193727.0,10419.59
057905,Dallas ISD,2021-22,GF,rev_local_mo,1318260866,143430.0,9190.97
057905,Dallas ISD,2021-22,GF,rev_state_oper,112477182,143430.0,784.2
057905,Dallas ISD,2021-22,GF,rev_federal,106678452,143430.0,743.77
057905,Dallas ISD,2021-22,GF,rev_other_local,732020,143430.0,5.1
057905,Dallas ISD,2021-22,GF,rev_total_oper,1538148520,143430.0,10724.04
057905,Dallas ISD,2021-22,GF,rev_local_is,0,143430.0,0.0
057905,Dallas ISD,2021-22,GF,rev_state_debt,0,143430.0,0.0
057905,Dallas ISD,2021-22,GF,rev_total_other,22263544,143430.0,155.22
057905,Dallas ISD,2021-22,GF,recapture_rev,97987095,143430.0,683.17
057905,Dallas ISD,2021-22,GF,rev_trs_onbehalf,73047250,143430.0,509.29
057905,Dallas ISD,2021-22,GF,rev_debt_fin,0,143430.0,0.0
057905,Dallas ISD,2021-22,GF,exp_payroll_61,1279809032,143430.0,8922.88
057905,Dallas ISD,2021-22,GF,exp_contracted_62,128818113,143430.0,898.13
057905,Dallas ISD,2021-22,GF,exp_supplies_63,89569169,143430.0,624.48
057905,Dallas ISD,2021-22,GF,exp_otherop_64,22961453,143430.0,160.09
057905,Dallas ISD,2021-22,GF,exp_total_oper,1521157767,143430.0,10605.58
057905,Dallas ISD,2021-22,GF,exp_debt_65,12033130,143430.0,83.9
057905,Dallas ISD,2021-22,GF,exp_capital_66,21484537,143430.0,149.79
057905,Dallas ISD,2021-22,GF,exp_grand_total,1557268636,143430.0,10857.34
057905,Dallas ISD,2021-22,GF,f11_instruction,838073913,143430.0,5843.09
057905,Dallas ISD,2021-22,GF,f12_instr_resources,13203028,143430.0,92.05
057905,Dallas ISD,2021-22,GF,f13_curriculum_staffdev,25590200,143430.0,178.42
057905,Dallas ISD,2021-22,GF,f21_instr_leadership,49029088,143430.0,341.83
057905,Dallas ISD,2021-22,GF,f23_school_leadership,115324764,143430.0,804.05
057905,Dallas ISD,2021-22,GF,f31_guidance,62847092,143430.0,438.17
057905,Dallas ISD,2021-22,GF,f32_social_work,1240062,143430.0,8.65
057905,Dallas ISD,2021-22,GF,f33_health,24933828,143430.0,173.84
057905,Dallas ISD,2021-22,GF,f34_transportation,61470745,143430.0,428.58
057905,Dallas ISD,2021-22,GF,f35_food,78297,143430.0,0.55
057905,Dallas ISD,2021-22,GF,f36_extracurricular,39665935,143430.0,276.55
057905,Dallas ISD,2021-22,GF,f41_general_admin,49684678,143430.0,346.4
057905,Dallas ISD,2021-22,GF,f51_plant_maint,161693497,143430.0,1127.33
057905,Dallas ISD,2021-22,GF,f52_security,23536486,143430.0,164.1
057905,Dallas ISD,2021-22,GF,f53_data_processing,50596484,143430.0,352.76
057905,Dallas ISD,2021-22,GF,f61_community,4189670,143430.0,29.21
057905,Dallas ISD,2021-22,GF,pic11_basic,695657286,143430.0,4850.15
057905,Dallas ISD,2021-22,GF,pic21_gt,15145941,143430.0,105.6
057905,Dallas ISD,2021-22,GF,pic22_cte,39106802,143430.0,272.65
057905,Dallas ISD,2021-22,GF,pic23_swd,171182000,143430.0,1193.49
057905,Dallas ISD,2021-22,GF,pic24_comp_ed,128735306,143430.0,897.55
057905,Dallas ISD,2021-22,GF,pic25_bilingual,29242173,143430.0,203.88
057905,Dallas ISD,2021-22,GF,pic91_athletics,23406860,143430.0,163.19
057905,Dallas ISD,2021-22,GF,pic99_unallocated,345084183,143430.0,2405.94
057905,Dallas ISD,2021-22,GF,disb_recapture,97987095,143430.0,683.17
057905,Dallas ISD,2021-22,GF,disb_total,1680142126,143430.0,11714.02
227901,Austin ISD,2021-22,GF,rev_local_mo,662487222,71883.0,9216.19
227901,Austin ISD,2021-22,GF,rev_state_oper,38922709,71883.0,541.47
227901,Austin ISD,2021-22,GF,rev_federal,31076075,71883.0,432.31
227901,Austin ISD,2021-22,GF,rev_other_local,19902154,71883.0,276.87
227901,Austin ISD,2021-22,GF,rev_total_oper,752388160,71883.0,10466.84
227901,Austin ISD,2021-22,GF,rev_local_is,0,71883.0,0.0
227901,Austin ISD,2021-22,GF,rev_state_debt,0,71883.0,0.0
227901,Austin ISD,2021-22,GF,rev_total_other,0,71883.0,0.0
227901,Austin ISD,2021-22,GF,recapture_rev,762800496,71883.0,10611.7
227901,Austin ISD,2021-22,GF,rev_trs_onbehalf,42145046,71883.0,586.3
227901,Austin ISD,2021-22,GF,rev_debt_fin,0,71883.0,0.0
227901,Austin ISD,2021-22,GF,exp_payroll_61,664234949,71883.0,9240.5
227901,Austin ISD,2021-22,GF,exp_contracted_62,45889277,71883.0,638.39
227901,Austin ISD,2021-22,GF,exp_supplies_63,32750200,71883.0,455.6
227901,Austin ISD,2021-22,GF,exp_otherop_64,5028333,71883.0,69.95
227901,Austin ISD,2021-22,GF,exp_total_oper,747902759,71883.0,10404.45
227901,Austin ISD,2021-22,GF,exp_debt_65,1205128,71883.0,16.77
227901,Austin ISD,2021-22,GF,exp_capital_66,2987468,71883.0,41.56
227901,Austin ISD,2021-22,GF,exp_grand_total,752246571,71883.0,10464.87
227901,Austin ISD,2021-22,GF,f11_instruction,433176738,71883.0,6026.14
227901,Austin ISD,2021-22,GF,f12_instr_resources,9597097,71883.0,133.51
227901,Austin ISD,2021-22,GF,f13_curriculum_staffdev,13680591,71883.0,190.32
227901,Austin ISD,2021-22,GF,f21_instr_leadership,18381151,71883.0,255.71
227901,Austin ISD,2021-22,GF,f23_school_leadership,55044229,71883.0,765.75
227901,Austin ISD,2021-22,GF,f31_guidance,15067844,71883.0,209.62
227901,Austin ISD,2021-22,GF,f32_social_work,3330601,71883.0,46.33
227901,Austin ISD,2021-22,GF,f33_health,8533074,71883.0,118.71
227901,Austin ISD,2021-22,GF,f34_transportation,35467948,71883.0,493.41
227901,Austin ISD,2021-22,GF,f35_food,189,71883.0,0.0
227901,Austin ISD,2021-22,GF,f36_extracurricular,20030821,71883.0,278.66
227901,Austin ISD,2021-22,GF,f41_general_admin,23778749,71883.0,330.8
227901,Austin ISD,2021-22,GF,f51_plant_maint,75689181,71883.0,1052.95
227901,Austin ISD,2021-22,GF,f52_security,11599857,71883.0,161.37
227901,Austin ISD,2021-22,GF,f53_data_processing,17718965,71883.0,246.5
227901,Austin ISD,2021-22,GF,f61_community,6805724,71883.0,94.68
227901,Austin ISD,2021-22,GF,pic11_basic,335895480,71883.0,4672.81
227901,Austin ISD,2021-22,GF,pic21_gt,2674628,71883.0,37.21
227901,Austin ISD,2021-22,GF,pic22_cte,18037962,71883.0,250.94
227901,Austin ISD,2021-22,GF,pic23_swd,141937939,71883.0,1974.57
227901,Austin ISD,2021-22,GF,pic24_comp_ed,17251094,71883.0,239.99
227901,Austin ISD,2021-22,GF,pic25_bilingual,7098698,71883.0,98.75
227901,Austin ISD,2021-22,GF,pic91_athletics,15698107,71883.0,218.38
227901,Austin ISD,2021-22,GF,pic99_unallocated,160878749,71883.0,2238.06
227901,Austin ISD,2021-22,GF,disb_recapture,762800496,71883.0,10611.7
227901,Austin ISD,2021-22,GF,disb_total,1525771744,71883.0,21225.77
220905,Fort Worth ISD,2021-22,GF,rev_local_mo,462661884,74326.0,6224.77
220905,Fort Worth ISD,2021-22,GF,rev_state_oper,262856996,74326.0,3536.54
220905,Fort Worth ISD,2021-22,GF,rev_federal,44125777,74326.0,593.68
220905,Fort Worth ISD,2021-22,GF,rev_other_local,5837298,74326.0,78.54
220905,Fort Worth ISD,2021-22,GF,rev_total_oper,775481955,74326.0,10433.52
220905,Fort Worth ISD,2021-22,GF,rev_local_is,0,74326.0,0.0
220905,Fort Worth ISD,2021-22,GF,rev_state_debt,0,74326.0,0.0
220905,Fort Worth ISD,2021-22,GF,rev_total_other,520535,74326.0,7.0
220905,Fort Worth ISD,2021-22,GF,recapture_rev,0,74326.0,0.0
220905,Fort Worth ISD,2021-22,GF,rev_trs_onbehalf,33654494,74326.0,452.8
220905,Fort Worth ISD,2021-22,GF,rev_debt_fin,0,74326.0,0.0
220905,Fort Worth ISD,2021-22,GF,exp_payroll_61,608299585,74326.0,8184.21
220905,Fort Worth ISD,2021-22,GF,exp_contracted_62,61100507,74326.0,822.06
220905,Fort Worth ISD,2021-22,GF,exp_supplies_63,52295401,74326.0,703.59
220905,Fort Worth ISD,2021-22,GF,exp_otherop_64,12966385,74326.0,174.45
220905,Fort Worth ISD,2021-22,GF,exp_total_oper,734661878,74326.0,9884.32
220905,Fort Worth ISD,2021-22,GF,exp_debt_65,831021,74326.0,11.18
220905,Fort Worth ISD,2021-22,GF,exp_capital_66,1067946,74326.0,14.37
220905,Fort Worth ISD,2021-22,GF,exp_grand_total,736746825,74326.0,9912.37
220905,Fort Worth ISD,2021-22,GF,f11_instruction,405521464,74326.0,5455.98
220905,Fort Worth ISD,2021-22,GF,f12_instr_resources,11306344,74326.0,152.12
220905,Fort Worth ISD,2021-22,GF,f13_curriculum_staffdev,12331786,74326.0,165.91
220905,Fort Worth ISD,2021-22,GF,f21_instr_leadership,14203212,74326.0,191.09
220905,Fort Worth ISD,2021-22,GF,f23_school_leadership,49059348,74326.0,660.06
220905,Fort Worth ISD,2021-22,GF,f31_guidance,43785190,74326.0,589.1
220905,Fort Worth ISD,2021-22,GF,f32_social_work,4249774,74326.0,57.18
220905,Fort Worth ISD,2021-22,GF,f33_health,9981247,74326.0,134.29
220905,Fort Worth ISD,2021-22,GF,f34_transportation,20523852,74326.0,276.13
220905,Fort Worth ISD,2021-22,GF,f35_food,1194503,74326.0,16.07
220905,Fort Worth ISD,2021-22,GF,f36_extracurricular,16962174,74326.0,228.21
220905,Fort Worth ISD,2021-22,GF,f41_general_admin,22124957,74326.0,297.67
220905,Fort Worth ISD,2021-22,GF,f51_plant_maint,85556344,74326.0,1151.1
220905,Fort Worth ISD,2021-22,GF,f52_security,11359607,74326.0,152.83
220905,Fort Worth ISD,2021-22,GF,f53_data_processing,21642159,74326.0,291.18
220905,Fort Worth ISD,2021-22,GF,f61_community,4859917,74326.0,65.39
220905,Fort Worth ISD,2021-22,GF,pic11_basic,317041058,74326.0,4265.55
220905,Fort Worth ISD,2021-22,GF,pic21_gt,2645139,74326.0,35.59
220905,Fort Worth ISD,2021-22,GF,pic22_cte,26913013,74326.0,362.09
220905,Fort Worth ISD,2021-22,GF,pic23_swd,90380306,74326.0,1216.0
220905,Fort Worth ISD,2021-22,GF,pic24_comp_ed,57574665,74326.0,774.62
220905,Fort Worth ISD,2021-22,GF,pic25_bilingual,11699774,74326.0,157.41
220905,Fort Worth ISD,2021-22,GF,pic91_athletics,15385035,74326.0,206.99
220905,Fort Worth ISD,2021-22,GF,pic99_unallocated,162966596,74326.0,2192.59
220905,Fort Worth ISD,2021-22,GF,disb_recapture,0,74326.0,0.0
220905,Fort Worth ISD,2021-22,GF,disb_total,739822628,74326.0,9953.75
015915,Northside ISD,2021-22,GF,rev_local_mo,598915541,101584.0,5895.77
015915,Northside ISD,2021-22,GF,rev_state_oper,251422356,101584.0,2475.02
015915,Northside ISD,2021-22,GF,rev_federal,29968959,101584.0,295.02
015915,Northside ISD,2021-22,GF,rev_other_local,21220672,101584.0,208.9
015915,Northside ISD,2021-22,GF,rev_total_oper,901527528,101584.0,8874.7
015915,Northside ISD,2021-22,GF,rev_local_is,0,101584.0,0.0
015915,Northside ISD,2021-22,GF,rev_state_debt,0,101584.0,0.0
015915,Northside ISD,2021-22,GF,rev_total_other,904670,101584.0,8.91
015915,Northside ISD,2021-22,GF,recapture_rev,0,101584.0,0.0
015915,Northside ISD,2021-22,GF,rev_trs_onbehalf,51367357,101584.0,505.66
015915,Northside ISD,2021-22,GF,rev_debt_fin,0,101584.0,0.0
015915,Northside ISD,2021-22,GF,exp_payroll_61,818909876,101584.0,8061.41
015915,Northside ISD,2021-22,GF,exp_contracted_62,53543044,101584.0,527.08
015915,Northside ISD,2021-22,GF,exp_supplies_63,40469018,101584.0,398.38
015915,Northside ISD,2021-22,GF,exp_otherop_64,10118914,101584.0,99.61
015915,Northside ISD,2021-22,GF,exp_total_oper,923040852,101584.0,9086.48
015915,Northside ISD,2021-22,GF,exp_debt_65,0,101584.0,0.0
015915,Northside ISD,2021-22,GF,exp_capital_66,3635665,101584.0,35.79
015915,Northside ISD,2021-22,GF,exp_grand_total,926888651,101584.0,9124.36
015915,Northside ISD,2021-22,GF,f11_instruction,571435159,101584.0,5625.25
015915,Northside ISD,2021-22,GF,f12_instr_resources,12463923,101584.0,122.7
015915,Northside ISD,2021-22,GF,f13_curriculum_staffdev,18188934,101584.0,179.05
015915,Northside ISD,2021-22,GF,f21_instr_leadership,20521342,101584.0,202.01
015915,Northside ISD,2021-22,GF,f23_school_leadership,57332926,101584.0,564.39
015915,Northside ISD,2021-22,GF,f31_guidance,20746889,101584.0,204.23
015915,Northside ISD,2021-22,GF,f32_social_work,3089273,101584.0,30.41
015915,Northside ISD,2021-22,GF,f33_health,11094431,101584.0,109.21
015915,Northside ISD,2021-22,GF,f34_transportation,37496611,101584.0,369.12
015915,Northside ISD,2021-22,GF,f35_food,133577,101584.0,1.31
015915,Northside ISD,2021-22,GF,f36_extracurricular,22209051,101584.0,218.63
015915,Northside ISD,2021-22,GF,f41_general_admin,16357912,101584.0,161.03
015915,Northside ISD,2021-22,GF,f51_plant_maint,91459726,101584.0,900.34
015915,Northside ISD,2021-22,GF,f52_security,9937298,101584.0,97.82
015915,Northside ISD,2021-22,GF,f53_data_processing,20974473,101584.0,206.47
015915,Northside ISD,2021-22,GF,f61_community,9599327,101584.0,94.5
015915,Northside ISD,2021-22,GF,pic11_basic,461330842,101584.0,4541.37
015915,Northside ISD,2021-22,GF,pic21_gt,11424742,101584.0,112.47
015915,Northside ISD,2021-22,GF,pic22_cte,28082456,101584.0,276.45
015915,Northside ISD,2021-22,GF,pic23_swd,153095194,101584.0,1507.08
015915,Northside ISD,2021-22,GF,pic24_comp_ed,43299257,101584.0,426.24
015915,Northside ISD,2021-22,GF,pic25_bilingual,3549268,101584.0,34.94
015915,Northside ISD,2021-22,GF,pic91_athletics,15606445,101584.0,153.63
015915,Northside ISD,2021-22,GF,pic99_unallocated,180455201,101584.0,1776.41
015915,Northside ISD,2021-22,GF,disb_recapture,0,101584.0,0.0
015915,Northside ISD,2021-22,GF,disb_total,932067470,101584.0,9175.34
101907,Cypress-Fairbanks ISD,2021-22,GF,rev_local_mo,549507138,116913.0,4700.14
101907,Cypress-Fairbanks ISD,2021-22,GF,rev_state_oper,360159069,116913.0,3080.57
101907,Cypress-Fairbanks ISD,2021-22,GF,rev_federal,32045562,116913.0,274.1
101907,Cypress-Fairbanks ISD,2021-22,GF,rev_other_local,19241933,116913.0,164.58
101907,Cypress-Fairbanks ISD,2021-22,GF,rev_total_oper,960953702,116913.0,8219.39
101907,Cypress-Fairbanks ISD,2021-22,GF,rev_local_is,0,116913.0,0.0
101907,Cypress-Fairbanks ISD,2021-22,GF,rev_state_debt,0,116913.0,0.0
101907,Cypress-Fairbanks ISD,2021-22,GF,rev_total_other,2218273,116913.0,18.97
101907,Cypress-Fairbanks ISD,2021-22,GF,recapture_rev,0,116913.0,0.0
101907,Cypress-Fairbanks ISD,2021-22,GF,rev_trs_onbehalf,59446854,116913.0,508.47
101907,Cypress-Fairbanks ISD,2021-22,GF,rev_debt_fin,0,116913.0,0.0
101907,Cypress-Fairbanks ISD,2021-22,GF,exp_payroll_61,927594977,116913.0,7934.06
101907,Cypress-Fairbanks ISD,2021-22,GF,exp_contracted_62,41735284,116913.0,356.98
101907,Cypress-Fairbanks ISD,2021-22,GF,exp_supplies_63,27868572,116913.0,238.37
101907,Cypress-Fairbanks ISD,2021-22,GF,exp_otherop_64,12137308,116913.0,103.81
101907,Cypress-Fairbanks ISD,2021-22,GF,exp_total_oper,1009336141,116913.0,8633.22
101907,Cypress-Fairbanks ISD,2021-22,GF,exp_debt_65,2674499,116913.0,22.88
101907,Cypress-Fairbanks ISD,2021-22,GF,exp_capital_66,2593904,116913.0,22.19
101907,Cypress-Fairbanks ISD,2021-22,GF,exp_grand_total,1015189069,116913.0,8683.29
101907,Cypress-Fairbanks ISD,2021-22,GF,f11_instruction,682378154,116913.0,5836.63
101907,Cypress-Fairbanks ISD,2021-22,GF,f12_instr_resources,7727302,116913.0,66.09
101907,Cypress-Fairbanks ISD,2021-22,GF,f13_curriculum_staffdev,12461886,116913.0,106.59
101907,Cypress-Fairbanks ISD,2021-22,GF,f21_instr_leadership,8712506,116913.0,74.52
101907,Cypress-Fairbanks ISD,2021-22,GF,f23_school_leadership,53359990,116913.0,456.41
101907,Cypress-Fairbanks ISD,2021-22,GF,f31_guidance,32732610,116913.0,279.97
101907,Cypress-Fairbanks ISD,2021-22,GF,f32_social_work,527500,116913.0,4.51
101907,Cypress-Fairbanks ISD,2021-22,GF,f33_health,12343068,116913.0,105.57
101907,Cypress-Fairbanks ISD,2021-22,GF,f34_transportation,43773247,116913.0,374.41
101907,Cypress-Fairbanks ISD,2021-22,GF,f35_food,0,116913.0,0.0
101907,Cypress-Fairbanks ISD,2021-22,GF,f36_extracurricular,22629355,116913.0,193.56
101907,Cypress-Fairbanks ISD,2021-22,GF,f41_general_admin,19200477,116913.0,164.23
101907,Cypress-Fairbanks ISD,2021-22,GF,f51_plant_maint,72057859,116913.0,616.34
101907,Cypress-Fairbanks ISD,2021-22,GF,f52_security,14398040,116913.0,123.15
101907,Cypress-Fairbanks ISD,2021-22,GF,f53_data_processing,18704832,116913.0,159.99
101907,Cypress-Fairbanks ISD,2021-22,GF,f61_community,8329315,116913.0,71.24
101907,Cypress-Fairbanks ISD,2021-22,GF,pic11_basic,482472737,116913.0,4126.77
101907,Cypress-Fairbanks ISD,2021-22,GF,pic21_gt,6120867,116913.0,52.35
101907,Cypress-Fairbanks ISD,2021-22,GF,pic22_cte,37887582,116913.0,324.07
101907,Cypress-Fairbanks ISD,2021-22,GF,pic23_swd,124020787,116913.0,1060.8
101907,Cypress-Fairbanks ISD,2021-22,GF,pic24_comp_ed,58880267,116913.0,503.62
101907,Cypress-Fairbanks ISD,2021-22,GF,pic25_bilingual,9025631,116913.0,77.2
101907,Cypress-Fairbanks ISD,2021-22,GF,pic91_athletics,15211650,116913.0,130.11
101907,Cypress-Fairbanks ISD,2021-22,GF,pic99_unallocated,223360075,116913.0,1910.48
101907,Cypress-Fairbanks ISD,2021-22,GF,disb_recapture,0,116913.0,0.0
101907,Cypress-Fairbanks ISD,2021-22,GF,disb_total,1022618829,116913.0,8746.84
101914,Katy ISD,2021-22,GF,rev_local_mo,442660025,88165.0,5020.81
101914,Katy ISD,2021-22,GF,rev_state_oper,386995072,88165.0,4389.44
101914,Katy ISD,2021-22,GF,rev_federal,15794865,88165.0,179.15
101914,Katy ISD,2021-22,GF,rev_other_local,15189339,88165.0,172.28
101914,Katy ISD,2021-22,GF,rev_total_oper,860639301,88165.0,9761.69
101914,Katy ISD,2021-22,GF,rev_local_is,0,88165.0,0.0
101914,Katy ISD,2021-22,GF,rev_state_debt,0,88165.0,0.0
101914,Katy ISD,2021-22,GF,rev_total_other,313460,88165.0,3.56
101914,Katy ISD,2021-22,GF,recapture_rev,0,88165.0,0.0
101914,Katy ISD,2021-22,GF,rev_trs_onbehalf,46312016,88165.0,525.29
101914,Katy ISD,2021-22,GF,rev_debt_fin,0,88165.0,0.0
101914,Katy ISD,2021-22,GF,exp_payroll_61,782842142,88165.0,8879.28
101914,Katy ISD,2021-22,GF,exp_contracted_62,41642246,88165.0,472.32
101914,Katy ISD,2021-22,GF,exp_supplies_63,36848520,88165.0,417.95
101914,Katy ISD,2021-22,GF,exp_otherop_64,12255340,88165.0,139.0
101914,Katy ISD,2021-22,GF,exp_total_oper,873588248,88165.0,9908.56
101914,Katy ISD,2021-22,GF,exp_debt_65,0,88165.0,0.0
101914,Katy ISD,2021-22,GF,exp_capital_66,3178980,88165.0,36.06
101914,Katy ISD,2021-22,GF,exp_grand_total,877570646,88165.0,9953.73
101914,Katy ISD,2021-22,GF,f11_instruction,574644135,88165.0,6517.83
101914,Katy ISD,2021-22,GF,f12_instr_resources,9710904,88165.0,110.14
101914,Katy ISD,2021-22,GF,f13_curriculum_staffdev,11950934,88165.0,135.55
101914,Katy ISD,2021-22,GF,f21_instr_leadership,7133824,88165.0,80.91
101914,Katy ISD,2021-22,GF,f23_school_leadership,50415346,88165.0,571.83
101914,Katy ISD,2021-22,GF,f31_guidance,43604316,88165.0,494.58
101914,Katy ISD,2021-22,GF,f32_social_work,103158,88165.0,1.17
101914,Katy ISD,2021-22,GF,f33_health,9414582,88165.0,106.78
101914,Katy ISD,2021-22,GF,f34_transportation,23962328,88165.0,271.79
101914,Katy ISD,2021-22,GF,f35_food,0,88165.0,0.0
101914,Katy ISD,2021-22,GF,f36_extracurricular,19180504,88165.0,217.55
101914,Katy ISD,2021-22,GF,f41_general_admin,15289043,88165.0,173.41
101914,Katy ISD,2021-22,GF,f51_plant_maint,80318906,88165.0,911.01
101914,Katy ISD,2021-22,GF,f52_security,11237771,88165.0,127.46
101914,Katy ISD,2021-22,GF,f53_data_processing,16388275,88165.0,185.88
101914,Katy ISD,2021-22,GF,f61_community,234222,88165.0,2.66
101914,Katy ISD,2021-22,GF,pic11_basic,440709344,88165.0,4998.69
101914,Katy ISD,2021-22,GF,pic21_gt,4418269,88165.0,50.11
101914,Katy ISD,2021-22,GF,pic22_cte,26923668,88165.0,305.38
101914,Katy ISD,2021-22,GF,pic23_swd,143245450,88165.0,1624.74
101914,Katy ISD,2021-22,GF,pic24_comp_ed,43839871,88165.0,497.25
101914,Katy ISD,2021-22,GF,pic25_bilingual,12005311,88165.0,136.17
101914,Katy ISD,2021-22,GF,pic91_athletics,11515495,88165.0,130.61
101914,Katy ISD,2021-22,GF,pic99_unallocated,152439269,88165.0,1729.02
101914,Katy ISD,2021-22,GF,disb_recapture,0,88165.0,0.0
101914,Katy ISD,2021-22,GF,disb_total,888273882,88165.0,10075.13
079907,Fort Bend ISD,2021-22,GF,rev_local_mo,427715478,76543.0,5587.91
079907,Fort Bend ISD,2021-22,GF,rev_state_oper,232117533,76543.0,3032.51
079907,Fort Bend ISD,2021-22,GF,rev_federal,33013180,76543.0,431.3
079907,Fort Bend ISD,2021-22,GF,rev_other_local,5317151,76543.0,69.47
079907,Fort Bend ISD,2021-22,GF,rev_total_oper,698163342,76543.0,9121.19
079907,Fort Bend ISD,2021-22,GF,rev_local_is,0,76543.0,0.0
079907,Fort Bend ISD,2021-22,GF,rev_state_debt,0,76543.0,0.0
079907,Fort Bend ISD,2021-22,GF,rev_total_other,2918028,76543.0,38.12
079907,Fort Bend ISD,2021-22,GF,recapture_rev,0,76543.0,0.0
079907,Fort Bend ISD,2021-22,GF,rev_trs_onbehalf,36246795,76543.0,473.55
079907,Fort Bend ISD,2021-22,GF,rev_debt_fin,0,76543.0,0.0
079907,Fort Bend ISD,2021-22,GF,exp_payroll_61,654867540,76543.0,8555.55
079907,Fort Bend ISD,2021-22,GF,exp_contracted_62,51074039,76543.0,667.26
079907,Fort Bend ISD,2021-22,GF,exp_supplies_63,25177514,76543.0,328.93
079907,Fort Bend ISD,2021-22,GF,exp_otherop_64,9582455,76543.0,125.19
079907,Fort Bend ISD,2021-22,GF,exp_total_oper,740701548,76543.0,9676.93
079907,Fort Bend ISD,2021-22,GF,exp_debt_65,665407,76543.0,8.69
079907,Fort Bend ISD,2021-22,GF,exp_capital_66,518424,76543.0,6.77
079907,Fort Bend ISD,2021-22,GF,exp_grand_total,741885379,76543.0,9692.4
079907,Fort Bend ISD,2021-22,GF,f11_instruction,431669215,76543.0,5639.56
079907,Fort Bend ISD,2021-22,GF,f12_instr_resources,8619419,76543.0,112.61
079907,Fort Bend ISD,2021-22,GF,f13_curriculum_staffdev,14336668,76543.0,187.3
079907,Fort Bend ISD,2021-22,GF,f21_instr_leadership,18824008,76543.0,245.93
079907,Fort Bend ISD,2021-22,GF,f23_school_leadership,51322324,76543.0,670.5
079907,Fort Bend ISD,2021-22,GF,f31_guidance,37576563,76543.0,490.92
079907,Fort Bend ISD,2021-22,GF,f32_social_work,2875111,76543.0,37.56
079907,Fort Bend ISD,2021-22,GF,f33_health,10159810,76543.0,132.73
079907,Fort Bend ISD,2021-22,GF,f34_transportation,24315968,76543.0,317.68
079907,Fort Bend ISD,2021-22,GF,f35_food,354,76543.0,0.0
079907,Fort Bend ISD,2021-22,GF,f36_extracurricular,17158741,76543.0,224.17
079907,Fort Bend ISD,2021-22,GF,f41_general_admin,19505747,76543.0,254.83
079907,Fort Bend ISD,2021-22,GF,f51_plant_maint,74566793,76543.0,974.18
079907,Fort Bend ISD,2021-22,GF,f52_security,10514253,76543.0,137.36
079907,Fort Bend ISD,2021-22,GF,f53_data_processing,18369060,76543.0,239.98
079907,Fort Bend ISD,2021-22,GF,f61_community,887514,76543.0,11.59
079907,Fort Bend ISD,2021-22,GF,pic11_basic,351987158,76543.0,4598.55
079907,Fort Bend ISD,2021-22,GF,pic21_gt,3608711,76543.0,47.15
079907,Fort Bend ISD,2021-22,GF,pic22_cte,20844161,76543.0,272.32
079907,Fort Bend ISD,2021-22,GF,pic23_swd,125478475,76543.0,1639.32
079907,Fort Bend ISD,2021-22,GF,pic24_comp_ed,19941669,76543.0,260.53
079907,Fort Bend ISD,2021-22,GF,pic25_bilingual,14650426,76543.0,191.4
079907,Fort Bend ISD,2021-22,GF,pic91_athletics,11759150,76543.0,153.63
079907,Fort Bend ISD,2021-22,GF,pic99_unallocated,150676165,76543.0,1968.52
079907,Fort Bend ISD,2021-22,GF,disb_recapture,0,76543.0,0.0
079907,Fort Bend ISD,2021-22,GF,disb_total,746478101,76543.0,9752.4
STATE,State total (all districts+charters),2021-22,GF,rev_local_mo,26795122749,5402912.0,4959.39
STATE,State total (all districts+charters),2021-22,GF,rev_state_oper,23938737085,5402912.0,4430.71
STATE,State total (all districts+charters),2021-22,GF,rev_federal,2145802400,5402912.0,397.16
STATE,State total (all districts+charters),2021-22,GF,rev_other_local,1226563588,5402912.0,227.02
STATE,State total (all districts+charters),2021-22,GF,rev_total_oper,54106225822,5402912.0,10014.27
STATE,State total (all districts+charters),2021-22,GF,rev_local_is,0,5402912.0,0.0
STATE,State total (all districts+charters),2021-22,GF,rev_state_debt,0,5402912.0,0.0
STATE,State total (all districts+charters),2021-22,GF,rev_total_other,776509372,5402912.0,143.72
STATE,State total (all districts+charters),2021-22,GF,recapture_rev,3002039317,5402912.0,555.63
STATE,State total (all districts+charters),2021-22,GF,rev_trs_onbehalf,2487079853,5402912.0,460.32
STATE,State total (all districts+charters),2021-22,GF,rev_debt_fin,0,5402912.0,0.0
STATE,State total (all districts+charters),2021-22,GF,exp_payroll_61,42917029177,5402912.0,7943.31
STATE,State total (all districts+charters),2021-22,GF,exp_contracted_62,4999335316,5402912.0,925.3
STATE,State total (all districts+charters),2021-22,GF,exp_supplies_63,2784584961,5402912.0,515.39
STATE,State total (all districts+charters),2021-22,GF,exp_otherop_64,1462697451,5402912.0,270.72
STATE,State total (all districts+charters),2021-22,GF,exp_total_oper,52163646905,5402912.0,9654.73
STATE,State total (all districts+charters),2021-22,GF,exp_debt_65,526028528,5402912.0,97.36
STATE,State total (all districts+charters),2021-22,GF,exp_capital_66,1193054600,5402912.0,220.82
STATE,State total (all districts+charters),2021-22,GF,exp_grand_total,53917506287,5402912.0,9979.34
STATE,State total (all districts+charters),2021-22,GF,f11_instruction,30064237426,5402912.0,5564.45
STATE,State total (all districts+charters),2021-22,GF,f12_instr_resources,566029981,5402912.0,104.76
STATE,State total (all districts+charters),2021-22,GF,f13_curriculum_staffdev,876274514,5402912.0,162.19
STATE,State total (all districts+charters),2021-22,GF,f21_instr_leadership,871261421,5402912.0,161.26
STATE,State total (all districts+charters),2021-22,GF,f23_school_leadership,3507415875,5402912.0,649.17
STATE,State total (all districts+charters),2021-22,GF,f31_guidance,1867907141,5402912.0,345.72
STATE,State total (all districts+charters),2021-22,GF,f32_social_work,132493926,5402912.0,24.52
STATE,State total (all districts+charters),2021-22,GF,f33_health,594014677,5402912.0,109.94
STATE,State total (all districts+charters),2021-22,GF,f34_transportation,1830271866,5402912.0,338.76
STATE,State total (all districts+charters),2021-22,GF,f35_food,368880672,5402912.0,68.27
STATE,State total (all districts+charters),2021-22,GF,f36_extracurricular,1613383726,5402912.0,298.61
STATE,State total (all districts+charters),2021-22,GF,f41_general_admin,2002006420,5402912.0,370.54
STATE,State total (all districts+charters),2021-22,GF,f51_plant_maint,5853317477,5402912.0,1083.36
STATE,State total (all districts+charters),2021-22,GF,f52_security,648153913,5402912.0,119.96
STATE,State total (all districts+charters),2021-22,GF,f53_data_processing,1187327554,5402912.0,219.76
STATE,State total (all districts+charters),2021-22,GF,f61_community,162076600,5402912.0,30.0
STATE,State total (all districts+charters),2021-22,GF,pic11_basic,23642617762,5402912.0,4375.9
STATE,State total (all districts+charters),2021-22,GF,pic21_gt,386951611,5402912.0,71.62
STATE,State total (all districts+charters),2021-22,GF,pic22_cte,2028349077,5402912.0,375.42
STATE,State total (all districts+charters),2021-22,GF,pic23_swd,6576693406,5402912.0,1217.25
STATE,State total (all districts+charters),2021-22,GF,pic24_comp_ed,3336823954,5402912.0,617.6
STATE,State total (all districts+charters),2021-22,GF,pic25_bilingual,582889008,5402912.0,107.88
STATE,State total (all districts+charters),2021-22,GF,pic91_athletics,1203613768,5402912.0,222.77
STATE,State total (all districts+charters),2021-22,GF,pic99_unallocated,12089812693,5402912.0,2237.65
STATE,State total (all districts+charters),2021-22,GF,disb_recapture,3002039317,5402912.0,555.63
STATE,State total (all districts+charters),2021-22,GF,disb_total,58675535579,5402912.0,10859.98
STATE_ISD,State total (ISDs only),2021-22,GF,rev_local_mo,26781367900,5023746.0,5330.96
STATE_ISD,State total (ISDs only),2021-22,GF,rev_state_oper,20127133772,5023746.0,4006.4
STATE_ISD,State total (ISDs only),2021-22,GF,rev_federal,2095502549,5023746.0,417.12
STATE_ISD,State total (ISDs only),2021-22,GF,rev_other_local,1093226907,5023746.0,217.61
STATE_ISD,State total (ISDs only),2021-22,GF,rev_total_oper,50097231128,5023746.0,9972.09
STATE_ISD,State total (ISDs only),2021-22,GF,rev_local_is,0,5023746.0,0.0
STATE_ISD,State total (ISDs only),2021-22,GF,rev_state_debt,0,5023746.0,0.0
STATE_ISD,State total (ISDs only),2021-22,GF,rev_total_other,753992688,5023746.0,150.09
STATE_ISD,State total (ISDs only),2021-22,GF,recapture_rev,2986672573,5023746.0,594.51
STATE_ISD,State total (ISDs only),2021-22,GF,rev_trs_onbehalf,2485727793,5023746.0,494.8
STATE_ISD,State total (ISDs only),2021-22,GF,rev_debt_fin,0,5023746.0,0.0
STATE_ISD,State total (ISDs only),2021-22,GF,exp_payroll_61,40453434418,5023746.0,8052.44
STATE_ISD,State total (ISDs only),2021-22,GF,exp_contracted_62,4356494279,5023746.0,867.18
STATE_ISD,State total (ISDs only),2021-22,GF,exp_supplies_63,2598987760,5023746.0,517.34
STATE_ISD,State total (ISDs only),2021-22,GF,exp_otherop_64,1156151262,5023746.0,230.14
STATE_ISD,State total (ISDs only),2021-22,GF,exp_total_oper,48565067719,5023746.0,9667.1
STATE_ISD,State total (ISDs only),2021-22,GF,exp_debt_65,309603957,5023746.0,61.63
STATE_ISD,State total (ISDs only),2021-22,GF,exp_capital_66,1188794297,5023746.0,236.64
STATE_ISD,State total (ISDs only),2021-22,GF,exp_grand_total,50098238848,5023746.0,9972.29
STATE_ISD,State total (ISDs only),2021-22,GF,f11_instruction,28210567517,5023746.0,5615.44
STATE_ISD,State total (ISDs only),2021-22,GF,f12_instr_resources,558634952,5023746.0,111.2
STATE_ISD,State total (ISDs only),2021-22,GF,f13_curriculum_staffdev,785190851,5023746.0,156.3
STATE_ISD,State total (ISDs only),2021-22,GF,f21_instr_leadership,804760828,5023746.0,160.19
STATE_ISD,State total (ISDs only),2021-22,GF,f23_school_leadership,3143398137,5023746.0,625.71
STATE_ISD,State total (ISDs only),2021-22,GF,f31_guidance,1775192409,5023746.0,353.36
STATE_ISD,State total (ISDs only),2021-22,GF,f32_social_work,126052244,5023746.0,25.09
STATE_ISD,State total (ISDs only),2021-22,GF,f33_health,569714285,5023746.0,113.4
STATE_ISD,State total (ISDs only),2021-22,GF,f34_transportation,1756218521,5023746.0,349.58
STATE_ISD,State total (ISDs only),2021-22,GF,f35_food,361517789,5023746.0,71.96
STATE_ISD,State total (ISDs only),2021-22,GF,f36_extracurricular,1575402973,5023746.0,313.59
STATE_ISD,State total (ISDs only),2021-22,GF,f41_general_admin,1739971587,5023746.0,346.35
STATE_ISD,State total (ISDs only),2021-22,GF,f51_plant_maint,5309308276,5023746.0,1056.84
STATE_ISD,State total (ISDs only),2021-22,GF,f52_security,613753061,5023746.0,122.17
STATE_ISD,State total (ISDs only),2021-22,GF,f53_data_processing,1091753927,5023746.0,217.32
STATE_ISD,State total (ISDs only),2021-22,GF,f61_community,143630362,5023746.0,28.59
STATE_ISD,State total (ISDs only),2021-22,GF,pic11_basic,21956523091,5023746.0,4370.55
STATE_ISD,State total (ISDs only),2021-22,GF,pic21_gt,383121519,5023746.0,76.26
STATE_ISD,State total (ISDs only),2021-22,GF,pic22_cte,1958301484,5023746.0,389.81
STATE_ISD,State total (ISDs only),2021-22,GF,pic23_swd,6285701794,5023746.0,1251.2
STATE_ISD,State total (ISDs only),2021-22,GF,pic24_comp_ed,3044768748,5023746.0,606.08
STATE_ISD,State total (ISDs only),2021-22,GF,pic25_bilingual,529183225,5023746.0,105.34
STATE_ISD,State total (ISDs only),2021-22,GF,pic91_athletics,1175375590,5023746.0,233.96
STATE_ISD,State total (ISDs only),2021-22,GF,pic99_unallocated,11054066749,5023746.0,2200.36
STATE_ISD,State total (ISDs only),2021-22,GF,disb_recapture,2986672573,5023746.0,594.51
STATE_ISD,State total (ISDs only),2021-22,GF,disb_total,54810144924,5023746.0,10910.21
101912,Houston ISD,2021-22,AF,rev_local_mo,1610402369,193727.0,8312.74
101912,Houston ISD,2021-22,AF,rev_state_oper,162045419,193727.0,836.46
101912,Houston ISD,2021-22,AF,rev_federal,699119668,193727.0,3608.79
101912,Houston ISD,2021-22,AF,rev_other_local,63751893,193727.0,329.08
101912,Houston ISD,2021-22,AF,rev_total_oper,2535319349,193727.0,13087.07
101912,Houston ISD,2021-22,AF,rev_local_is,319798020,193727.0,1650.77
101912,Houston ISD,2021-22,AF,rev_state_debt,2158825,193727.0,11.14
101912,Houston ISD,2021-22,AF,rev_total_other,363608827,193727.0,1876.91
101912,Houston ISD,2021-22,AF,recapture_rev,184470759,193727.0,952.22
101912,Houston ISD,2021-22,AF,rev_trs_onbehalf,81873575,193727.0,422.62
101912,Houston ISD,2021-22,AF,rev_debt_fin,137640310,193727.0,710.49
101912,Houston ISD,2021-22,AF,exp_payroll_61,1678101421,193727.0,8662.2
101912,Houston ISD,2021-22,AF,exp_contracted_62,382022779,193727.0,1971.96
101912,Houston ISD,2021-22,AF,exp_supplies_63,179346682,193727.0,925.77
101912,Houston ISD,2021-22,AF,exp_otherop_64,41139510,193727.0,212.36
101912,Houston ISD,2021-22,AF,exp_total_oper,2280610392,193727.0,11772.29
101912,Houston ISD,2021-22,AF,exp_debt_65,476069223,193727.0,2457.42
101912,Houston ISD,2021-22,AF,exp_capital_66,145785591,193727.0,752.53
101912,Houston ISD,2021-22,AF,exp_grand_total,2902999507,193727.0,14985.0
101912,Houston ISD,2021-22,AF,f11_instruction,1258672283,193727.0,6497.14
101912,Houston ISD,2021-22,AF,f12_instr_resources,6929945,193727.0,35.77
101912,Houston ISD,2021-22,AF,f13_curriculum_staffdev,62248310,193727.0,321.32
101912,Houston ISD,2021-22,AF,f21_instr_leadership,38774954,193727.0,200.15
101912,Houston ISD,2021-22,AF,f23_school_leadership,150826021,193727.0,778.55
101912,Houston ISD,2021-22,AF,f31_guidance,85261009,193727.0,440.11
101912,Houston ISD,2021-22,AF,f32_social_work,32711063,193727.0,168.85
101912,Houston ISD,2021-22,AF,f33_health,61584403,193727.0,317.89
101912,Houston ISD,2021-22,AF,f34_transportation,57038937,193727.0,294.43
101912,Houston ISD,2021-22,AF,f35_food,124978087,193727.0,645.12
101912,Houston ISD,2021-22,AF,f36_extracurricular,30155300,193727.0,155.66
101912,Houston ISD,2021-22,AF,f41_general_admin,41373098,193727.0,213.56
101912,Houston ISD,2021-22,AF,f51_plant_maint,234649783,193727.0,1211.24
101912,Houston ISD,2021-22,AF,f52_security,30130671,193727.0,155.53
101912,Houston ISD,2021-22,AF,f53_data_processing,54230673,193727.0,279.93
101912,Houston ISD,2021-22,AF,f61_community,11045855,193727.0,57.02
101912,Houston ISD,2021-22,AF,pic11_basic,947799499,193727.0,4892.45
101912,Houston ISD,2021-22,AF,pic21_gt,7841365,193727.0,40.48
101912,Houston ISD,2021-22,AF,pic22_cte,52036457,193727.0,268.61
101912,Houston ISD,2021-22,AF,pic23_swd,231604951,193727.0,1195.52
101912,Houston ISD,2021-22,AF,pic24_comp_ed,247908301,193727.0,1279.68
101912,Houston ISD,2021-22,AF,pic25_bilingual,46102390,193727.0,237.98
101912,Houston ISD,2021-22,AF,pic91_athletics,13747739,193727.0,70.96
101912,Houston ISD,2021-22,AF,pic99_unallocated,619290251,193727.0,3196.72
101912,Houston ISD,2021-22,AF,disb_recapture,184470759,193727.0,952.22
101912,Houston ISD,2021-22,AF,disb_total,3197813259,193727.0,16506.8
057905,Dallas ISD,2021-22,AF,rev_local_mo,1318260866,143430.0,9190.97
057905,Dallas ISD,2021-22,AF,rev_state_oper,127704462,143430.0,890.36
057905,Dallas ISD,2021-22,AF,rev_federal,450725570,143430.0,3142.48
057905,Dallas ISD,2021-22,AF,rev_other_local,9958023,143430.0,69.43
057905,Dallas ISD,2021-22,AF,rev_total_oper,1906648921,143430.0,13293.24
057905,Dallas ISD,2021-22,AF,rev_local_is,340140691,143430.0,2371.48
057905,Dallas ISD,2021-22,AF,rev_state_debt,1700396,143430.0,11.86
057905,Dallas ISD,2021-22,AF,rev_total_other,364624123,143430.0,2542.17
057905,Dallas ISD,2021-22,AF,recapture_rev,97987095,143430.0,683.17
057905,Dallas ISD,2021-22,AF,rev_trs_onbehalf,73047250,143430.0,509.29
057905,Dallas ISD,2021-22,AF,rev_debt_fin,325981836,143430.0,2272.76
057905,Dallas ISD,2021-22,AF,exp_payroll_61,1505776220,143430.0,10498.34
057905,Dallas ISD,2021-22,AF,exp_contracted_62,150840352,143430.0,1051.67
057905,Dallas ISD,2021-22,AF,exp_supplies_63,179596415,143430.0,1252.15
057905,Dallas ISD,2021-22,AF,exp_otherop_64,27033193,143430.0,188.48
057905,Dallas ISD,2021-22,AF,exp_total_oper,1863246180,143430.0,12990.63
057905,Dallas ISD,2021-22,AF,exp_debt_65,367342342,143430.0,2561.13
057905,Dallas ISD,2021-22,AF,exp_capital_66,451190852,143430.0,3145.72
057905,Dallas ISD,2021-22,AF,exp_grand_total,2684382791,143430.0,18715.63
057905,Dallas ISD,2021-22,AF,f11_instruction,979506601,143430.0,6829.16
057905,Dallas ISD,2021-22,AF,f12_instr_resources,13649369,143430.0,95.16
057905,Dallas ISD,2021-22,AF,f13_curriculum_staffdev,64791544,143430.0,451.73
057905,Dallas ISD,2021-22,AF,f21_instr_leadership,62739977,143430.0,437.43
057905,Dallas ISD,2021-22,AF,f23_school_leadership,117791455,143430.0,821.25
057905,Dallas ISD,2021-22,AF,f31_guidance,83900053,143430.0,584.95
057905,Dallas ISD,2021-22,AF,f32_social_work,1839610,143430.0,12.83
057905,Dallas ISD,2021-22,AF,f33_health,27040698,143430.0,188.53
057905,Dallas ISD,2021-22,AF,f34_transportation,62161846,143430.0,433.4
057905,Dallas ISD,2021-22,AF,f35_food,95508640,143430.0,665.89
057905,Dallas ISD,2021-22,AF,f36_extracurricular,40725473,143430.0,283.94
057905,Dallas ISD,2021-22,AF,f41_general_admin,56117209,143430.0,391.25
057905,Dallas ISD,2021-22,AF,f51_plant_maint,166061835,143430.0,1157.79
057905,Dallas ISD,2021-22,AF,f52_security,26407213,143430.0,184.11
057905,Dallas ISD,2021-22,AF,f53_data_processing,52202040,143430.0,363.95
057905,Dallas ISD,2021-22,AF,f61_community,12802617,143430.0,89.26
057905,Dallas ISD,2021-22,AF,pic11_basic,738904452,143430.0,5151.67
057905,Dallas ISD,2021-22,AF,pic21_gt,15222092,143430.0,106.13
057905,Dallas ISD,2021-22,AF,pic22_cte,41095157,143430.0,286.52
057905,Dallas ISD,2021-22,AF,pic23_swd,209432509,143430.0,1460.17
057905,Dallas ISD,2021-22,AF,pic24_comp_ed,263730700,143430.0,1838.74
057905,Dallas ISD,2021-22,AF,pic25_bilingual,38337456,143430.0,267.29
057905,Dallas ISD,2021-22,AF,pic91_athletics,23744424,143430.0,165.55
057905,Dallas ISD,2021-22,AF,pic99_unallocated,454009272,143430.0,3165.37
057905,Dallas ISD,2021-22,AF,disb_recapture,97987095,143430.0,683.17
057905,Dallas ISD,2021-22,AF,disb_total,2807256281,143430.0,19572.31
227901,Austin ISD,2021-22,AF,rev_local_mo,662487222,71883.0,9216.19
227901,Austin ISD,2021-22,AF,rev_state_oper,44952256,71883.0,625.35
227901,Austin ISD,2021-22,AF,rev_federal,217933665,71883.0,3031.78
227901,Austin ISD,2021-22,AF,rev_other_local,49050599,71883.0,682.37
227901,Austin ISD,2021-22,AF,rev_total_oper,974423742,71883.0,13555.69
227901,Austin ISD,2021-22,AF,rev_local_is,169803675,71883.0,2362.22
227901,Austin ISD,2021-22,AF,rev_state_debt,447824,71883.0,6.23
227901,Austin ISD,2021-22,AF,rev_total_other,170537924,71883.0,2372.44
227901,Austin ISD,2021-22,AF,recapture_rev,762800496,71883.0,10611.7
227901,Austin ISD,2021-22,AF,rev_trs_onbehalf,42145046,71883.0,586.3
227901,Austin ISD,2021-22,AF,rev_debt_fin,734768883,71883.0,10221.73
227901,Austin ISD,2021-22,AF,exp_payroll_61,764964590,71883.0,10641.8
227901,Austin ISD,2021-22,AF,exp_contracted_62,81861678,71883.0,1138.82
227901,Austin ISD,2021-22,AF,exp_supplies_63,74739731,71883.0,1039.74
227901,Austin ISD,2021-22,AF,exp_otherop_64,34403783,71883.0,478.61
227901,Austin ISD,2021-22,AF,exp_total_oper,955969782,71883.0,13298.97
227901,Austin ISD,2021-22,AF,exp_debt_65,152091629,71883.0,2115.82
227901,Austin ISD,2021-22,AF,exp_capital_66,200328604,71883.0,2786.87
227901,Austin ISD,2021-22,AF,exp_grand_total,1309706902,71883.0,18219.98
227901,Austin ISD,2021-22,AF,f11_instruction,479355461,71883.0,6668.55
227901,Austin ISD,2021-22,AF,f12_instr_resources,10588881,71883.0,147.31
227901,Austin ISD,2021-22,AF,f13_curriculum_staffdev,27822386,71883.0,387.05
227901,Austin ISD,2021-22,AF,f21_instr_leadership,22411547,71883.0,311.78
227901,Austin ISD,2021-22,AF,f23_school_leadership,59437641,71883.0,826.87
227901,Austin ISD,2021-22,AF,f31_guidance,35546326,71883.0,494.5
227901,Austin ISD,2021-22,AF,f32_social_work,8084599,71883.0,112.47
227901,Austin ISD,2021-22,AF,f33_health,9571059,71883.0,133.15
227901,Austin ISD,2021-22,AF,f34_transportation,36204682,71883.0,503.66
227901,Austin ISD,2021-22,AF,f35_food,38341791,71883.0,533.39
227901,Austin ISD,2021-22,AF,f36_extracurricular,39959898,71883.0,555.9
227901,Austin ISD,2021-22,AF,f41_general_admin,25682738,71883.0,357.29
227901,Austin ISD,2021-22,AF,f51_plant_maint,99878154,71883.0,1389.45
227901,Austin ISD,2021-22,AF,f52_security,12606436,71883.0,175.37
227901,Austin ISD,2021-22,AF,f53_data_processing,34304235,71883.0,477.22
227901,Austin ISD,2021-22,AF,f61_community,16173948,71883.0,225.0
227901,Austin ISD,2021-22,AF,pic11_basic,340248403,71883.0,4733.36
227901,Austin ISD,2021-22,AF,pic21_gt,2674628,71883.0,37.21
227901,Austin ISD,2021-22,AF,pic22_cte,18911489,71883.0,263.09
227901,Austin ISD,2021-22,AF,pic23_swd,160622133,71883.0,2234.49
227901,Austin ISD,2021-22,AF,pic24_comp_ed,67889175,71883.0,944.44
227901,Austin ISD,2021-22,AF,pic25_bilingual,10265516,71883.0,142.81
227901,Austin ISD,2021-22,AF,pic91_athletics,34169104,71883.0,475.34
227901,Austin ISD,2021-22,AF,pic99_unallocated,271232583,71883.0,3773.25
227901,Austin ISD,2021-22,AF,disb_recapture,762800496,71883.0,10611.7
227901,Austin ISD,2021-22,AF,disb_total,2083232075,71883.0,28980.87
220905,Fort Worth ISD,2021-22,AF,rev_local_mo,462661884,74326.0,6224.77
220905,Fort Worth ISD,2021-22,AF,rev_state_oper,271250389,74326.0,3649.47
220905,Fort Worth ISD,2021-22,AF,rev_federal,240403426,74326.0,3234.45
220905,Fort Worth ISD,2021-22,AF,rev_other_local,13191137,74326.0,177.48
220905,Fort Worth ISD,2021-22,AF,rev_total_oper,987506836,74326.0,13286.16
220905,Fort Worth ISD,2021-22,AF,rev_local_is,128049435,74326.0,1722.81
220905,Fort Worth ISD,2021-22,AF,rev_state_debt,1786294,74326.0,24.03
220905,Fort Worth ISD,2021-22,AF,rev_total_other,178783037,74326.0,2405.39
220905,Fort Worth ISD,2021-22,AF,recapture_rev,0,74326.0,0.0
220905,Fort Worth ISD,2021-22,AF,rev_trs_onbehalf,33654494,74326.0,452.8
220905,Fort Worth ISD,2021-22,AF,rev_debt_fin,107309773,74326.0,1443.77
220905,Fort Worth ISD,2021-22,AF,exp_payroll_61,767190446,74326.0,10321.97
220905,Fort Worth ISD,2021-22,AF,exp_contracted_62,95265959,74326.0,1281.73
220905,Fort Worth ISD,2021-22,AF,exp_supplies_63,107965111,74326.0,1452.59
220905,Fort Worth ISD,2021-22,AF,exp_otherop_64,16882170,74326.0,227.14
220905,Fort Worth ISD,2021-22,AF,exp_total_oper,987303686,74326.0,13283.42
220905,Fort Worth ISD,2021-22,AF,exp_debt_65,120612143,74326.0,1622.74
220905,Fort Worth ISD,2021-22,AF,exp_capital_66,150241312,74326.0,2021.38
220905,Fort Worth ISD,2021-22,AF,exp_grand_total,1258362454,74326.0,16930.31
220905,Fort Worth ISD,2021-22,AF,f11_instruction,533305427,74326.0,7175.22
220905,Fort Worth ISD,2021-22,AF,f12_instr_resources,17829605,74326.0,239.88
220905,Fort Worth ISD,2021-22,AF,f13_curriculum_staffdev,45901814,74326.0,617.57
220905,Fort Worth ISD,2021-22,AF,f21_instr_leadership,17035282,74326.0,229.2
220905,Fort Worth ISD,2021-22,AF,f23_school_leadership,52237324,74326.0,702.81
220905,Fort Worth ISD,2021-22,AF,f31_guidance,50891767,74326.0,684.71
220905,Fort Worth ISD,2021-22,AF,f32_social_work,8048516,74326.0,108.29
220905,Fort Worth ISD,2021-22,AF,f33_health,10450404,74326.0,140.6
220905,Fort Worth ISD,2021-22,AF,f34_transportation,21970878,74326.0,295.6
220905,Fort Worth ISD,2021-22,AF,f35_food,45778127,74326.0,615.91
220905,Fort Worth ISD,2021-22,AF,f36_extracurricular,17877529,74326.0,240.53
220905,Fort Worth ISD,2021-22,AF,f41_general_admin,23310298,74326.0,313.62
220905,Fort Worth ISD,2021-22,AF,f51_plant_maint,88560790,74326.0,1191.52
220905,Fort Worth ISD,2021-22,AF,f52_security,12594745,74326.0,169.45
220905,Fort Worth ISD,2021-22,AF,f53_data_processing,29875161,74326.0,401.95
220905,Fort Worth ISD,2021-22,AF,f61_community,11636019,74326.0,156.55
220905,Fort Worth ISD,2021-22,AF,pic11_basic,374955754,74326.0,5044.75
220905,Fort Worth ISD,2021-22,AF,pic21_gt,2681542,74326.0,36.08
220905,Fort Worth ISD,2021-22,AF,pic22_cte,28104508,74326.0,378.12
220905,Fort Worth ISD,2021-22,AF,pic23_swd,109254138,74326.0,1469.93
220905,Fort Worth ISD,2021-22,AF,pic24_comp_ed,168426946,74326.0,2266.06
220905,Fort Worth ISD,2021-22,AF,pic25_bilingual,15659603,74326.0,210.69
220905,Fort Worth ISD,2021-22,AF,pic91_athletics,16004711,74326.0,215.33
220905,Fort Worth ISD,2021-22,AF,pic99_unallocated,221410761,74326.0,2978.91
220905,Fort Worth ISD,2021-22,AF,disb_recapture,0,74326.0,0.0
220905,Fort Worth ISD,2021-22,AF,disb_total,1261758542,74326.0,16976.0
015915,Northside ISD,2021-22,AF,rev_local_mo,598915541,101584.0,5895.77
015915,Northside ISD,2021-22,AF,rev_state_oper,259361995,101584.0,2553.18
015915,Northside ISD,2021-22,AF,rev_federal,248944986,101584.0,2450.63
015915,Northside ISD,2021-22,AF,rev_other_local,31586382,101584.0,310.94
015915,Northside ISD,2021-22,AF,rev_total_oper,1138808904,101584.0,11210.51
015915,Northside ISD,2021-22,AF,rev_local_is,216703922,101584.0,2133.25
015915,Northside ISD,2021-22,AF,rev_state_debt,2776852,101584.0,27.34
015915,Northside ISD,2021-22,AF,rev_total_other,221253783,101584.0,2178.04
015915,Northside ISD,2021-22,AF,recapture_rev,0,101584.0,0.0
015915,Northside ISD,2021-22,AF,rev_trs_onbehalf,51367357,101584.0,505.66
015915,Northside ISD,2021-22,AF,rev_debt_fin,6000000,101584.0,59.06
015915,Northside ISD,2021-22,AF,exp_payroll_61,940109244,101584.0,9254.5
015915,Northside ISD,2021-22,AF,exp_contracted_62,63783297,101584.0,627.89
015915,Northside ISD,2021-22,AF,exp_supplies_63,103239474,101584.0,1016.3
015915,Northside ISD,2021-22,AF,exp_otherop_64,14526586,101584.0,143.0
015915,Northside ISD,2021-22,AF,exp_total_oper,1121658601,101584.0,11041.69
015915,Northside ISD,2021-22,AF,exp_debt_65,207897436,101584.0,2046.56
015915,Northside ISD,2021-22,AF,exp_capital_66,151693257,101584.0,1493.28
015915,Northside ISD,2021-22,AF,exp_grand_total,1483005785,101584.0,14598.81
015915,Northside ISD,2021-22,AF,f11_instruction,657022874,101584.0,6467.78
015915,Northside ISD,2021-22,AF,f12_instr_resources,12703592,101584.0,125.06
015915,Northside ISD,2021-22,AF,f13_curriculum_staffdev,29283567,101584.0,288.27
015915,Northside ISD,2021-22,AF,f21_instr_leadership,22111205,101584.0,217.66
015915,Northside ISD,2021-22,AF,f23_school_leadership,60705555,101584.0,597.59
015915,Northside ISD,2021-22,AF,f31_guidance,43236077,101584.0,425.62
015915,Northside ISD,2021-22,AF,f32_social_work,5212439,101584.0,51.31
015915,Northside ISD,2021-22,AF,f33_health,13137568,101584.0,129.33
015915,Northside ISD,2021-22,AF,f34_transportation,38449173,101584.0,378.5
015915,Northside ISD,2021-22,AF,f35_food,51845903,101584.0,510.37
015915,Northside ISD,2021-22,AF,f36_extracurricular,26441910,101584.0,260.3
015915,Northside ISD,2021-22,AF,f41_general_admin,16609918,101584.0,163.51
015915,Northside ISD,2021-22,AF,f51_plant_maint,96156068,101584.0,946.57
015915,Northside ISD,2021-22,AF,f52_security,10858868,101584.0,106.9
015915,Northside ISD,2021-22,AF,f53_data_processing,22723668,101584.0,223.69
015915,Northside ISD,2021-22,AF,f61_community,15160216,101584.0,149.24
015915,Northside ISD,2021-22,AF,pic11_basic,497735636,101584.0,4899.74
015915,Northside ISD,2021-22,AF,pic21_gt,11660258,101584.0,114.78
015915,Northside ISD,2021-22,AF,pic22_cte,29150879,101584.0,286.96
015915,Northside ISD,2021-22,AF,pic23_swd,176485744,101584.0,1737.34
015915,Northside ISD,2021-22,AF,pic24_comp_ed,73594955,101584.0,724.47
015915,Northside ISD,2021-22,AF,pic25_bilingual,5221682,101584.0,51.4
015915,Northside ISD,2021-22,AF,pic91_athletics,15690649,101584.0,154.46
015915,Northside ISD,2021-22,AF,pic99_unallocated,281020254,101584.0,2766.38
015915,Northside ISD,2021-22,AF,disb_recapture,0,101584.0,0.0
015915,Northside ISD,2021-22,AF,disb_total,1488184604,101584.0,14649.79
101907,Cypress-Fairbanks ISD,2021-22,AF,rev_local_mo,549507138,116913.0,4700.14
101907,Cypress-Fairbanks ISD,2021-22,AF,rev_state_oper,372375261,116913.0,3185.06
101907,Cypress-Fairbanks ISD,2021-22,AF,rev_federal,236900704,116913.0,2026.3
101907,Cypress-Fairbanks ISD,2021-22,AF,rev_other_local,39436291,116913.0,337.31
101907,Cypress-Fairbanks ISD,2021-22,AF,rev_total_oper,1198219394,116913.0,10248.81
101907,Cypress-Fairbanks ISD,2021-22,AF,rev_local_is,242551183,116913.0,2074.63
101907,Cypress-Fairbanks ISD,2021-22,AF,rev_state_debt,3137385,116913.0,26.84
101907,Cypress-Fairbanks ISD,2021-22,AF,rev_total_other,248317521,116913.0,2123.95
101907,Cypress-Fairbanks ISD,2021-22,AF,recapture_rev,0,116913.0,0.0
101907,Cypress-Fairbanks ISD,2021-22,AF,rev_trs_onbehalf,59446854,116913.0,508.47
101907,Cypress-Fairbanks ISD,2021-22,AF,rev_debt_fin,254341626,116913.0,2175.48
101907,Cypress-Fairbanks ISD,2021-22,AF,exp_payroll_61,1033434732,116913.0,8839.35
101907,Cypress-Fairbanks ISD,2021-22,AF,exp_contracted_62,69482583,116913.0,594.31
101907,Cypress-Fairbanks ISD,2021-22,AF,exp_supplies_63,95903692,116913.0,820.3
101907,Cypress-Fairbanks ISD,2021-22,AF,exp_otherop_64,22170566,116913.0,189.63
101907,Cypress-Fairbanks ISD,2021-22,AF,exp_total_oper,1220991573,116913.0,10443.59
101907,Cypress-Fairbanks ISD,2021-22,AF,exp_debt_65,251674515,116913.0,2152.66
101907,Cypress-Fairbanks ISD,2021-22,AF,exp_capital_66,339758254,116913.0,2906.08
101907,Cypress-Fairbanks ISD,2021-22,AF,exp_grand_total,1813008867,116913.0,15507.33
101907,Cypress-Fairbanks ISD,2021-22,AF,f11_instruction,773184266,116913.0,6613.33
101907,Cypress-Fairbanks ISD,2021-22,AF,f12_instr_resources,7759520,116913.0,66.37
101907,Cypress-Fairbanks ISD,2021-22,AF,f13_curriculum_staffdev,25213988,116913.0,215.66
101907,Cypress-Fairbanks ISD,2021-22,AF,f21_instr_leadership,13559845,116913.0,115.98
101907,Cypress-Fairbanks ISD,2021-22,AF,f23_school_leadership,54639811,116913.0,467.35
101907,Cypress-Fairbanks ISD,2021-22,AF,f31_guidance,48986095,116913.0,419.0
101907,Cypress-Fairbanks ISD,2021-22,AF,f32_social_work,1242693,116913.0,10.63
101907,Cypress-Fairbanks ISD,2021-22,AF,f33_health,13853435,116913.0,118.49
101907,Cypress-Fairbanks ISD,2021-22,AF,f34_transportation,45127642,116913.0,385.99
101907,Cypress-Fairbanks ISD,2021-22,AF,f35_food,62457339,116913.0,534.22
101907,Cypress-Fairbanks ISD,2021-22,AF,f36_extracurricular,22717710,116913.0,194.31
101907,Cypress-Fairbanks ISD,2021-22,AF,f41_general_admin,19318336,116913.0,165.24
101907,Cypress-Fairbanks ISD,2021-22,AF,f51_plant_maint,89228347,116913.0,763.2
101907,Cypress-Fairbanks ISD,2021-22,AF,f52_security,14672662,116913.0,125.5
101907,Cypress-Fairbanks ISD,2021-22,AF,f53_data_processing,19613015,116913.0,167.76
101907,Cypress-Fairbanks ISD,2021-22,AF,f61_community,9416869,116913.0,80.55
101907,Cypress-Fairbanks ISD,2021-22,AF,pic11_basic,533586349,116913.0,4563.96
101907,Cypress-Fairbanks ISD,2021-22,AF,pic21_gt,6138678,116913.0,52.51
101907,Cypress-Fairbanks ISD,2021-22,AF,pic22_cte,38866701,116913.0,332.44
101907,Cypress-Fairbanks ISD,2021-22,AF,pic23_swd,149331070,116913.0,1277.28
101907,Cypress-Fairbanks ISD,2021-22,AF,pic24_comp_ed,104220345,116913.0,891.44
101907,Cypress-Fairbanks ISD,2021-22,AF,pic25_bilingual,11075450,116913.0,94.73
101907,Cypress-Fairbanks ISD,2021-22,AF,pic91_athletics,15288375,116913.0,130.77
101907,Cypress-Fairbanks ISD,2021-22,AF,pic99_unallocated,309518004,116913.0,2647.42
101907,Cypress-Fairbanks ISD,2021-22,AF,disb_recapture,0,116913.0,0.0
101907,Cypress-Fairbanks ISD,2021-22,AF,disb_total,1820438627,116913.0,15570.88
101914,Katy ISD,2021-22,AF,rev_local_mo,442660025,88165.0,5020.81
101914,Katy ISD,2021-22,AF,rev_state_oper,392717365,88165.0,4454.35
101914,Katy ISD,2021-22,AF,rev_federal,124632761,88165.0,1413.63
101914,Katy ISD,2021-22,AF,rev_other_local,37309635,88165.0,423.18
101914,Katy ISD,2021-22,AF,rev_total_oper,997319786,88165.0,11311.97
101914,Katy ISD,2021-22,AF,rev_local_is,180650132,88165.0,2049.0
101914,Katy ISD,2021-22,AF,rev_state_debt,1705081,88165.0,19.34
101914,Katy ISD,2021-22,AF,rev_total_other,183102445,88165.0,2076.82
101914,Katy ISD,2021-22,AF,recapture_rev,0,88165.0,0.0
101914,Katy ISD,2021-22,AF,rev_trs_onbehalf,46312016,88165.0,525.29
101914,Katy ISD,2021-22,AF,rev_debt_fin,0,88165.0,0.0
101914,Katy ISD,2021-22,AF,exp_payroll_61,836591195,88165.0,9488.93
101914,Katy ISD,2021-22,AF,exp_contracted_62,44266051,88165.0,502.08
101914,Katy ISD,2021-22,AF,exp_supplies_63,89326685,88165.0,1013.18
101914,Katy ISD,2021-22,AF,exp_otherop_64,19217408,88165.0,217.97
101914,Katy ISD,2021-22,AF,exp_total_oper,989401339,88165.0,11222.16
101914,Katy ISD,2021-22,AF,exp_debt_65,188987335,88165.0,2143.56
101914,Katy ISD,2021-22,AF,exp_capital_66,209840379,88165.0,2380.09
101914,Katy ISD,2021-22,AF,exp_grand_total,1389036644,88165.0,15754.97
101914,Katy ISD,2021-22,AF,f11_instruction,621179383,88165.0,7045.65
101914,Katy ISD,2021-22,AF,f12_instr_resources,10350851,88165.0,117.4
101914,Katy ISD,2021-22,AF,f13_curriculum_staffdev,19207549,88165.0,217.86
101914,Katy ISD,2021-22,AF,f21_instr_leadership,8169245,88165.0,92.66
101914,Katy ISD,2021-22,AF,f23_school_leadership,51791762,88165.0,587.44
101914,Katy ISD,2021-22,AF,f31_guidance,49918456,88165.0,566.19
101914,Katy ISD,2021-22,AF,f32_social_work,1196445,88165.0,13.57
101914,Katy ISD,2021-22,AF,f33_health,10018678,88165.0,113.64
101914,Katy ISD,2021-22,AF,f34_transportation,24118783,88165.0,273.56
101914,Katy ISD,2021-22,AF,f35_food,39181465,88165.0,444.41
101914,Katy ISD,2021-22,AF,f36_extracurricular,28191840,88165.0,319.76
101914,Katy ISD,2021-22,AF,f41_general_admin,15649326,88165.0,177.5
101914,Katy ISD,2021-22,AF,f51_plant_maint,81002905,88165.0,918.76
101914,Katy ISD,2021-22,AF,f52_security,11312515,88165.0,128.31
101914,Katy ISD,2021-22,AF,f53_data_processing,16679992,88165.0,189.19
101914,Katy ISD,2021-22,AF,f61_community,1432144,88165.0,16.24
101914,Katy ISD,2021-22,AF,pic11_basic,467826161,88165.0,5306.26
101914,Katy ISD,2021-22,AF,pic21_gt,4456657,88165.0,50.55
101914,Katy ISD,2021-22,AF,pic22_cte,27816055,88165.0,315.5
101914,Katy ISD,2021-22,AF,pic23_swd,159584144,88165.0,1810.06
101914,Katy ISD,2021-22,AF,pic24_comp_ed,58732479,88165.0,666.17
101914,Katy ISD,2021-22,AF,pic25_bilingual,15283601,88165.0,173.35
101914,Katy ISD,2021-22,AF,pic91_athletics,12160176,88165.0,137.93
101914,Katy ISD,2021-22,AF,pic99_unallocated,204256033,88165.0,2316.75
101914,Katy ISD,2021-22,AF,disb_recapture,0,88165.0,0.0
101914,Katy ISD,2021-22,AF,disb_total,1399739880,88165.0,15876.37
079907,Fort Bend ISD,2021-22,AF,rev_local_mo,427715478,76543.0,5587.91
079907,Fort Bend ISD,2021-22,AF,rev_state_oper,236334715,76543.0,3087.61
079907,Fort Bend ISD,2021-22,AF,rev_federal,148643626,76543.0,1941.96
079907,Fort Bend ISD,2021-22,AF,rev_other_local,16210555,76543.0,211.78
079907,Fort Bend ISD,2021-22,AF,rev_total_oper,828904374,76543.0,10829.26
079907,Fort Bend ISD,2021-22,AF,rev_local_is,134803706,76543.0,1761.15
079907,Fort Bend ISD,2021-22,AF,rev_state_debt,1384536,76543.0,18.09
079907,Fort Bend ISD,2021-22,AF,rev_total_other,139407340,76543.0,1821.29
079907,Fort Bend ISD,2021-22,AF,recapture_rev,0,76543.0,0.0
079907,Fort Bend ISD,2021-22,AF,rev_trs_onbehalf,36246795,76543.0,473.55
079907,Fort Bend ISD,2021-22,AF,rev_debt_fin,47833821,76543.0,624.93
079907,Fort Bend ISD,2021-22,AF,exp_payroll_61,724210160,76543.0,9461.48
079907,Fort Bend ISD,2021-22,AF,exp_contracted_62,62047364,76543.0,810.62
079907,Fort Bend ISD,2021-22,AF,exp_supplies_63,56640977,76543.0,739.99
079907,Fort Bend ISD,2021-22,AF,exp_otherop_64,12101571,76543.0,158.1
079907,Fort Bend ISD,2021-22,AF,exp_total_oper,855000072,76543.0,11170.19
079907,Fort Bend ISD,2021-22,AF,exp_debt_65,131295621,76543.0,1715.32
079907,Fort Bend ISD,2021-22,AF,exp_capital_66,166014742,76543.0,2168.91
079907,Fort Bend ISD,2021-22,AF,exp_grand_total,1152310435,76543.0,15054.42
079907,Fort Bend ISD,2021-22,AF,f11_instruction,484531336,76543.0,6330.18
079907,Fort Bend ISD,2021-22,AF,f12_instr_resources,8864639,76543.0,115.81
079907,Fort Bend ISD,2021-22,AF,f13_curriculum_staffdev,22649491,76543.0,295.91
079907,Fort Bend ISD,2021-22,AF,f21_instr_leadership,20590497,76543.0,269.01
079907,Fort Bend ISD,2021-22,AF,f23_school_leadership,51914674,76543.0,678.24
079907,Fort Bend ISD,2021-22,AF,f31_guidance,41570585,76543.0,543.1
079907,Fort Bend ISD,2021-22,AF,f32_social_work,3094820,76543.0,40.43
079907,Fort Bend ISD,2021-22,AF,f33_health,13446389,76543.0,175.67
079907,Fort Bend ISD,2021-22,AF,f34_transportation,24727500,76543.0,323.05
079907,Fort Bend ISD,2021-22,AF,f35_food,32028923,76543.0,418.44
079907,Fort Bend ISD,2021-22,AF,f36_extracurricular,23106120,76543.0,301.87
079907,Fort Bend ISD,2021-22,AF,f41_general_admin,19602747,76543.0,256.1
079907,Fort Bend ISD,2021-22,AF,f51_plant_maint,75155571,76543.0,981.87
079907,Fort Bend ISD,2021-22,AF,f52_security,10610506,76543.0,138.62
079907,Fort Bend ISD,2021-22,AF,f53_data_processing,21105882,76543.0,275.74
079907,Fort Bend ISD,2021-22,AF,f61_community,2000392,76543.0,26.13
079907,Fort Bend ISD,2021-22,AF,pic11_basic,379607526,76543.0,4959.4
079907,Fort Bend ISD,2021-22,AF,pic21_gt,3874030,76543.0,50.61
079907,Fort Bend ISD,2021-22,AF,pic22_cte,21681653,76543.0,283.26
079907,Fort Bend ISD,2021-22,AF,pic23_swd,143124536,76543.0,1869.86
079907,Fort Bend ISD,2021-22,AF,pic24_comp_ed,39026384,76543.0,509.86
079907,Fort Bend ISD,2021-22,AF,pic25_bilingual,16355555,76543.0,213.68
079907,Fort Bend ISD,2021-22,AF,pic91_athletics,11766616,76543.0,153.73
079907,Fort Bend ISD,2021-22,AF,pic99_unallocated,197457916,76543.0,2579.7
079907,Fort Bend ISD,2021-22,AF,disb_recapture,0,76543.0,0.0
079907,Fort Bend ISD,2021-22,AF,disb_total,1157479457,76543.0,15121.95
STATE,State total (all districts+charters),2021-22,AF,rev_local_mo,26795122749,5402912.0,4959.39
STATE,State total (all districts+charters),2021-22,AF,rev_state_oper,24396897632,5402912.0,4515.51
STATE,State total (all districts+charters),2021-22,AF,rev_federal,14103811039,5402912.0,2610.41
STATE,State total (all districts+charters),2021-22,AF,rev_other_local,2250851644,5402912.0,416.6
STATE,State total (all districts+charters),2021-22,AF,rev_total_oper,67546683064,5402912.0,12501.9
STATE,State total (all districts+charters),2021-22,AF,rev_local_is,8860960306,5402912.0,1640.03
STATE,State total (all districts+charters),2021-22,AF,rev_state_debt,319288915,5402912.0,59.1
STATE,State total (all districts+charters),2021-22,AF,rev_total_other,10207573130,5402912.0,1889.27
STATE,State total (all districts+charters),2021-22,AF,recapture_rev,3002039317,5402912.0,555.63
STATE,State total (all districts+charters),2021-22,AF,rev_trs_onbehalf,2510251870,5402912.0,464.61
STATE,State total (all districts+charters),2021-22,AF,rev_debt_fin,4864835809,5402912.0,900.41
STATE,State total (all districts+charters),2021-22,AF,exp_payroll_61,50301683879,5402912.0,9310.11
STATE,State total (all districts+charters),2021-22,AF,exp_contracted_62,6402537996,5402912.0,1185.02
STATE,State total (all districts+charters),2021-22,AF,exp_supplies_63,5961153130,5402912.0,1103.32
STATE,State total (all districts+charters),2021-22,AF,exp_otherop_64,1852436057,5402912.0,342.86
STATE,State total (all districts+charters),2021-22,AF,exp_total_oper,64517811062,5402912.0,11941.3
STATE,State total (all districts+charters),2021-22,AF,exp_debt_65,9844903533,5402912.0,1822.15
STATE,State total (all districts+charters),2021-22,AF,exp_capital_66,10445000110,5402912.0,1933.22
STATE,State total (all districts+charters),2021-22,AF,exp_grand_total,84854165916,5402912.0,15705.27
STATE,State total (all districts+charters),2021-22,AF,f11_instruction,36035016731,5402912.0,6669.55
STATE,State total (all districts+charters),2021-22,AF,f12_instr_resources,646159944,5402912.0,119.59
STATE,State total (all districts+charters),2021-22,AF,f13_curriculum_staffdev,1570292996,5402912.0,290.64
STATE,State total (all districts+charters),2021-22,AF,f21_instr_leadership,1113087133,5402912.0,206.02
STATE,State total (all districts+charters),2021-22,AF,f23_school_leadership,3715762954,5402912.0,687.73
STATE,State total (all districts+charters),2021-22,AF,f31_guidance,2527496320,5402912.0,467.8
STATE,State total (all districts+charters),2021-22,AF,f32_social_work,230790970,5402912.0,42.72
STATE,State total (all districts+charters),2021-22,AF,f33_health,753509900,5402912.0,139.46
STATE,State total (all districts+charters),2021-22,AF,f34_transportation,1904677571,5402912.0,352.53
STATE,State total (all districts+charters),2021-22,AF,f35_food,3228715442,5402912.0,597.59
STATE,State total (all districts+charters),2021-22,AF,f36_extracurricular,1918276966,5402912.0,355.05
STATE,State total (all districts+charters),2021-22,AF,f41_general_admin,2123586250,5402912.0,393.04
STATE,State total (all districts+charters),2021-22,AF,f51_plant_maint,6359467682,5402912.0,1177.04
STATE,State total (all districts+charters),2021-22,AF,f52_security,710274203,5402912.0,131.46
STATE,State total (all districts+charters),2021-22,AF,f53_data_processing,1330336046,5402912.0,246.23
STATE,State total (all districts+charters),2021-22,AF,f61_community,326634310,5402912.0,60.46
STATE,State total (all districts+charters),2021-22,AF,pic11_basic,26146309896,5402912.0,4839.3
STATE,State total (all districts+charters),2021-22,AF,pic21_gt,395634789,5402912.0,73.23
STATE,State total (all districts+charters),2021-22,AF,pic22_cte,2129549811,5402912.0,394.15
STATE,State total (all districts+charters),2021-22,AF,pic23_swd,7957924392,5402912.0,1472.9
STATE,State total (all districts+charters),2021-22,AF,pic24_comp_ed,6383291216,5402912.0,1181.45
STATE,State total (all districts+charters),2021-22,AF,pic25_bilingual,731950646,5402912.0,135.47
STATE,State total (all districts+charters),2021-22,AF,pic91_athletics,1264746717,5402912.0,234.09
STATE,State total (all districts+charters),2021-22,AF,pic99_unallocated,17044154137,5402912.0,3154.62
STATE,State total (all districts+charters),2021-22,AF,disb_recapture,3002039317,5402912.0,555.63
STATE,State total (all districts+charters),2021-22,AF,disb_total,89711751589,5402912.0,16604.33
STATE_ISD,State total (ISDs only),2021-22,AF,rev_local_mo,26781367900,5023746.0,5330.96
STATE_ISD,State total (ISDs only),2021-22,AF,rev_state_oper,20550481675,5023746.0,4090.67
STATE_ISD,State total (ISDs only),2021-22,AF,rev_federal,13118652596,5023746.0,2611.33
STATE_ISD,State total (ISDs only),2021-22,AF,rev_other_local,2050240645,5023746.0,408.11
STATE_ISD,State total (ISDs only),2021-22,AF,rev_total_oper,62500742816,5023746.0,12441.06
STATE_ISD,State total (ISDs only),2021-22,AF,rev_local_is,8853279614,5023746.0,1762.29
STATE_ISD,State total (ISDs only),2021-22,AF,rev_state_debt,319288915,5023746.0,63.56
STATE_ISD,State total (ISDs only),2021-22,AF,rev_total_other,10168701606,5023746.0,2024.13
STATE_ISD,State total (ISDs only),2021-22,AF,recapture_rev,2986672573,5023746.0,594.51
STATE_ISD,State total (ISDs only),2021-22,AF,rev_trs_onbehalf,2508895805,5023746.0,499.41
STATE_ISD,State total (ISDs only),2021-22,AF,rev_debt_fin,4864835809,5023746.0,968.37
STATE_ISD,State total (ISDs only),2021-22,AF,exp_payroll_61,47249396211,5023746.0,9405.21
STATE_ISD,State total (ISDs only),2021-22,AF,exp_contracted_62,5605575814,5023746.0,1115.82
STATE_ISD,State total (ISDs only),2021-22,AF,exp_supplies_63,5571777389,5023746.0,1109.09
STATE_ISD,State total (ISDs only),2021-22,AF,exp_otherop_64,1499307898,5023746.0,298.44
STATE_ISD,State total (ISDs only),2021-22,AF,exp_total_oper,59926057312,5023746.0,11928.56
STATE_ISD,State total (ISDs only),2021-22,AF,exp_debt_65,9614291330,5023746.0,1913.77
STATE_ISD,State total (ISDs only),2021-22,AF,exp_capital_66,10416271958,5023746.0,2073.41
STATE_ISD,State total (ISDs only),2021-22,AF,exp_grand_total,80003068432,5023746.0,15924.98
STATE_ISD,State total (ISDs only),2021-22,AF,f11_instruction,33688984367,5023746.0,6705.95
STATE_ISD,State total (ISDs only),2021-22,AF,f12_instr_resources,634640373,5023746.0,126.33
STATE_ISD,State total (ISDs only),2021-22,AF,f13_curriculum_staffdev,1432958435,5023746.0,285.24
STATE_ISD,State total (ISDs only),2021-22,AF,f21_instr_leadership,1031124466,5023746.0,205.25
STATE_ISD,State total (ISDs only),2021-22,AF,f23_school_leadership,3307318563,5023746.0,658.34
STATE_ISD,State total (ISDs only),2021-22,AF,f31_guidance,2387642941,5023746.0,475.27
STATE_ISD,State total (ISDs only),2021-22,AF,f32_social_work,217887167,5023746.0,43.37
STATE_ISD,State total (ISDs only),2021-22,AF,f33_health,722582531,5023746.0,143.83
STATE_ISD,State total (ISDs only),2021-22,AF,f34_transportation,1828934971,5023746.0,364.06
STATE_ISD,State total (ISDs only),2021-22,AF,f35_food,3007030894,5023746.0,598.56
STATE_ISD,State total (ISDs only),2021-22,AF,f36_extracurricular,1867081088,5023746.0,371.65
STATE_ISD,State total (ISDs only),2021-22,AF,f41_general_admin,1836287802,5023746.0,365.52
STATE_ISD,State total (ISDs only),2021-22,AF,f51_plant_maint,5763741881,5023746.0,1147.3
STATE_ISD,State total (ISDs only),2021-22,AF,f52_security,672191640,5023746.0,133.8
STATE_ISD,State total (ISDs only),2021-22,AF,f53_data_processing,1226242420,5023746.0,244.09
STATE_ISD,State total (ISDs only),2021-22,AF,f61_community,301407773,5023746.0,60.0
STATE_ISD,State total (ISDs only),2021-22,AF,pic11_basic,24185035121,5023746.0,4814.14
STATE_ISD,State total (ISDs only),2021-22,AF,pic21_gt,391091002,5023746.0,77.85
STATE_ISD,State total (ISDs only),2021-22,AF,pic22_cte,2054225754,5023746.0,408.9
STATE_ISD,State total (ISDs only),2021-22,AF,pic23_swd,7600467156,5023746.0,1512.91
STATE_ISD,State total (ISDs only),2021-22,AF,pic24_comp_ed,5877178812,5023746.0,1169.88
STATE_ISD,State total (ISDs only),2021-22,AF,pic25_bilingual,668071599,5023746.0,132.98
STATE_ISD,State total (ISDs only),2021-22,AF,pic91_athletics,1234996787,5023746.0,245.83
STATE_ISD,State total (ISDs only),2021-22,AF,pic99_unallocated,15594917288,5023746.0,3104.24
STATE_ISD,State total (ISDs only),2021-22,AF,disb_recapture,2986672573,5023746.0,594.51
STATE_ISD,State total (ISDs only),2021-22,AF,disb_total,84809130165,5023746.0,16881.65
101912,Houston ISD,2021-22,GF,fb_unassigned,664168528,193727.0,3428.37
101912,Houston ISD,2021-22,GF,fb_total,1126908568,193727.0,5816.99
057905,Dallas ISD,2021-22,GF,fb_unassigned,660038803,143430.0,4601.82
057905,Dallas ISD,2021-22,GF,fb_total,974578813,143430.0,6794.8
227901,Austin ISD,2021-22,GF,fb_unassigned,191712705,71883.0,2667.01
227901,Austin ISD,2021-22,GF,fb_total,267281238,71883.0,3718.28
220905,Fort Worth ISD,2021-22,GF,fb_unassigned,301916939,74326.0,4062.06
220905,Fort Worth ISD,2021-22,GF,fb_total,351232352,74326.0,4725.57
015915,Northside ISD,2021-22,GF,fb_unassigned,238720315,101584.0,2349.98
015915,Northside ISD,2021-22,GF,fb_total,457419520,101584.0,4502.87
101907,Cypress-Fairbanks ISD,2021-22,GF,fb_unassigned,362286594,116913.0,3098.77
101907,Cypress-Fairbanks ISD,2021-22,GF,fb_total,520264135,116913.0,4450.01
101914,Katy ISD,2021-22,GF,fb_unassigned,244089789,88165.0,2768.56
101914,Katy ISD,2021-22,GF,fb_total,326788441,88165.0,3706.56
079907,Fort Bend ISD,2021-22,GF,fb_unassigned,139688488,76543.0,1824.97
079907,Fort Bend ISD,2021-22,GF,fb_total,206778954,76543.0,2701.47
101912,Houston ISD,2020-21,GF,rev_local_mo,1603618038,196550.0,8158.83
101912,Houston ISD,2020-21,GF,rev_state_oper,208741856,196550.0,1062.03
101912,Houston ISD,2020-21,GF,rev_federal,27712808,196550.0,141.0
101912,Houston ISD,2020-21,GF,rev_other_local,14583852,196550.0,74.2
101912,Houston ISD,2020-21,GF,rev_total_oper,1854656554,196550.0,9436.05
101912,Houston ISD,2020-21,GF,rev_local_is,0,196550.0,0.0
101912,Houston ISD,2020-21,GF,rev_state_debt,0,196550.0,0.0
101912,Houston ISD,2020-21,GF,rev_total_other,43747698,196550.0,222.58
101912,Houston ISD,2020-21,GF,recapture_rev,197810414,196550.0,1006.41
101912,Houston ISD,2020-21,GF,rev_trs_onbehalf,86923365,196550.0,442.25
101912,Houston ISD,2020-21,GF,rev_debt_fin,0,196550.0,0.0
101912,Houston ISD,2020-21,GF,exp_payroll_61,1425945983,196550.0,7254.88
101912,Houston ISD,2020-21,GF,exp_contracted_62,256265203,196550.0,1303.82
101912,Houston ISD,2020-21,GF,exp_supplies_63,73799706,196550.0,375.48
101912,Houston ISD,2020-21,GF,exp_otherop_64,20149179,196550.0,102.51
101912,Houston ISD,2020-21,GF,exp_total_oper,1776160071,196550.0,9036.68
101912,Houston ISD,2020-21,GF,exp_debt_65,14818736,196550.0,75.39
101912,Houston ISD,2020-21,GF,exp_capital_66,52624549,196550.0,267.74
101912,Houston ISD,2020-21,GF,exp_grand_total,1843677756,196550.0,9380.2
101912,Houston ISD,2020-21,GF,f11_instruction,1070146239,196550.0,5444.65
101912,Houston ISD,2020-21,GF,f12_instr_resources,9051613,196550.0,46.05
101912,Houston ISD,2020-21,GF,f13_curriculum_staffdev,33127549,196550.0,168.55
101912,Houston ISD,2020-21,GF,f21_instr_leadership,23638197,196550.0,120.27
101912,Houston ISD,2020-21,GF,f23_school_leadership,146064692,196550.0,743.14
101912,Houston ISD,2020-21,GF,f31_guidance,61788609,196550.0,314.37
101912,Houston ISD,2020-21,GF,f32_social_work,16938519,196550.0,86.18
101912,Houston ISD,2020-21,GF,f33_health,48096862,196550.0,244.71
101912,Houston ISD,2020-21,GF,f34_transportation,43490557,196550.0,221.27
101912,Houston ISD,2020-21,GF,f35_food,2741092,196550.0,13.95
101912,Houston ISD,2020-21,GF,f36_extracurricular,14171838,196550.0,72.1
101912,Houston ISD,2020-21,GF,f41_general_admin,32235001,196550.0,164.0
101912,Houston ISD,2020-21,GF,f51_plant_maint,196442492,196550.0,999.45
101912,Houston ISD,2020-21,GF,f52_security,26835701,196550.0,136.53
101912,Houston ISD,2020-21,GF,f53_data_processing,48759983,196550.0,248.08
101912,Houston ISD,2020-21,GF,f61_community,2631127,196550.0,13.39
101912,Houston ISD,2020-21,GF,pic11_basic,871760122,196550.0,4435.31
101912,Houston ISD,2020-21,GF,pic21_gt,8944928,196550.0,45.51
101912,Houston ISD,2020-21,GF,pic22_cte,48187340,196550.0,245.17
101912,Houston ISD,2020-21,GF,pic23_swd,199772402,196550.0,1016.39
101912,Houston ISD,2020-21,GF,pic24_comp_ed,150469737,196550.0,765.55
101912,Houston ISD,2020-21,GF,pic25_bilingual,37938396,196550.0,193.02
101912,Houston ISD,2020-21,GF,pic91_athletics,11973260,196550.0,60.92
101912,Houston ISD,2020-21,GF,pic99_unallocated,348647463,196550.0,1773.84
101912,Houston ISD,2020-21,GF,disb_recapture,197810414,196550.0,1006.41
101912,Houston ISD,2020-21,GF,disb_total,2154409903,196550.0,10961.13
057905,Dallas ISD,2020-21,GF,rev_local_mo,1325366830,145105.0,9133.85
057905,Dallas ISD,2020-21,GF,rev_state_oper,132437899,145105.0,912.7
057905,Dallas ISD,2020-21,GF,rev_federal,81486627,145105.0,561.57
057905,Dallas ISD,2020-21,GF,rev_other_local,13766270,145105.0,94.87
057905,Dallas ISD,2020-21,GF,rev_total_oper,1553057626,145105.0,10702.99
057905,Dallas ISD,2020-21,GF,rev_local_is,0,145105.0,0.0
057905,Dallas ISD,2020-21,GF,rev_state_debt,0,145105.0,0.0
057905,Dallas ISD,2020-21,GF,rev_total_other,12029188,145105.0,82.9
057905,Dallas ISD,2020-21,GF,recapture_rev,85377533,145105.0,588.38
057905,Dallas ISD,2020-21,GF,rev_trs_onbehalf,75509430,145105.0,520.38
057905,Dallas ISD,2020-21,GF,rev_debt_fin,0,145105.0,0.0
057905,Dallas ISD,2020-21,GF,exp_payroll_61,1268814655,145105.0,8744.11
057905,Dallas ISD,2020-21,GF,exp_contracted_62,118537248,145105.0,816.91
057905,Dallas ISD,2020-21,GF,exp_supplies_63,116819522,145105.0,805.07
057905,Dallas ISD,2020-21,GF,exp_otherop_64,12010778,145105.0,82.77
057905,Dallas ISD,2020-21,GF,exp_total_oper,1516182203,145105.0,10448.86
057905,Dallas ISD,2020-21,GF,exp_debt_65,7237737,145105.0,49.88
057905,Dallas ISD,2020-21,GF,exp_capital_66,16055936,145105.0,110.65
057905,Dallas ISD,2020-21,GF,exp_grand_total,1539806693,145105.0,10611.67
057905,Dallas ISD,2020-21,GF,f11_instruction,840747545,145105.0,5794.06
057905,Dallas ISD,2020-21,GF,f12_instr_resources,16003098,145105.0,110.29
057905,Dallas ISD,2020-21,GF,f13_curriculum_staffdev,22052094,145105.0,151.97
057905,Dallas ISD,2020-21,GF,f21_instr_leadership,45590428,145105.0,314.19
057905,Dallas ISD,2020-21,GF,f23_school_leadership,112183465,145105.0,773.12
057905,Dallas ISD,2020-21,GF,f31_guidance,61724315,145105.0,425.38
057905,Dallas ISD,2020-21,GF,f32_social_work,1201649,145105.0,8.28
057905,Dallas ISD,2020-21,GF,f33_health,21619313,145105.0,148.99
057905,Dallas ISD,2020-21,GF,f34_transportation,50445102,145105.0,347.65
057905,Dallas ISD,2020-21,GF,f35_food,1151407,145105.0,7.93
057905,Dallas ISD,2020-21,GF,f36_extracurricular,37316592,145105.0,257.17
057905,Dallas ISD,2020-21,GF,f41_general_admin,48358742,145105.0,333.27
057905,Dallas ISD,2020-21,GF,f51_plant_maint,193397454,145105.0,1332.81
057905,Dallas ISD,2020-21,GF,f52_security,22107390,145105.0,152.35
057905,Dallas ISD,2020-21,GF,f53_data_processing,38707545,145105.0,266.76
057905,Dallas ISD,2020-21,GF,f61_community,3576064,145105.0,24.64
057905,Dallas ISD,2020-21,GF,pic11_basic,685233370,145105.0,4722.33
057905,Dallas ISD,2020-21,GF,pic21_gt,14229546,145105.0,98.06
057905,Dallas ISD,2020-21,GF,pic22_cte,41710422,145105.0,287.45
057905,Dallas ISD,2020-21,GF,pic23_swd,171701277,145105.0,1183.29
057905,Dallas ISD,2020-21,GF,pic24_comp_ed,122394912,145105.0,843.49
057905,Dallas ISD,2020-21,GF,pic25_bilingual,39149807,145105.0,269.8
057905,Dallas ISD,2020-21,GF,pic91_athletics,21987440,145105.0,151.53
057905,Dallas ISD,2020-21,GF,pic99_unallocated,349896576,145105.0,2411.33
057905,Dallas ISD,2020-21,GF,disb_recapture,85377533,145105.0,588.38
057905,Dallas ISD,2020-21,GF,disb_total,1672093776,145105.0,11523.34
227901,Austin ISD,2020-21,GF,rev_local_mo,686100668,74725.0,9181.68
227901,Austin ISD,2020-21,GF,rev_state_oper,32142811,74725.0,430.15
227901,Austin ISD,2020-21,GF,rev_federal,43525780,74725.0,582.48
227901,Austin ISD,2020-21,GF,rev_other_local,10440333,74725.0,139.72
227901,Austin ISD,2020-21,GF,rev_total_oper,772209592,74725.0,10334.02
227901,Austin ISD,2020-21,GF,rev_local_is,0,74725.0,0.0
227901,Austin ISD,2020-21,GF,rev_state_debt,0,74725.0,0.0
227901,Austin ISD,2020-21,GF,rev_total_other,0,74725.0,0.0
227901,Austin ISD,2020-21,GF,recapture_rev,706687156,74725.0,9457.17
227901,Austin ISD,2020-21,GF,rev_trs_onbehalf,39310054,74725.0,526.06
227901,Austin ISD,2020-21,GF,rev_debt_fin,0,74725.0,0.0
227901,Austin ISD,2020-21,GF,exp_payroll_61,702471206,74725.0,9400.75
227901,Austin ISD,2020-21,GF,exp_contracted_62,59702691,74725.0,798.97
227901,Austin ISD,2020-21,GF,exp_supplies_63,52956421,74725.0,708.68
227901,Austin ISD,2020-21,GF,exp_otherop_64,12342670,74725.0,165.17
227901,Austin ISD,2020-21,GF,exp_total_oper,827472988,74725.0,11073.58
227901,Austin ISD,2020-21,GF,exp_debt_65,460263,74725.0,6.16
227901,Austin ISD,2020-21,GF,exp_capital_66,4373098,74725.0,58.52
227901,Austin ISD,2020-21,GF,exp_grand_total,832391297,74725.0,11139.4
227901,Austin ISD,2020-21,GF,f11_instruction,442635312,74725.0,5923.52
227901,Austin ISD,2020-21,GF,f12_instr_resources,10264933,74725.0,137.37
227901,Austin ISD,2020-21,GF,f13_curriculum_staffdev,23941860,74725.0,320.4
227901,Austin ISD,2020-21,GF,f21_instr_leadership,14258060,74725.0,190.81
227901,Austin ISD,2020-21,GF,f23_school_leadership,54505579,74725.0,729.42
227901,Austin ISD,2020-21,GF,f31_guidance,28210462,74725.0,377.52
227901,Austin ISD,2020-21,GF,f32_social_work,5590729,74725.0,74.82
227901,Austin ISD,2020-21,GF,f33_health,8812393,74725.0,117.93
227901,Austin ISD,2020-21,GF,f34_transportation,37231825,74725.0,498.25
227901,Austin ISD,2020-21,GF,f35_food,0,74725.0,0.0
227901,Austin ISD,2020-21,GF,f36_extracurricular,16856198,74725.0,225.58
227901,Austin ISD,2020-21,GF,f41_general_admin,29148485,74725.0,390.08
227901,Austin ISD,2020-21,GF,f51_plant_maint,86557499,74725.0,1158.35
227901,Austin ISD,2020-21,GF,f52_security,12799629,74725.0,171.29
227901,Austin ISD,2020-21,GF,f53_data_processing,48072413,74725.0,643.32
227901,Austin ISD,2020-21,GF,f61_community,8587611,74725.0,114.92
227901,Austin ISD,2020-21,GF,pic11_basic,347711252,74725.0,4653.21
227901,Austin ISD,2020-21,GF,pic21_gt,3015076,74725.0,40.35
227901,Austin ISD,2020-21,GF,pic22_cte,18299324,74725.0,244.89
227901,Austin ISD,2020-21,GF,pic23_swd,148565726,74725.0,1988.17
227901,Austin ISD,2020-21,GF,pic24_comp_ed,41275649,74725.0,552.37
227901,Austin ISD,2020-21,GF,pic25_bilingual,12673581,74725.0,169.6
227901,Austin ISD,2020-21,GF,pic91_athletics,13058617,74725.0,174.76
227901,Austin ISD,2020-21,GF,pic99_unallocated,210200201,74725.0,2812.98
227901,Austin ISD,2020-21,GF,disb_recapture,706687156,74725.0,9457.17
227901,Austin ISD,2020-21,GF,disb_total,1550669148,74725.0,20751.68
220905,Fort Worth ISD,2020-21,GF,rev_local_mo,454710798,76754.0,5924.26
220905,Fort Worth ISD,2020-21,GF,rev_state_oper,297836919,76754.0,3880.41
220905,Fort Worth ISD,2020-21,GF,rev_federal,19258856,76754.0,250.92
220905,Fort Worth ISD,2020-21,GF,rev_other_local,3864069,76754.0,50.34
220905,Fort Worth ISD,2020-21,GF,rev_total_oper,775670642,76754.0,10105.93
220905,Fort Worth ISD,2020-21,GF,rev_local_is,0,76754.0,0.0
220905,Fort Worth ISD,2020-21,GF,rev_state_debt,0,76754.0,0.0
220905,Fort Worth ISD,2020-21,GF,rev_total_other,1870088,76754.0,24.36
220905,Fort Worth ISD,2020-21,GF,recapture_rev,0,76754.0,0.0
220905,Fort Worth ISD,2020-21,GF,rev_trs_onbehalf,37135455,76754.0,483.82
220905,Fort Worth ISD,2020-21,GF,rev_debt_fin,0,76754.0,0.0
220905,Fort Worth ISD,2020-21,GF,exp_payroll_61,612078202,76754.0,7974.54
220905,Fort Worth ISD,2020-21,GF,exp_contracted_62,50301617,76754.0,655.36
220905,Fort Worth ISD,2020-21,GF,exp_supplies_63,51639952,76754.0,672.8
220905,Fort Worth ISD,2020-21,GF,exp_otherop_64,9094439,76754.0,118.49
220905,Fort Worth ISD,2020-21,GF,exp_total_oper,723114210,76754.0,9421.19
220905,Fort Worth ISD,2020-21,GF,exp_debt_65,0,76754.0,0.0
220905,Fort Worth ISD,2020-21,GF,exp_capital_66,8050721,76754.0,104.89
220905,Fort Worth ISD,2020-21,GF,exp_grand_total,735874852,76754.0,9587.45
220905,Fort Worth ISD,2020-21,GF,f11_instruction,408296927,76754.0,5319.55
220905,Fort Worth ISD,2020-21,GF,f12_instr_resources,11532875,76754.0,150.26
220905,Fort Worth ISD,2020-21,GF,f13_curriculum_staffdev,11169226,76754.0,145.52
220905,Fort Worth ISD,2020-21,GF,f21_instr_leadership,13647125,76754.0,177.8
220905,Fort Worth ISD,2020-21,GF,f23_school_leadership,49241246,76754.0,641.55
220905,Fort Worth ISD,2020-21,GF,f31_guidance,43785393,76754.0,570.46
220905,Fort Worth ISD,2020-21,GF,f32_social_work,5213353,76754.0,67.92
220905,Fort Worth ISD,2020-21,GF,f33_health,10297310,76754.0,134.16
220905,Fort Worth ISD,2020-21,GF,f34_transportation,16056997,76754.0,209.2
220905,Fort Worth ISD,2020-21,GF,f35_food,1339922,76754.0,17.46
220905,Fort Worth ISD,2020-21,GF,f36_extracurricular,15230629,76754.0,198.43
220905,Fort Worth ISD,2020-21,GF,f41_general_admin,19573867,76754.0,255.02
220905,Fort Worth ISD,2020-21,GF,f51_plant_maint,85241311,76754.0,1110.58
220905,Fort Worth ISD,2020-21,GF,f52_security,11205154,76754.0,145.99
220905,Fort Worth ISD,2020-21,GF,f53_data_processing,17062457,76754.0,222.3
220905,Fort Worth ISD,2020-21,GF,f61_community,4220418,76754.0,54.99
220905,Fort Worth ISD,2020-21,GF,pic11_basic,322818292,76754.0,4205.88
220905,Fort Worth ISD,2020-21,GF,pic21_gt,2317445,76754.0,30.19
220905,Fort Worth ISD,2020-21,GF,pic22_cte,24924037,76754.0,324.73
220905,Fort Worth ISD,2020-21,GF,pic23_swd,88545877,76754.0,1153.63
220905,Fort Worth ISD,2020-21,GF,pic24_comp_ed,56893064,76754.0,741.24
220905,Fort Worth ISD,2020-21,GF,pic25_bilingual,11402905,76754.0,148.56
220905,Fort Worth ISD,2020-21,GF,pic91_athletics,14171725,76754.0,184.64
220905,Fort Worth ISD,2020-21,GF,pic99_unallocated,150286906,76754.0,1958.03
220905,Fort Worth ISD,2020-21,GF,disb_recapture,0,76754.0,0.0
220905,Fort Worth ISD,2020-21,GF,disb_total,738871566,76754.0,9626.49
015915,Northside ISD,2020-21,GF,rev_local_mo,577684110,102644.0,5628.04
015915,Northside ISD,2020-21,GF,rev_state_oper,252704064,102644.0,2461.95
015915,Northside ISD,2020-21,GF,rev_federal,31882516,102644.0,310.61
015915,Northside ISD,2020-21,GF,rev_other_local,14462020,102644.0,140.89
015915,Northside ISD,2020-21,GF,rev_total_oper,876732710,102644.0,8541.49
015915,Northside ISD,2020-21,GF,rev_local_is,0,102644.0,0.0
015915,Northside ISD,2020-21,GF,rev_state_debt,0,102644.0,0.0
015915,Northside ISD,2020-21,GF,rev_total_other,13626851,102644.0,132.76
015915,Northside ISD,2020-21,GF,recapture_rev,0,102644.0,0.0
015915,Northside ISD,2020-21,GF,rev_trs_onbehalf,50597131,102644.0,492.94
015915,Northside ISD,2020-21,GF,rev_debt_fin,0,102644.0,0.0
015915,Northside ISD,2020-21,GF,exp_payroll_61,817899511,102644.0,7968.31
015915,Northside ISD,2020-21,GF,exp_contracted_62,44134651,102644.0,429.98
015915,Northside ISD,2020-21,GF,exp_supplies_63,51492151,102644.0,501.66
015915,Northside ISD,2020-21,GF,exp_otherop_64,6912598,102644.0,67.35
015915,Northside ISD,2020-21,GF,exp_total_oper,920438911,102644.0,8967.29
015915,Northside ISD,2020-21,GF,exp_debt_65,0,102644.0,0.0
015915,Northside ISD,2020-21,GF,exp_capital_66,2544920,102644.0,24.79
015915,Northside ISD,2020-21,GF,exp_grand_total,923176615,102644.0,8993.97
015915,Northside ISD,2020-21,GF,f11_instruction,581949290,102644.0,5669.59
015915,Northside ISD,2020-21,GF,f12_instr_resources,12821005,102644.0,124.91
015915,Northside ISD,2020-21,GF,f13_curriculum_staffdev,17663585,102644.0,172.09
015915,Northside ISD,2020-21,GF,f21_instr_leadership,19618661,102644.0,191.13
015915,Northside ISD,2020-21,GF,f23_school_leadership,55838473,102644.0,544.0
015915,Northside ISD,2020-21,GF,f31_guidance,40060338,102644.0,390.28
015915,Northside ISD,2020-21,GF,f32_social_work,3041475,102644.0,29.63
015915,Northside ISD,2020-21,GF,f33_health,11163510,102644.0,108.76
015915,Northside ISD,2020-21,GF,f34_transportation,30909443,102644.0,301.13
015915,Northside ISD,2020-21,GF,f35_food,628930,102644.0,6.13
015915,Northside ISD,2020-21,GF,f36_extracurricular,20752172,102644.0,202.18
015915,Northside ISD,2020-21,GF,f41_general_admin,15981730,102644.0,155.7
015915,Northside ISD,2020-21,GF,f51_plant_maint,82133747,102644.0,800.18
015915,Northside ISD,2020-21,GF,f52_security,8572384,102644.0,83.52
015915,Northside ISD,2020-21,GF,f53_data_processing,17526208,102644.0,170.75
015915,Northside ISD,2020-21,GF,f61_community,1777960,102644.0,17.32
015915,Northside ISD,2020-21,GF,pic11_basic,492047832,102644.0,4793.73
015915,Northside ISD,2020-21,GF,pic21_gt,10910731,102644.0,106.3
015915,Northside ISD,2020-21,GF,pic22_cte,25965551,102644.0,252.97
015915,Northside ISD,2020-21,GF,pic23_swd,152136719,102644.0,1482.18
015915,Northside ISD,2020-21,GF,pic24_comp_ed,47730439,102644.0,465.01
015915,Northside ISD,2020-21,GF,pic25_bilingual,3305186,102644.0,32.2
015915,Northside ISD,2020-21,GF,pic91_athletics,15213191,102644.0,148.21
015915,Northside ISD,2020-21,GF,pic99_unallocated,153338239,102644.0,1493.88
015915,Northside ISD,2020-21,GF,disb_recapture,0,102644.0,0.0
015915,Northside ISD,2020-21,GF,disb_total,1015115566,102644.0,9889.67
101907,Cypress-Fairbanks ISD,2020-21,GF,rev_local_mo,535744999,114560.0,4676.55
101907,Cypress-Fairbanks ISD,2020-21,GF,rev_state_oper,354468169,114560.0,3094.17
101907,Cypress-Fairbanks ISD,2020-21,GF,rev_federal,32195674,114560.0,281.04
101907,Cypress-Fairbanks ISD,2020-21,GF,rev_other_local,15744699,114560.0,137.44
101907,Cypress-Fairbanks ISD,2020-21,GF,rev_total_oper,938153541,114560.0,8189.19
101907,Cypress-Fairbanks ISD,2020-21,GF,rev_local_is,0,114560.0,0.0
101907,Cypress-Fairbanks ISD,2020-21,GF,rev_state_debt,0,114560.0,0.0
101907,Cypress-Fairbanks ISD,2020-21,GF,rev_total_other,5572156,114560.0,48.64
101907,Cypress-Fairbanks ISD,2020-21,GF,recapture_rev,0,114560.0,0.0
101907,Cypress-Fairbanks ISD,2020-21,GF,rev_trs_onbehalf,59174652,114560.0,516.54
101907,Cypress-Fairbanks ISD,2020-21,GF,rev_debt_fin,0,114560.0,0.0
101907,Cypress-Fairbanks ISD,2020-21,GF,exp_payroll_61,900645731,114560.0,7861.78
101907,Cypress-Fairbanks ISD,2020-21,GF,exp_contracted_62,48680860,114560.0,424.94
101907,Cypress-Fairbanks ISD,2020-21,GF,exp_supplies_63,36069125,114560.0,314.85
101907,Cypress-Fairbanks ISD,2020-21,GF,exp_otherop_64,6172976,114560.0,53.88
101907,Cypress-Fairbanks ISD,2020-21,GF,exp_total_oper,991568692,114560.0,8655.45
101907,Cypress-Fairbanks ISD,2020-21,GF,exp_debt_65,0,114560.0,0.0
101907,Cypress-Fairbanks ISD,2020-21,GF,exp_capital_66,2438648,114560.0,21.29
101907,Cypress-Fairbanks ISD,2020-21,GF,exp_grand_total,994359521,114560.0,8679.81
101907,Cypress-Fairbanks ISD,2020-21,GF,f11_instruction,658296479,114560.0,5746.3
101907,Cypress-Fairbanks ISD,2020-21,GF,f12_instr_resources,7525268,114560.0,65.69
101907,Cypress-Fairbanks ISD,2020-21,GF,f13_curriculum_staffdev,12182425,114560.0,106.34
101907,Cypress-Fairbanks ISD,2020-21,GF,f21_instr_leadership,8053104,114560.0,70.3
101907,Cypress-Fairbanks ISD,2020-21,GF,f23_school_leadership,51508538,114560.0,449.62
101907,Cypress-Fairbanks ISD,2020-21,GF,f31_guidance,40934785,114560.0,357.32
101907,Cypress-Fairbanks ISD,2020-21,GF,f32_social_work,1264265,114560.0,11.04
101907,Cypress-Fairbanks ISD,2020-21,GF,f33_health,11950368,114560.0,104.32
101907,Cypress-Fairbanks ISD,2020-21,GF,f34_transportation,40563021,114560.0,354.08
101907,Cypress-Fairbanks ISD,2020-21,GF,f35_food,0,114560.0,0.0
101907,Cypress-Fairbanks ISD,2020-21,GF,f36_extracurricular,21208167,114560.0,185.13
101907,Cypress-Fairbanks ISD,2020-21,GF,f41_general_admin,17406220,114560.0,151.94
101907,Cypress-Fairbanks ISD,2020-21,GF,f51_plant_maint,82562382,114560.0,720.69
101907,Cypress-Fairbanks ISD,2020-21,GF,f52_security,12680872,114560.0,110.69
101907,Cypress-Fairbanks ISD,2020-21,GF,f53_data_processing,18489269,114560.0,161.39
101907,Cypress-Fairbanks ISD,2020-21,GF,f61_community,6943529,114560.0,60.61
101907,Cypress-Fairbanks ISD,2020-21,GF,pic11_basic,475472451,114560.0,4150.42
101907,Cypress-Fairbanks ISD,2020-21,GF,pic21_gt,4684699,114560.0,40.89
101907,Cypress-Fairbanks ISD,2020-21,GF,pic22_cte,35612131,114560.0,310.86
101907,Cypress-Fairbanks ISD,2020-21,GF,pic23_swd,115781428,114560.0,1010.66
101907,Cypress-Fairbanks ISD,2020-21,GF,pic24_comp_ed,57700168,114560.0,503.67
101907,Cypress-Fairbanks ISD,2020-21,GF,pic25_bilingual,9397888,114560.0,82.03
101907,Cypress-Fairbanks ISD,2020-21,GF,pic91_athletics,14074036,114560.0,122.85
101907,Cypress-Fairbanks ISD,2020-21,GF,pic99_unallocated,225970962,114560.0,1972.51
101907,Cypress-Fairbanks ISD,2020-21,GF,disb_recapture,0,114560.0,0.0
101907,Cypress-Fairbanks ISD,2020-21,GF,disb_total,1001584416,114560.0,8742.88
101914,Katy ISD,2020-21,GF,rev_local_mo,435011465,83999.0,5178.77
101914,Katy ISD,2020-21,GF,rev_state_oper,325772657,83999.0,3878.29
101914,Katy ISD,2020-21,GF,rev_federal,14203848,83999.0,169.1
101914,Katy ISD,2020-21,GF,rev_other_local,14077955,83999.0,167.6
101914,Katy ISD,2020-21,GF,rev_total_oper,789065925,83999.0,9393.75
101914,Katy ISD,2020-21,GF,rev_local_is,0,83999.0,0.0
101914,Katy ISD,2020-21,GF,rev_state_debt,0,83999.0,0.0
101914,Katy ISD,2020-21,GF,rev_total_other,733573,83999.0,8.73
101914,Katy ISD,2020-21,GF,recapture_rev,0,83999.0,0.0
101914,Katy ISD,2020-21,GF,rev_trs_onbehalf,43555453,83999.0,518.52
101914,Katy ISD,2020-21,GF,rev_debt_fin,0,83999.0,0.0
101914,Katy ISD,2020-21,GF,exp_payroll_61,717064659,83999.0,8536.59
101914,Katy ISD,2020-21,GF,exp_contracted_62,38461140,83999.0,457.88
101914,Katy ISD,2020-21,GF,exp_supplies_63,36183416,83999.0,430.76
101914,Katy ISD,2020-21,GF,exp_otherop_64,10123079,83999.0,120.51
101914,Katy ISD,2020-21,GF,exp_total_oper,801832294,83999.0,9545.74
101914,Katy ISD,2020-21,GF,exp_debt_65,0,83999.0,0.0
101914,Katy ISD,2020-21,GF,exp_capital_66,5797804,83999.0,69.02
101914,Katy ISD,2020-21,GF,exp_grand_total,808300612,83999.0,9622.74
101914,Katy ISD,2020-21,GF,f11_instruction,521690289,83999.0,6210.67
101914,Katy ISD,2020-21,GF,f12_instr_resources,9247707,83999.0,110.09
101914,Katy ISD,2020-21,GF,f13_curriculum_staffdev,11096118,83999.0,132.1
101914,Katy ISD,2020-21,GF,f21_instr_leadership,6506276,83999.0,77.46
101914,Katy ISD,2020-21,GF,f23_school_leadership,46995233,83999.0,559.47
101914,Katy ISD,2020-21,GF,f31_guidance,39465583,83999.0,469.83
101914,Katy ISD,2020-21,GF,f32_social_work,479953,83999.0,5.71
101914,Katy ISD,2020-21,GF,f33_health,9115518,83999.0,108.52
101914,Katy ISD,2020-21,GF,f34_transportation,19373832,83999.0,230.64
101914,Katy ISD,2020-21,GF,f35_food,0,83999.0,0.0
101914,Katy ISD,2020-21,GF,f36_extracurricular,16399488,83999.0,195.23
101914,Katy ISD,2020-21,GF,f41_general_admin,14172516,83999.0,168.72
101914,Katy ISD,2020-21,GF,f51_plant_maint,80292134,83999.0,955.87
101914,Katy ISD,2020-21,GF,f52_security,10421836,83999.0,124.07
101914,Katy ISD,2020-21,GF,f53_data_processing,16398708,83999.0,195.23
101914,Katy ISD,2020-21,GF,f61_community,177103,83999.0,2.11
101914,Katy ISD,2020-21,GF,pic11_basic,414907554,83999.0,4939.43
101914,Katy ISD,2020-21,GF,pic21_gt,4200108,83999.0,50.0
101914,Katy ISD,2020-21,GF,pic22_cte,24258491,83999.0,288.79
101914,Katy ISD,2020-21,GF,pic23_swd,135479914,83999.0,1612.88
101914,Katy ISD,2020-21,GF,pic24_comp_ed,26172331,83999.0,311.58
101914,Katy ISD,2020-21,GF,pic25_bilingual,11367202,83999.0,135.33
101914,Katy ISD,2020-21,GF,pic91_athletics,11318605,83999.0,134.75
101914,Katy ISD,2020-21,GF,pic99_unallocated,143644113,83999.0,1710.07
101914,Katy ISD,2020-21,GF,disb_recapture,0,83999.0,0.0
101914,Katy ISD,2020-21,GF,disb_total,820999980,83999.0,9773.93
079907,Fort Bend ISD,2020-21,GF,rev_local_mo,416008684,76469.0,5440.23
079907,Fort Bend ISD,2020-21,GF,rev_state_oper,249827968,76469.0,3267.05
079907,Fort Bend ISD,2020-21,GF,rev_federal,14674312,76469.0,191.9
079907,Fort Bend ISD,2020-21,GF,rev_other_local,3620397,76469.0,47.34
079907,Fort Bend ISD,2020-21,GF,rev_total_oper,684131361,76469.0,8946.52
079907,Fort Bend ISD,2020-21,GF,rev_local_is,0,76469.0,0.0
079907,Fort Bend ISD,2020-21,GF,rev_state_debt,0,76469.0,0.0
079907,Fort Bend ISD,2020-21,GF,rev_total_other,258653,76469.0,3.38
079907,Fort Bend ISD,2020-21,GF,recapture_rev,0,76469.0,0.0
079907,Fort Bend ISD,2020-21,GF,rev_trs_onbehalf,40771900,76469.0,533.18
079907,Fort Bend ISD,2020-21,GF,rev_debt_fin,0,76469.0,0.0
079907,Fort Bend ISD,2020-21,GF,exp_payroll_61,651911970,76469.0,8525.18
079907,Fort Bend ISD,2020-21,GF,exp_contracted_62,55212667,76469.0,722.03
079907,Fort Bend ISD,2020-21,GF,exp_supplies_63,29055795,76469.0,379.97
079907,Fort Bend ISD,2020-21,GF,exp_otherop_64,7832766,76469.0,102.43
079907,Fort Bend ISD,2020-21,GF,exp_total_oper,744013198,76469.0,9729.61
079907,Fort Bend ISD,2020-21,GF,exp_debt_65,0,76469.0,0.0
079907,Fort Bend ISD,2020-21,GF,exp_capital_66,456318,76469.0,5.97
079907,Fort Bend ISD,2020-21,GF,exp_grand_total,744469516,76469.0,9735.57
079907,Fort Bend ISD,2020-21,GF,f11_instruction,440519673,76469.0,5760.76
079907,Fort Bend ISD,2020-21,GF,f12_instr_resources,8443073,76469.0,110.41
079907,Fort Bend ISD,2020-21,GF,f13_curriculum_staffdev,14561707,76469.0,190.43
079907,Fort Bend ISD,2020-21,GF,f21_instr_leadership,19219007,76469.0,251.33
079907,Fort Bend ISD,2020-21,GF,f23_school_leadership,48275419,76469.0,631.31
079907,Fort Bend ISD,2020-21,GF,f31_guidance,36083070,76469.0,471.87
079907,Fort Bend ISD,2020-21,GF,f32_social_work,2665338,76469.0,34.86
079907,Fort Bend ISD,2020-21,GF,f33_health,12870149,76469.0,168.31
079907,Fort Bend ISD,2020-21,GF,f34_transportation,20351903,76469.0,266.15
079907,Fort Bend ISD,2020-21,GF,f35_food,24,76469.0,0.0
079907,Fort Bend ISD,2020-21,GF,f36_extracurricular,15500527,76469.0,202.7
079907,Fort Bend ISD,2020-21,GF,f41_general_admin,19284861,76469.0,252.19
079907,Fort Bend ISD,2020-21,GF,f51_plant_maint,71944954,76469.0,940.84
079907,Fort Bend ISD,2020-21,GF,f52_security,11954423,76469.0,156.33
079907,Fort Bend ISD,2020-21,GF,f53_data_processing,21520689,76469.0,281.43
079907,Fort Bend ISD,2020-21,GF,f61_community,818381,76469.0,10.7
079907,Fort Bend ISD,2020-21,GF,pic11_basic,343373210,76469.0,4490.36
079907,Fort Bend ISD,2020-21,GF,pic21_gt,13047138,76469.0,170.62
079907,Fort Bend ISD,2020-21,GF,pic22_cte,22462468,76469.0,293.75
079907,Fort Bend ISD,2020-21,GF,pic23_swd,120499422,76469.0,1575.79
079907,Fort Bend ISD,2020-21,GF,pic24_comp_ed,25411368,76469.0,332.31
079907,Fort Bend ISD,2020-21,GF,pic25_bilingual,14694717,76469.0,192.17
079907,Fort Bend ISD,2020-21,GF,pic91_athletics,10704108,76469.0,139.98
079907,Fort Bend ISD,2020-21,GF,pic99_unallocated,147968244,76469.0,1935.01
079907,Fort Bend ISD,2020-21,GF,disb_recapture,0,76469.0,0.0
079907,Fort Bend ISD,2020-21,GF,disb_total,750443207,76469.0,9813.69
STATE,State total (all districts+charters),2020-21,GF,rev_local_mo,26132322677,5358831.0,4876.5
STATE,State total (all districts+charters),2020-21,GF,rev_state_oper,24241570092,5358831.0,4523.67
STATE,State total (all districts+charters),2020-21,GF,rev_federal,1595058107,5358831.0,297.65
STATE,State total (all districts+charters),2020-21,GF,rev_other_local,1048212631,5358831.0,195.6
STATE,State total (all districts+charters),2020-21,GF,rev_total_oper,53017163507,5358831.0,9893.42
STATE,State total (all districts+charters),2020-21,GF,rev_local_is,0,5358831.0,0.0
STATE,State total (all districts+charters),2020-21,GF,rev_state_debt,0,5358831.0,0.0
STATE,State total (all districts+charters),2020-21,GF,rev_total_other,709951595,5358831.0,132.48
STATE,State total (all districts+charters),2020-21,GF,recapture_rev,2970608744,5358831.0,554.34
STATE,State total (all districts+charters),2020-21,GF,rev_trs_onbehalf,2486059279,5358831.0,463.92
STATE,State total (all districts+charters),2020-21,GF,rev_debt_fin,0,5358831.0,0.0
STATE,State total (all districts+charters),2020-21,GF,exp_payroll_61,42584100023,5358831.0,7946.53
STATE,State total (all districts+charters),2020-21,GF,exp_contracted_62,4566970365,5358831.0,852.23
STATE,State total (all districts+charters),2020-21,GF,exp_supplies_63,2779974271,5358831.0,518.77
STATE,State total (all districts+charters),2020-21,GF,exp_otherop_64,1186849292,5358831.0,221.48
STATE,State total (all districts+charters),2020-21,GF,exp_total_oper,51117893951,5358831.0,9539.0
STATE,State total (all districts+charters),2020-21,GF,exp_debt_65,451077782,5358831.0,84.17
STATE,State total (all districts+charters),2020-21,GF,exp_capital_66,1064693204,5358831.0,198.68
STATE,State total (all districts+charters),2020-21,GF,exp_grand_total,52668016641,5358831.0,9828.27
STATE,State total (all districts+charters),2020-21,GF,f11_instruction,30102369980,5358831.0,5617.34
STATE,State total (all districts+charters),2020-21,GF,f12_instr_resources,582548169,5358831.0,108.71
STATE,State total (all districts+charters),2020-21,GF,f13_curriculum_staffdev,853367386,5358831.0,159.25
STATE,State total (all districts+charters),2020-21,GF,f21_instr_leadership,812095294,5358831.0,151.54
STATE,State total (all districts+charters),2020-21,GF,f23_school_leadership,3406853373,5358831.0,635.75
STATE,State total (all districts+charters),2020-21,GF,f31_guidance,1880978011,5358831.0,351.01
STATE,State total (all districts+charters),2020-21,GF,f32_social_work,135583849,5358831.0,25.3
STATE,State total (all districts+charters),2020-21,GF,f33_health,640750454,5358831.0,119.57
STATE,State total (all districts+charters),2020-21,GF,f34_transportation,1567508538,5358831.0,292.51
STATE,State total (all districts+charters),2020-21,GF,f35_food,320382311,5358831.0,59.79
STATE,State total (all districts+charters),2020-21,GF,f36_extracurricular,1398447251,5358831.0,260.96
STATE,State total (all districts+charters),2020-21,GF,f41_general_admin,1880325786,5358831.0,350.88
STATE,State total (all districts+charters),2020-21,GF,f51_plant_maint,5628092871,5358831.0,1050.25
STATE,State total (all districts+charters),2020-21,GF,f52_security,592539454,5358831.0,110.57
STATE,State total (all districts+charters),2020-21,GF,f53_data_processing,1131035530,5358831.0,211.06
STATE,State total (all districts+charters),2020-21,GF,f61_community,168738156,5358831.0,31.49
STATE,State total (all districts+charters),2020-21,GF,pic11_basic,23839011255,5358831.0,4448.55
STATE,State total (all districts+charters),2020-21,GF,pic21_gt,403206885,5358831.0,75.24
STATE,State total (all districts+charters),2020-21,GF,pic22_cte,1889484837,5358831.0,352.59
STATE,State total (all districts+charters),2020-21,GF,pic23_swd,6325619380,5358831.0,1180.41
STATE,State total (all districts+charters),2020-21,GF,pic24_comp_ed,3376176658,5358831.0,630.02
STATE,State total (all districts+charters),2020-21,GF,pic25_bilingual,590717792,5358831.0,110.23
STATE,State total (all districts+charters),2020-21,GF,pic91_athletics,1090587888,5358831.0,203.51
STATE,State total (all districts+charters),2020-21,GF,pic99_unallocated,11306142046,5358831.0,2109.82
STATE,State total (all districts+charters),2020-21,GF,disb_recapture,2970608744,5358831.0,554.34
STATE,State total (all districts+charters),2020-21,GF,disb_total,57425452461,5358831.0,10716.04
STATE_ISD,State total (ISDs only),2020-21,GF,rev_local_mo,26118700806,4991935.0,5232.18
STATE_ISD,State total (ISDs only),2020-21,GF,rev_state_oper,20560967462,4991935.0,4118.84
STATE_ISD,State total (ISDs only),2020-21,GF,rev_federal,1549735608,4991935.0,310.45
STATE_ISD,State total (ISDs only),2020-21,GF,rev_other_local,914113148,4991935.0,183.12
STATE_ISD,State total (ISDs only),2020-21,GF,rev_total_oper,49143517024,4991935.0,9844.58
STATE_ISD,State total (ISDs only),2020-21,GF,rev_local_is,0,4991935.0,0.0
STATE_ISD,State total (ISDs only),2020-21,GF,rev_state_debt,0,4991935.0,0.0
STATE_ISD,State total (ISDs only),2020-21,GF,rev_total_other,691563390,4991935.0,138.54
STATE_ISD,State total (ISDs only),2020-21,GF,recapture_rev,2956487891,4991935.0,592.25
STATE_ISD,State total (ISDs only),2020-21,GF,rev_trs_onbehalf,2484707062,4991935.0,497.74
STATE_ISD,State total (ISDs only),2020-21,GF,rev_debt_fin,0,4991935.0,0.0
STATE_ISD,State total (ISDs only),2020-21,GF,exp_payroll_61,40284696202,4991935.0,8069.96
STATE_ISD,State total (ISDs only),2020-21,GF,exp_contracted_62,3994689304,4991935.0,800.23
STATE_ISD,State total (ISDs only),2020-21,GF,exp_supplies_63,2586420782,4991935.0,518.12
STATE_ISD,State total (ISDs only),2020-21,GF,exp_otherop_64,925770048,4991935.0,185.45
STATE_ISD,State total (ISDs only),2020-21,GF,exp_total_oper,47791576336,4991935.0,9573.76
STATE_ISD,State total (ISDs only),2020-21,GF,exp_debt_65,249047703,4991935.0,49.89
STATE_ISD,State total (ISDs only),2020-21,GF,exp_capital_66,1064028966,4991935.0,213.15
STATE_ISD,State total (ISDs only),2020-21,GF,exp_grand_total,49138900216,4991935.0,9843.66
STATE_ISD,State total (ISDs only),2020-21,GF,f11_instruction,28349975469,4991935.0,5679.16
STATE_ISD,State total (ISDs only),2020-21,GF,f12_instr_resources,575810471,4991935.0,115.35
STATE_ISD,State total (ISDs only),2020-21,GF,f13_curriculum_staffdev,764697357,4991935.0,153.19
STATE_ISD,State total (ISDs only),2020-21,GF,f21_instr_leadership,758543110,4991935.0,151.95
STATE_ISD,State total (ISDs only),2020-21,GF,f23_school_leadership,3075763026,4991935.0,616.15
STATE_ISD,State total (ISDs only),2020-21,GF,f31_guidance,1792994512,4991935.0,359.18
STATE_ISD,State total (ISDs only),2020-21,GF,f32_social_work,130493705,4991935.0,26.14
STATE_ISD,State total (ISDs only),2020-21,GF,f33_health,608757619,4991935.0,121.95
STATE_ISD,State total (ISDs only),2020-21,GF,f34_transportation,1513824317,4991935.0,303.25
STATE_ISD,State total (ISDs only),2020-21,GF,f35_food,304061733,4991935.0,60.91
STATE_ISD,State total (ISDs only),2020-21,GF,f36_extracurricular,1375104997,4991935.0,275.47
STATE_ISD,State total (ISDs only),2020-21,GF,f41_general_admin,1644488889,4991935.0,329.43
STATE_ISD,State total (ISDs only),2020-21,GF,f51_plant_maint,5127135383,4991935.0,1027.08
STATE_ISD,State total (ISDs only),2020-21,GF,f52_security,572486162,4991935.0,114.68
STATE_ISD,State total (ISDs only),2020-21,GF,f53_data_processing,1044194029,4991935.0,209.18
STATE_ISD,State total (ISDs only),2020-21,GF,f61_community,153245557,4991935.0,30.7
STATE_ISD,State total (ISDs only),2020-21,GF,pic11_basic,22235500373,4991935.0,4454.28
STATE_ISD,State total (ISDs only),2020-21,GF,pic21_gt,398644192,4991935.0,79.86
STATE_ISD,State total (ISDs only),2020-21,GF,pic22_cte,1826919789,4991935.0,365.97
STATE_ISD,State total (ISDs only),2020-21,GF,pic23_swd,6074440670,4991935.0,1216.85
STATE_ISD,State total (ISDs only),2020-21,GF,pic24_comp_ed,3085610992,4991935.0,618.12
STATE_ISD,State total (ISDs only),2020-21,GF,pic25_bilingual,541234437,4991935.0,108.42
STATE_ISD,State total (ISDs only),2020-21,GF,pic91_athletics,1072537145,4991935.0,214.85
STATE_ISD,State total (ISDs only),2020-21,GF,pic99_unallocated,10385412422,4991935.0,2080.44
STATE_ISD,State total (ISDs only),2020-21,GF,disb_recapture,2956487891,4991935.0,592.25
STATE_ISD,State total (ISDs only),2020-21,GF,disb_total,53863019588,4991935.0,10790.01
101912,Houston ISD,2020-21,AF,rev_local_mo,1603618038,196550.0,8158.83
101912,Houston ISD,2020-21,AF,rev_state_oper,230253260,196550.0,1171.47
101912,Houston ISD,2020-21,AF,rev_federal,341024809,196550.0,1735.05
101912,Houston ISD,2020-21,AF,rev_other_local,38564154,196550.0,196.21
101912,Houston ISD,2020-21,AF,rev_total_oper,2213460261,196550.0,11261.56
101912,Houston ISD,2020-21,AF,rev_local_is,314102913,196550.0,1598.08
101912,Houston ISD,2020-21,AF,rev_state_debt,2078280,196550.0,10.57
101912,Houston ISD,2020-21,AF,rev_total_other,361848401,196550.0,1841.0
101912,Houston ISD,2020-21,AF,recapture_rev,197810414,196550.0,1006.41
101912,Houston ISD,2020-21,AF,rev_trs_onbehalf,86923365,196550.0,442.25
101912,Houston ISD,2020-21,AF,rev_debt_fin,92052662,196550.0,468.34
101912,Houston ISD,2020-21,AF,exp_payroll_61,1589716652,196550.0,8088.1
101912,Houston ISD,2020-21,AF,exp_contracted_62,319040125,196550.0,1623.2
101912,Houston ISD,2020-21,AF,exp_supplies_63,131475539,196550.0,668.92
101912,Houston ISD,2020-21,AF,exp_otherop_64,28253540,196550.0,143.75
101912,Houston ISD,2020-21,AF,exp_total_oper,2068485856,196550.0,10523.97
101912,Houston ISD,2020-21,AF,exp_debt_65,419674323,196550.0,2135.2
101912,Houston ISD,2020-21,AF,exp_capital_66,168236929,196550.0,855.95
101912,Houston ISD,2020-21,AF,exp_grand_total,2656471508,196550.0,13515.5
101912,Houston ISD,2020-21,AF,f11_instruction,1177202440,196550.0,5989.33
101912,Houston ISD,2020-21,AF,f12_instr_resources,9074425,196550.0,46.17
101912,Houston ISD,2020-21,AF,f13_curriculum_staffdev,60468194,196550.0,307.65
101912,Houston ISD,2020-21,AF,f21_instr_leadership,36306005,196550.0,184.72
101912,Houston ISD,2020-21,AF,f23_school_leadership,147147444,196550.0,748.65
101912,Houston ISD,2020-21,AF,f31_guidance,78385166,196550.0,398.81
101912,Houston ISD,2020-21,AF,f32_social_work,19470912,196550.0,99.06
101912,Houston ISD,2020-21,AF,f33_health,49802706,196550.0,253.38
101912,Houston ISD,2020-21,AF,f34_transportation,47998983,196550.0,244.21
101912,Houston ISD,2020-21,AF,f35_food,90097458,196550.0,458.39
101912,Houston ISD,2020-21,AF,f36_extracurricular,28894036,196550.0,147.01
101912,Houston ISD,2020-21,AF,f41_general_admin,34570489,196550.0,175.89
101912,Houston ISD,2020-21,AF,f51_plant_maint,198361972,196550.0,1009.22
101912,Houston ISD,2020-21,AF,f52_security,27712654,196550.0,141.0
101912,Houston ISD,2020-21,AF,f53_data_processing,50159121,196550.0,255.2
101912,Houston ISD,2020-21,AF,f61_community,12833851,196550.0,65.3
101912,Houston ISD,2020-21,AF,pic11_basic,897774543,196550.0,4567.66
101912,Houston ISD,2020-21,AF,pic21_gt,9019217,196550.0,45.89
101912,Houston ISD,2020-21,AF,pic22_cte,50164807,196550.0,255.23
101912,Houston ISD,2020-21,AF,pic23_swd,237578859,196550.0,1208.75
101912,Houston ISD,2020-21,AF,pic24_comp_ed,238161262,196550.0,1211.71
101912,Houston ISD,2020-21,AF,pic25_bilingual,43920306,196550.0,223.46
101912,Houston ISD,2020-21,AF,pic91_athletics,11978128,196550.0,60.94
101912,Houston ISD,2020-21,AF,pic99_unallocated,480789720,196550.0,2446.14
101912,Houston ISD,2020-21,AF,disb_recapture,197810414,196550.0,1006.41
101912,Houston ISD,2020-21,AF,disb_total,2970850783,196550.0,15114.99
057905,Dallas ISD,2020-21,AF,rev_local_mo,1325366830,145105.0,9133.85
057905,Dallas ISD,2020-21,AF,rev_state_oper,143352797,145105.0,987.92
057905,Dallas ISD,2020-21,AF,rev_federal,337834923,145105.0,2328.21
057905,Dallas ISD,2020-21,AF,rev_other_local,18478139,145105.0,127.34
057905,Dallas ISD,2020-21,AF,rev_total_oper,1825032689,145105.0,12577.32
057905,Dallas ISD,2020-21,AF,rev_local_is,323337037,145105.0,2228.3
057905,Dallas ISD,2020-21,AF,rev_state_debt,1864389,145105.0,12.85
057905,Dallas ISD,2020-21,AF,rev_total_other,356859848,145105.0,2459.32
057905,Dallas ISD,2020-21,AF,recapture_rev,85377533,145105.0,588.38
057905,Dallas ISD,2020-21,AF,rev_trs_onbehalf,75509430,145105.0,520.38
057905,Dallas ISD,2020-21,AF,rev_debt_fin,639607660,145105.0,4407.9
057905,Dallas ISD,2020-21,AF,exp_payroll_61,1479724093,145105.0,10197.61
057905,Dallas ISD,2020-21,AF,exp_contracted_62,131575265,145105.0,906.76
057905,Dallas ISD,2020-21,AF,exp_supplies_63,180294285,145105.0,1242.51
057905,Dallas ISD,2020-21,AF,exp_otherop_64,13959586,145105.0,96.2
057905,Dallas ISD,2020-21,AF,exp_total_oper,1805553229,145105.0,12443.08
057905,Dallas ISD,2020-21,AF,exp_debt_65,328356511,145105.0,2262.89
057905,Dallas ISD,2020-21,AF,exp_capital_66,343380963,145105.0,2366.43
057905,Dallas ISD,2020-21,AF,exp_grand_total,2477621520,145105.0,17074.68
057905,Dallas ISD,2020-21,AF,f11_instruction,959633376,145105.0,6613.37
057905,Dallas ISD,2020-21,AF,f12_instr_resources,16240099,145105.0,111.92
057905,Dallas ISD,2020-21,AF,f13_curriculum_staffdev,62627836,145105.0,431.6
057905,Dallas ISD,2020-21,AF,f21_instr_leadership,53841621,145105.0,371.05
057905,Dallas ISD,2020-21,AF,f23_school_leadership,113006234,145105.0,778.79
057905,Dallas ISD,2020-21,AF,f31_guidance,80304764,145105.0,553.43
057905,Dallas ISD,2020-21,AF,f32_social_work,1833259,145105.0,12.63
057905,Dallas ISD,2020-21,AF,f33_health,22841507,145105.0,157.41
057905,Dallas ISD,2020-21,AF,f34_transportation,50446144,145105.0,347.65
057905,Dallas ISD,2020-21,AF,f35_food,86156216,145105.0,593.75
057905,Dallas ISD,2020-21,AF,f36_extracurricular,37661848,145105.0,259.55
057905,Dallas ISD,2020-21,AF,f41_general_admin,53065175,145105.0,365.7
057905,Dallas ISD,2020-21,AF,f51_plant_maint,195087506,145105.0,1344.46
057905,Dallas ISD,2020-21,AF,f52_security,22346881,145105.0,154.0
057905,Dallas ISD,2020-21,AF,f53_data_processing,39607978,145105.0,272.96
057905,Dallas ISD,2020-21,AF,f61_community,10852785,145105.0,74.79
057905,Dallas ISD,2020-21,AF,pic11_basic,742105463,145105.0,5114.27
057905,Dallas ISD,2020-21,AF,pic21_gt,14229546,145105.0,98.06
057905,Dallas ISD,2020-21,AF,pic22_cte,43511693,145105.0,299.86
057905,Dallas ISD,2020-21,AF,pic23_swd,207626138,145105.0,1430.87
057905,Dallas ISD,2020-21,AF,pic24_comp_ed,217622663,145105.0,1499.76
057905,Dallas ISD,2020-21,AF,pic25_bilingual,46116618,145105.0,317.82
057905,Dallas ISD,2020-21,AF,pic91_athletics,22106397,145105.0,152.35
057905,Dallas ISD,2020-21,AF,pic99_unallocated,440731800,145105.0,3037.33
057905,Dallas ISD,2020-21,AF,disb_recapture,85377533,145105.0,588.38
057905,Dallas ISD,2020-21,AF,disb_total,2609908603,145105.0,17986.35
227901,Austin ISD,2020-21,AF,rev_local_mo,686100668,74725.0,9181.68
227901,Austin ISD,2020-21,AF,rev_state_oper,40375377,74725.0,540.32
227901,Austin ISD,2020-21,AF,rev_federal,122999557,74725.0,1646.03
227901,Austin ISD,2020-21,AF,rev_other_local,32202930,74725.0,430.95
227901,Austin ISD,2020-21,AF,rev_total_oper,881678532,74725.0,11798.98
227901,Austin ISD,2020-21,AF,rev_local_is,159023486,74725.0,2128.12
227901,Austin ISD,2020-21,AF,rev_state_debt,466424,74725.0,6.24
227901,Austin ISD,2020-21,AF,rev_total_other,161883695,74725.0,2166.39
227901,Austin ISD,2020-21,AF,recapture_rev,706687156,74725.0,9457.17
227901,Austin ISD,2020-21,AF,rev_trs_onbehalf,40548332,74725.0,542.63
227901,Austin ISD,2020-21,AF,rev_debt_fin,301853702,74725.0,4039.53
227901,Austin ISD,2020-21,AF,exp_payroll_61,770050812,74725.0,10305.13
227901,Austin ISD,2020-21,AF,exp_contracted_62,70460112,74725.0,942.93
227901,Austin ISD,2020-21,AF,exp_supplies_63,76965895,74725.0,1029.99
227901,Austin ISD,2020-21,AF,exp_otherop_64,24710821,74725.0,330.69
227901,Austin ISD,2020-21,AF,exp_total_oper,942187640,74725.0,12608.73
227901,Austin ISD,2020-21,AF,exp_debt_65,141516342,74725.0,1893.83
227901,Austin ISD,2020-21,AF,exp_capital_66,264387896,74725.0,3538.15
227901,Austin ISD,2020-21,AF,exp_grand_total,1348176826,74725.0,18041.84
227901,Austin ISD,2020-21,AF,f11_instruction,474914623,74725.0,6355.5
227901,Austin ISD,2020-21,AF,f12_instr_resources,10618711,74725.0,142.1
227901,Austin ISD,2020-21,AF,f13_curriculum_staffdev,36515417,74725.0,488.66
227901,Austin ISD,2020-21,AF,f21_instr_leadership,16857546,74725.0,225.59
227901,Austin ISD,2020-21,AF,f23_school_leadership,57358111,74725.0,767.59
227901,Austin ISD,2020-21,AF,f31_guidance,32869977,74725.0,439.88
227901,Austin ISD,2020-21,AF,f32_social_work,7579342,74725.0,101.43
227901,Austin ISD,2020-21,AF,f33_health,10727752,74725.0,143.56
227901,Austin ISD,2020-21,AF,f34_transportation,37231825,74725.0,498.25
227901,Austin ISD,2020-21,AF,f35_food,32243416,74725.0,431.49
227901,Austin ISD,2020-21,AF,f36_extracurricular,28248587,74725.0,378.03
227901,Austin ISD,2020-21,AF,f41_general_admin,29942861,74725.0,400.71
227901,Austin ISD,2020-21,AF,f51_plant_maint,86608560,74725.0,1159.03
227901,Austin ISD,2020-21,AF,f52_security,12965867,74725.0,173.51
227901,Austin ISD,2020-21,AF,f53_data_processing,48667295,74725.0,651.29
227901,Austin ISD,2020-21,AF,f61_community,18837750,74725.0,252.09
227901,Austin ISD,2020-21,AF,pic11_basic,350487603,74725.0,4690.37
227901,Austin ISD,2020-21,AF,pic21_gt,3015159,74725.0,40.35
227901,Austin ISD,2020-21,AF,pic22_cte,19226144,74725.0,257.29
227901,Austin ISD,2020-21,AF,pic23_swd,161927623,74725.0,2166.98
227901,Austin ISD,2020-21,AF,pic24_comp_ed,80240409,74725.0,1073.81
227901,Austin ISD,2020-21,AF,pic25_bilingual,15363910,74725.0,205.61
227901,Austin ISD,2020-21,AF,pic91_athletics,13060874,74725.0,174.79
227901,Austin ISD,2020-21,AF,pic99_unallocated,264553967,74725.0,3540.37
227901,Austin ISD,2020-21,AF,disb_recapture,706687156,74725.0,9457.17
227901,Austin ISD,2020-21,AF,disb_total,2066454677,74725.0,27654.13
220905,Fort Worth ISD,2020-21,AF,rev_local_mo,454710798,76754.0,5924.26
220905,Fort Worth ISD,2020-21,AF,rev_state_oper,302825144,76754.0,3945.4
220905,Fort Worth ISD,2020-21,AF,rev_federal,163194996,76754.0,2126.21
220905,Fort Worth ISD,2020-21,AF,rev_other_local,11969687,76754.0,155.95
220905,Fort Worth ISD,2020-21,AF,rev_total_oper,932700625,76754.0,12151.82
220905,Fort Worth ISD,2020-21,AF,rev_local_is,121985694,76754.0,1589.31
220905,Fort Worth ISD,2020-21,AF,rev_state_debt,1336491,76754.0,17.41
220905,Fort Worth ISD,2020-21,AF,rev_total_other,157909300,76754.0,2057.34
220905,Fort Worth ISD,2020-21,AF,recapture_rev,0,76754.0,0.0
220905,Fort Worth ISD,2020-21,AF,rev_trs_onbehalf,37135455,76754.0,483.82
220905,Fort Worth ISD,2020-21,AF,rev_debt_fin,0,76754.0,0.0
220905,Fort Worth ISD,2020-21,AF,exp_payroll_61,749462975,76754.0,9764.48
220905,Fort Worth ISD,2020-21,AF,exp_contracted_62,71359666,76754.0,929.72
220905,Fort Worth ISD,2020-21,AF,exp_supplies_63,83580324,76754.0,1088.94
220905,Fort Worth ISD,2020-21,AF,exp_otherop_64,11755086,76754.0,153.15
220905,Fort Worth ISD,2020-21,AF,exp_total_oper,916158051,76754.0,11936.29
220905,Fort Worth ISD,2020-21,AF,exp_debt_65,123085357,76754.0,1603.63
220905,Fort Worth ISD,2020-21,AF,exp_capital_66,301751196,76754.0,3931.41
220905,Fort Worth ISD,2020-21,AF,exp_grand_total,1345704525,76754.0,17532.7
220905,Fort Worth ISD,2020-21,AF,f11_instruction,508776926,76754.0,6628.67
220905,Fort Worth ISD,2020-21,AF,f12_instr_resources,12748558,76754.0,166.1
220905,Fort Worth ISD,2020-21,AF,f13_curriculum_staffdev,37645348,76754.0,490.47
220905,Fort Worth ISD,2020-21,AF,f21_instr_leadership,15979769,76754.0,208.19
220905,Fort Worth ISD,2020-21,AF,f23_school_leadership,51358710,76754.0,669.13
220905,Fort Worth ISD,2020-21,AF,f31_guidance,49264226,76754.0,641.85
220905,Fort Worth ISD,2020-21,AF,f32_social_work,7494467,76754.0,97.64
220905,Fort Worth ISD,2020-21,AF,f33_health,10608253,76754.0,138.21
220905,Fort Worth ISD,2020-21,AF,f34_transportation,16700303,76754.0,217.58
220905,Fort Worth ISD,2020-21,AF,f35_food,38596887,76754.0,502.86
220905,Fort Worth ISD,2020-21,AF,f36_extracurricular,16070764,76754.0,209.38
220905,Fort Worth ISD,2020-21,AF,f41_general_admin,20059658,76754.0,261.35
220905,Fort Worth ISD,2020-21,AF,f51_plant_maint,87840358,76754.0,1144.44
220905,Fort Worth ISD,2020-21,AF,f52_security,11731689,76754.0,152.85
220905,Fort Worth ISD,2020-21,AF,f53_data_processing,22226874,76754.0,289.59
220905,Fort Worth ISD,2020-21,AF,f61_community,9055261,76754.0,117.98
220905,Fort Worth ISD,2020-21,AF,pic11_basic,384690512,76754.0,5011.99
220905,Fort Worth ISD,2020-21,AF,pic21_gt,2447234,76754.0,31.88
220905,Fort Worth ISD,2020-21,AF,pic22_cte,26181183,76754.0,341.11
220905,Fort Worth ISD,2020-21,AF,pic23_swd,104711329,76754.0,1364.25
220905,Fort Worth ISD,2020-21,AF,pic24_comp_ed,119131222,76754.0,1552.12
220905,Fort Worth ISD,2020-21,AF,pic25_bilingual,12613310,76754.0,164.33
220905,Fort Worth ISD,2020-21,AF,pic91_athletics,14557027,76754.0,189.66
220905,Fort Worth ISD,2020-21,AF,pic99_unallocated,199656338,76754.0,2601.25
220905,Fort Worth ISD,2020-21,AF,disb_recapture,0,76754.0,0.0
220905,Fort Worth ISD,2020-21,AF,disb_total,1349011990,76754.0,17575.79
015915,Northside ISD,2020-21,AF,rev_local_mo,577684110,102644.0,5628.04
015915,Northside ISD,2020-21,AF,rev_state_oper,260766668,102644.0,2540.5
015915,Northside ISD,2020-21,AF,rev_federal,117691148,102644.0,1146.6
015915,Northside ISD,2020-21,AF,rev_other_local,22351116,102644.0,217.75
015915,Northside ISD,2020-21,AF,rev_total_oper,978493042,102644.0,9532.88
015915,Northside ISD,2020-21,AF,rev_local_is,203906140,102644.0,1986.54
015915,Northside ISD,2020-21,AF,rev_state_debt,2846014,102644.0,27.73
015915,Northside ISD,2020-21,AF,rev_total_other,236199152,102644.0,2301.15
015915,Northside ISD,2020-21,AF,recapture_rev,0,102644.0,0.0
015915,Northside ISD,2020-21,AF,rev_trs_onbehalf,50597131,102644.0,492.94
015915,Northside ISD,2020-21,AF,rev_debt_fin,244513971,102644.0,2382.16
015915,Northside ISD,2020-21,AF,exp_payroll_61,880174289,102644.0,8575.02
015915,Northside ISD,2020-21,AF,exp_contracted_62,48503686,102644.0,472.54
015915,Northside ISD,2020-21,AF,exp_supplies_63,89151649,102644.0,868.55
015915,Northside ISD,2020-21,AF,exp_otherop_64,7634374,102644.0,74.38
015915,Northside ISD,2020-21,AF,exp_total_oper,1025463998,102644.0,9990.49
015915,Northside ISD,2020-21,AF,exp_debt_65,198790118,102644.0,1936.69
015915,Northside ISD,2020-21,AF,exp_capital_66,225515431,102644.0,2197.06
015915,Northside ISD,2020-21,AF,exp_grand_total,1449962331,102644.0,14126.13
015915,Northside ISD,2020-21,AF,f11_instruction,629148981,102644.0,6129.43
015915,Northside ISD,2020-21,AF,f12_instr_resources,12840892,102644.0,125.1
015915,Northside ISD,2020-21,AF,f13_curriculum_staffdev,21635020,102644.0,210.78
015915,Northside ISD,2020-21,AF,f21_instr_leadership,20894082,102644.0,203.56
015915,Northside ISD,2020-21,AF,f23_school_leadership,56028002,102644.0,545.85
015915,Northside ISD,2020-21,AF,f31_guidance,41392191,102644.0,403.26
015915,Northside ISD,2020-21,AF,f32_social_work,3463023,102644.0,33.74
015915,Northside ISD,2020-21,AF,f33_health,12139651,102644.0,118.27
015915,Northside ISD,2020-21,AF,f34_transportation,30916437,102644.0,301.2
015915,Northside ISD,2020-21,AF,f35_food,38874068,102644.0,378.73
015915,Northside ISD,2020-21,AF,f36_extracurricular,25209074,102644.0,245.6
015915,Northside ISD,2020-21,AF,f41_general_admin,15982885,102644.0,155.71
015915,Northside ISD,2020-21,AF,f51_plant_maint,85300958,102644.0,831.04
015915,Northside ISD,2020-21,AF,f52_security,9180182,102644.0,89.44
015915,Northside ISD,2020-21,AF,f53_data_processing,17576134,102644.0,171.23
015915,Northside ISD,2020-21,AF,f61_community,4882418,102644.0,47.57
015915,Northside ISD,2020-21,AF,pic11_basic,503560573,102644.0,4905.89
015915,Northside ISD,2020-21,AF,pic21_gt,10917275,102644.0,106.36
015915,Northside ISD,2020-21,AF,pic22_cte,26780889,102644.0,260.91
015915,Northside ISD,2020-21,AF,pic23_swd,169666282,102644.0,1652.96
015915,Northside ISD,2020-21,AF,pic24_comp_ed,71374075,102644.0,695.36
015915,Northside ISD,2020-21,AF,pic25_bilingual,4908356,102644.0,47.82
015915,Northside ISD,2020-21,AF,pic91_athletics,15240512,102644.0,148.48
015915,Northside ISD,2020-21,AF,pic99_unallocated,203225013,102644.0,1979.9
015915,Northside ISD,2020-21,AF,disb_recapture,0,102644.0,0.0
015915,Northside ISD,2020-21,AF,disb_total,1541901282,102644.0,15021.84
101907,Cypress-Fairbanks ISD,2020-21,AF,rev_local_mo,535744999,114560.0,4676.55
101907,Cypress-Fairbanks ISD,2020-21,AF,rev_state_oper,368632776,114560.0,3217.81
101907,Cypress-Fairbanks ISD,2020-21,AF,rev_federal,190141981,114560.0,1659.76
101907,Cypress-Fairbanks ISD,2020-21,AF,rev_other_local,27599820,114560.0,240.92
101907,Cypress-Fairbanks ISD,2020-21,AF,rev_total_oper,1122119576,114560.0,9795.04
101907,Cypress-Fairbanks ISD,2020-21,AF,rev_local_is,224214820,114560.0,1957.18
101907,Cypress-Fairbanks ISD,2020-21,AF,rev_state_debt,2962968,114560.0,25.86
101907,Cypress-Fairbanks ISD,2020-21,AF,rev_total_other,232952727,114560.0,2033.46
101907,Cypress-Fairbanks ISD,2020-21,AF,recapture_rev,0,114560.0,0.0
101907,Cypress-Fairbanks ISD,2020-21,AF,rev_trs_onbehalf,59174652,114560.0,516.54
101907,Cypress-Fairbanks ISD,2020-21,AF,rev_debt_fin,287173565,114560.0,2506.75
101907,Cypress-Fairbanks ISD,2020-21,AF,exp_payroll_61,990405356,114560.0,8645.3
101907,Cypress-Fairbanks ISD,2020-21,AF,exp_contracted_62,65750500,114560.0,573.94
101907,Cypress-Fairbanks ISD,2020-21,AF,exp_supplies_63,105658903,114560.0,922.3
101907,Cypress-Fairbanks ISD,2020-21,AF,exp_otherop_64,11850939,114560.0,103.45
101907,Cypress-Fairbanks ISD,2020-21,AF,exp_total_oper,1173665698,114560.0,10244.99
101907,Cypress-Fairbanks ISD,2020-21,AF,exp_debt_65,229812424,114560.0,2006.04
101907,Cypress-Fairbanks ISD,2020-21,AF,exp_capital_66,253809039,114560.0,2215.51
101907,Cypress-Fairbanks ISD,2020-21,AF,exp_grand_total,1657639342,114560.0,14469.62
101907,Cypress-Fairbanks ISD,2020-21,AF,f11_instruction,751772967,114560.0,6562.26
101907,Cypress-Fairbanks ISD,2020-21,AF,f12_instr_resources,7570761,114560.0,66.09
101907,Cypress-Fairbanks ISD,2020-21,AF,f13_curriculum_staffdev,23757839,114560.0,207.38
101907,Cypress-Fairbanks ISD,2020-21,AF,f21_instr_leadership,12585246,114560.0,109.86
101907,Cypress-Fairbanks ISD,2020-21,AF,f23_school_leadership,52275186,114560.0,456.31
101907,Cypress-Fairbanks ISD,2020-21,AF,f31_guidance,45859638,114560.0,400.31
101907,Cypress-Fairbanks ISD,2020-21,AF,f32_social_work,1267816,114560.0,11.07
101907,Cypress-Fairbanks ISD,2020-21,AF,f33_health,13816192,114560.0,120.6
101907,Cypress-Fairbanks ISD,2020-21,AF,f34_transportation,41088996,114560.0,358.67
101907,Cypress-Fairbanks ISD,2020-21,AF,f35_food,50819918,114560.0,443.61
101907,Cypress-Fairbanks ISD,2020-21,AF,f36_extracurricular,21225914,114560.0,185.28
101907,Cypress-Fairbanks ISD,2020-21,AF,f41_general_admin,17483877,114560.0,152.62
101907,Cypress-Fairbanks ISD,2020-21,AF,f51_plant_maint,91834914,114560.0,801.63
101907,Cypress-Fairbanks ISD,2020-21,AF,f52_security,12903037,114560.0,112.63
101907,Cypress-Fairbanks ISD,2020-21,AF,f53_data_processing,21749886,114560.0,189.86
101907,Cypress-Fairbanks ISD,2020-21,AF,f61_community,7653511,114560.0,66.81
101907,Cypress-Fairbanks ISD,2020-21,AF,pic11_basic,533571306,114560.0,4657.57
101907,Cypress-Fairbanks ISD,2020-21,AF,pic21_gt,4714298,114560.0,41.15
101907,Cypress-Fairbanks ISD,2020-21,AF,pic22_cte,37073591,114560.0,323.62
101907,Cypress-Fairbanks ISD,2020-21,AF,pic23_swd,142973490,114560.0,1248.02
101907,Cypress-Fairbanks ISD,2020-21,AF,pic24_comp_ed,85154111,114560.0,743.31
101907,Cypress-Fairbanks ISD,2020-21,AF,pic25_bilingual,11987123,114560.0,104.64
101907,Cypress-Fairbanks ISD,2020-21,AF,pic91_athletics,14089754,114560.0,122.99
101907,Cypress-Fairbanks ISD,2020-21,AF,pic99_unallocated,290572011,114560.0,2536.42
101907,Cypress-Fairbanks ISD,2020-21,AF,disb_recapture,0,114560.0,0.0
101907,Cypress-Fairbanks ISD,2020-21,AF,disb_total,1664864237,114560.0,14532.68
101914,Katy ISD,2020-21,AF,rev_local_mo,435011465,83999.0,5178.77
101914,Katy ISD,2020-21,AF,rev_state_oper,334177761,83999.0,3978.35
101914,Katy ISD,2020-21,AF,rev_federal,79284651,83999.0,943.88
101914,Katy ISD,2020-21,AF,rev_other_local,30425335,83999.0,362.21
101914,Katy ISD,2020-21,AF,rev_total_oper,878899212,83999.0,10463.21
101914,Katy ISD,2020-21,AF,rev_local_is,170807678,83999.0,2033.45
101914,Katy ISD,2020-21,AF,rev_state_debt,1542584,83999.0,18.36
101914,Katy ISD,2020-21,AF,rev_total_other,174145857,83999.0,2073.19
101914,Katy ISD,2020-21,AF,recapture_rev,0,83999.0,0.0
101914,Katy ISD,2020-21,AF,rev_trs_onbehalf,43555453,83999.0,518.52
101914,Katy ISD,2020-21,AF,rev_debt_fin,136812737,83999.0,1628.74
101914,Katy ISD,2020-21,AF,exp_payroll_61,762792671,83999.0,9080.97
101914,Katy ISD,2020-21,AF,exp_contracted_62,40387579,83999.0,480.81
101914,Katy ISD,2020-21,AF,exp_supplies_63,68594320,83999.0,816.61
101914,Katy ISD,2020-21,AF,exp_otherop_64,13718201,83999.0,163.31
101914,Katy ISD,2020-21,AF,exp_total_oper,885492771,83999.0,10541.71
101914,Katy ISD,2020-21,AF,exp_debt_65,170875111,83999.0,2034.25
101914,Katy ISD,2020-21,AF,exp_capital_66,115449241,83999.0,1374.41
101914,Katy ISD,2020-21,AF,exp_grand_total,1172503078,83999.0,13958.54
101914,Katy ISD,2020-21,AF,f11_instruction,557899178,83999.0,6641.74
101914,Katy ISD,2020-21,AF,f12_instr_resources,9599788,83999.0,114.28
101914,Katy ISD,2020-21,AF,f13_curriculum_staffdev,15090529,83999.0,179.65
101914,Katy ISD,2020-21,AF,f21_instr_leadership,7169850,83999.0,85.36
101914,Katy ISD,2020-21,AF,f23_school_leadership,47643995,83999.0,567.2
101914,Katy ISD,2020-21,AF,f31_guidance,43970920,83999.0,523.47
101914,Katy ISD,2020-21,AF,f32_social_work,487790,83999.0,5.81
101914,Katy ISD,2020-21,AF,f33_health,9501573,83999.0,113.12
101914,Katy ISD,2020-21,AF,f34_transportation,19513829,83999.0,232.31
101914,Katy ISD,2020-21,AF,f35_food,30225159,83999.0,359.83
101914,Katy ISD,2020-21,AF,f36_extracurricular,21934577,83999.0,261.13
101914,Katy ISD,2020-21,AF,f41_general_admin,14287758,83999.0,170.09
101914,Katy ISD,2020-21,AF,f51_plant_maint,80317716,83999.0,956.17
101914,Katy ISD,2020-21,AF,f52_security,10522133,83999.0,125.26
101914,Katy ISD,2020-21,AF,f53_data_processing,16441451,83999.0,195.73
101914,Katy ISD,2020-21,AF,f61_community,886525,83999.0,10.55
101914,Katy ISD,2020-21,AF,pic11_basic,433851469,83999.0,5164.96
101914,Katy ISD,2020-21,AF,pic21_gt,4221648,83999.0,50.26
101914,Katy ISD,2020-21,AF,pic22_cte,24732999,83999.0,294.44
101914,Katy ISD,2020-21,AF,pic23_swd,151698692,83999.0,1805.96
101914,Katy ISD,2020-21,AF,pic24_comp_ed,33831055,83999.0,402.76
101914,Katy ISD,2020-21,AF,pic25_bilingual,13844800,83999.0,164.82
101914,Katy ISD,2020-21,AF,pic91_athletics,11777380,83999.0,140.21
101914,Katy ISD,2020-21,AF,pic99_unallocated,180990912,83999.0,2154.68
101914,Katy ISD,2020-21,AF,disb_recapture,0,83999.0,0.0
101914,Katy ISD,2020-21,AF,disb_total,1186657533,83999.0,14127.04
079907,Fort Bend ISD,2020-21,AF,rev_local_mo,416008684,76469.0,5440.23
079907,Fort Bend ISD,2020-21,AF,rev_state_oper,257744616,76469.0,3370.58
079907,Fort Bend ISD,2020-21,AF,rev_federal,81101539,76469.0,1060.58
079907,Fort Bend ISD,2020-21,AF,rev_other_local,8770954,76469.0,114.7
079907,Fort Bend ISD,2020-21,AF,rev_total_oper,763625793,76469.0,9986.08
079907,Fort Bend ISD,2020-21,AF,rev_local_is,126868120,76469.0,1659.08
079907,Fort Bend ISD,2020-21,AF,rev_state_debt,1509709,76469.0,19.74
079907,Fort Bend ISD,2020-21,AF,rev_total_other,130567233,76469.0,1707.45
079907,Fort Bend ISD,2020-21,AF,recapture_rev,0,76469.0,0.0
079907,Fort Bend ISD,2020-21,AF,rev_trs_onbehalf,40771900,76469.0,533.18
079907,Fort Bend ISD,2020-21,AF,rev_debt_fin,45495000,76469.0,594.95
079907,Fort Bend ISD,2020-21,AF,exp_payroll_61,695995267,76469.0,9101.67
079907,Fort Bend ISD,2020-21,AF,exp_contracted_62,65590378,76469.0,857.74
079907,Fort Bend ISD,2020-21,AF,exp_supplies_63,55086150,76469.0,720.37
079907,Fort Bend ISD,2020-21,AF,exp_otherop_64,8942061,76469.0,116.94
079907,Fort Bend ISD,2020-21,AF,exp_total_oper,825613856,76469.0,10796.71
079907,Fort Bend ISD,2020-21,AF,exp_debt_65,116321180,76469.0,1521.15
079907,Fort Bend ISD,2020-21,AF,exp_capital_66,207683904,76469.0,2715.92
079907,Fort Bend ISD,2020-21,AF,exp_grand_total,1149618940,76469.0,15033.79
079907,Fort Bend ISD,2020-21,AF,f11_instruction,472227182,76469.0,6175.41
079907,Fort Bend ISD,2020-21,AF,f12_instr_resources,8600826,76469.0,112.47
079907,Fort Bend ISD,2020-21,AF,f13_curriculum_staffdev,21961925,76469.0,287.2
079907,Fort Bend ISD,2020-21,AF,f21_instr_leadership,20544679,76469.0,268.67
079907,Fort Bend ISD,2020-21,AF,f23_school_leadership,48701937,76469.0,636.88
079907,Fort Bend ISD,2020-21,AF,f31_guidance,39865524,76469.0,521.33
079907,Fort Bend ISD,2020-21,AF,f32_social_work,3080709,76469.0,40.29
079907,Fort Bend ISD,2020-21,AF,f33_health,21120032,76469.0,276.19
079907,Fort Bend ISD,2020-21,AF,f34_transportation,20455229,76469.0,267.5
079907,Fort Bend ISD,2020-21,AF,f35_food,19176435,76469.0,250.77
079907,Fort Bend ISD,2020-21,AF,f36_extracurricular,18366959,76469.0,240.19
079907,Fort Bend ISD,2020-21,AF,f41_general_admin,19288918,76469.0,252.24
079907,Fort Bend ISD,2020-21,AF,f51_plant_maint,73429702,76469.0,960.25
079907,Fort Bend ISD,2020-21,AF,f52_security,13265595,76469.0,173.48
079907,Fort Bend ISD,2020-21,AF,f53_data_processing,23760572,76469.0,310.72
079907,Fort Bend ISD,2020-21,AF,f61_community,1767632,76469.0,23.12
079907,Fort Bend ISD,2020-21,AF,pic11_basic,356223064,76469.0,4658.4
079907,Fort Bend ISD,2020-21,AF,pic21_gt,13152718,76469.0,172.0
079907,Fort Bend ISD,2020-21,AF,pic22_cte,23370735,76469.0,305.62
079907,Fort Bend ISD,2020-21,AF,pic23_swd,137125646,76469.0,1793.22
079907,Fort Bend ISD,2020-21,AF,pic24_comp_ed,38477928,76469.0,503.18
079907,Fort Bend ISD,2020-21,AF,pic25_bilingual,16061480,76469.0,210.04
079907,Fort Bend ISD,2020-21,AF,pic91_athletics,10717322,76469.0,140.15
079907,Fort Bend ISD,2020-21,AF,pic99_unallocated,184525541,76469.0,2413.08
079907,Fort Bend ISD,2020-21,AF,disb_recapture,0,76469.0,0.0
079907,Fort Bend ISD,2020-21,AF,disb_total,1155961342,76469.0,15116.73
STATE,State total (all districts+charters),2020-21,AF,rev_local_mo,26132322677,5358831.0,4876.5
STATE,State total (all districts+charters),2020-21,AF,rev_state_oper,24792291636,5358831.0,4626.44
STATE,State total (all districts+charters),2020-21,AF,rev_federal,8899057269,5358831.0,1660.63
STATE,State total (all districts+charters),2020-21,AF,rev_other_local,1829823955,5358831.0,341.46
STATE,State total (all districts+charters),2020-21,AF,rev_total_oper,61653495537,5358831.0,11505.03
STATE,State total (all districts+charters),2020-21,AF,rev_local_is,8341065357,5358831.0,1556.51
STATE,State total (all districts+charters),2020-21,AF,rev_state_debt,355910306,5358831.0,66.42
STATE,State total (all districts+charters),2020-21,AF,rev_total_other,9698914311,5358831.0,1809.89
STATE,State total (all districts+charters),2020-21,AF,recapture_rev,2970608744,5358831.0,554.34
STATE,State total (all districts+charters),2020-21,AF,rev_trs_onbehalf,2509216302,5358831.0,468.24
STATE,State total (all districts+charters),2020-21,AF,rev_debt_fin,11937813333,5358831.0,2227.69
STATE,State total (all districts+charters),2020-21,AF,exp_payroll_61,47346128779,5358831.0,8835.16
STATE,State total (all districts+charters),2020-21,AF,exp_contracted_62,5485075586,5358831.0,1023.56
STATE,State total (all districts+charters),2020-21,AF,exp_supplies_63,5314672096,5358831.0,991.76
STATE,State total (all districts+charters),2020-21,AF,exp_otherop_64,1370305583,5358831.0,255.71
STATE,State total (all districts+charters),2020-21,AF,exp_total_oper,59516182044,5358831.0,11106.19
STATE,State total (all districts+charters),2020-21,AF,exp_debt_65,9364911548,5358831.0,1747.57
STATE,State total (all districts+charters),2020-21,AF,exp_capital_66,10372278176,5358831.0,1935.55
STATE,State total (all districts+charters),2020-21,AF,exp_grand_total,79294505532,5358831.0,14796.98
STATE,State total (all districts+charters),2020-21,AF,f11_instruction,34074074457,5358831.0,6358.49
STATE,State total (all districts+charters),2020-21,AF,f12_instr_resources,620903003,5358831.0,115.87
STATE,State total (all districts+charters),2020-21,AF,f13_curriculum_staffdev,1355190192,5358831.0,252.89
STATE,State total (all districts+charters),2020-21,AF,f21_instr_leadership,994704027,5358831.0,185.62
STATE,State total (all districts+charters),2020-21,AF,f23_school_leadership,3502296166,5358831.0,653.56
STATE,State total (all districts+charters),2020-21,AF,f31_guidance,2332550758,5358831.0,435.27
STATE,State total (all districts+charters),2020-21,AF,f32_social_work,188765383,5358831.0,35.23
STATE,State total (all districts+charters),2020-21,AF,f33_health,709855162,5358831.0,132.46
STATE,State total (all districts+charters),2020-21,AF,f34_transportation,1599751820,5358831.0,298.53
STATE,State total (all districts+charters),2020-21,AF,f35_food,2564517174,5358831.0,478.56
STATE,State total (all districts+charters),2020-21,AF,f36_extracurricular,1572719628,5358831.0,293.48
STATE,State total (all districts+charters),2020-21,AF,f41_general_admin,1934297273,5358831.0,360.96
STATE,State total (all districts+charters),2020-21,AF,f51_plant_maint,5884055590,5358831.0,1098.01
STATE,State total (all districts+charters),2020-21,AF,f52_security,638286567,5358831.0,119.11
STATE,State total (all districts+charters),2020-21,AF,f53_data_processing,1219335870,5358831.0,227.54
STATE,State total (all districts+charters),2020-21,AF,f61_community,307113473,5358831.0,57.31
STATE,State total (all districts+charters),2020-21,AF,pic11_basic,25274728911,5358831.0,4716.46
STATE,State total (all districts+charters),2020-21,AF,pic21_gt,407913365,5358831.0,76.12
STATE,State total (all districts+charters),2020-21,AF,pic22_cte,1964869701,5358831.0,366.66
STATE,State total (all districts+charters),2020-21,AF,pic23_swd,7563730764,5358831.0,1411.45
STATE,State total (all districts+charters),2020-21,AF,pic24_comp_ed,5468145158,5358831.0,1020.4
STATE,State total (all districts+charters),2020-21,AF,pic25_bilingual,702535245,5358831.0,131.1
STATE,State total (all districts+charters),2020-21,AF,pic91_athletics,1119281429,5358831.0,208.87
STATE,State total (all districts+charters),2020-21,AF,pic99_unallocated,14625359815,5358831.0,2729.21
STATE,State total (all districts+charters),2020-21,AF,disb_recapture,2970608744,5358831.0,554.34
STATE,State total (all districts+charters),2020-21,AF,disb_total,84205696630,5358831.0,15713.45
STATE_ISD,State total (ISDs only),2020-21,AF,rev_local_mo,26118700806,4991935.0,5232.18
STATE_ISD,State total (ISDs only),2020-21,AF,rev_state_oper,21078031049,4991935.0,4222.42
STATE_ISD,State total (ISDs only),2020-21,AF,rev_federal,8315307648,4991935.0,1665.75
STATE_ISD,State total (ISDs only),2020-21,AF,rev_other_local,1638413647,4991935.0,328.21
STATE_ISD,State total (ISDs only),2020-21,AF,rev_total_oper,57150453150,4991935.0,11448.56
STATE_ISD,State total (ISDs only),2020-21,AF,rev_local_is,8334725973,4991935.0,1669.64
STATE_ISD,State total (ISDs only),2020-21,AF,rev_state_debt,355910306,4991935.0,71.3
STATE_ISD,State total (ISDs only),2020-21,AF,rev_total_other,9667948654,4991935.0,1936.71
STATE_ISD,State total (ISDs only),2020-21,AF,recapture_rev,2956487891,4991935.0,592.25
STATE_ISD,State total (ISDs only),2020-21,AF,rev_trs_onbehalf,2507855928,4991935.0,502.38
STATE_ISD,State total (ISDs only),2020-21,AF,rev_debt_fin,11937813333,4991935.0,2391.42
STATE_ISD,State total (ISDs only),2020-21,AF,exp_payroll_61,44742777432,4991935.0,8963.01
STATE_ISD,State total (ISDs only),2020-21,AF,exp_contracted_62,4824131500,4991935.0,966.39
STATE_ISD,State total (ISDs only),2020-21,AF,exp_supplies_63,4948691564,4991935.0,991.34
STATE_ISD,State total (ISDs only),2020-21,AF,exp_otherop_64,1085216724,4991935.0,217.39
STATE_ISD,State total (ISDs only),2020-21,AF,exp_total_oper,55600817220,4991935.0,11138.13
STATE_ISD,State total (ISDs only),2020-21,AF,exp_debt_65,9148907458,4991935.0,1832.74
STATE_ISD,State total (ISDs only),2020-21,AF,exp_capital_66,10361190929,4991935.0,2075.59
STATE_ISD,State total (ISDs only),2020-21,AF,exp_grand_total,75151944878,4991935.0,15054.67
STATE_ISD,State total (ISDs only),2020-21,AF,f11_instruction,32025359377,4991935.0,6415.42
STATE_ISD,State total (ISDs only),2020-21,AF,f12_instr_resources,612470076,4991935.0,122.69
STATE_ISD,State total (ISDs only),2020-21,AF,f13_curriculum_staffdev,1239865017,4991935.0,248.37
STATE_ISD,State total (ISDs only),2020-21,AF,f21_instr_leadership,931345811,4991935.0,186.57
STATE_ISD,State total (ISDs only),2020-21,AF,f23_school_leadership,3154636546,4991935.0,631.95
STATE_ISD,State total (ISDs only),2020-21,AF,f31_guidance,2220891940,4991935.0,444.9
STATE_ISD,State total (ISDs only),2020-21,AF,f32_social_work,178491181,4991935.0,35.76
STATE_ISD,State total (ISDs only),2020-21,AF,f33_health,674880271,4991935.0,135.19
STATE_ISD,State total (ISDs only),2020-21,AF,f34_transportation,1544747102,4991935.0,309.45
STATE_ISD,State total (ISDs only),2020-21,AF,f35_food,2403993770,4991935.0,481.58
STATE_ISD,State total (ISDs only),2020-21,AF,f36_extracurricular,1542703788,4991935.0,309.04
STATE_ISD,State total (ISDs only),2020-21,AF,f41_general_admin,1686544491,4991935.0,337.85
STATE_ISD,State total (ISDs only),2020-21,AF,f51_plant_maint,5358914529,4991935.0,1073.51
STATE_ISD,State total (ISDs only),2020-21,AF,f52_security,614858429,4991935.0,123.17
STATE_ISD,State total (ISDs only),2020-21,AF,f53_data_processing,1124777481,4991935.0,225.32
STATE_ISD,State total (ISDs only),2020-21,AF,f61_community,286337411,4991935.0,57.36
STATE_ISD,State total (ISDs only),2020-21,AF,pic11_basic,23540508286,4991935.0,4715.71
STATE_ISD,State total (ISDs only),2020-21,AF,pic21_gt,403337230,4991935.0,80.8
STATE_ISD,State total (ISDs only),2020-21,AF,pic22_cte,1899725761,4991935.0,380.56
STATE_ISD,State total (ISDs only),2020-21,AF,pic23_swd,7257718781,4991935.0,1453.89
STATE_ISD,State total (ISDs only),2020-21,AF,pic24_comp_ed,5030133893,4991935.0,1007.65
STATE_ISD,State total (ISDs only),2020-21,AF,pic25_bilingual,644613284,4991935.0,129.13
STATE_ISD,State total (ISDs only),2020-21,AF,pic91_athletics,1101002028,4991935.0,220.56
STATE_ISD,State total (ISDs only),2020-21,AF,pic99_unallocated,13461550389,4991935.0,2696.66
STATE_ISD,State total (ISDs only),2020-21,AF,disb_recapture,2956487891,4991935.0,592.25
STATE_ISD,State total (ISDs only),2020-21,AF,disb_total,80028803981,4991935.0,16031.62
101912,Houston ISD,2020-21,GF,fb_unassigned,556322769,196550.0,2830.44
101912,Houston ISD,2020-21,GF,fb_total,996625712,196550.0,5070.6
057905,Dallas ISD,2020-21,GF,fb_unassigned,662450197,145105.0,4565.32
057905,Dallas ISD,2020-21,GF,fb_total,923278639,145105.0,6362.83
227901,Austin ISD,2020-21,GF,fb_unassigned,229183001,74725.0,3067.02
227901,Austin ISD,2020-21,GF,fb_total,236013105,74725.0,3158.42
220905,Fort Worth ISD,2020-21,GF,fb_unassigned,229288907,76754.0,2987.32
220905,Fort Worth ISD,2020-21,GF,fb_total,281399838,76754.0,3666.26
015915,Northside ISD,2020-21,GF,fb_unassigned,242173927,102644.0,2359.36
015915,Northside ISD,2020-21,GF,fb_total,435696881,102644.0,4244.74
101907,Cypress-Fairbanks ISD,2020-21,GF,fb_unassigned,382432309,114560.0,3338.27
101907,Cypress-Fairbanks ISD,2020-21,GF,fb_total,520264135,114560.0,4541.41
101914,Katy ISD,2020-21,GF,fb_unassigned,224682222,83999.0,2674.82
101914,Katy ISD,2020-21,GF,fb_total,307797823,83999.0,3664.3
079907,Fort Bend ISD,2020-21,GF,fb_unassigned,97851609,76469.0,1279.62
079907,Fort Bend ISD,2020-21,GF,fb_total,215928896,76469.0,2823.74
